id,linkedin_url,company_name,country,company_domain,website_raw,industry,company_size,headquarters,company_type,founded,followers,description,scraped_timestamp,updated_timestamp
270,https://www.linkedin.com/company/nyrahealth,nyra health,Austria,nyra.health,https://www.nyra.health,Hospitals and Health Care,11-50 employees,"Wien , Wien",,2021,,,2026-03-14T12:44:45Z,2026-03-14T12:45:22Z
271,https://www.linkedin.com/company/cardiovascular-and-interventional-radiological-society-of-europe,Cardiovascular and Interventional Radiological Society of Europe (CIRSE),Austria,cirse.org,http://cirse.org/,Medical Practices,11-50 employees,,,1984,,,2026-03-14T12:45:52Z,2026-03-14T12:46:25Z
272,https://www.linkedin.com/company/imagebiopsy-lab,ImageBiopsy Lab,Austria,imagebiopsy.com,http://www.imagebiopsy.com,Hospitals and Health Care,11-50 employees,,,2016,,,2026-03-14T12:46:57Z,2026-03-14T12:47:31Z
273,https://www.linkedin.com/company/eusomii,EuSoMII - European Society of Medical Imaging Informatics,Austria,eusomii.org,https://eusomii.org,Hospitals and Health Care,11-50 employees,,,2013,,,2026-03-14T12:48:00Z,2026-03-14T12:48:37Z
274,https://www.linkedin.com/company/global-second-opinion,Global Second Opinion,Austria,globalsecondopinion.com,https://www.globalsecondopinion.com/,Medical Practices,11-50 employees,"Boston, Massachusetts",,2019,,,2026-03-14T12:49:04Z,2026-03-14T12:49:38Z
275,https://www.linkedin.com/company/european-academy-of-neurology,European Academy of Neurology,Austria,ean.org,http://www.ean.org/,Hospitals and Health Care,11-50 employees,"Vienna, Vienna",,2014,,,2026-03-14T12:50:06Z,2026-03-14T12:50:40Z
276,https://www.linkedin.com/company/sindbad-social-business,Sindbad - Social Business,Austria,sindbad.co.at,http://www.sindbad.co.at/,Individual and Family Services,11-50 employees,,,2016,,,2026-03-14T12:51:06Z,2026-03-14T12:51:39Z
277,https://www.linkedin.com/company/haelsiat,haelsi,Austria,haelsi.at,https://www.haelsi.at,Hospitals and Health Care,11-50 employees,,,,,,2026-03-14T12:52:08Z,2026-03-14T12:52:43Z
278,https://www.linkedin.com/company/european-conference-on-interventional-oncology,European Conference on Interventional Oncology,Austria,ecio.org,http://www.ecio.org,Hospitals and Health Care,11-50 employees,"Vienna, Vienna",,,,,2026-03-14T12:53:06Z,2026-03-14T12:53:41Z
279,https://www.linkedin.com/company/cvir-endovascular,CVIR Endovascular,Austria,cvirendovascular.org,https://www.cvirendovascular.org,Medical Practices,11-50 employees,,,2015,,,2026-03-14T12:54:04Z,2026-03-14T12:54:39Z
280,https://www.linkedin.com/company/makarojewelry,Makaro Jewelry,Austria,makarojewelry.com,http://www.makarojewelry.com,Retail Luxury Goods and Jewelry,11-50 employees,,,2015,,,2026-03-14T12:55:07Z,2026-03-14T12:55:39Z
281,https://www.linkedin.com/company/brunathelabel,BRUNA,Austria,brunathelabel.com,https://brunathelabel.com,Luxury Goods & Jewelry,11-50 employees,,,2019,,,2026-03-14T12:56:11Z,2026-03-14T12:56:48Z
282,https://www.linkedin.com/company/uhren-juwelen-winkler,Juwelier Winkler,Austria,,,Retail Luxury Goods and Jewelry,11-50 employees,"Landeck, Tirol",,1953,,,2026-03-14T12:57:13Z,2026-03-14T12:57:49Z
283,https://www.linkedin.com/company/langer-magnet-austria,Langer® Magnet Austria,Austria,langer-magnet.com,https://www.langer-magnet.com,Retail Luxury Goods and Jewelry,11-50 employees,"Enns, Upper Austria",,1968,,,2026-03-14T12:58:14Z,2026-03-14T12:58:54Z
284,https://www.linkedin.com/company/schullin-wien,Schullin Wien,Austria,schullin.com,http://www.schullin.com,Retail Luxury Goods and Jewelry,11-50 employees,,,1955,,,2026-03-14T12:59:23Z,2026-03-14T12:59:59Z
285,https://www.linkedin.com/company/ligre-company,LIGRE,Austria,ligre.com,www.ligre.com,Retail Luxury Goods and Jewelry,11-50 employees,"Niederndorf bei Kufstein, Tirol",,2019,,,2026-03-14T13:00:30Z,2026-03-14T13:01:06Z
286,https://www.linkedin.com/company/vocier,VOCIER,Austria,vocier.com,http://www.vocier.com,Retail Luxury Goods and Jewelry,11-50 employees,"Düsseldorf, North Rhine-Westphalia",,2012,,,2026-03-14T13:01:33Z,2026-03-14T13:02:08Z
287,https://www.linkedin.com/company/huber-fine-watches-&-jewellery,Huber Fine Watches & Jewellery,Austria,huber.li,http://www.huber.li,Retail Luxury Goods and Jewelry,11-50 employees,,,1900,,,2026-03-14T13:02:34Z,2026-03-14T13:03:07Z
288,https://www.linkedin.com/company/alles-strass,Alles Strass,Austria,alles-strass.at,www.alles-strass.at,Retail Luxury Goods and Jewelry,11-50 employees,"Lustenau, Vorarlberg",,1983,,,2026-03-14T13:03:31Z,2026-03-14T13:04:09Z
289,https://www.linkedin.com/company/sija-schmuck-gmbh,Sija Schmuck GmbH,Austria,sija.at,http://www.sija.at,Retail Luxury Goods and Jewelry,11-50 employees,"Enns, Oberösterreich",,1951,,,2026-03-14T13:04:37Z,2026-03-14T13:05:16Z
290,https://www.linkedin.com/company/gocartken,Cartken,Austria,cartken.com,http://www.cartken.com,Robot Manufacturing,11-50 employees,"Oakland, CA",,,,,2026-03-14T13:05:43Z,2026-03-14T13:06:15Z
291,https://www.linkedin.com/company/airskin-by-blue-danube-robotics,AIRSKIN,Austria,airskin.io,https://www.airskin.io/,Automation Machinery Manufacturing,11-50 employees,,,2013,,,2026-03-14T13:06:42Z,2026-03-14T13:07:15Z
292,https://www.linkedin.com/company/baubot,fischer BAUBOT,Austria,baubot.com,www.baubot.com,Robot Manufacturing,11-50 employees,"Wien, Wien",,2017,,,2026-03-14T13:07:42Z,2026-03-14T13:08:19Z
293,https://www.linkedin.com/company/burkert-danmark,Burkert Danmark A/S,Austria,burkert.dk,http://www.burkert.dk,Automation Machinery Manufacturing,11-50 employees,"Skovlunde, Capital Region of Denmark",,1946,,,2026-03-14T13:08:47Z,2026-03-14T13:09:19Z
294,https://www.linkedin.com/company/alphagate-hmi-solutions,Alphagate Automatisierungstechnik GmbH,Austria,alphagate.eu,http://www.alphagate.eu,Industrial Automation,11-50 employees,"Rankweil, Vorarlberg",,1999,,,2026-03-14T13:09:49Z,2026-03-14T13:10:24Z
295,https://www.linkedin.com/company/mechatronik-austria,MECHATRONIK AUSTRIA,Austria,mechatronik-austria.at,http://www.mechatronik-austria.at,Automation Machinery Manufacturing,11-50 employees,"Saalfelden am Steinernen Meer, Salzburg",,2016,,,2026-03-14T13:10:55Z,2026-03-14T13:11:29Z
296,https://www.linkedin.com/company/ivii,ivii GmbH,Austria,ivii.eu,http://www.ivii.eu/,Automation Machinery Manufacturing,11-50 employees,"Dobl-Zwaring, Steiermark",,2016,,,2026-03-14T13:11:57Z,2026-03-14T13:12:32Z
297,https://www.linkedin.com/company/litesentry-llc,LiteSentry - Softsolution - Strainoptics,Austria,glassquality.com,http://glassquality.com,Automation Machinery Manufacturing,11-50 employees,"Burnsville, Minnesota",,1985,,,2026-03-14T13:13:01Z,2026-03-14T13:13:33Z
298,https://www.linkedin.com/company/beckhoff-automation-oesterreich,Beckhoff Automation Österreich,Austria,beckhoff.at,https://www.beckhoff.at/,Automation Machinery Manufacturing,11-50 employees,,,1997,,,2026-03-14T13:14:02Z,2026-03-14T13:14:37Z
299,https://www.linkedin.com/company/taurob-gmbh,Taurob,Austria,taurob.com,http://www.taurob.com,Automation Machinery Manufacturing,11-50 employees,,,2010,,,2026-03-14T13:15:05Z,2026-03-14T13:15:40Z
300,https://www.linkedin.com/company/garten-eder,Eder Gartenarchitektur,Austria,garten-eder.at,www.garten-eder.at,Horticulture,11-50 employees,"Kundl, Tyrol",,,,,2026-03-14T13:16:09Z,2026-03-14T13:16:41Z
301,https://www.linkedin.com/company/florissa,Florissa GmbH,Austria,florissa.at,www.florissa.at,Horticulture,11-50 employees,"Mondsee, Upper Austria",,2002,,,2026-03-14T13:17:05Z,2026-03-14T13:17:36Z
302,https://www.linkedin.com/company/terre-suisse,Terre Suisse AG,Austria,terresuisse.com,https://www.terresuisse.com/,Horticulture,11-50 employees,"Altstätten, St Gallen",,1999,,,2026-03-14T13:18:03Z,2026-03-14T13:18:44Z
303,https://www.linkedin.com/company/gartenhoedl,Garten Hödl GmbH,Austria,garten-hoedl.at,https://www.garten-hoedl.at,Horticulture,11-50 employees,"Vasoldsberg, Styria",,1994,,,2026-03-14T13:19:15Z,2026-03-14T13:19:52Z
304,https://www.linkedin.com/company/ausserbrunner-gmbh,Ausserbrunner GmbH,Austria,ausserbrunner.at,https://www.ausserbrunner.at/,Horticulture,11-50 employees,"Dornbirn, Vorarlberg",,2010,,,2026-03-14T13:20:19Z,2026-03-14T13:20:52Z
305,https://www.linkedin.com/company/sanlight-solution,SANSOL GmbH,Austria,sansol.eu,www.sansol.eu,Horticulture,11-50 employees,"Jennersdorf, Burgenland",,2018,,,2026-03-14T13:21:19Z,2026-03-14T13:21:54Z
306,https://www.linkedin.com/company/freiraum-gartenarchitektur-gmbh,Freiraum Gartenarchitektur GmbH,Austria,freiraum.cc,www.freiraum.cc,Horticulture,11-50 employees,"Alkoven, Upper Austria",,1999,,,2026-03-14T13:22:17Z,2026-03-14T13:22:53Z
307,https://www.linkedin.com/company/garten-reinisch,Gartengestaltung Reinisch,Austria,garten-reinisch.at,https://www.garten-reinisch.at/,Horticulture,11-50 employees,"Tattendorf, Niederösterreich",,2005,,,2026-03-14T13:23:22Z,2026-03-14T13:23:55Z
308,https://www.linkedin.com/company/harmonie-im-garten,Harmonie im Garten,Austria,harmonie-im-garten.at,www.harmonie-im-garten.at,Horticulture,11-50 employees,"Seeboden, Carinthia",,2017,,,2026-03-14T13:24:25Z,2026-03-14T13:25:00Z
309,https://www.linkedin.com/company/gruber-s%C3%B6hne-gmbh,Gruber & Söhne GmbH,Austria,grubersoehne.at,www.grubersoehne.at,Horticulture,11-50 employees,"Bad Sauerbrunn, Burgenland",,1997,,,2026-03-14T13:25:29Z,2026-03-14T13:26:06Z
310,https://www.linkedin.com/company/womentech-network,WomenTech Network,Austria,womentech.net,https://www.womentech.net,"Technology, Information and Media","501-1,000 employees","Mountain View, California",,,,,2026-03-14T13:26:32Z,2026-03-14T13:27:06Z
311,https://www.linkedin.com/company/mostlyai,MOSTLY AI,Austria,mostly.ai,https://mostly.ai/,Software Development,11-50 employees,,,2017,,,2026-03-14T13:27:38Z,2026-03-14T13:28:12Z
312,https://www.linkedin.com/company/innovationauthority,Innovation Authority,Austria,innovationauthority.com,https://innovationauthority.com,Business Content,11-50 employees,,,2025,,,2026-03-14T13:28:45Z,2026-03-14T13:29:24Z
313,https://www.linkedin.com/company/brutkasten-com,brutkasten,Austria,brutkasten.com,https://www.brutkasten.com/,Media Production,11-50 employees,,,2015,,,2026-03-14T13:29:54Z,2026-03-14T13:30:28Z
314,https://www.linkedin.com/company/whimsical,Whimsical,Austria,whimsical.com,https://whimsical.com,Software Development,11-50 employees,"Denver, Colorado",,2017,,,2026-03-14T13:30:52Z,2026-03-14T13:31:28Z
315,https://www.linkedin.com/company/forbesat,Forbes Austria,Austria,forbes.at,http://www.forbes.at,Newspaper Publishing,11-50 employees,"Vienna, Vienna",,2017,,,2026-03-14T13:31:53Z,2026-03-14T13:32:26Z
316,https://www.linkedin.com/company/sheconomy-wirtschaftsmagazin,sheconomy,Austria,sheconomy.media,http://sheconomy.media,Newspaper Publishing,11-50 employees,,,2018,,,2026-03-14T13:32:57Z,2026-03-14T13:33:31Z
317,https://www.linkedin.com/company/lightcast,Lightcast.com,Austria,lightcast.com,https://www.lightcast.com,Online Audio and Video Media,11-50 employees,"Charlotte, North Carolina",,2010,,,2026-03-14T13:33:57Z,2026-03-14T13:34:30Z
318,https://www.linkedin.com/company/trendingtopics-eu,Trending Topics by newsrooms,Austria,trendingtopics.eu,https://www.trendingtopics.eu/de/,"Technology, Information and Media",11-50 employees,"Vienna, Vienna",,2015,,,2026-03-14T13:34:59Z,2026-03-14T13:35:34Z
319,https://www.linkedin.com/company/crateio,CrateDB,Austria,cratedb.com,https://cratedb.com,Software Development,11-50 employees,"Redwood City, CA",,2013,,,2026-03-14T13:35:59Z,2026-03-14T13:36:33Z
320,https://www.linkedin.com/company/prime-shoes-gmbh,PRIME SHOES GmbH,Austria,prime-shoes.com,http://www.prime-shoes.com,Retail Apparel and Fashion,11-50 employees,,,1993,,,2026-03-15T17:17:02Z,2026-03-15T17:17:35Z
321,https://www.linkedin.com/company/pfanner-austria-schutzbekleidung,Pfanner Austria Schutzbekleidung,Austria,pfanner-austria.at,http://www.pfanner-austria.at,Retail Apparel and Fashion,11-50 employees,"Koblach, Vorarlberg",,1990,,,2026-03-15T17:18:00Z,2026-03-15T17:18:33Z
322,https://www.linkedin.com/company/phil-petter,Phil Petter Knitwear GmbH & Co KG,Austria,shop.philpetter.com,https://www.shop.philpetter.com,Retail Apparel and Fashion,11-50 employees,"Dornbirn, Vorarlberg",,1973,,,2026-03-15T17:19:04Z,2026-03-15T17:19:41Z
323,https://www.linkedin.com/company/eska-lederhandschuhfabrik-gesmbh-co-kg,Eska Gloves,Austria,eskagloves.com,http://www.eskagloves.com,Retail Apparel and Fashion,11-50 employees,"Thalheim bei Wels, Oberösterreich",,1912,,,2026-03-15T17:20:05Z,2026-03-15T17:20:42Z
324,https://www.linkedin.com/company/oberhofer-uniform,OBERHOFER GmbH & Co KG,Austria,airlineuniform.com,http://www.airlineuniform.com,Retail Apparel and Fashion,11-50 employees,"Kramsach, Tirol",,1955,,,2026-03-15T17:21:08Z,2026-03-15T17:21:43Z
325,https://www.linkedin.com/company/mond-of-copenhagen,Mond.com,Austria,mond.com,http://www.mond.com,Retail Apparel and Fashion,11-50 employees,"KBH V, Danmark",,2011,,,2026-03-15T17:22:09Z,2026-03-15T17:22:43Z
326,https://www.linkedin.com/company/spect-eyewear,Red Bull SPECT EYEWEAR,Austria,specteyewear.com,http://www.specteyewear.com,Retail Apparel and Fashion,11-50 employees,"Graz, Styria",,2016,,,2026-03-15T17:23:11Z,2026-03-15T17:23:45Z
327,https://www.linkedin.com/company/fristadsaustria,FRISTADS Alpine,Austria,fristads.com,https://www.fristads.com/de-at/,Retail Apparel and Fashion,11-50 employees,"Salzburg, Österreich",,1925,,,2026-03-15T17:24:12Z,2026-03-15T17:24:47Z
328,https://www.linkedin.com/company/qwstionthenorm,QWSTION,Austria,qwstion.com,http://www.qwstion.com/pages/about-us,Retail Apparel and Fashion,11-50 employees,"Zurich, Zurich",,2008,,,2026-03-15T17:25:14Z,2026-03-15T17:25:50Z
329,https://www.linkedin.com/company/hypeneedz,HYPENEEDZ,Austria,hypeneedz.com,http://hypeneedz.com,Retail Apparel and Fashion,11-50 employees,"München, Bayern",,2017,,,2026-03-15T17:26:18Z,2026-03-15T17:26:51Z
330,https://www.linkedin.com/company/am-hof-8,Am Hof 8 - Private Members Club,Austria,amhof8.com,https://www.amhof8.com/,Hospitality,11-50 employees,,,,,,2026-03-15T17:27:21Z,2026-03-15T17:27:56Z
331,https://www.linkedin.com/company/dessertmanufaktur-goettinger,Dessertmanufaktur Göttinger,Austria,goettinger.com,www.goettinger.com,Mobile Food Services,11-50 employees,"Groß-Siegharts, Lower Austria",,1901,,,2026-03-15T17:28:24Z,2026-03-15T17:29:01Z
332,https://www.linkedin.com/company/schrankerl,Schrankerl,Austria,schrankerl.at,http://www.schrankerl.at,Food and Beverage Services,11-50 employees,,,2021,,,2026-03-15T17:29:34Z,2026-03-15T17:30:09Z
333,https://www.linkedin.com/company/lifestylehotels,Lifestylehotels™,Austria,lifestylehotels.net,http://www.lifestylehotels.net,Hospitality,11-50 employees,,,2001,,,2026-03-15T17:30:36Z,2026-03-15T17:31:07Z
334,https://www.linkedin.com/company/koncepthotels,KONCEPT HOTELS,Austria,koncepthotels.com,https://www.koncepthotels.com,Hospitality,11-50 employees,"Leverkusen, Nordrhein-Westfalen",,2017,,,2026-03-15T17:31:34Z,2026-03-15T17:32:11Z
335,https://www.linkedin.com/company/iseki-food,ISEKI-Food Association,Austria,iseki-food.net,https://www.iseki-food.net,Food and Beverage Services,11-50 employees,,,2005,,,2026-03-15T17:32:39Z,2026-03-15T17:33:13Z
336,https://www.linkedin.com/company/ham-hospitality-advisors,HAM independent hospitality & tourism advisors,Austria,h-a-m.at,http://www.h-a-m.at/,Hospitality,11-50 employees,,,2002,,,2026-03-15T17:33:44Z,2026-03-15T17:34:21Z
337,https://www.linkedin.com/company/gransier-associates,G&A • Gransier & Associates,Austria,gransier.com,https://gransier.com,Hospitality,11-50 employees,,,2011,,,2026-03-15T17:34:47Z,2026-03-15T17:35:21Z
338,https://www.linkedin.com/company/arena-international-events-group,Arena International Events Group,Austria,arena-international.com,https://www.arena-international.com,Events Services,51-200 employees,,,,,,2026-03-15T17:35:48Z,2026-03-15T17:36:23Z
339,https://www.linkedin.com/company/oesterreichische-hotelvereinigung,Austrian Hotel Association,Austria,oehv.at,http://www.oehv.at,Hospitality,11-50 employees,"Wien, Österreich",,1953,,,2026-03-15T17:36:53Z,2026-03-15T17:37:29Z
340,https://www.linkedin.com/company/stayspiced,STAY SPICED !,Austria,stayspiced.com,https://www.stayspiced.com,Retail Groceries,11-50 employees,"Salzburg, Salzburg",,2005,,,2026-03-15T17:37:53Z,2026-03-15T17:38:30Z
341,https://www.linkedin.com/company/unverschwendet,Unverschwendet,Austria,unverschwendet.at,http://www.unverschwendet.at,Retail Groceries,11-50 employees,"Wien, Wien",,2016,,,2026-03-15T17:38:57Z,2026-03-15T17:39:33Z
342,https://www.linkedin.com/company/neohinternational,NEOH,Austria,neoh.com,http://www.neoh.com,Retail Groceries,11-50 employees,"Wien, Wien",,2017,,,2026-03-15T17:40:01Z,2026-03-15T17:40:36Z
343,https://www.linkedin.com/company/markta-at,markta.at,Austria,markta.at,http://www.markta.at,Retail Groceries,11-50 employees,,,2017,,,2026-03-15T17:41:04Z,2026-03-15T17:41:39Z
344,https://www.linkedin.com/company/miind-gmbh,MIIND GmbH,Austria,miind.at,https://miind.at,Retail Groceries,11-50 employees,"Wiener Neustadt, Lower Austria",,2018,,,2026-03-15T17:42:15Z,2026-03-15T17:42:50Z
345,https://www.linkedin.com/company/originalkalea,Kalea,Austria,kalea.com,https://www.kalea.com/,Retail Groceries,11-50 employees,"Salzburg, Osterreich",,2010,,,2026-03-15T17:43:20Z,2026-03-15T17:43:54Z
346,https://www.linkedin.com/company/%C3%B6lm%C3%BChle-fandler-gmbh,Ölmühle Fandler GmbH,Austria,fandler.at,http://fandler.at,Retail Groceries,11-50 employees,"Pöllau, Styria",,1926,,,2026-03-15T17:44:18Z,2026-03-15T17:44:53Z
347,https://www.linkedin.com/company/erber-edelbrand-brennh%C3%A4usl,Erber Edelbrand | Brennhäusl,Austria,erber-edelbrand.com,https://www.erber-edelbrand.com/,Retail Groceries,11-50 employees,"Brixen im Thale, Tyrol",,1651,,,2026-03-15T17:45:23Z,2026-03-15T17:45:58Z
348,https://www.linkedin.com/company/afreshed,afreshed®,Austria,afreshed.at,http://www.afreshed.at/,Retail Groceries,11-50 employees,"Linz, Upper Austria",,2021,,,2026-03-15T17:46:22Z,2026-03-15T17:46:57Z
349,https://www.linkedin.com/company/deli-dip,deli dip,Austria,delidip.com,www.delidip.com,Retail Groceries,11-50 employees,,,2012,,,2026-03-15T17:47:23Z,2026-03-15T17:47:58Z
350,https://www.linkedin.com/company/adriana-reinigungsservice-eu,Adriana Reinigungsservice e.U.,Austria,adriana-reinigungsservice.at,https://adriana-reinigungsservice.at,Laundry and Drycleaning Services,11-50 employees,"Wien, Wien",,2011,,,2026-03-15T17:48:26Z,2026-03-15T17:48:59Z
351,https://www.linkedin.com/company/putzerei-klaus,Putzerei Klaus,Austria,putzerei-klaus.at,www.putzerei-klaus.at,Laundry and Drycleaning Services,11-50 employees,"Wolkersdorf im Weinviertel, Niederösterreich",,1968,,,2026-03-15T17:49:26Z,2026-03-15T17:50:02Z
352,https://www.linkedin.com/company/reiter-design-gmbh,reiter design gmbh,Austria,reiter.design,www.reiter.design,Retail Furniture and Home Furnishings,11-50 employees,"Weiler, Vorarlberg",,1984,,,2026-03-15T17:50:27Z,2026-03-15T17:51:02Z
353,https://www.linkedin.com/company/orderman,Orderman,Austria,orderman.com,https://orderman.com/,Retail Office Equipment,11-50 employees,,,1993,,,2026-03-15T17:51:30Z,2026-03-15T17:52:04Z
354,https://www.linkedin.com/company/meavo,MEAVO Office Phone Booths,Austria,meavo.com,http://www.meavo.com,Retail Office Equipment,11-50 employees,"London, England",,2018,,,2026-03-15T17:52:32Z,2026-03-15T17:53:07Z
355,https://www.linkedin.com/company/vibemovesyou,vibe moves you,Austria,vibemovesyou.com,https://vibemovesyou.com,Retail Motor Vehicles,11-50 employees,,,2019,,,2026-03-15T17:53:38Z,2026-03-15T17:54:14Z
356,https://www.linkedin.com/company/3dmensionals,3Dmensionals,Austria,3dmensionals.de,https://www.3dmensionals.de/,Wholesale,11-50 employees,"Köln, Nordrhein-Westfahlen",,2013,,,2026-03-15T17:54:37Z,2026-03-15T17:55:12Z
357,https://www.linkedin.com/company/mikka-gmbh,MIKKA GmbH,Austria,mikka.com,https://mikka.com,Computer Hardware Manufacturing,11-50 employees,"Ansfelden, Oberösterreich",,2013,,,2026-03-15T17:55:42Z,2026-03-15T17:56:19Z
358,https://www.linkedin.com/company/alpine-quantum-technologies-gmbh,AQT,Austria,aqt.eu,http://www.aqt.eu,Computer Hardware Manufacturing,11-50 employees,"Innsbruck, Tyrol",,2018,,,2026-03-15T17:56:44Z,2026-03-15T17:57:26Z
359,https://www.linkedin.com/company/tl-electronic-gmbh,TL Electronic GmbH,Austria,tl-electronic.de,https://www.tl-electronic.de,Computer Hardware Manufacturing,11-50 employees,,,1983,,,2026-03-15T17:57:53Z,2026-03-15T17:58:27Z
360,https://www.linkedin.com/company/fragmentix-storage-solutions-gmbh,fragmentiX,Austria,fragmentix.com,https://www.fragmentix.com,Computer Hardware Manufacturing,11-50 employees,"Klosterneuburg, Niederösterreich",,2018,,,2026-03-15T17:58:55Z,2026-03-15T17:59:31Z
361,https://www.linkedin.com/company/backbone-io,BACKBONE,Austria,backbone.io,http://www.backbone.io,Computer Hardware Manufacturing,11-50 employees,"Vienna, Vienna",,2014,,,2026-03-15T17:59:57Z,2026-03-15T18:00:34Z
362,https://www.linkedin.com/company/extoll,EXTOLL GmbH,Austria,extoll.com,http://www.extoll.com,Computer Hardware Manufacturing,11-50 employees,"Mannheim, Baden-Württemberg",,2011,,,2026-03-15T18:01:05Z,2026-03-15T18:01:39Z
363,https://www.linkedin.com/company/benq-business,BenQ DACH,Austria,benq.eu,https://www.benq.eu/de-de/index.html,Computer Hardware Manufacturing,11-50 employees,"Oberhausen, Nordrhein-Westfalen",,,,,2026-03-15T18:02:09Z,2026-03-15T18:02:43Z
364,https://www.linkedin.com/company/beetronics,Beetronics,Austria,beetronics.com,https://www.beetronics.com,Computer Hardware Manufacturing,11-50 employees,"Amsterdam, North Holland",,2004,,,2026-03-15T18:03:10Z,2026-03-15T18:03:47Z
365,https://www.linkedin.com/company/cyberith,Cyberith,Austria,cyberith.com,http://www.cyberith.com,Computer Hardware,11-50 employees,"Vienna, Vienna",,2014,,,2026-03-15T18:04:15Z,2026-03-15T18:04:51Z
366,https://www.linkedin.com/company/novarion,Novarion Systems,Austria,novarion.systems,https://www.novarion.systems/de/,Computer Hardware Manufacturing,11-50 employees,"Wien, Wien",,2004,,,2026-03-15T18:05:17Z,2026-03-15T18:05:51Z
367,https://www.linkedin.com/company/lueftner-cruises,Lueftner Cruises,Austria,lueftner-cruises.com,http://www.lueftner-cruises.com,"Leisure, Travel & Tourism",11-50 employees,,,1997,,,2026-03-15T18:06:18Z,2026-03-15T18:06:53Z
368,https://www.linkedin.com/company/seilbahn-net-ropeways-net,Ropeways.net,Austria,seilbahn.net,http://www.seilbahn.net,Travel Arrangements,11-50 employees,"Bad Hofgastein, Salzburg",,1998,,,2026-03-15T18:07:19Z,2026-03-15T18:07:54Z
369,https://www.linkedin.com/company/amazedm,Amaze - Destination managed,Austria,amazedm.com,https://amazedm.com/,Travel Arrangements,11-50 employees,,,2021,,,2026-03-15T18:08:20Z,2026-03-15T18:08:55Z
370,https://www.linkedin.com/company/asi-reisen-alpinschule-innsbruck-gmbh,ASI Reisen,Austria,asi.at,https://www.asi.at,Travel Arrangements,11-50 employees,"Natters, Tyrol",,1963,,,2026-03-21T14:07:37Z,2026-03-21T14:08:11Z
371,https://www.linkedin.com/company/zellamsee-kaprun,Zell am See-Kaprun,Austria,zellamsee-kaprun.com,https://zellamsee-kaprun.com,Travel Arrangements,11-50 employees,"Zell am See, Salzburg",,1988,,,2026-03-21T14:08:36Z,2026-03-21T14:09:11Z
372,https://www.linkedin.com/company/maxlux-travel,MAX LUX TRAVEL,Austria,maxlux-travel.com,www.maxlux-travel.com,Travel Arrangements,11-50 employees,"Vienna, Vienna",,2022,,,2026-03-21T14:09:42Z,2026-03-21T14:10:19Z
373,https://www.linkedin.com/company/linz-tourismus,Linz Tourismus,Austria,linztourismus.at,https://www.linztourismus.at/business/,Travel Arrangements,11-50 employees,"Linz, Oberösterreich",,1951,,,2026-03-21T14:10:51Z,2026-03-21T14:11:26Z
374,https://www.linkedin.com/company/edel-&-stark-ag---luxury-car-hire-switzerland-germany-france-and-italy,Edel & Stark Group - Luxury Car Hire in Europe and UAE,Austria,edelstark.com,http://www.edelstark.com/en/,Travel Arrangements,11-50 employees,"Olten, Solothurn",,2011,,,2026-03-21T14:11:56Z,2026-03-21T14:12:31Z
375,https://www.linkedin.com/company/niederoesterreich-werbung,Niederösterreich-Werbung GmbH,Austria,tourismus.niederoesterreich.at,http://www.tourismus.niederoesterreich.at,Travel Arrangements,11-50 employees,"Sankt Pölten, Niederösterreich",,1995,,,2026-03-21T14:12:59Z,2026-03-21T14:13:32Z
376,https://www.linkedin.com/company/ober%C3%B6sterreich-tourismus,Oberösterreich Tourismus,Austria,oberoesterreich-tourismus.at,https://www.oberoesterreich-tourismus.at/,"Leisure, Travel & Tourism",11-50 employees,"Linz, Oberösterreich",,,,,2026-03-21T14:14:06Z,2026-03-21T14:14:40Z
377,https://www.linkedin.com/company/seminargo-gmbh,seminargo,Austria,seminargo.com,http://www.seminargo.com,Hospitality,11-50 employees,"Wien, Wien",,2001,,,2026-03-21T14:15:13Z,2026-03-21T14:15:50Z
378,https://www.linkedin.com/company/konen-&-lorenzen-recruitment-consultants,Konen & Lorenzen Recruitment Consultants,Austria,konen-lorenzen.com,http://www.konen-lorenzen.com,Hospitality,51-200 employees,,,1997,,,2026-03-21T14:16:15Z,2026-03-21T14:16:54Z
379,https://www.linkedin.com/company/urban-vintage-experiences,Obruk Kervansaray Museum | Hotel by CK Legacy Hotels Vienna,Austria,drcemkinay.com,http://www.drcemkinay.com,Hospitality,11-50 employees,"Vienna , Vienna",,2024,,,2026-03-21T14:17:23Z,2026-03-21T14:17:58Z
380,https://www.linkedin.com/company/securaze,Securaze,Austria,securaze.com,http://www.securaze.com,Data Security Software Products,11-50 employees,"Vienna, Austria",,2017,,,2026-03-21T14:18:25Z,2026-03-21T14:19:00Z
381,https://www.linkedin.com/company/prighter,Prighter,Austria,prighter.com,https://prighter.com/,Data Security Software Products,11-50 employees,,,,,,2026-03-21T14:19:32Z,2026-03-21T14:20:06Z
382,https://www.linkedin.com/company/spixnet-gmbh,spixnet gmbh,Austria,spixnet.com,https://spixnet.com,Data Security Software Products,11-50 employees,"Mattersburg, Burgenland",,2022,,,2026-03-21T14:20:32Z,2026-03-21T14:21:07Z
383,https://www.linkedin.com/company/motto-am-fluss,Motto am Fluss,Austria,mottoamfluss.at,https://www.mottoamfluss.at/de/willkommen/,Restaurants,11-50 employees,,,2010,,,2026-03-21T14:21:34Z,2026-03-21T14:22:11Z
384,https://www.linkedin.com/company/st-peter-stiftskulinarium,St. Peter Stiftskulinarium,Austria,stpeter.at,https://www.stpeter.at,Restaurants,11-50 employees,,,1992,,,2026-03-21T14:22:40Z,2026-03-21T14:23:13Z
385,https://www.linkedin.com/company/kelsen-parlament-%C3%B6sterreich,Kelsen im Parlament,Austria,kelsen.at,www.kelsen.at,Restaurants,11-50 employees,"Wien, Österreich, Wien",,2022,,,2026-03-21T14:23:44Z,2026-03-21T14:24:21Z
386,https://www.linkedin.com/company/webrestaurant,WebRestaurant,Austria,webrestaurant.at,https://www.webrestaurant.at/wochenmenu/,Restaurants,11-50 employees,"Vienna, Wien",,,,,2026-03-21T14:24:48Z,2026-03-21T14:25:23Z
387,https://www.linkedin.com/company/marcosimonistheartofpassion,Marco Simonis Urban Appetite,Austria,marcosimonis.com,https://www.marcosimonis.com/catering/,Restaurants,11-50 employees,"Vienna, Vienna",,2012,,,2026-03-21T14:25:47Z,2026-03-21T14:26:22Z
388,https://www.linkedin.com/company/wrapstars,Wrapstars,Austria,wrapstars.at,http://www.wrapstars.at,Restaurants,11-50 employees,,,2013,,,2026-03-21T14:26:57Z,2026-03-21T14:27:33Z
389,https://www.linkedin.com/company/tuya-restaurant-bar,TUYA Restaurant & Bar,Austria,tuya.rest,https://tuya.rest,Restaurants,11-50 employees,"Vienna, Innere Stadt",,2019,,,2026-03-21T14:28:06Z,2026-03-21T14:28:39Z
390,https://www.linkedin.com/company/genusscatering-berner-monitzer,Genusscatering Berner&Monitzer,Austria,genuss-catering.net,https://www.genuss-catering.net/,Restaurants,11-50 employees,"Kitzbühel, Tyrol",,2021,,,2026-03-21T14:29:07Z,2026-03-21T14:29:42Z
391,https://www.linkedin.com/company/thegreengarden,TheGreenGarden,Austria,thegreengarden.at,http://www.thegreengarden.at,Restaurants,11-50 employees,"Salzburg, Salzburg",,2013,,,2026-03-21T14:30:12Z,2026-03-21T14:30:50Z
392,https://www.linkedin.com/company/151-restaurant-bar,151 Restaurant Bar,Austria,151.at,http://www.151.at,Restaurants,11-50 employees,"Klagenfurt-Viktring, Kärnten",,2016,,,2026-03-21T14:31:18Z,2026-03-21T14:31:53Z
393,https://www.linkedin.com/company/e-motion-group,emotion group,Austria,emotiongroup.com,http://www.emotiongroup.com,Spectator Sports,11-50 employees,,,1991,,,2026-03-21T14:32:19Z,2026-03-21T14:32:54Z
394,https://www.linkedin.com/company/oeoc,Austrian Olympic Committee,Austria,olympia.at,http://www.olympia.at,Spectator Sports,11-50 employees,,,1908,,,2026-03-21T14:33:20Z,2026-03-21T14:33:54Z
395,https://www.linkedin.com/company/ehf-marketing,EHF Marketing,Austria,eurohandball.com,https://www.eurohandball.com/en/who-we-are/ehf-marketing-gmbh/,Spectator Sports,11-50 employees,"Vienna, Wien",,2005,,,2026-03-21T14:34:25Z,2026-03-21T14:35:00Z
396,https://www.linkedin.com/company/strykerlabs,Strykerlabs,Austria,strykerlabs.io,https://www.strykerlabs.io/,Spectator Sports,11-50 employees,,,2020,,,2026-03-21T14:35:30Z,2026-03-21T14:36:07Z
397,https://www.linkedin.com/company/ibsfsliding,International Bobsleigh & Skeleton Federation (IBSF),Austria,ibsf.org,http://www.ibsf.org,Spectator Sports,11-50 employees,,,1923,,,2026-03-21T14:36:37Z,2026-03-21T14:37:12Z
398,https://www.linkedin.com/company/playerhunter,PLAYERHUNTER,Austria,playerhunter.com,https://playerhunter.com/,Spectator Sports,11-50 employees,"Vienna, Vienna",,2016,,,2026-03-21T14:37:46Z,2026-03-21T14:38:20Z
399,https://www.linkedin.com/company/first-vienna-f.c.,First Vienna FC 1894,Austria,1894.at,http://www.1894.at,Spectator Sports,11-50 employees,,,,,,2026-03-21T14:38:49Z,2026-03-21T14:39:24Z
400,https://www.linkedin.com/company/international-biathlon-union,International Biathlon Union,Austria,biathlonworld.com,https://www.biathlonworld.com/,Spectator Sports,11-50 employees,"Anif, Salzburg",,1993,,,2026-03-21T14:39:54Z,2026-03-21T14:40:30Z
401,https://www.linkedin.com/company/lask-gmbh,LASK,Austria,lask.at,https://www.lask.at,Spectator Sports,11-50 employees,"Pasching, Oberösterreich",,1908,,,2026-03-21T14:41:01Z,2026-03-21T14:41:35Z
402,https://www.linkedin.com/company/oefbl,Österreichische Fußball-Bundesliga,Austria,oefbl.at,http://www.oefbl.at,Spectator Sports,11-50 employees,,,1974,,,2026-03-21T14:42:04Z,2026-03-21T14:42:43Z
403,https://www.linkedin.com/company/basenbox,Basenbox,Austria,basenbox.life,http://www.basenbox.life,Mobile Food Services,11-50 employees,"Wien, Österreich",,2016,,,2026-03-21T14:43:15Z,2026-03-21T14:43:51Z
404,https://www.linkedin.com/company/kissa-tea,KISSA Tea - part of AIYA Europe GmbH,Austria,kissatea.com,http://www.kissatea.com,Food and Beverage Services,11-50 employees,,,2015,,,2026-03-21T14:44:21Z,2026-03-21T14:44:58Z
405,https://www.linkedin.com/company/curtice-brothers,Curtice Brothers,Austria,curticebrothers.co,http://curticebrothers.co,Food and Beverage Services,11-50 employees,,,2015,,,2026-03-21T14:45:25Z,2026-03-21T14:46:01Z
406,https://www.linkedin.com/company/hoellersolutions,Hoeller Solutions,Austria,hoeller-solutions.com,https://hoeller-solutions.com/welcome,Food and Beverage Services,11-50 employees,"Amstetten, Lower Austria",,1989,,,2026-03-21T14:46:25Z,2026-03-21T14:47:01Z
407,https://www.linkedin.com/company/ims-h-llinger-gmbh,IMS Hollinger GmbH,Austria,hoellinger-juice.at,http://www.hoellinger-juice.at,Food and Beverage Services,11-50 employees,"Pressbaum, Niederösterreich",,1997,,,2026-03-21T14:47:31Z,2026-03-21T14:48:06Z
408,https://www.linkedin.com/company/purora,Purora,Austria,purora.at,http://www.purora.at,Food and Beverage Services,11-50 employees,,,2019,,,2026-03-21T14:48:32Z,2026-03-21T14:49:14Z
409,https://www.linkedin.com/company/timber-online-net,TIMBER-ONLINE.net,Austria,timber-online.net,http://www.timber-online.net,Media Production,11-50 employees,"Wien, Wien",,2001,,,2026-03-21T14:49:45Z,2026-03-21T14:50:21Z
410,https://www.linkedin.com/company/holzkurier,HOLZKURIER,Austria,holzkurier.com,https://www.holzkurier.com,Media Production,11-50 employees,"Wien, Wien",,1946,,,2026-03-21T14:50:51Z,2026-03-21T14:51:26Z
411,https://www.linkedin.com/company/gastro-news,Gastro.News,Austria,gastro.news,https://gastro.news,Media Production,11-50 employees,"Wien, Wien",,2015,,,2026-03-21T14:51:50Z,2026-03-21T14:52:24Z
412,https://www.linkedin.com/company/top-tirol,top.tirol – Die Plattform für Tirols Wirtschaft,Austria,top.tirol,https://www.top.tirol/,Media Production,11-50 employees,"Innsbruck, Tirol",,2015,,,2026-03-21T14:52:56Z,2026-03-21T14:53:29Z
413,https://www.linkedin.com/company/tirolerin,TIROLERIN,Austria,tirolerin.at,http://www.tirolerin.at,Media Production,11-50 employees,"Innsbruck, Tirol",,1988,,,2026-03-21T14:53:58Z,2026-03-21T14:54:34Z
414,https://www.linkedin.com/company/diemacher,DIE MACHER - Wirtschafts- & Lifestylemagazin,Austria,diemacher.at,https://www.diemacher.at,Media Production,11-50 employees,"Linz, Oberösterreich",,2012,,,2026-03-21T14:55:02Z,2026-03-21T14:55:38Z
415,https://www.linkedin.com/company/napalmrecords,Napalm Records,Austria,label.napalmrecords.com,https://label.napalmrecords.com/,Music,11-50 employees,,,,,,2026-03-21T14:56:09Z,2026-03-21T14:56:50Z
416,https://www.linkedin.com/company/moment-magazin,Moment Magazin,Austria,moment.at,https://www.moment.at/,Media Production,11-50 employees,"Rudolfsheim-Fünfhaus, Vienna",,2019,,,2026-03-21T14:57:21Z,2026-03-21T14:57:55Z
417,https://www.linkedin.com/company/regal-verlagsges-m-b-h,Regal Verlagsges.m.b.H,Austria,regal.at,http://www.regal.at,Media Production,11-50 employees,"Wien, Österreich",,,,,2026-03-21T14:58:23Z,2026-03-21T14:59:01Z
418,https://www.linkedin.com/company/toolsonair-broadcast-engineering-gmbh,ToolsOnAir Broadcast Engineering GmbH,Austria,toolsonair.com,https://www.toolsonair.com,Broadcast Media Production and Distribution,11-50 employees,,,2008,,,2026-03-21T14:59:32Z,2026-03-21T15:00:14Z
419,https://www.linkedin.com/company/simpliat,simpliTV,Austria,simpli.at,https://www.simpli.at/,Broadcast Media Production and Distribution,11-50 employees,,,2013,,,2026-03-21T15:00:43Z,2026-03-21T15:01:19Z
420,https://www.linkedin.com/company/your-family-entertainment,Your Family Entertainment AG,Austria,yfe.tv,http://www.yfe.tv,Broadcast Media Production and Distribution,11-50 employees,"Munich, Bavaria",,,,,2026-03-27T16:43:38Z,2026-03-27T16:44:09Z
421,https://www.linkedin.com/company/tvstartupswomen,DirectorsTV24 / Female Founders TV,Austria,nordic.thewhitecross.org,https://nordic.thewhitecross.org/event/tv-startups-women/,Broadcast Media Production and Distribution,11-50 employees,"Stockholm, Stockholm",,2019,,,2026-03-27T16:44:38Z,2026-03-27T16:45:08Z
422,https://www.linkedin.com/company/spidercam-ross,spidercam,Austria,rossvideo.com,rossvideo.com/spidercam,Broadcast Media Production and Distribution,11-50 employees,"Feistritz im Rosental, Kärnten",,2000,,,2026-03-27T16:45:34Z,2026-03-27T16:46:09Z
423,https://www.linkedin.com/company/rts-regional-tv-salzburg,RTS - Regional TV Salzburg,Austria,rts-salzburg.at,https://www.rts-salzburg.at/,Broadcast Media Production and Distribution,11-50 employees,"Wals-Himmelreich, Salzburg",,2009,,,2026-03-27T16:46:38Z,2026-03-27T16:47:15Z
424,https://www.linkedin.com/company/radiosuperfly,Radio Superfly,Austria,superfly.fm,http://www.superfly.fm,Broadcast Media Production and Distribution,11-50 employees,,,2005,,,2026-03-27T16:47:37Z,2026-03-27T16:48:08Z
425,https://www.linkedin.com/company/liferadio,Life Radio,Austria,liferadio.at,http://www.liferadio.at,Broadcast Media Production and Distribution,11-50 employees,"Linz, Oberösterreich",,1998,,,2026-03-27T16:48:37Z,2026-03-27T16:49:09Z
426,https://www.linkedin.com/company/radio886,Radio 88.6,Austria,radio886.at,http://www.radio886.at,Broadcast Media Production and Distribution,11-50 employees,"Wien, Wien",,,,,2026-03-27T16:49:36Z,2026-03-27T16:50:08Z
427,https://www.linkedin.com/company/radio-arabella-gmbh,Radio Arabella GmbH,Austria,arabella.at,http://www.arabella.at/,Broadcast Media Production and Distribution,11-50 employees,,,2001,,,2026-03-27T16:50:35Z,2026-03-27T16:51:07Z
428,https://www.linkedin.com/company/architekturzentrumwien,Architekturzentrum Wien,Austria,azw.at,www.azw.at,Museums,11-50 employees,"Vienna, Austria",,1993,,,2026-03-27T16:51:42Z,2026-03-27T16:52:17Z
429,https://www.linkedin.com/company/volkskundemuseum-wien,Volkskundemuseum Wien,Austria,volkskundemuseum.at,www.volkskundemuseum.at,"Museums, Historical Sites, and Zoos",11-50 employees,"Vienna, Wien",,1895,,,2026-03-27T16:52:47Z,2026-03-27T16:53:20Z
430,https://www.linkedin.com/company/kunsthalle-wien-swk,Kunsthalle Wien,Austria,kunsthallewien.at,https://kunsthallewien.at/en/,Museums,11-50 employees,,,1992,,,2026-03-27T16:53:51Z,2026-03-27T16:54:24Z
431,https://www.linkedin.com/company/sigmund-freud-museum,Sigmund Freud Museum,Austria,freud-museum.at,http://www.freud-museum.at,"Museums, Historical Sites, and Zoos",11-50 employees,"Wien, Wien",,1971,,,2026-03-27T16:54:51Z,2026-03-27T16:55:25Z
432,https://www.linkedin.com/company/mythosmozart,MYTHOS MOZART,Austria,mythos-mozart.com,www.mythos-mozart.com,"Museums, Historical Sites, and Zoos",11-50 employees,"Wien, Wien",,2022,,,2026-03-27T16:55:52Z,2026-03-27T16:56:24Z
433,https://www.linkedin.com/company/tba21-academy,TBA21,Austria,tba21.org,https://www.tba21.org/,"Museums, Historical Sites, and Zoos",11-50 employees,"Madrid, Community of Madrid",,2002,,,2026-03-27T16:56:52Z,2026-03-27T16:57:25Z
434,https://www.linkedin.com/company/orpheo-group,Orpheo,Austria,orpheogroup.com,http://orpheogroup.com/,"Museums, Historical Sites, and Zoos",11-50 employees,"Seyssinet-Pariset, Auvergne-Rhône-Alpes",,1992,,,2026-03-27T16:57:50Z,2026-03-27T16:58:25Z
435,https://www.linkedin.com/company/creartive-group-vienna,CreARTive Group Vienna,Austria,creartive-group.com,https://creartive-group.com/,Museums,201-500 employees,,,1997,,,2026-03-27T16:58:49Z,2026-03-27T16:59:25Z
436,https://www.linkedin.com/company/bota-art-gallery,Bota Art Gallery,Austria,botaartgallery.com,www.botaartgallery.com,Museums,11-50 employees,"Mutters, Tyrol",,,,,2026-03-27T16:59:56Z,2026-03-27T17:00:29Z
437,https://www.linkedin.com/company/kinderkunstlabor,KinderKunstLabor,Austria,kinderkunstlabor.at,https://www.kinderkunstlabor.at/de,Museums,11-50 employees,"St Pölten, Lower Austria",,,,,2026-03-27T17:00:54Z,2026-03-27T17:01:25Z
438,https://www.linkedin.com/company/vienna-digital-lab,Vienna Digital Lab,Austria,vdl.art,https://www.vdl.art/,Artists and Writers,11-50 employees,,,2021,,,2026-03-27T17:01:53Z,2026-03-27T17:02:27Z
439,https://www.linkedin.com/company/viennacontemporary,viennacontemporary,Austria,viennacontemporary.at,http://www.viennacontemporary.at/en/,Artists and Writers,11-50 employees,,,2014,,,2026-03-27T17:02:52Z,2026-03-27T17:03:26Z
440,https://www.linkedin.com/company/kurdisches-kulturinstitut-wien,Kurdisches Kulturinstitut Wien,Austria,kurdischeskulturinstitut.at,http://www.kurdischeskulturinstitut.at/,Artists and Writers,11-50 employees,"Vienna, Vienna",,2017,,,2026-03-27T17:03:55Z,2026-03-27T17:04:35Z
441,https://www.linkedin.com/company/wendy-network,wendy.network,Austria,wendy.network,http://wendy.network/,Artists and Writers,11-50 employees,,,,,,2026-03-27T17:12:55Z,2026-03-27T17:13:28Z
442,https://www.linkedin.com/company/steirischerherbst,steirischerherbst festival gmbh,Austria,steirischerherbst.at,http://www.steirischerherbst.at,Artists and Writers,11-50 employees,,,1968,,,2026-03-27T17:13:58Z,2026-03-27T17:14:32Z
443,https://www.linkedin.com/company/anasaea,ANASAEA,Austria,anasaea.com,http://www.anasaea.com,Artists and Writers,11-50 employees,,,2022,,,2026-03-27T17:15:02Z,2026-03-27T17:15:37Z
444,https://www.linkedin.com/company/beck-&-eggeling,Beck & Eggeling · International Fine Art,Austria,beck-eggeling.de,http://www.beck-eggeling.de,Artists and Writers,11-50 employees,"Düsseldorf, Nordrhein Westfalen",,1994,,,2026-03-27T17:16:06Z,2026-03-27T17:16:40Z
445,https://www.linkedin.com/company/around-culture-s-p-a-,Around Culture,Austria,aroundculture.com,http://www.aroundculture.com,Artists and Writers,11-50 employees,"Roma, Rm",,2015,,,2026-03-27T17:17:05Z,2026-03-27T17:17:38Z
446,https://www.linkedin.com/company/galerie-eva-presenhuber,Galerie Eva Presenhuber,Austria,presenhuber.com,http://www.presenhuber.com,Artists and Writers,11-50 employees,,,,,,2026-03-27T17:18:08Z,2026-03-27T17:18:40Z
447,https://www.linkedin.com/company/salzburger-kunstverein,Salzburger Kunstverein,Austria,salzburger-kunstverein.at,http://www.salzburger-kunstverein.at,Artists and Writers,11-50 employees,"Salzburg, Salzburg",,1844,,,2026-03-27T17:19:06Z,2026-03-27T17:19:48Z
448,https://www.linkedin.com/company/linbit,LINBIT,Austria,linbit.com,https://www.linbit.com,Software Development,11-50 employees,"Tualatin, Oregon",,2001,,,2026-03-27T17:20:19Z,2026-03-27T17:20:53Z
449,https://www.linkedin.com/company/kickscale,Kickscale,Austria,kickscale.com,http://www.kickscale.com,Software Development,11-50 employees,,,,,,2026-03-27T17:21:21Z,2026-03-27T17:21:53Z
450,https://www.linkedin.com/company/avataris,Avataris,Austria,avataris.io,https://avataris.io,Software Development,11-50 employees,"Graz, Styria",,2019,,,2026-03-27T17:22:24Z,2026-03-27T17:22:55Z
451,https://www.linkedin.com/company/data-science-conference,Data Science Conference,Austria,datasciconference.com,http://datasciconference.com/,Software Development,11-50 employees,"Belgrade, Belgrade",,2015,,,2026-03-27T17:23:20Z,2026-03-27T17:23:54Z
452,https://www.linkedin.com/company/monkifyai,wiloo.io,Austria,wiloo.io,https://wiloo.io,IT System Custom Software Development,11-50 employees,"Linz, Oberösterreich",,2025,,,2026-03-27T17:24:18Z,2026-03-27T17:24:52Z
453,https://www.linkedin.com/company/ibmtxture,IBM Txture,Austria,txture.io,https://www.txture.io,Software Development,11-50 employees,"Innsbruck, Tyrol",,,,,2026-03-27T17:25:20Z,2026-03-27T17:25:53Z
454,https://www.linkedin.com/company/glaciereco,Glacier,Austria,glacier.eco,http://www.glacier.eco,Software Development,11-50 employees,"Wien, Wien",,2020,,,2026-03-27T17:26:19Z,2026-03-27T17:26:51Z
455,https://www.linkedin.com/company/asko-assekuranzmakler-gmbh-at,asko assekuranzmakler GmbH Austria,Austria,asko24.com,http://www.asko24.com,Insurance,11-50 employees,"Schwoich, Tirol",,1998,,,2026-03-27T17:27:17Z,2026-03-27T17:27:51Z
456,https://www.linkedin.com/company/i-r-h-tschrepitsch-versicherungsmakler,I R H Tschrepitsch Versicherungsmakler,Austria,tschrepitsch.at,https://www.tschrepitsch.at,Insurance,11-50 employees,,,1978,,,2026-03-27T17:28:21Z,2026-03-27T17:28:55Z
457,https://www.linkedin.com/company/hidothealth,hi.health,Austria,hi.health,http://hi.health,Insurance,11-50 employees,,,2018,,,2026-03-27T17:29:20Z,2026-03-27T17:29:51Z
458,https://www.linkedin.com/company/bsurance,bsurance,Austria,bsurance.com,https://www.bsurance.com,Insurance,11-50 employees,"Wien, Wien",,2018,,,2026-03-27T17:30:22Z,2026-03-27T17:30:57Z
459,https://www.linkedin.com/company/schinasi-insurance-brokers,Schinasi Insurance Brokers Srl,Austria,schinasi.it,http://www.schinasi.it,Insurance,11-50 employees,"Milan, MI",,1967,,,2026-03-27T17:31:25Z,2026-03-27T17:31:59Z
460,https://www.linkedin.com/company/r-v-%C3%B6sterreich,R+V Versicherung Österreich,Austria,ruv.at,http://www.ruv.at,Insurance,11-50 employees,"Wien, Wien",,2010,,,2026-03-27T17:32:31Z,2026-03-27T17:33:03Z
461,https://www.linkedin.com/company/verag,VERAG Versicherungsmakler GmbH,Austria,verag.at,https://www.verag.at,Insurance,11-50 employees,"Wien, Wien",,1964,,,2026-03-27T17:33:35Z,2026-03-27T17:34:10Z
462,https://www.linkedin.com/company/ck-versicherungsmakler-gmbh,CK Versicherungsmakler GmbH,Austria,klausner-versichert.at,https://www.klausner-versichert.at/,Insurance Agencies and Brokerages,11-50 employees,"Innsbruck, Tirol",,2008,,,2026-03-27T17:34:39Z,2026-03-27T17:35:13Z
463,https://www.linkedin.com/company/ccc-comcreditcontor,CCC Com Credit Contor Maklergesellschaft mbH & Co. KG,Austria,comcredit.de,http://www.comcredit.de,Insurance,11-50 employees,"28357, Bremen",,1993,,,2026-03-27T17:35:36Z,2026-03-27T17:36:09Z
464,https://www.linkedin.com/company/austrion-life,austrion Life,Austria,austrionlife.at,www.austrionlife.at,Insurance,11-50 employees,,,1994,,,2026-03-27T17:36:37Z,2026-03-27T17:37:10Z
465,https://www.linkedin.com/company/miete24,miete24.com,Austria,miete24.com,https://www.miete24.com,Financial Services,11-50 employees,,,2015,,,2026-03-27T17:37:34Z,2026-03-27T17:38:11Z
466,https://www.linkedin.com/company/cyclopsinc,Cyclops,Austria,cyclops.io,Cyclops.io,Financial Services,11-50 employees,,,,,,2026-03-27T17:38:35Z,2026-03-27T17:39:09Z
467,https://www.linkedin.com/company/massar-capital-management-lp,"Massar Capital Management, LP",Austria,massarcapital.com,http://www.massarcapital.com/,Financial Services,11-50 employees,"Stamford, Connecticut",,2015,,,2026-03-27T17:39:37Z,2026-03-27T17:40:10Z
468,https://www.linkedin.com/company/inmotion-tech-distribution,Inmotion | USA Tech Sales Partner,Austria,inmotion.global,http://www.inmotion.global,International Trade and Development,11-50 employees,"Jacksonville Beach, Florida",,2015,,,2026-03-27T17:40:38Z,2026-03-27T17:41:11Z
469,https://www.linkedin.com/company/seedblink,SeedBlink,Austria,seedblink.com,https://seedblink.com,Financial Services,11-50 employees,,,2020,,,2026-03-27T17:41:41Z,2026-03-27T17:42:15Z
470,https://www.linkedin.com/company/coinpanion,Coinpanion,Austria,coinpanion.com,https://coinpanion.com,Financial Services,11-50 employees,,,2019,,,2026-04-05T15:44:21Z,2026-04-05T15:44:56Z
471,https://www.linkedin.com/company/marco-polo-institute,Marco Polo Institute,Austria,mpinstitute.eu,http://www.mpinstitute.eu,International Trade and Development,11-50 employees,,,2019,,,2026-04-05T15:45:26Z,2026-04-05T15:46:01Z
472,https://www.linkedin.com/company/joint-vienna-institute,Joint Vienna Institute,Austria,jvi.org,http://www.jvi.org,International Trade and Development,11-50 employees,,,1992,,,2026-04-05T15:46:32Z,2026-04-05T15:47:07Z
473,https://www.linkedin.com/company/i5growth,i5growth,Austria,i5growth.com,http://www.i5growth.com,Venture Capital and Private Equity Principals,11-50 employees,"San Francisco, California",,2014,,,2026-04-05T15:47:34Z,2026-04-05T15:48:08Z
474,https://www.linkedin.com/company/investinbavaria,Invest in Bavaria - The Business Promotion Agency of the State of Bavaria,Austria,invest-in-bavaria.com,https://www.invest-in-bavaria.com/en.html,International Trade and Development,11-50 employees,"München, Bavaria",,1999,,,2026-04-05T15:48:39Z,2026-04-05T15:49:15Z
475,https://www.linkedin.com/company/galcap-europe,GalCap Europe,Austria,galcap-europe.com,http://www.galcap-europe.com,Real Estate,11-50 employees,,,2015,,,2026-04-05T15:49:41Z,2026-04-05T15:50:16Z
476,https://www.linkedin.com/company/technopark-raaba,Technopark Raaba Holding,Austria,technopark-raaba.com,http://www.technopark-raaba.com,Real Estate,11-50 employees,"Raaba, Steiermark",,1999,,,2026-04-05T15:50:47Z,2026-04-05T15:51:21Z
477,https://www.linkedin.com/company/viennaestate-immobilien-ag,ViennaEstate Immobilien AG,Austria,viennaestate.com,http://viennaestate.com,Real Estate,11-50 employees,,,,,,2026-04-05T15:51:45Z,2026-04-05T15:52:18Z
478,https://www.linkedin.com/company/winegg-realit%C3%A4ten-gmbh,WINEGG Realitäten GmbH,Austria,winegg.at,https://winegg.at,Real Estate,11-50 employees,"Vienna, Wien",,1998,,,2026-04-05T15:52:49Z,2026-04-05T15:53:20Z
479,https://www.linkedin.com/company/valueone,Value One,Austria,value-one.com,http://www.value-one.com,Real Estate,11-50 employees,,,2003,,,2026-04-05T15:53:48Z,2026-04-05T15:54:22Z
480,https://www.linkedin.com/company/mrp-hotels,mrp hotels,Austria,mrp-hotels.com,http://www.mrp-hotels.com,Real Estate,11-50 employees,,,2008,,,2026-04-05T15:54:51Z,2026-04-05T15:55:27Z
481,https://www.linkedin.com/company/c&p-immobilien-ag,C&P Immobilien GmbH,Austria,cp-ag.at,http://www.cp-ag.at,Real Estate,11-50 employees,"Graz, Österreich/Steiermark",,2006,,,2026-04-05T15:55:58Z,2026-04-05T15:56:32Z
482,https://www.linkedin.com/company/falcon-real-estate,Falcon Real Estate Investment Management,Austria,falconreal.com,http://www.falconreal.com,Commercial Real Estate,11-50 employees,"Dallas, Texas",,1991,,,2026-04-05T15:57:03Z,2026-04-05T15:57:35Z
483,https://www.linkedin.com/company/payuca-gmbh,PAYUCA Park & Charge,Austria,payuca.com,https://payuca.com/de/b2b/,Real Estate,11-50 employees,"Wien, Wien",,,,,2026-04-05T15:58:06Z,2026-04-05T15:58:43Z
484,https://www.linkedin.com/company/tabakfabrik-linz,Tabakfabrik Linz,Austria,tabakfabrik-linz.at,https://tabakfabrik-linz.at/,Real Estate,11-50 employees,"Linz, Oberösterreich",,,,,2026-04-05T15:59:12Z,2026-04-05T15:59:45Z
485,https://www.linkedin.com/company/techipadvisory,Tech+IP Advisory,Austria,techip.ai,http://www.techip.ai,Investment Banking,11-50 employees,"Arlington, Virginia",,,,,2026-04-05T16:00:19Z,2026-04-05T16:00:54Z
486,https://www.linkedin.com/company/sazun,Sazun GmbH - m&a PLUS®,Austria,sazun.net,http://www.sazun.net,Investment Banking,11-50 employees,,,2015,,,2026-04-05T16:01:26Z,2026-04-05T16:01:58Z
487,https://www.linkedin.com/company/vienna-capital-partners,Vienna Capital Partners,Austria,vcpag.com,http://www.vcpag.com,Investment Banking,11-50 employees,"Vienna, Vienna",,1998,,,2026-04-05T16:02:30Z,2026-04-05T16:03:04Z
488,https://www.linkedin.com/company/ithuba-capital-ag,Ithuba Capital AG,Austria,ithubacapital.com,http://www.ithubacapital.com/,Investment Banking,11-50 employees,"Vienna Branch, Vienna",,2008,,,2026-04-05T16:03:28Z,2026-04-05T16:04:04Z
489,https://www.linkedin.com/company/bestincapital,bestin.capital,Austria,bestin.capital,https://bestin.capital/,Investment Banking,11-50 employees,"Salzburg, Salzburg",,2008,,,2026-04-05T16:04:32Z,2026-04-05T16:05:10Z
490,https://www.linkedin.com/company/vinc-healthcare,VINC - Healthcare Advisory,Austria,vinc-healthcare.com,www.vinc-healthcare.com,Investment Banking,11-50 employees,,,2017,,,2026-04-05T16:05:43Z,2026-04-05T16:06:16Z
491,https://www.linkedin.com/company/acuityadvisors,Acuity Advisors,Austria,acuity.co.uk,http://www.acuity.co.uk,Investment Banking,11-50 employees,"London, England",,2006,,,2026-04-05T16:06:47Z,2026-04-05T16:07:19Z
492,https://www.linkedin.com/company/strotbek-capital-ag-investment-banking,STROTBEK Capital Partners AG,Austria,strotbek.ch,http://www.strotbek.ch,Investment Banking,11-50 employees,"Engelberg (CH), Obwalden",,2021,,,2026-04-05T16:07:44Z,2026-04-05T16:08:17Z
493,https://www.linkedin.com/company/digital-findet-stadt,Digital Findet Stadt,Austria,digitalfindetstadt.at,http://www.digitalfindetstadt.at,Construction,11-50 employees,,,2020,,,2026-04-05T16:08:47Z,2026-04-05T16:09:21Z
494,https://www.linkedin.com/company/rubapro,Rubapro - New Generation Rubber,Austria,instagram.com,https://www.instagram.com/ua_rubapro,Construction,11-50 employees,,,2008,,,2026-04-05T16:09:47Z,2026-04-05T16:10:20Z
495,https://www.linkedin.com/company/bauconsult-group,BauConsult Group,Austria,bauconsult.com,https://bauconsult.com/,Construction,11-50 employees,"Viertel Zwei, Wien",,1979,,,2026-04-05T16:10:52Z,2026-04-05T16:11:26Z
496,https://www.linkedin.com/company/form-on,Form-on,Austria,form-on.com,https://www.form-on.com/,Construction,11-50 employees,,,2012,,,2026-04-05T16:11:55Z,2026-04-05T16:12:28Z
497,https://www.linkedin.com/company/woodrocks,WoodRocks Bau GmbH,Austria,wood-rocks.com,https://www.wood-rocks.com/,Construction,11-50 employees,"Bregenz, Vorarlberg",,2020,,,2026-04-05T16:13:01Z,2026-04-05T16:13:36Z
498,https://www.linkedin.com/company/neumayer-projektmanagement-gmbh,Neumayer Projektmanagement GmbH,Austria,neumayer-pm.at,https://neumayer-pm.at/,Construction,11-50 employees,,,2014,,,2026-04-05T16:14:02Z,2026-04-05T16:14:35Z
499,https://www.linkedin.com/company/gft-fassaden,GFT Fassaden AG,Austria,gft-fassaden.swiss,http://www.gft-fassaden.swiss,Construction,11-50 employees,"St Gallen, SG",,2003,,,2026-04-05T16:15:00Z,2026-04-05T16:15:31Z
500,https://www.linkedin.com/company/renowate,RENOWATE,Austria,renowate.earth,https://www.renowate.earth/,Construction,11-50 employees,"Düsseldorf, North Rhine-Westphalia",,2022,,,2026-04-05T16:15:57Z,2026-04-05T16:16:33Z
501,https://www.linkedin.com/company/sodex-innovations,Sodex Innovations,Austria,sodex-innovations.com,http://sodex-innovations.com,Construction,11-50 employees,"Lorüns 20 , Vorarlberg",,2021,,,2026-04-05T16:16:59Z,2026-04-05T16:17:33Z
502,https://www.linkedin.com/company/creebuildings,CREE BUILDINGS,Austria,creebuildings.com,https://www.creebuildings.com/,Construction,11-50 employees,"Dornbirn, Vorarlberg",,2010,,,2026-04-05T16:18:02Z,2026-04-05T16:18:35Z
503,https://www.linkedin.com/company/zmp-holzbausysteme,ZMP Holzbausysteme,Austria,massivholzsystem.at,https://www.massivholzsystem.at,Wholesale Building Materials,11-50 employees,"Raaba-Grambach, Styria",,2009,,,2026-04-05T16:19:04Z,2026-04-05T16:19:39Z
504,https://www.linkedin.com/company/organoid-gmbh,ORGANOID,Austria,organoids.com,https://www.organoids.com,Wholesale Building Materials,11-50 employees,"Fließ, Tyrol",,2012,,,2026-04-05T16:20:09Z,2026-04-05T16:20:40Z
505,https://www.linkedin.com/company/overtec,overtec GmbH,Austria,overtec.com,http://www.overtec.com,Wholesale Building Materials,11-50 employees,,,1979,,,2026-04-05T16:21:09Z,2026-04-05T16:21:44Z
506,https://www.linkedin.com/company/ertex-solar,ertex solar,Austria,ertex-solar.at,https://www.ertex-solar.at/,Wholesale Building Materials,11-50 employees,,,2004,,,2026-04-05T16:22:14Z,2026-04-05T16:22:51Z
507,https://www.linkedin.com/company/kenda-abwassertechnik,Kenda Abwassertechnik GmbH,Austria,kendaabwassertechnik.at,http://kendaabwassertechnik.at,Wholesale Building Materials,11-50 employees,,,1985,,,2026-04-05T16:23:18Z,2026-04-05T16:23:51Z
508,https://www.linkedin.com/company/inndata-datentechnik-gmbh,Inndata Datentechnik GmbH,Austria,inndata.at,http://www.inndata.at,Wholesale Building Materials,11-50 employees,"Innsbruck, Tirol",,1998,,,2026-04-05T16:24:17Z,2026-04-05T16:24:49Z
509,https://www.linkedin.com/company/airfiretech,Air Fire Tech,Austria,airfiretech.at,https://www.airfiretech.at/,Wholesale Building Materials,11-50 employees,"Bad Vöslau, Lower Austria",,2001,,,2026-04-05T16:25:20Z,2026-04-05T16:25:52Z
510,https://www.linkedin.com/company/soprema-gmbh-%C3%B6sterreich,"Soprema GmbH, Österreich",Austria,soprema.at,https://www.soprema.at,Wholesale Building Materials,11-50 employees,,,2015,,,2026-04-05T16:26:25Z,2026-04-05T16:26:57Z
511,https://www.linkedin.com/company/paneelpartner-gmbh,PANEELPARTNER GmbH,Austria,paneelpartner.at,https://www.paneelpartner.at/,Wholesale Building Materials,11-50 employees,"Seiersberg-Pirka, Steiermark",,2022,,,2026-04-05T16:27:31Z,2026-04-05T16:28:06Z
512,https://www.linkedin.com/company/hirnb%C3%B6ck-stabau,Hirnböck Stabau,Austria,spundbohle.at,https://www.spundbohle.at/,Wholesale Building Materials,11-50 employees,"Elixhausen, Salzburg",,,,,2026-04-05T16:28:36Z,2026-04-05T16:29:12Z
513,https://www.linkedin.com/company/ant-handels--und-dienstleistungs-gmbh,ANT Handels- und Dienstleistungs GmbH,Austria,ant.co.at,http://www.ant.co.at,Computer Networking Products,11-50 employees,,,2007,,,2026-04-05T16:29:44Z,2026-04-05T16:30:16Z
514,https://www.linkedin.com/company/wyconn,Wyconn,Austria,wyconn.com,http://www.wyconn.com,Computer Networking Products,11-50 employees,,,2013,,,2026-04-05T16:30:49Z,2026-04-05T16:31:20Z
515,https://www.linkedin.com/company/mdvsoft-,MDVsoft®,Austria,mdvsoft.eu,http://mdvsoft.eu,Computer Networking Products,11-50 employees,,,1998,,,2026-04-05T16:31:50Z,2026-04-05T16:32:23Z
516,https://www.linkedin.com/company/wi-fi-uk,SmartConnectUK,Austria,,,Computer Networking Products,11-50 employees,,,2017,,,2026-04-05T16:32:53Z,2026-04-05T16:33:28Z
517,https://www.linkedin.com/company/sophron-engineering,Sophron Engineering,Austria,sophron.ai,https://sophron.ai,Computer Networking Products,11-50 employees,"Yerevan, Yerevan",,2018,,,2026-04-05T16:33:55Z,2026-04-05T16:34:29Z
518,https://www.linkedin.com/company/niederoesterreichische-glasfaserinfrastrukturgesellschaft,nöGIG Service GmbH,Austria,noegig.at,https://www.noegig.at,Computer Networking Products,11-50 employees,"St. Pölten, Niederösterreich",,2014,,,2026-04-05T16:34:53Z,2026-04-05T16:35:27Z
519,https://www.linkedin.com/company/tttech-labs,TTTech Labs,Austria,labs.tttech.com,https://labs.tttech.com,Computer Networking Products,11-50 employees,,,2014,,,2026-04-05T16:35:58Z,2026-04-05T16:36:31Z
520,https://www.linkedin.com/company/itguards,IT Guards- eine Marke der Gerald Köck GmbH,Austria,computer-koeck.at,https://www.computer-koeck.at,Computer Networking Products,11-50 employees,"Hainburg/Donau, Niederösterreich",,1998,,,2026-04-10T15:06:08Z,2026-04-10T15:06:43Z
521,https://www.linkedin.com/company/bucher-netzwerke-gmbh,Bucher Netzwerke GmbH - IT FOR ENGINEERS,Austria,bucher-netzwerke.de,https://www.bucher-netzwerke.de,Computer Networking Products,11-50 employees,"Weingarten, Baden-Württemberg",,2001,,,2026-04-10T15:07:13Z,2026-04-10T15:07:47Z
522,https://www.linkedin.com/company/dmaa-at,DMAA | Delugan Meissl Associated Architects,Austria,dmaa.at,http://dmaa.at,Architecture and Planning,11-50 employees,,,1993,,,2026-04-10T15:08:14Z,2026-04-10T15:08:50Z
523,https://www.linkedin.com/company/megatabs,.MEGATABS architekten,Austria,megatabs.com,https://megatabs.com,Architecture and Planning,11-50 employees,"Wien, Wien",,2014,,,2026-04-10T15:09:17Z,2026-04-10T15:09:49Z
524,https://www.linkedin.com/company/voepe,VÖPE - Vereinigung Österreichischer Projektentwickler,Austria,voepe.at,https://www.voepe.at/,Architecture and Planning,11-50 employees,,,2020,,,2026-04-10T15:10:16Z,2026-04-10T15:10:51Z
525,https://www.linkedin.com/company/coco-architecture,CoCo Architecture,Austria,cocoarchitecture.fr,https://www.cocoarchitecture.fr/,Architecture and Planning,11-50 employees,"Sarlat-la-Canéda, Nouvelle-Aquitaine",,2005,,,2026-04-10T15:11:21Z,2026-04-10T15:11:54Z
526,https://www.linkedin.com/company/querkraftarchitektur,querkraft,Austria,querkraft.at,http://www.querkraft.at,Architecture and Planning,11-50 employees,,,1998,,,2026-04-10T15:12:23Z,2026-04-10T15:12:57Z
527,https://www.linkedin.com/company/bwm-architekten,BWM Architekten und Partner ZT GmbH,Austria,bwm.at,http://www.bwm.at,Architecture and Planning,11-50 employees,,,2004,,,2026-04-10T15:13:23Z,2026-04-10T15:13:59Z
528,https://www.linkedin.com/company/love-architecture-and-urbanism-zt-gmbh,LOVE architecture and urbanism,Austria,love-architecture.com,https://love-architecture.com,Architecture and Planning,11-50 employees,"Graz, Steiermark",,1998,,,2026-04-10T15:14:24Z,2026-04-10T15:14:58Z
529,https://www.linkedin.com/company/raumposition,Raumposition. GmbH,Austria,raumposition.at,https://www.raumposition.at,Architecture and Planning,11-50 employees,,,2014,,,2026-04-10T15:15:27Z,2026-04-10T15:16:03Z
530,https://www.linkedin.com/company/domus-vivendi-prime,Domus Vivendi Group,Austria,dv-group.de,http://www.dv-group.de,Architecture and Planning,11-50 employees,"Königstein im Taunus, Hessen",,,,,2026-04-10T15:16:30Z,2026-04-10T15:17:04Z
531,https://www.linkedin.com/company/mkp-ing,merz kley partner,Austria,mkp-ing.com,http://www.mkp-ing.com,Architecture and Planning,11-50 employees,"Dornbirn, Vorarlberg",,1994,,,2026-04-10T15:17:34Z,2026-04-10T15:18:08Z
532,https://www.linkedin.com/company/air6-systems,AIR6 SYSTEMS | AIRBORNE ROBOTICS,Austria,air6systems.com,https://www.air6systems.com,Aviation & Aerospace,11-50 employees,"Klagenfurt am Wörthersee, Kärnten",,,,,2026-04-10T15:18:35Z,2026-04-10T15:19:09Z
533,https://www.linkedin.com/company/gatespace,GATE Space,Austria,gate.space,https://www.gate.space,Aviation & Aerospace,11-50 employees,,,2022,,,2026-04-10T15:19:39Z,2026-04-10T15:20:12Z
534,https://www.linkedin.com/company/heading365,Heading365,Austria,heading365.com,http://www.heading365.com,Aviation & Aerospace,11-50 employees,"Schwechat, Lower Austria",,2022,,,2026-04-10T15:20:39Z,2026-04-10T15:21:10Z
535,https://www.linkedin.com/company/asgardia,Asgardia,Austria,asgardia.space,https://asgardia.space/,Aviation and Aerospace Component Manufacturing,11-50 employees,"Vienna, Vienna",,2016,,,2026-04-10T15:21:40Z,2026-04-10T15:22:12Z
536,https://www.linkedin.com/company/lauda-motion,LaudaMotion GmbH,Austria,laudamotion.com,http://www.laudamotion.com,Aviation and Aerospace Component Manufacturing,11-50 employees,"Schwechat, Niederösterreich",,,,,2026-04-10T15:22:39Z,2026-04-10T15:23:11Z
537,https://www.linkedin.com/company/unmannedhelicopters,Unmanned Helicopters group of companies,Austria,unmannedhelicopters.aero,https://unmannedhelicopters.aero,Aviation and Aerospace Component Manufacturing,11-50 employees,,,2019,,,2026-04-10T15:23:41Z,2026-04-10T15:24:16Z
538,https://www.linkedin.com/company/quantumtechnologylaboratoriesgmbh,qtlabs - Quantum Technology Laboratories GmbH,Austria,qtlabs.at,http://www.qtlabs.at,Aviation and Aerospace Component Manufacturing,11-50 employees,"Vienna, Wien",,2017,,,2026-04-10T15:24:46Z,2026-04-10T15:25:18Z
539,https://www.linkedin.com/company/m&h-cnc-technik-gmbh,M&H CNC Technik GmbH,Austria,mhcnc.com,http://www.mhcnc.com,Aviation & Aerospace,11-50 employees,"Ilz, Steiermark",,1998,,,2026-04-10T15:25:48Z,2026-04-10T15:26:22Z
540,https://www.linkedin.com/company/primusavia,PRIMUS AVIA,Austria,primusavia.com,http://www.primusavia.com,Aviation & Aerospace,11-50 employees,"Graz, Styria",,2010,,,2026-04-10T15:26:48Z,2026-04-10T15:27:24Z
541,https://www.linkedin.com/company/skytec-aerospace-gmbh,Skytec Aerospace GmbH,Austria,skytec-aero.com,http://www.skytec-aero.com,Aviation & Aerospace,11-50 employees,"Weikersdorf, Niederösterreich",,2019,,,2026-04-10T15:27:47Z,2026-04-10T15:28:30Z
542,https://www.linkedin.com/company/suzuki-austria-automobil-handels-gesellschaft-m-b-h-,Suzuki Austria Automobil Handels Gesellschaft m.b.H.,Austria,suzuki.at,http://www.suzuki.at,Motor Vehicle Manufacturing,11-50 employees,,,1980,,,2026-04-10T15:28:58Z,2026-04-10T15:29:34Z
543,https://www.linkedin.com/company/stard-austria,STARD,Austria,stard.at,http://stard.at/blog/,Motor Vehicle Manufacturing,11-50 employees,"Groß-Enzersdorf, Niederösterreich",,2002,,,2026-04-10T15:30:03Z,2026-04-10T15:30:37Z
544,https://www.linkedin.com/company/acstyria-autocluster-gmbh,ACstyria Mobilitätscluster,Austria,acstyria.com,http://www.acstyria.com,Motor Vehicle Manufacturing,11-50 employees,"Raaba-Grambach, Styria",,1995,,,2026-04-10T15:31:05Z,2026-04-10T15:31:39Z
545,https://www.linkedin.com/company/tu-graz-racing-team,TU Graz Racing Team,Austria,tugracing.at,https://www.tugracing.at/,Motor Vehicle Manufacturing,11-50 employees,"Graz, Steiermark",,2002,,,2026-04-10T15:32:09Z,2026-04-10T15:32:44Z
546,https://www.linkedin.com/company/green-testing-lab,Green Testing Lab,Austria,greentestinglab.com,http://www.greentestinglab.com,Motor Vehicle Manufacturing,11-50 employees,"Greinbach, Styria",,2020,,,2026-04-10T15:41:06Z,2026-04-10T15:41:43Z
547,https://www.linkedin.com/company/volvocarat,Volvo Car Österreich,Austria,volvocars.at,http://www.volvocars.at,Motor Vehicle Manufacturing,11-50 employees,"Wien, Wien",,,,,2026-04-10T15:42:15Z,2026-04-10T15:42:49Z
548,https://www.linkedin.com/company/ktm-x-bow,KTM X-BOW,Austria,ktm-xbow.com,http://www.ktm-xbow.com/,Motor Vehicle Manufacturing,11-50 employees,"Graz, Steiermark",,2008,,,2026-04-10T15:43:13Z,2026-04-10T15:43:54Z
549,https://www.linkedin.com/company/byd-austria,BYD Austria,Austria,bydauto.at,https://www.bydauto.at,Automotive,11-50 employees,"Wien, Wien",,2022,,,2026-04-10T15:44:17Z,2026-04-10T15:44:50Z
550,https://www.linkedin.com/company/hyundai-austria,Hyundai Österreich,Austria,hyundai.at,http://www.hyundai.at,Automotive,11-50 employees,"Wien, Wien",,1991,,,2026-04-10T15:45:20Z,2026-04-10T15:45:53Z
551,https://www.linkedin.com/company/mg-motor-austria,MG Motor Austria,Austria,mgmotor.eu,http://www.mgmotor.eu,Motor Vehicle Manufacturing,11-50 employees,,,1924,,,2026-04-10T15:46:24Z,2026-04-10T15:46:55Z
552,https://www.linkedin.com/company/american-chemical-technologies-inc-,"American Chemical Technologies, Inc.",Austria,americanchemtech.com,http://www.americanchemtech.com/,Chemical Manufacturing,11-50 employees,"Howell, Michigan",,1977,,,2026-04-10T15:47:22Z,2026-04-10T15:47:57Z
553,https://www.linkedin.com/company/celeristx,Celeris Therapeutics,Austria,celeristx.com,https://celeristx.com,Pharmaceutical Manufacturing,11-50 employees,"Menlo Park, Kalifornien",,2021,,,2026-04-10T15:48:34Z,2026-04-10T15:49:09Z
554,https://www.linkedin.com/company/bdi-biolife-science-gmbh,BDI-BioLife Science,Austria,bdi-biolifescience.com,https://www.bdi-biolifescience.com,Biotechnology,11-50 employees,"Raaba-Grambach, Steiermark",,2015,,,2026-04-10T15:49:34Z,2026-04-10T15:50:08Z
555,https://www.linkedin.com/company/drehm-pharma,DREHM Pharma GmbH,Austria,drehm.at,http://www.drehm.at,Pharmaceutical Manufacturing,11-50 employees,"Vienna, Wien",,2004,,,2026-04-10T15:50:33Z,2026-04-10T15:51:08Z
556,https://www.linkedin.com/company/haleon-gebro-consumer-health-gmbh,Haleon - Gebro Austria,Austria,haleon-gebro.at,https://www.haleon-gebro.at/,Pharmaceutical Manufacturing,11-50 employees,"Fieberbrunn, Tirol",,,,,2026-04-10T15:51:35Z,2026-04-10T15:52:06Z
557,https://www.linkedin.com/company/marinomed-biotech-ag,Marinomed Biotech AG,Austria,marinomed.com,https://www.marinomed.com/en,Biotechnology,11-50 employees,"Korneuburg, Niederösterreich",,2006,,,2026-04-10T15:52:34Z,2026-04-10T15:53:13Z
558,https://www.linkedin.com/company/flavine-international,Flavine,Austria,flavine.com,http://www.flavine.com,Pharmaceutical Manufacturing,11-50 employees,"Paramus, New Jersey",,1975,,,2026-04-10T15:53:36Z,2026-04-10T15:54:13Z
559,https://www.linkedin.com/company/gxp-engaged-services-gmbh,GxP Engaged,Austria,gxp-auditing.com,http://www.gxp-auditing.com,Pharmaceutical Manufacturing,51-200 employees,"Munich, Bavaria",,2005,,,2026-04-10T15:54:39Z,2026-04-10T15:55:18Z
560,https://www.linkedin.com/company/pharmig,PHARMIG,Austria,pharmig.at,https://www.pharmig.at,Pharmaceutical Manufacturing,11-50 employees,"Wien, Wien",,1954,,,2026-04-10T15:55:47Z,2026-04-10T15:56:22Z
561,https://www.linkedin.com/company/kiorapharma,"Kiora Pharmaceuticals, Inc.",Austria,kiorapharma.com,https://kiorapharma.com/,Biotechnology,11-50 employees,"Encinitas, California",,2013,,,2026-04-10T15:56:51Z,2026-04-10T15:57:26Z
562,https://www.linkedin.com/company/biofuel-express,Biofuel Express,Austria,biofuel-express.com,http://www.biofuel-express.com,Oil and Gas,11-50 employees,,,2008,,,2026-04-10T15:57:55Z,2026-04-10T15:58:27Z
563,https://www.linkedin.com/company/eralytics,eralytics GmbH,Austria,eralytics.com,http://www.eralytics.com,Oil and Gas,11-50 employees,,,2007,,,2026-04-10T15:58:57Z,2026-04-10T16:00:57Z
564,https://www.linkedin.com/company/seaway-technologies-gmbh,SEAWAY Technologies GmbH,Austria,seaway.at,http://www.seaway.at,Oil and Gas,11-50 employees,,,,,,2026-04-10T16:02:33Z,2026-04-10T16:03:15Z
565,https://www.linkedin.com/company/adx-energy,ADX Energy Ltd,Austria,adxenergy.com.au,http://www.adxenergy.com.au,Oil and Gas,11-50 employees,"Claremont, Western Australia",,,,,2026-04-10T16:03:44Z,2026-04-10T16:04:24Z
566,https://www.linkedin.com/company/cegh,Central European Gas Hub AG,Austria,cegh.at,http://www.cegh.at,Oil and Gas,11-50 employees,,,2005,,,2026-04-10T16:25:22Z,2026-04-10T16:25:58Z
567,https://www.linkedin.com/company/interpetrol-sa-switzerland-,Interpetrol GROUP,Austria,interpetrolgroup.com,http://www.interpetrolgroup.com,Oil and Gas,11-50 employees,"Geneva, Geneva",,,,,2026-04-10T16:26:22Z,2026-04-10T16:26:57Z
568,https://www.linkedin.com/company/mudozangl,MudoZangl,Austria,mudozangl.com,https://www.mudozangl.com,Oil and Gas,11-50 employees,,,,,,2026-04-10T16:27:23Z,2026-04-10T16:27:59Z
569,https://www.linkedin.com/company/lngcluster,LNG Cluster,Austria,lngcluster.com,http://www.lngcluster.com,Oil and Gas,11-50 employees,"San Diego, CA",,2005,,,2026-04-10T16:28:26Z,2026-04-10T16:29:02Z
570,https://www.linkedin.com/company/princess-yachts-%C3%B6sterreich,Princess Yachts Österreich,Austria,princessyachtsaustria.at,https://www.princessyachtsaustria.at/,Maritime Transportation,11-50 employees,,,,,,2026-04-23T03:00:30Z,2026-04-23T03:01:04Z
571,https://www.linkedin.com/company/mco-sailing,MCO Sailing,Austria,mco-sailing.com,http://www.mco-sailing.com,Maritime,11-50 employees,,,2014,,,2026-04-23T03:01:34Z,2026-04-23T03:02:07Z
572,https://www.linkedin.com/company/fuelsome-eu-project,FuelSOME project,Austria,,,Maritime Transportation,11-50 employees,,,2022,,,2026-04-23T03:02:36Z,2026-04-23T03:03:10Z
573,https://www.linkedin.com/company/avcon-yacht,Avcon Yacht,Austria,avconyacht.at,https://avconyacht.at/,Maritime Transportation,11-50 employees,,,2024,,,2026-04-23T03:03:34Z,2026-04-23T03:04:07Z
574,https://www.linkedin.com/company/masteryachting,MASTER YACHTING,Austria,masteryachting.com,http://www.masteryachting.com/de/,Maritime,11-50 employees,,,1978,,,2026-04-23T03:04:33Z,2026-04-23T03:05:09Z
575,https://www.linkedin.com/company/mega-yacht-transport,Mega Yacht Transport,Austria,megayachttransport.com,http://megayachttransport.com,Maritime,11-50 employees,,,2009,,,2026-04-23T03:05:35Z,2026-04-23T03:06:09Z
576,https://www.linkedin.com/company/aquamot-electric-motors-gmbh,Aquamot Electric Motors GmbH,Austria,aquamot.com,www.aquamot.com,Maritime Transportation,11-50 employees,"Vöcklamarkt, Upper Austria",,2003,,,2026-04-23T03:06:36Z,2026-04-23T03:07:12Z
577,https://www.linkedin.com/company/bluplanet-digital,bluplanet,Austria,bluplanet-ai.com,http://www.bluplanet-ai.com,IT Services and IT Consulting,11-50 employees,"Berlin, Berlin",,2021,,,2026-04-23T03:07:37Z,2026-04-23T03:08:14Z
578,https://www.linkedin.com/company/codeship,CodeShip (acquired by CloudBees),Austria,codeship.com,https://www.codeship.com,IT Services and IT Consulting,11-50 employees,"Boston, MA",,2011,,,2026-04-23T03:08:38Z,2026-04-23T03:09:13Z
579,https://www.linkedin.com/company/tems-gmbh,TEMS Ltd.,Austria,tems.at,http://www.tems.at,IT Services and IT Consulting,11-50 employees,,,2017,,,2026-04-23T03:09:38Z,2026-04-23T03:10:13Z
580,https://www.linkedin.com/company/tenfold-software-gmbh,tenfold Software,Austria,tenfold-security.com,https://www.tenfold-security.com,IT Services and IT Consulting,11-50 employees,"New York, NY",,,,,2026-04-23T03:10:41Z,2026-04-23T03:11:16Z
581,https://www.linkedin.com/company/sproof,sproof,Austria,sproof.com,https://www.sproof.com,Computer and Network Security,11-50 employees,"Puch bei Hallein, Salzburg",,2019,,,2026-04-23T03:11:42Z,2026-04-23T03:12:17Z
582,https://www.linkedin.com/company/jennifersoft,JENNIFERSOFT,Austria,jennifersoft.com,http://www.jennifersoft.com,IT Services and IT Consulting,11-50 employees,"Burlingame, CA",,2005,,,2026-04-23T03:12:51Z,2026-04-23T03:13:24Z
583,https://www.linkedin.com/company/fundsenseio,FundSense,Austria,fundsense.io,https://fundsense.io,IT Services and IT Consulting,11-50 employees,"London, England",,2020,,,2026-04-23T03:13:53Z,2026-04-23T03:14:26Z
584,https://www.linkedin.com/company/kinosec,KinoSec.ai,Austria,kinosec.ai,https://www.kinosec.ai,Computer and Network Security,11-50 employees,"San Francisco, California",,2026,,,2026-04-23T03:14:50Z,2026-04-23T03:15:24Z
585,https://www.linkedin.com/company/parityqc,ParityQC,Austria,parityqc.com,http://www.parityqc.com,IT Services and IT Consulting,11-50 employees,"Innsbruck, Tirol",,,,,2026-04-23T03:15:49Z,2026-04-23T03:16:21Z
586,https://www.linkedin.com/company/av-comparatives,AV-Comparatives,Austria,av-comparatives.org,https://www.av-comparatives.org,Computer and Network Security,11-50 employees,"Innsbruck, Tyrol",,2003,,,2026-04-23T03:16:55Z,2026-04-23T03:17:29Z
587,https://www.linkedin.com/company/enpulsion,ENPULSION,Austria,enpulsion.com,https://www.enpulsion.com,Defense and Space Manufacturing,51-200 employees,"Wien-Flughafen, Niederösterreich",,2016,,,2026-04-23T03:17:57Z,2026-04-23T03:18:33Z
588,https://www.linkedin.com/company/underpearl,UnderPearl,Austria,underpearl.com,underpearl.com,Defense and Space Manufacturing,51-200 employees,"Klagenfurt, Carinthia",,2017,,,2026-04-23T03:19:02Z,2026-04-23T03:19:35Z
589,https://www.linkedin.com/company/raytech-vertriebsgmbh,Raytech VertriebsgmbH,Austria,raytech-group.com,http://www.raytech-group.com,Defense & Space,51-200 employees,"Brunn am Gebirge, Niederösterreich",,1992,,,2026-04-23T03:20:02Z,2026-04-23T03:20:37Z
590,https://www.linkedin.com/company/dhruvaspace,Dhruva Space,Austria,dhruvaspace.com,https://www.dhruvaspace.com/,Defense and Space Manufacturing,51-200 employees,"Hyderabad, Telangana",,2012,,,2026-04-23T03:21:04Z,2026-04-23T03:21:38Z
591,https://www.linkedin.com/company/hirtenberger-defence-systems,Hirtenberger Defence Systems,Austria,hds.hirtenberger.com,http://hds.hirtenberger.com/,Defense & Space,51-200 employees,"Hirtenberg, Niederösterreich",,1860,,,2026-04-23T03:22:02Z,2026-04-23T03:22:38Z
592,https://www.linkedin.com/company/pik-as-austria,PIK-AS Austria GmbH,Austria,pikas.at,http://www.pikas.at,Defense and Space Manufacturing,51-200 employees,"Mariasdorf, Burgenland",,1981,,,2026-04-23T03:23:02Z,2026-04-23T03:23:35Z
593,https://www.linkedin.com/company/foodwatch,foodwatch International,Austria,foodwatch.org,https://www.foodwatch.org,Non-profit Organizations,51-200 employees,,,2002,,,2026-04-23T03:23:57Z,2026-04-23T03:24:30Z
594,https://www.linkedin.com/company/the-global-initiative-against-transnational-organized-crime,Global Initiative against Transnational Organized Crime,Austria,globalinitiative.net,http://www.globalinitiative.net,Non-profit Organizations,51-200 employees,"Geneva, Geneva",,2013,,,2026-04-23T03:25:00Z,2026-04-23T03:25:34Z
595,https://www.linkedin.com/company/aerzte-ohne-grenzen-oesterreich,Ärzte ohne Grenzen Österreich,Austria,aerzte-ohne-grenzen.at,http://www.aerzte-ohne-grenzen.at,Non-profit Organizations,51-200 employees,"Wien, Vienna",,,,,2026-04-23T03:26:03Z,2026-04-23T03:26:36Z
596,https://www.linkedin.com/company/esr-journals,ESR Journals,Austria,journals.myesr.org,https://journals.myesr.org/,Non-profit Organizations,51-200 employees,"Vienna, Vienna",,,,,2026-04-23T03:27:05Z,2026-04-23T03:27:41Z
597,https://www.linkedin.com/company/climatalk,ClimaTalk,Austria,climatalk.org,https://climatalk.org/,Non-profit Organizations,51-200 employees,,,2020,,,2026-04-23T03:28:11Z,2026-04-23T03:28:43Z
598,https://www.linkedin.com/company/ackercommunity,Acker,Austria,acker.co,https://www.acker.co/Impressum,Non-profit Organizations,51-200 employees,,,2014,,,2026-04-23T03:29:14Z,2026-04-23T03:29:46Z
599,https://www.linkedin.com/company/esr-european-society-of-radiology,European Society of Radiology,Austria,myesr.org,http://www.myESR.org,Non-profit Organizations,51-200 employees,"Vienna, Vienna",,,,,2026-04-23T03:30:10Z,2026-04-23T03:30:44Z
600,https://www.linkedin.com/company/seforall,Sustainable Energy for All (SEforALL),Austria,seforall.org,http://www.seforall.org,Non-profit Organizations,51-200 employees,,,2012,,,2026-04-23T03:31:15Z,2026-04-23T03:31:51Z
601,https://www.linkedin.com/company/industriellenvereinigung,Federation of Austrian Industries,Austria,iv.at,http://www.iv.at,Non-profit Organizations,51-200 employees,"Wien, Österreich",,,,,2026-04-23T03:32:18Z,2026-04-23T03:32:51Z
602,https://www.linkedin.com/company/alpenverein-at,Österreichischer Alpenverein,Austria,alpenverein.at,http://www.alpenverein.at,Non-profit Organization Management,51-200 employees,"Innsbruck, Tirol",,1862,,,2026-04-23T03:33:21Z,2026-04-23T03:33:53Z
603,https://www.linkedin.com/company/capus,Capus AS,Austria,capus.no,http://www.capus.no,Staffing and Recruiting,51-200 employees,,,1999,,,2026-04-23T03:34:22Z,2026-04-23T03:34:57Z
604,https://www.linkedin.com/company/ratbacher-gmbh,Ratbacher GmbH,Austria,ratbacher.com,https://www.ratbacher.com,Staffing and Recruiting,51-200 employees,"Stuttgart, Baden-Württemberg",,2006,,,2026-04-23T03:35:26Z,2026-04-23T03:36:02Z
605,https://www.linkedin.com/company/eo-executive-search-austria,EO Executives Austria,Austria,eoexecutives.at,https://www.eoexecutives.at,Staffing and Recruiting,51-200 employees,"Wien, Wien",,1997,,,2026-04-23T03:36:34Z,2026-04-23T03:37:06Z
606,https://www.linkedin.com/company/chapmancg,ChapmanCG,Austria,chapmancg.com,http://www.chapmancg.com,Staffing and Recruiting,51-200 employees,"Singapore, Singapore",,2008,,,2026-04-23T03:37:35Z,2026-04-23T03:38:07Z
607,https://www.linkedin.com/company/michael-bailey-associates,Michael Bailey Associates,Austria,michaelbaileyassociates.com,http://www.michaelbaileyassociates.com,Staffing and Recruiting,51-200 employees,"London, England",,1989,,,2026-04-23T03:38:30Z,2026-04-23T03:39:03Z
608,https://www.linkedin.com/company/hapeko-hanseatisches-personalkontor,HAPEKO Deutschland,Austria,hapeko.de,https://hapeko.de,Staffing and Recruiting,51-200 employees,"Hamburg, HH",,2003,,,2026-04-23T03:39:30Z,2026-04-23T03:40:06Z
609,https://www.linkedin.com/company/aristogroup,Aristo Group,Austria,aristo-group.com,http://www.aristo-group.com,Staffing and Recruiting,51-200 employees,"München, Bayern",,,,,2026-04-23T03:40:29Z,2026-04-23T03:41:05Z
610,https://www.linkedin.com/company/eoexecutives,EO Executives - Results through people,Austria,eoexecutives.com,http://www.eoexecutives.com,Staffing and Recruiting,51-200 employees,"Köln, Nordrhein-Westfalen",,2000,,,2026-04-23T03:41:35Z,2026-04-23T03:42:09Z
611,https://www.linkedin.com/company/bluebird-international,Bluebird,Austria,bluebird.hu,https://bluebird.hu,Staffing and Recruiting,51-200 employees,,,2001,,,2026-04-23T03:42:38Z,2026-04-23T03:43:12Z
612,https://www.linkedin.com/company/schulmeister-management-consulting,Schulmeister Management Consulting,Austria,schulmeister-consulting.com,http://www.schulmeister-consulting.com,Staffing and Recruiting,51-200 employees,,,2001,,,2026-04-23T03:43:40Z,2026-04-23T03:44:16Z
613,https://www.linkedin.com/company/janek-performance-group,Janek Performance Group,Austria,janek.com,https://www.janek.com/,Professional Training and Coaching,51-200 employees,"Henderson, Nevada",,2005,,,2026-04-23T03:44:43Z,2026-04-23T03:45:17Z
614,https://www.linkedin.com/company/ti-communication,ti communication worldwide,Austria,ticommunication.eu,https://www.ticommunication.eu/de/,Professional Training and Coaching,51-200 employees,"Regensburg, Bavaria",,2000,,,2026-04-23T03:45:44Z,2026-04-23T03:46:19Z
615,https://www.linkedin.com/company/digitall360,DigitAll360,Austria,digitall360.com,http://www.digitAll360.com,Professional Training and Coaching,51-200 employees,"Orlando, Florida",,2018,,,2026-04-23T03:46:50Z,2026-04-23T03:47:25Z
616,https://www.linkedin.com/company/hansen-beck,Hansen Beck,Austria,hansenbeck.com,http://www.hansenbeck.com,Professional Training and Coaching,51-200 employees,,,2019,,,2026-04-23T03:47:52Z,2026-04-23T03:48:26Z
617,https://www.linkedin.com/company/deutschakademie-gruppe-gmbh,DeutschAkademie,Austria,deutschakademie.de,https://www.deutschakademie.de,Professional Training and Coaching,51-200 employees,"Vienna, Vienna",,1999,,,2026-04-23T03:48:53Z,2026-04-23T03:49:29Z
618,https://www.linkedin.com/company/ita-cert,"Inspection, Testing & Assurance Company",Austria,ita-cert.co.uk,http://ita-cert.co.uk,Professional Training and Coaching,51-200 employees,,,2010,,,2026-04-23T03:49:52Z,2026-04-23T03:50:27Z
619,https://www.linkedin.com/company/entrepreneurship-avenue,Entrepreneurship Avenue,Austria,entrepreneurshipavenue.com,https://www.entrepreneurshipavenue.com/,Professional Training and Coaching,51-200 employees,,,2014,,,2026-04-23T03:50:54Z,2026-04-23T03:51:29Z
620,https://www.linkedin.com/company/kern-ag-training,KERN Training,Austria,kerntraining.com,https://www.kerntraining.com/de/,Professional Training and Coaching,51-200 employees,"Frankfurt am Main, Hessen",,1969,,,2026-04-26T00:58:22Z,2026-04-26T00:58:58Z
621,https://www.linkedin.com/company/volt-oesterreich,Volt Austria,Austria,voltoesterreich.org,https://www.voltoesterreich.org/,Political Organizations,51-200 employees,,,,,,2026-04-26T00:59:24Z,2026-04-26T01:00:00Z
622,https://www.linkedin.com/company/%C3%B6sterreichische-%C3%A4rztekammer,Österreichische Ärztekammer,Austria,aerztekammer.at,http://www.aerztekammer.at,Political Organizations,51-200 employees,,,,,,2026-04-26T01:00:24Z,2026-04-26T01:00:59Z
623,https://www.linkedin.com/company/sozialdemokratische-partei-%C3%B6sterreichs,Sozialdemokratische Partei Österreichs (SPÖ),Austria,spoe.at,http://www.spoe.at,Political Organizations,51-200 employees,,,1889,,,2026-04-26T01:01:25Z,2026-04-26T01:01:58Z
624,https://www.linkedin.com/company/european-association-of-political-consultants,European Association of Political Consultants (EAPC),Austria,eapc.eu,www.eapc.eu,Political Organizations,51-200 employees,,,1996,,,2026-04-26T01:02:30Z,2026-04-26T01:03:03Z
625,https://www.linkedin.com/company/neos,NEOS,Austria,neos.eu,http://neos.eu,Political Organizations,51-200 employees,"Vienna, Vienna",,2012,,,2026-04-26T01:03:28Z,2026-04-26T01:04:01Z
626,https://www.linkedin.com/company/spoe-parlamentsklub,SPÖ Parlamentsklub,Austria,spoe.at,https://www.spoe.at/klub/,Political Organizations,51-200 employees,,,,,,2026-04-26T01:04:32Z,2026-04-26T01:05:08Z
627,https://www.linkedin.com/company/aekwien,Kammer für Ärztinnen und Ärzte in Wien,Austria,aekwien.at,https://www.aekwien.at,Political Organizations,51-200 employees,,,1891,,,2026-04-26T01:05:36Z,2026-04-26T01:06:09Z
628,https://www.linkedin.com/company/die-gr-nen-im-parlamentsklub,Die Grünen Österreich,Austria,gruene.at,http://www.gruene.at,Political Organizations,51-200 employees,,,1986,,,2026-04-26T01:06:37Z,2026-04-26T01:07:13Z
629,https://www.linkedin.com/company/junos-junge-liberale-studierende,JUNOS - Junge liberale Studierende,Austria,studierende.junos.at,http://studierende.junos.at,Political Organizations,51-200 employees,,,2011,,,2026-04-26T01:07:38Z,2026-04-26T01:08:13Z
630,https://www.linkedin.com/company/spooe,SPÖ Oberösterreich,Austria,spooe.at,http://spooe.at,Political Organizations,51-200 employees,"Linz, Oberösterreich",,1891,,,2026-04-26T01:08:39Z,2026-04-26T01:09:14Z
631,https://www.linkedin.com/company/companion-group-ltd,Companion Group,Austria,companiongroup.io,https://companiongroup.io,Computer Games,51-200 employees,"London, England",,2022,,,2026-04-26T01:09:47Z,2026-04-26T01:10:22Z
632,https://www.linkedin.com/company/mipumi-games,Mi'pu'mi Games,Austria,mipumi.com,http://www.mipumi.com/,Computer Games,51-200 employees,,,2009,,,2026-04-26T01:10:50Z,2026-04-26T01:11:24Z
633,https://www.linkedin.com/company/funstage,Funstage,Austria,funstage.com,http://www.funstage.com,Computer Games,51-200 employees,"Wien, Österreich",,,,,2026-04-26T01:11:54Z,2026-04-26T01:12:26Z
634,https://www.linkedin.com/company/purple-lamp,Purple Lamp,Austria,purplelamp.com,https://www.purplelamp.com,Computer Games,51-200 employees,"Vienna, Vienna",,2018,,,2026-04-26T01:12:52Z,2026-04-26T01:13:26Z
635,https://www.linkedin.com/company/bongfish-gmbh,Bongfish GmbH,Austria,bongfish.com,http://www.bongfish.com,Computer Games,51-200 employees,"Graz, Styria",,2006,,,2026-04-26T01:13:58Z,2026-04-26T01:14:32Z
636,https://www.linkedin.com/company/jowood-productions-software-ag,JoWooD Productions Software AG,Austria,jowood.com,http://www.jowood.com,Computer Games,51-200 employees,"Vienna, Vienna",,1995,,,2026-04-26T01:15:01Z,2026-04-26T01:15:33Z
637,https://www.linkedin.com/company/palmhr,palm.hr,Austria,palmhr.net,https://palmhr.net,Human Resources Services,51-200 employees,,,2018,,,2026-04-26T01:16:01Z,2026-04-26T01:16:34Z
638,https://www.linkedin.com/company/hubertwartner,HUBERT WARTNER International Group,Austria,hubertwartner.com,http://www.HubertWartner.com,Business Consulting and Services,51-200 employees,,,2000,,,2026-04-26T01:17:04Z,2026-04-26T01:17:40Z
639,https://www.linkedin.com/company/insuvia,Insuvia,Austria,insuvia.com,http://www.insuvia.com,Business Consulting and Services,51-200 employees,,,2013,,,2026-04-26T01:18:06Z,2026-04-26T01:18:38Z
640,https://www.linkedin.com/company/ngs-global,NGS Global,Austria,ngs-global.com,http://www.ngs-global.com,Business Consulting and Services,51-200 employees,"Wilmington, Delaware",,,,,2026-04-26T01:19:04Z,2026-04-26T01:19:36Z
641,https://www.linkedin.com/company/zukunftsinstitut-gmbh,Zukunftsinstitut GmbH,Austria,zukunftsinstitut.de,https://www.zukunftsinstitut.de/,Business Consulting and Services,51-200 employees,"Frankfurt am Main, Hessen",,1998,,,2026-04-26T01:20:05Z,2026-04-26T01:20:41Z
642,https://www.linkedin.com/company/nordic-interim,Nordic Interim SE - A Valtus Company,Austria,nordicinterim.com,https://www.nordicinterim.com,Business Consulting and Services,51-200 employees,"Stockholm, Stockholm County",,2004,,,2026-04-26T01:21:12Z,2026-04-26T01:21:47Z
643,https://www.linkedin.com/company/land,LAND,Austria,landsrl.com,http://www.landsrl.com,Environmental Services,51-200 employees,"Milano, Italia",,1990,,,2026-04-26T01:22:14Z,2026-04-26T01:22:47Z
644,https://www.linkedin.com/company/keyjordan,Key Jordan,Austria,keyjordan.com,www.keyjordan.com,Outsourcing and Offshoring Consulting,51-200 employees,,,2013,,,2026-04-26T01:23:12Z,2026-04-26T01:23:43Z
645,https://www.linkedin.com/company/myclimate,myclimate,Austria,myclimate.org,https://www.myclimate.org,Environmental Services,51-200 employees,,,2002,,,2026-04-26T01:24:11Z,2026-04-26T01:24:44Z
646,https://www.linkedin.com/company/transiris,Transiris,Austria,transiris.com,http://www.transiris.com,Marketing Services,51-200 employees,"San Francisco, California",,2012,,,2026-04-26T01:25:15Z,2026-04-26T01:25:52Z
647,https://www.linkedin.com/company/time-change,time change GmbH,Austria,time-change.com,http://www.time-change.com,Events Services,51-200 employees,"Berlin, Berlin",,,,,2026-04-26T01:26:18Z,2026-04-26T01:26:51Z
648,https://www.linkedin.com/company/habegger-ag,Habegger AG,Austria,habegger.ch,https://www.habegger.ch/en/,Events Services,51-200 employees,"Regensdorf, ZH",,1982,,,2026-04-26T01:27:22Z,2026-04-26T01:27:57Z
649,https://www.linkedin.com/company/cti-meeting-technology,CTI Meeting Technology,Austria,ctimeetingtech.com,http://ctimeetingtech.com,Events Services,51-200 employees,"Chicago, IL",,1982,,,2026-04-26T01:28:29Z,2026-04-26T01:29:04Z
650,https://www.linkedin.com/company/196-plus,196+ events,Austria,196plus.com,https://196plus.com/,Events Services,51-200 employees,,,,,,2026-04-26T01:29:37Z,2026-04-26T01:30:12Z
651,https://www.linkedin.com/company/ics---international-conference-services-ltd-,International Conference Services (ICS),Austria,icsevents.com,http://www.icsevents.com,Events Services,51-200 employees,"Vancouver, British Columbia",,1976,,,2026-04-26T01:30:40Z,2026-04-26T01:31:18Z
652,https://www.linkedin.com/company/austriacentervienna,Austria Center Vienna - Internationales Kongresszentrum,Austria,acv.at,https://www.acv.at,Events Services,51-200 employees,"Wien, Wien",,,,,2026-04-26T01:31:43Z,2026-04-26T01:32:17Z
653,https://www.linkedin.com/company/messe-wels-gmbh,Messe Wels GmbH,Austria,messe-wels.at,http://www.messe-wels.at,Events Services,51-200 employees,"Wels, Upper Austria",,,,,2026-04-26T01:32:44Z,2026-04-26T01:33:17Z
654,https://www.linkedin.com/company/b-network,bnetwork,Austria,bnetwork.com,http://www.bnetwork.com,Events Services,51-200 employees,"Paris, Île-de-France",,2005,,,2026-04-26T01:33:45Z,2026-04-26T01:34:17Z
655,https://www.linkedin.com/company/proske,Proske,Austria,proske.com,http://www.proske.com,Events Services,51-200 employees,"München, Bayern",,1986,,,2026-04-26T01:34:47Z,2026-04-26T01:35:21Z
656,https://www.linkedin.com/company/vieconcenter,VIECON – Vienna Congress & Convention Center,Austria,vieconcenter.at,http://www.vieconcenter.at,Events Services,51-200 employees,"Wien, Österreich",,2004,,,2026-04-26T01:35:49Z,2026-04-26T01:36:27Z
657,https://www.linkedin.com/company/s.-sch-sswender-werke-metall--und-schmiedekunst-gmbh,"S. Schösswender Werke, Metall- und Schmiedekunst GmbH",Austria,anras.schoesswender.at,http://www.anras.schoesswender.at,Arts & Crafts,51-200 employees,"Anras, Tirol",,1976,,,2026-04-26T01:36:57Z,2026-04-26T01:37:31Z
658,https://www.linkedin.com/company/didrot,Didrot,Austria,didrot.com,http://www.didrot.com,Retail Art Supplies,51-200 employees,"Vienna, Vienna",,2020,,,2026-04-26T01:37:58Z,2026-04-26T01:38:34Z
659,https://www.linkedin.com/company/tele-controls-inc,TELE Controls Inc.,Austria,tele-controls.com,https://www.tele-controls.com,"Appliances, Electrical, and Electronics Manufacturing",51-200 employees,"Herndon, Virginia",,1963,,,2026-04-26T01:39:04Z,2026-04-26T01:39:38Z
660,https://www.linkedin.com/company/juniper-systems,Juniper Systems,Austria,junipersys.com,http://www.junipersys.com,"Appliances, Electrical, and Electronics Manufacturing",51-200 employees,"Logan, Utah",,1993,,,2026-04-26T01:40:01Z,2026-04-26T01:40:36Z
661,https://www.linkedin.com/company/go-e-gmbh,go-e,Austria,go-e.com,www.go-e.com,"Appliances, Electrical, and Electronics Manufacturing",51-200 employees,"Feldkirchen in Kärnten, Kärnten",,2015,,,2026-04-26T01:41:08Z,2026-04-26T01:41:43Z
662,https://www.linkedin.com/company/seaelectricev,SEA Electric,Austria,exro.com,http://www.exro.com,"Appliances, Electrical, and Electronics Manufacturing",51-200 employees,"Torrance, California",,2012,,,2026-04-26T01:42:11Z,2026-04-26T01:42:46Z
663,https://www.linkedin.com/company/baur-pruef-und-messtechnik-gmbh,BAUR GmbH,Austria,baur.eu,https://www.baur.eu,"Appliances, Electrical, and Electronics Manufacturing",51-200 employees,,,1945,,,2026-04-26T01:43:12Z,2026-04-26T01:43:46Z
664,https://www.linkedin.com/company/akg-acoustics-gmbh,AKG,Austria,akg.com,http://www.akg.com,"Appliances, Electrical, and Electronics Manufacturing",51-200 employees,,,1947,,,2026-04-26T01:44:16Z,2026-04-26T01:44:48Z
665,https://www.linkedin.com/company/loytec-electronics-gmbh,LOYTEC,Austria,loytec.com,https://www.loytec.com,"Appliances, Electrical, and Electronics Manufacturing",51-200 employees,"Wien, Wien",,,,,2026-04-26T01:45:16Z,2026-04-26T01:45:50Z
666,https://www.linkedin.com/company/hitzingergmbh,HITZINGER Power Solutions GmbH,Austria,hitzinger.at,http://www.hitzinger.at,"Appliances, Electrical, and Electronics Manufacturing",51-200 employees,,,1946,,,2026-04-26T01:46:22Z,2026-04-26T01:46:55Z
667,https://www.linkedin.com/company/buck-lighting,BUCK Lighting,Austria,buck.lighting,http://buck.lighting,"Appliances, Electrical, and Electronics Manufacturing",51-200 employees,,,1992,,,2026-04-26T01:47:22Z,2026-04-26T01:47:56Z
668,https://www.linkedin.com/company/ewo,ewo,Austria,ewo.com,http://www.ewo.com,"Appliances, Electrical, and Electronics Manufacturing",51-200 employees,"Cortaccia, Alto Adige",,1996,,,2026-04-26T01:48:25Z,2026-04-26T01:49:00Z
669,https://www.linkedin.com/company/akm,AKM,Austria,akm.at,https://www.akm.at/,Musicians,51-200 employees,,,1897,,,2026-04-26T01:49:28Z,2026-04-26T01:50:01Z
670,https://www.linkedin.com/company/salzburg-voice-festival,Salzburg Voice Festival,Austria,salzburgvoicefestival.com,http://www.salzburgvoicefestival.com,Musicians,51-200 employees,,,2010,,,2026-04-28T04:49:45Z,2026-04-28T04:50:19Z
671,https://www.linkedin.com/company/wiener-konzerthausgesellschaft,Wiener Konzerthausgesellschaft,Austria,konzerthaus.at,https://konzerthaus.at/,Musicians,51-200 employees,"Wien, Wien",,1913,,,2026-04-28T04:50:42Z,2026-04-28T04:51:16Z
672,https://www.linkedin.com/company/mahler-philharmoniker,Mahler Philharmoniker,Austria,mahlerphil.org,http://www.mahlerphil.org,Musicians,51-200 employees,,,2012,,,2026-04-28T04:51:46Z,2026-04-28T04:52:21Z
673,https://www.linkedin.com/company/popchor-wien,Popchor Wien,Austria,popchor.wien,https://www.popchor.wien/,Musicians,51-200 employees,,,2015,,,2026-04-28T04:52:47Z,2026-04-28T04:53:22Z
674,https://www.linkedin.com/company/jam-music-lab-private-university,JAM MUSIC LAB Private University,Austria,jammusiclab.com,http://www.jammusiclab.com,Musicians,51-200 employees,"Vienna, Vienna",,2017,,,2026-04-28T04:53:52Z,2026-04-28T04:54:26Z
675,https://www.linkedin.com/company/boesendorfer,Bösendorfer,Austria,boesendorfer.com,http://www.boesendorfer.com,Musicians,51-200 employees,,,1828,,,2026-04-28T04:54:50Z,2026-04-28T04:55:24Z
676,https://www.linkedin.com/company/nowsymphony,Nova Orchester Wien (NOW!),Austria,nowsymphony.com,http://nowsymphony.com,Musicians,51-200 employees,"Vienna, Vienna",,2020,,,2026-04-28T04:55:54Z,2026-04-28T04:56:28Z
677,https://www.linkedin.com/company/wiener-symphoniker,Wiener Symphoniker,Austria,wienersymphoniker.at,http://www.wienersymphoniker.at,Musicians,51-200 employees,"Wien, Wien",,1900,,,2026-04-28T04:56:54Z,2026-04-28T04:57:30Z
678,https://www.linkedin.com/company/viennaboyschoir,Vienna Boys Choir,Austria,wsk.at,http://www.wsk.at,Musicians,51-200 employees,,,1498,,,2026-04-28T04:57:57Z,2026-04-28T04:58:31Z
679,https://www.linkedin.com/company/skysidevienna,Skyside Aviation,Austria,skyside.aero,http://skyside.aero,Airlines and Aviation,51-200 employees,,,,,,2026-04-28T04:58:57Z,2026-04-28T04:59:31Z
680,https://www.linkedin.com/company/cycle-eco,CYCLE,Austria,cycle.eco,http://www.cycle.eco,"Transportation, Logistics, Supply Chain and Storage",51-200 employees,,,2018,,,2026-04-28T05:00:03Z,2026-04-28T05:00:39Z
681,https://www.linkedin.com/company/globeair,GlobeAir,Austria,linktr.ee,https://linktr.ee/GlobeAir,Airlines and Aviation,51-200 employees,"Hörsching, Oberösterreich",,2007,,,2026-04-28T05:01:09Z,2026-04-28T05:01:44Z
682,https://www.linkedin.com/company/sensonic,Sensonic,Austria,sensonic.com,https://www.sensonic.com,Rail Transportation,51-200 employees,"Schärding, Upper Austria",,2019,,,2026-04-28T05:02:12Z,2026-04-28T05:02:47Z
683,https://www.linkedin.com/company/sea-ai,SEA.AI,Austria,sea.ai,http://sea.ai,Maritime,51-200 employees,"Linz, Upper Austria",,2018,,,2026-04-28T05:03:15Z,2026-04-28T05:03:52Z
684,https://www.linkedin.com/company/stamh,STAMH Group,Austria,stamh.com,http://www.stamh.com/,Warehousing and Storage,51-200 employees,"Sofia, Sofia-City",,2000,,,2026-04-28T05:04:22Z,2026-04-28T05:04:57Z
685,https://www.linkedin.com/company/galleria-di-base-del-brennero-brenner-basistunnel-bbt-se,GALLERIA DI BASE DEL BRENNERO - BRENNER BASISTUNNEL BBT SE,Austria,bbt-se.com,https://www.bbt-se.com,Rail Transportation,51-200 employees,,,2007,,,2026-04-28T05:05:23Z,2026-04-28T05:05:58Z
686,https://www.linkedin.com/company/pjm,PJ Messtechnik GmbH / PJ Monitoring GmbH,Austria,pjm.co.at,http://pjm.co.at,Rail Transportation,51-200 employees,"Graz, Steiermark",,2006,,,2026-04-28T05:06:24Z,2026-04-28T05:06:57Z
687,https://www.linkedin.com/company/mjet-gmbh,MJET,Austria,mjet.eu,https://mjet.eu,Airlines and Aviation,51-200 employees,,,2007,,,2026-04-28T05:07:29Z,2026-04-28T05:08:03Z
688,https://www.linkedin.com/company/fl3xx,FL3XX,Austria,fl3xx.com,https://www.fl3xx.com,Airlines and Aviation,51-200 employees,,,2010,,,2026-04-28T05:08:31Z,2026-04-28T05:09:08Z
689,https://www.linkedin.com/company/secunia,Secunia,Austria,secunia.com,http://secunia.com,Computer and Network Security,51-200 employees,"Copenhagen, Copenhagen",,2002,,,2026-04-28T05:09:34Z,2026-04-28T05:10:08Z
690,https://www.linkedin.com/company/secure-business-austria,SBA Research,Austria,sba-research.org,http://www.sba-research.org,Computer and Network Security,51-200 employees,"Wien, Wien",,2006,,,2026-04-28T05:10:34Z,2026-04-28T05:11:09Z
691,https://www.linkedin.com/company/whaleboneio,Whalebone,Austria,whalebone.io,https://www.whalebone.io/,Computer and Network Security,51-200 employees,,,2016,,,2026-04-28T05:11:36Z,2026-04-28T05:12:11Z
692,https://www.linkedin.com/company/crea-plus,CREAPLUS,Austria,creaplus.com,https://www.creaplus.com,Computer and Network Security,51-200 employees,,,2002,,,2026-04-28T05:12:42Z,2026-04-28T05:13:18Z
693,https://www.linkedin.com/company/ikarus-security-gmbh,IKARUS Security GmbH,Austria,ikarussecurity.com,https://www.IKARUSsecurity.com,Computer and Network Security,51-200 employees,"Wien, Wien",,1986,,,2026-04-28T05:13:48Z,2026-04-28T05:14:23Z
694,https://www.linkedin.com/company/secutec,Secutec,Austria,secutec.com,https://www.secutec.com,Computer and Network Security,51-200 employees,"Aartselaar, Antwerp",,2005,,,2026-04-28T05:14:54Z,2026-04-28T05:15:27Z
695,https://www.linkedin.com/company/cyandigitalsecurity,cyan Digital Security,Austria,cyansecurity.com,https://www.cyansecurity.com/,Computer and Network Security,51-200 employees,"Wien, Wien",,2006,,,2026-04-28T05:15:56Z,2026-04-28T05:16:31Z
696,https://www.linkedin.com/company/acronet-handelsgmbh,Cubro Network Visibility,Austria,cubro.com,https://www.cubro.com,Computer and Network Security,51-200 employees,,,2003,,,2026-04-28T05:17:02Z,2026-04-28T05:17:35Z
697,https://www.linkedin.com/company/softpromeurope,Softprom Europe,Austria,softprom.com,https://softprom.com,Computer and Network Security,51-200 employees,"Vienna, Wien",,1999,,,2026-04-28T05:18:05Z,2026-04-28T05:18:38Z
698,https://www.linkedin.com/company/advenica,Advenica,Austria,advenica.com,https://advenica.com,Computer and Network Security,51-200 employees,,,1993,,,2026-04-28T05:19:14Z,2026-04-28T05:19:48Z
699,https://www.linkedin.com/company/haus-der-schl%C3%B6sser,Haus der Schlösser,Austria,schluessel.at,http://schluessel.at,Security Systems Services,51-200 employees,"Linz, Oberösterreich",,,,,2026-04-28T05:20:14Z,2026-04-28T05:20:46Z
700,https://www.linkedin.com/company/mavritpictures,Mavrit Pictures,Austria,,,Animation and Post-production,51-200 employees,,,2022,,,2026-05-02T09:43:18Z,2026-05-02T09:43:54Z
701,https://www.linkedin.com/company/big-bad-boo-studios,Big Bad Boo Studios,Austria,bigbadboo.com,http://www.bigbadboo.com,Animation and Post-production,51-200 employees,"Vancouver, British Columbia",,2010,,,2026-05-02T09:44:22Z,2026-05-02T09:44:58Z
702,https://www.linkedin.com/company/arxanima,arx anima,Austria,arxanima.com,http://www.arxanima.com,Animation and Post-production,51-200 employees,"Vienna, Austria",,2011,,,2026-05-02T09:45:26Z,2026-05-02T09:45:59Z
703,https://www.linkedin.com/company/citymark-%C3%B6sterreich,CityMark Österreich,Austria,citymark.at,http://www.citymark.at,Leasing Non-residential Real Estate,51-200 employees,,,1999,,,2026-05-02T09:46:31Z,2026-05-02T09:47:06Z
704,https://www.linkedin.com/company/talente-%C3%B6sterreich,Talente Österreich,Austria,talenteoesterreich.at,http://www.talenteoesterreich.at,Think Tanks,51-200 employees,,,2008,,,2026-05-02T09:47:36Z,2026-05-02T09:48:10Z
705,https://www.linkedin.com/company/nims---network-of-innovation-management-and-strategy,NIMS - Network of Innovation Management and Strategy,Austria,nims-global.com,https://nims-global.com,Think Tanks,51-200 employees,,,2015,,,2026-05-02T09:48:42Z,2026-05-02T09:49:14Z
706,https://www.linkedin.com/company/southeastern-europe-security-center,Southeastern Europe Security Center,Austria,sesecuritycenter.org,https://sesecuritycenter.org,Think Tanks,51-200 employees,,,2018,,,2026-05-02T09:49:43Z,2026-05-02T09:50:16Z
707,https://www.linkedin.com/company/club1031,Club1031,Austria,club1031.at,https://www.club1031.at/,Think Tanks,51-200 employees,"Vienna, Wien",,1973,,,2026-05-02T09:50:41Z,2026-05-02T09:51:17Z
708,https://www.linkedin.com/company/jungeindustrie,Junge Industrie,Austria,jungeindustrie.at,https://www.jungeindustrie.at,Think Tanks,51-200 employees,"Wien, Wien",,,,,2026-05-02T09:51:46Z,2026-05-02T09:52:19Z
709,https://www.linkedin.com/company/uxpro-austria,UXpro Austria,Austria,uxpro.at,http://uxpro.at,Think Tanks,51-200 employees,,,2013,,,2026-05-02T09:52:45Z,2026-05-02T09:53:20Z
710,https://www.linkedin.com/company/greepi-international-tourism-&-consulting-group,Greepi International Tourism & Consulting Group,Austria,greepi.net,http://greepi.net,Think Tanks,51-200 employees,"beijing, Beijing",,2012,,,2026-05-02T09:53:47Z,2026-05-02T09:54:20Z
711,https://www.linkedin.com/company/colt-pr%C3%BCf-und-test-gmbh,CoLT Prüf und Test GmbH,Austria,colt-lab.com,http://www.colt-lab.com,Think Tanks,51-200 employees,"Sankt Martin im Innkreis, Oberösterreich",,2013,,,2026-05-02T09:54:45Z,2026-05-02T09:55:17Z
712,https://www.linkedin.com/company/digital-makers-hub,Digital Makers Hub,Austria,digitalmakershub.at,https://www.digitalmakershub.at/,Think Tanks,51-200 employees,"St. Pölten, Niederösterreich",,,,,2026-05-02T09:55:41Z,2026-05-02T09:56:17Z
713,https://www.linkedin.com/company/ladies-circle-austria,Ladies' Circle Austria,Austria,ladiescircle.at,http://www.ladiescircle.at,Philanthropic Fundraising Services,51-200 employees,,,1986,,,2026-05-02T09:56:47Z,2026-05-02T09:57:20Z
714,https://www.linkedin.com/company/porticus,Porticus,Austria,porticus.com,https://www.porticus.com,Philanthropy,51-200 employees,"Amsterdam, North Holland",,,,,2026-05-02T09:57:46Z,2026-05-02T09:58:21Z
715,https://www.linkedin.com/company/lomographic-society-international,Lomography,Austria,lomography.com,http://www.lomography.com,Photography,51-200 employees,"Vienna, Vienna",,1992,,,2026-05-02T09:58:52Z,2026-05-02T09:59:27Z
716,https://www.linkedin.com/company/eyepixx-iris-fotografie,EYEPIXX® Iris-Fotografie,Austria,iris-fotografie.de,https://iris-fotografie.de/,Photography,51-200 employees,"Leipzig, Sachsen",,,,,2026-05-02T09:59:56Z,2026-05-02T10:00:32Z
717,https://www.linkedin.com/company/press-the-button,PRESS THE BUTTON,Austria,pressthebutton.net,http://www.pressthebutton.net,Photography,51-200 employees,"Wels, Oberösterreich",,2011,,,2026-05-02T10:01:03Z,2026-05-02T10:01:39Z
718,https://www.linkedin.com/company/die-portraitschmiede,Die Portraitschmiede,Austria,ms-portraitschmiede.com,http://ms-portraitschmiede.com,Photography,51-200 employees,,,,,,2026-05-02T10:02:06Z,2026-05-02T10:02:41Z
719,https://www.linkedin.com/company/foto-sulzer,Foto Sulzer,Austria,foto-sulzer.at,http://www.foto-sulzer.at,Photography,51-200 employees,"Salzburg, Salzburg",,1979,,,2026-05-02T10:03:07Z,2026-05-02T10:03:44Z
720,https://www.linkedin.com/company/whitewall-media-gmbh,WhiteWall Media GmbH,Austria,whitewall.com,https://www.whitewall.com/,Photography,51-200 employees,"Frechen, Frechen",,2007,,,2026-05-02T10:04:12Z,2026-05-02T10:04:48Z
721,https://www.linkedin.com/company/shell-personnel,SHELL Personnel,Austria,shellpersonnel.com.au,http://www.shellpersonnel.com.au,Human Resources Services,51-200 employees,"Box Hill, VIC",,1992,,,2026-05-02T10:05:13Z,2026-05-02T10:05:48Z
722,https://www.linkedin.com/company/perspective-global-executive-search,PERSPECTIVE Global Executive Search,Austria,perspective.at,http://www.perspective.at/,Human Resources Services,51-200 employees,,,2001,,,2026-05-02T10:06:18Z,2026-05-02T10:06:53Z
723,https://www.linkedin.com/company/hros-hungary,HROS.io Hungary,Austria,match.hros.io,https://match.hros.io,Human Resources Services,51-200 employees,,,2018,,,2026-05-02T10:07:20Z,2026-05-02T10:07:52Z
724,https://www.linkedin.com/company/iventagroup,Iventa. The Human Management Group,Austria,iventa.eu,http://www.iventa.eu,Human Resources Services,51-200 employees,,,1991,,,2026-05-02T10:08:20Z,2026-05-02T10:08:53Z
725,https://www.linkedin.com/company/voestalpine-hr-services-gmbh,voestalpine HR Services GmbH,Austria,voestalpine.com,https://www.voestalpine.com/hr-services,Human Resources Services,51-200 employees,"Linz, Oberösterreich",,,,,2026-05-02T10:09:20Z,2026-05-02T10:09:57Z
726,https://www.linkedin.com/company/businessupperaustria,Business Upper Austria - OÖ. Wirtschaftsagentur GmbH,Austria,biz-up.at,http://www.biz-up.at,Business Consulting and Services,51-200 employees,"Linz, Oberösterreich",,,,,2026-05-02T10:10:25Z,2026-05-02T10:11:01Z
727,https://www.linkedin.com/company/permed-medizinische-personaldienstleistung-gmbh,PerMed medizinische Personaldienstleistung GmbH,Austria,permed.at,https://www.permed.at/uber-uns/,Human Resources Services,51-200 employees,"Seiersberg, Steiermark",,2018,,,2026-05-02T10:11:32Z,2026-05-02T10:12:06Z
728,https://www.linkedin.com/company/hr-group-personaldienstleistung,HR Group Personaldienstleistung GmbH,Austria,hr-group.co.at,https://www.hr-group.co.at,Human Resources Services,51-200 employees,"Raaba-Grambach, Steiermark",,2014,,,2026-05-02T10:12:31Z,2026-05-02T10:13:04Z
729,https://www.linkedin.com/company/hrosio,HROS.io,Austria,hros.io,https://hros.io/,Human Resources Services,51-200 employees,"Wien, Wien",,2016,,,2026-05-02T10:13:33Z,2026-05-02T10:14:09Z
730,https://www.linkedin.com/company/arge-sozialdienst-mostviertel,ARGE Sozialdienst Mostviertel,Austria,sozialdienst.net,http://www.sozialdienst.net,Mental Health Care,51-200 employees,"Amstetten, Lower Austria",,1981,,,2026-05-02T10:14:34Z,2026-05-02T10:15:09Z
731,https://www.linkedin.com/company/autistenhilfe,Autistenhilfe,Austria,autistenhilfe.at,https://www.autistenhilfe.at,Mental Health Care,51-200 employees,"Wien, Wien",,1979,,,2026-05-02T10:15:39Z,2026-05-02T10:16:15Z
732,https://www.linkedin.com/company/pro-mente-tirol,pro mente tirol,Austria,promente-tirol.at,http://promente-tirol.at,Mental Health Care,51-200 employees,,,1975,,,2026-05-02T10:16:43Z,2026-05-02T10:17:16Z
733,https://www.linkedin.com/company/oegwg,ÖGWG,Austria,oegwg.at,www.oegwg.at,Mental Health Care,51-200 employees,,,1974,,,2026-05-02T10:17:44Z,2026-05-02T10:18:20Z
734,https://www.linkedin.com/company/instahelp,Instahelp,Austria,instahelp.me,https://instahelp.me/business,Mental Health Care,51-200 employees,"Graz, Österreich",,2015,,,2026-05-02T10:18:46Z,2026-05-02T10:19:21Z
735,https://www.linkedin.com/company/esnm,European Society of Neurogastroenterology and Motility,Austria,esnm.eu,http://www.esnm.eu,Medical Practices,51-200 employees,"Wien, Austria",,,,,2026-05-02T10:19:49Z,2026-05-02T10:20:22Z
736,https://www.linkedin.com/company/europeantraineeforum,CIRSE European Trainee Forum,Austria,cirse.org,https://www.cirse.org/trainees/,Medical Practices,51-200 employees,,,2015,,,2026-05-02T10:20:52Z,2026-05-02T10:21:28Z
737,https://www.linkedin.com/company/espinea-endoscopic-spine-academy,ESPINEA® Endoscopic Spine Academy,Austria,espinea.org,https://www.espinea.org/,Hospitals and Health Care,51-200 employees,"Karlsruhe, Baden-Württemberg",,2019,,,2026-05-02T10:21:59Z,2026-05-02T10:22:35Z
738,https://www.linkedin.com/company/esmrmb,European Society for Magnetic Resonance in Medicine and Biology,Austria,esmrmb.org,https://www.esmrmb.org/,Hospitals and Health Care,51-200 employees,,,,,,2026-05-02T10:23:02Z,2026-05-02T10:23:39Z
739,https://www.linkedin.com/company/xund,XUND,Austria,xund.ai,https://xund.ai,Hospitals and Health Care,51-200 employees,,,2018,,,2026-05-02T10:24:08Z,2026-05-02T10:24:41Z
740,https://www.linkedin.com/company/bloomdiagnostics,Bloom Diagnostics,Austria,bloomdiagnostics.com,http://www.bloomdiagnostics.com,Home Health Care Services,51-200 employees,,,2018,,,2026-05-02T10:25:12Z,2026-05-02T10:25:48Z
741,https://www.linkedin.com/company/cvir,CardioVascular and Interventional Radiology (CVIR),Austria,cvironline.org,http://www.cvironline.org,Medical Practices,51-200 employees,"Vienna, Vienna",,1978,,,2026-05-02T10:26:20Z,2026-05-02T10:26:55Z
742,https://www.linkedin.com/company/amex,AMEX Healthcare,Austria,amex-healthcare.com,http://www.amex-healthcare.com,Hospitals and Health Care,51-200 employees,,,1980,,,2026-05-02T10:27:26Z,2026-05-02T10:28:01Z
743,https://www.linkedin.com/company/paxerahealthcorp,PaxeraHealth,Austria,paxerahealth.com,http://www.paxerahealth.com,Hospitals and Health Care,51-200 employees,"Boston, MA",,2009,,,2026-05-02T10:28:28Z,2026-05-02T10:29:01Z
744,https://www.linkedin.com/company/robbe-berking,Robbe & Berking,Austria,robbeberking.com,http://www.robbeberking.com,Retail Luxury Goods and Jewelry,51-200 employees,"Flensburg, Schleswig-Holstein",,1874,,,2026-05-02T10:29:27Z,2026-05-02T10:30:02Z
745,https://www.linkedin.com/company/m%C3%BCnze-%C3%B6sterreich-ag,Münze Österreich,Austria,muenzeoesterreich.at,https://www.muenzeoesterreich.at,Retail Luxury Goods and Jewelry,51-200 employees,"Wien, Wien",,1194,,,2026-05-02T10:30:34Z,2026-05-02T10:31:09Z
746,https://www.linkedin.com/company/joh.-springer%27s-erben,Joh. Springer's Erben,Austria,springer-vienna.com,https://www.springer-vienna.com/de,Retail Luxury Goods and Jewelry,51-200 employees,,,1836,,,2026-05-02T10:31:35Z,2026-05-02T10:32:09Z
747,https://www.linkedin.com/company/buben-zorweg,BUBEN&ZORWEG,Austria,buben-zorweg.com,www.buben-zorweg.com,Retail Luxury Goods and Jewelry,51-200 employees,"Pforzheim, Baden-Württemberg",,1995,,,2026-05-02T10:32:34Z,2026-05-02T10:33:11Z
748,https://www.linkedin.com/company/ludwig-reiter-schuhmanufaktur-gmbh,Ludwig Reiter Schuhmanufaktur,Austria,ludwig-reiter.com,http://www.ludwig-reiter.com/de,Retail Luxury Goods and Jewelry,51-200 employees,"Süßenbrunn, Wien",,1885,,,2026-05-02T10:33:37Z,2026-05-02T10:34:11Z
749,https://www.linkedin.com/company/pierre-lang,Pierre Lang Trading GmbH,Austria,pierrelang.com,https://www.pierrelang.com/,Retail Luxury Goods and Jewelry,51-200 employees,"Wien, Wien",,1984,,,2026-05-02T10:34:39Z,2026-05-02T10:35:12Z
