2026-03-07 23:44:08,484 [INFO] === LinkedIn Scraper v2.0 Starting ===
2026-03-07 23:44:08,484 [INFO] Config: {
  "country": "Austria",
  "industry": "Software Development",
  "company_size": "11-200",
  "keywords": [
    "saas",
    "cloud",
    "ai",
    "software"
  ],
  "job_titles_for_discovery": [
    "software engineer",
    "python developer",
    "data engineer"
  ],
  "search_strategy": [
    "linkedin_company_search",
    "linkedin_job_listings"
  ],
  "max_pages": 10,
  "max_companies": 5
}
2026-03-07 23:44:08,510 [INFO] Database ready: linkedin_data.db
2026-03-07 23:44:09,049 [INFO] Launching Firefox (headful)…
2026-03-07 23:44:09,756 [INFO] No session file – opening LinkedIn login page.
2026-03-07 23:48:18,969 [INFO] Session saved → 'linkedin_state.json'.
2026-03-07 23:48:19,022 [INFO] Starting company discovery…
2026-03-07 23:48:27,437 [INFO]   [company search] 'saas' p1 → +10 (total 10)
2026-03-07 23:48:30,424 [INFO] Discovery complete – 5 unique company URLs.
2026-03-07 23:48:30,424 [INFO] ─── Company 1 / 5 ───
2026-03-07 23:48:30,424 [INFO] Scraping company: https://www.linkedin.com/company/saas-insider/events
2026-03-07 23:48:45,842 [WARNING]   No website found in About section.
2026-03-07 23:48:45,848 [INFO] Discovering employees for ''…
2026-03-07 23:48:58,264 [INFO]   0 employees via DOM for ''.
2026-03-07 23:48:58,272 [INFO]   Saved:                                          | domain: 
2026-03-07 23:49:07,403 [INFO] ─── Company 2 / 5 ───
2026-03-07 23:49:07,403 [INFO] Scraping company: https://www.linkedin.com/company/saas
2026-03-07 23:49:24,189 [WARNING]   No website found in About section.
2026-03-07 23:49:24,196 [INFO] Discovering employees for 'SaaS'…
2026-03-07 23:49:38,024 [INFO]   5 employees via DOM for 'SaaS'.
2026-03-07 23:49:38,031 [INFO]   Saved: SaaS                                     | domain: 
2026-03-07 23:49:38,036 [INFO]   Saved 5 employees.
2026-03-07 23:49:45,662 [INFO] ─── Company 3 / 5 ───
2026-03-07 23:49:45,662 [INFO] Scraping company: https://www.linkedin.com/company/thesaascfo
2026-03-07 23:50:00,558 [WARNING]   No website found in About section.
2026-03-07 23:50:00,566 [INFO] Discovering employees for 'The SaaS CFO'…
2026-03-07 23:50:13,951 [INFO]   4 employees via DOM for 'The SaaS CFO'.
2026-03-07 23:50:13,970 [INFO]   Saved: The SaaS CFO                             | domain: 
2026-03-07 23:50:13,975 [INFO]   Saved 4 employees.
2026-03-07 23:50:21,146 [INFO] ─── Company 4 / 5 ───
2026-03-07 23:50:21,147 [INFO] Scraping company: https://www.linkedin.com/company/saas-group
2026-03-07 23:50:36,323 [WARNING]   No website found in About section.
2026-03-07 23:50:36,329 [INFO] Discovering employees for 'saas.group'…
2026-03-07 23:50:51,353 [INFO]   5 employees via DOM for 'saas.group'.
2026-03-07 23:50:51,373 [INFO]   Saved: saas.group                               | domain: 
2026-03-07 23:50:51,379 [INFO]   Saved 5 employees.
2026-03-07 23:50:56,975 [INFO] ─── Company 5 / 5 ───
2026-03-07 23:50:56,976 [INFO] Scraping company: https://www.linkedin.com/company/saas-north-conference
2026-03-07 23:51:11,824 [WARNING]   No website found in About section.
2026-03-07 23:51:11,829 [INFO] Discovering employees for 'SAAS NORTH Conference'…
2026-03-07 23:51:26,036 [INFO]   4 employees via DOM for 'SAAS NORTH Conference'.
2026-03-07 23:51:26,042 [INFO]   Saved: SAAS NORTH Conference                    | domain: 
2026-03-07 23:51:26,048 [INFO]   Saved 4 employees.
2026-03-07 23:51:35,606 [INFO] Session state saved to 'linkedin_state.json'.
2026-03-07 23:51:36,198 [INFO] CSV export: companies.csv  (5 rows)
2026-03-07 23:51:36,199 [INFO] CSV export: employees.csv  (18 rows)
2026-03-07 23:51:36,202 [INFO] === Done ===  DB: linkedin_data.db  |  CSVs: companies.csv, employees.csv
2026-03-08 00:03:49,826 [INFO] === LinkedIn Scraper v2.0 Starting ===
2026-03-08 00:03:49,826 [INFO] Config: {
  "country": "Austria",
  "industry": "Software Development",
  "company_size": "11-200",
  "keywords": [
    "saas",
    "cloud",
    "ai",
    "software"
  ],
  "job_titles_for_discovery": [
    "software engineer",
    "python developer",
    "data engineer"
  ],
  "search_strategy": [
    "linkedin_company_search",
    "linkedin_job_listings"
  ],
  "max_pages": 10,
  "max_companies": 5
}
2026-03-08 00:03:49,836 [INFO] Database ready: linkedin_data.db
2026-03-08 00:03:58,781 [INFO] Launching Firefox with real profile: C:\Users\sandeep\AppData\Roaming\Mozilla\Firefox\Profiles\binejpxk.default-release
2026-03-08 00:07:31,883 [INFO] === LinkedIn Scraper v2.0 Starting ===
2026-03-08 00:07:31,884 [INFO] Config: {
  "country": "Austria",
  "industry": "Software Development",
  "company_size": "11-200",
  "keywords": [
    "saas",
    "cloud",
    "ai",
    "software"
  ],
  "job_titles_for_discovery": [
    "software engineer",
    "python developer",
    "data engineer"
  ],
  "search_strategy": [
    "linkedin_company_search",
    "linkedin_job_listings"
  ],
  "max_pages": 10,
  "max_companies": 5
}
2026-03-08 00:07:31,887 [INFO] Database ready: linkedin_data.db
2026-03-08 00:07:32,748 [INFO] Copied cookies.sqlite → C:\Users\sandeep\AppData\Local\linkedin_scraper_profile
2026-03-08 00:07:32,749 [INFO] Launching Firefox with cookie-only throwaway profile…
2026-03-08 00:07:38,649 [INFO] Verifying LinkedIn login status…
2026-03-08 00:07:44,985 [INFO] LinkedIn session active — no login required.
2026-03-08 00:07:45,001 [INFO] Starting company discovery…
2026-03-08 00:07:45,002 [INFO]   Skipping 5 already-scraped companies from DB.
2026-03-08 00:07:55,321 [INFO]   [company search] 'saas' p1 → found 10 on page | 5 new (not yet in DB)
2026-03-08 00:08:00,094 [INFO] Discovery complete – 10 total found | 5 already in DB | 5 queued for this run
2026-03-08 00:08:00,095 [INFO] ─── Company 1 / 5 ───
2026-03-08 00:08:00,095 [INFO] Scraping company: https://www.linkedin.com/company/saas-labs
2026-03-08 00:08:15,533 [WARNING]   No website found in About section.
2026-03-08 00:08:15,540 [INFO] Discovering employees for 'SaaS Labs'…
2026-03-08 00:08:30,802 [INFO]   10 employees via DOM for 'SaaS Labs'.
2026-03-08 00:08:30,813 [INFO]   Saved: SaaS Labs                                | domain: 
2026-03-08 00:08:30,828 [INFO]   Saved 10 employees.
2026-03-08 00:08:40,441 [INFO] ─── Company 2 / 5 ───
2026-03-08 00:08:40,441 [INFO] Scraping company: https://www.linkedin.com/company/saasacademy
2026-03-08 00:08:54,409 [WARNING]   No website found in About section.
2026-03-08 00:08:54,416 [INFO] Discovering employees for 'SaaS Academy'…
2026-03-08 00:09:07,529 [INFO]   7 employees via DOM for 'SaaS Academy'.
2026-03-08 00:09:07,540 [INFO]   Saved: SaaS Academy                             | domain: 
2026-03-08 00:09:07,557 [INFO]   Saved 7 employees.
2026-03-08 00:09:16,621 [INFO] ─── Company 3 / 5 ───
2026-03-08 00:09:16,621 [INFO] Scraping company: https://www.linkedin.com/company/saas-capital
2026-03-08 00:09:30,881 [WARNING]   No website found in About section.
2026-03-08 00:09:30,888 [INFO] Discovering employees for 'SaaS Capital'…
2026-03-08 00:09:44,880 [INFO]   8 employees via DOM for 'SaaS Capital'.
2026-03-08 00:09:44,888 [INFO]   Saved: SaaS Capital                             | domain: 
2026-03-08 00:09:44,897 [INFO]   Saved 8 employees.
2026-03-08 00:09:53,747 [INFO] ─── Company 4 / 5 ───
2026-03-08 00:09:53,747 [INFO] Scraping company: https://www.linkedin.com/company/saas-insider
2026-03-08 00:10:10,590 [WARNING]   No website found in About section.
2026-03-08 00:10:10,596 [INFO] Discovering employees for 'SaaS Insider'…
2026-03-08 00:10:24,785 [INFO]   8 employees via DOM for 'SaaS Insider'.
2026-03-08 00:10:24,792 [INFO]   Saved: SaaS Insider                             | domain: 
2026-03-08 00:10:24,805 [INFO]   Saved 8 employees.
2026-03-08 00:10:30,136 [INFO] ─── Company 5 / 5 ───
2026-03-08 00:10:30,137 [INFO] Scraping company: https://www.linkedin.com/company/saas-mantra
2026-03-08 00:10:44,422 [WARNING]   No website found in About section.
2026-03-08 00:10:44,428 [INFO] Discovering employees for 'SaaS Mantra'…
2026-03-08 00:10:59,642 [INFO]   8 employees via DOM for 'SaaS Mantra'.
2026-03-08 00:10:59,653 [INFO]   Saved: SaaS Mantra                              | domain: 
2026-03-08 00:10:59,666 [INFO]   Saved 8 employees.
2026-03-08 00:11:09,757 [INFO] Session snapshot saved to 'linkedin_state.json'.
2026-03-08 00:11:10,237 [INFO] CSV export: companies.csv  (10 rows)
2026-03-08 00:11:10,239 [INFO] CSV export: employees.csv  (59 rows)
2026-03-08 00:11:10,247 [INFO] === Done ===  DB: linkedin_data.db  |  CSVs: companies.csv, employees.csv
2026-03-08 00:29:01,716 [INFO] === LinkedIn Scraper v3.0 Starting ===
2026-03-08 00:29:01,726 [INFO] Database ready: linkedin_data.db
2026-03-08 00:29:01,729 [INFO] Filter table seeded (5 definitions).
2026-03-08 00:29:01,729 [INFO] Filter status: pending: 5
2026-03-08 00:29:07,511 [INFO] Copied cookies.sqlite → C:\Users\sandeep\AppData\Local\linkedin_scraper_profile
2026-03-08 00:29:07,512 [INFO] Launching Firefox with cookie-only throwaway profile…
2026-03-08 00:29:11,134 [INFO] Verifying LinkedIn login status…
2026-03-08 00:29:15,580 [INFO] LinkedIn session active — no login required.
2026-03-08 00:29:15,596 [INFO] Already scraped: 10 companies in DB — those will be skipped.
2026-03-08 00:29:16,091 [INFO] Filter [1]: keyword='saas' | geo=Austria | industry=IT Services and IT Consulting | size=51-200  (resuming from page 0)
2026-03-08 00:29:16,093 [INFO]   → https://www.linkedin.com/search/results/companies/?keywords=saas&origin=FACETED_SEARCH&companyHqGeo=["103883259"]&companySize=["D"]&industryCompanyVertical=["96"]
2026-03-08 00:29:25,626 [INFO]   Page 0: 10 on page | 10 new this page | 10 queued total
2026-03-08 00:29:29,712 [INFO]   Filter [1] → status: in_progress
2026-03-08 00:29:29,719 [INFO] Discovery complete — 5 companies queued for this run.
2026-03-08 00:29:29,720 [INFO] ─── Company 1 / 5 ───
2026-03-08 00:29:29,720 [INFO] Scraping: https://www.linkedin.com/company/falkenherz
2026-03-08 00:30:05,762 [INFO]   Domain: falkenherz.com
2026-03-08 00:30:05,766 [INFO] Employees for 'FALKENHERZ Group'…
2026-03-08 00:30:17,293 [INFO]   8 employees via DOM.
2026-03-08 00:30:17,300 [INFO]   ✓ FALKENHERZ Group                              | domain: falkenherz.com
2026-03-08 00:30:17,312 [INFO]   ✓ 8 employees saved.
2026-03-08 00:30:24,900 [INFO] ─── Company 2 / 5 ───
2026-03-08 00:30:24,900 [INFO] Scraping: https://www.linkedin.com/company/walldorf-consulting-gmbh
2026-03-08 00:31:01,648 [INFO]   Domain: walldorf.consulting
2026-03-08 00:31:01,651 [INFO] Employees for 'Walldorf Consulting'…
2026-03-08 00:31:15,128 [INFO]   9 employees via DOM.
2026-03-08 00:31:15,134 [INFO]   ✓ Walldorf Consulting                           | domain: walldorf.consulting
2026-03-08 00:31:15,144 [INFO]   ✓ 9 employees saved.
2026-03-08 00:31:23,615 [INFO] ─── Company 3 / 5 ───
2026-03-08 00:31:23,616 [INFO] Scraping: https://www.linkedin.com/company/novum-rgi
2026-03-08 00:31:57,763 [INFO]   Domain: novum-rgi.de
2026-03-08 00:31:57,767 [INFO] Employees for 'NOVUM-RGI'…
2026-03-08 00:32:11,942 [INFO]   10 employees via DOM.
2026-03-08 00:32:11,949 [INFO]   ✓ NOVUM-RGI                                     | domain: novum-rgi.de
2026-03-08 00:32:11,963 [INFO]   ✓ 10 employees saved.
2026-03-08 00:32:17,606 [INFO] ─── Company 4 / 5 ───
2026-03-08 00:32:17,607 [INFO] Scraping: https://www.linkedin.com/company/ready2order-gmbh
2026-03-08 00:32:53,539 [INFO]   Domain: ready2order.com
2026-03-08 00:32:53,543 [INFO] Employees for 'ready2order'…
2026-03-08 00:33:06,741 [INFO]   6 employees via DOM.
2026-03-08 00:33:06,748 [INFO]   ✓ ready2order                                   | domain: ready2order.com
2026-03-08 00:33:06,754 [INFO]   ✓ 6 employees saved.
2026-03-08 00:33:14,626 [INFO] ─── Company 5 / 5 ───
2026-03-08 00:33:14,628 [INFO] Scraping: https://www.linkedin.com/company/idwell
2026-03-08 00:33:49,259 [INFO]   Domain: idwell.com
2026-03-08 00:33:49,263 [INFO] Employees for 'iDWELL'…
2026-03-08 00:34:04,765 [INFO]   9 employees via DOM.
2026-03-08 00:34:04,771 [INFO]   ✓ iDWELL                                        | domain: idwell.com
2026-03-08 00:34:04,784 [INFO]   ✓ 9 employees saved.
2026-03-08 00:34:12,614 [INFO] CSV export: companies.csv  (15 rows)
2026-03-08 00:34:12,616 [INFO] CSV export: employees.csv  (101 rows)
2026-03-08 00:34:12,623 [INFO] === Done ===  DB: linkedin_data.db  |  CSVs: companies.csv / employees.csv
2026-03-08 01:31:27,662 [INFO] === LinkedIn Scraper v4.0 ===
2026-03-08 01:31:27,675 [INFO] Database ready: linkedin_data.db
2026-03-08 01:31:27,677 [INFO] Criteria tables: {'countries': 46, 'industries': 168, 'sizes': 8}
2026-03-08 01:31:27,901 [INFO] search_combinations: 27412 new rows added | 27412 total in queue
2026-03-08 01:31:27,903 [INFO] Queue: pending: 27412
2026-03-08 01:31:28,599 [INFO] Cookies copied → C:\Users\sandeep\AppData\Local\linkedin_scraper_profile
2026-03-08 01:31:35,543 [INFO] LinkedIn session active — no login needed.
2026-03-08 01:31:35,553 [INFO] Companies already in DB: 15 (will be skipped)
2026-03-08 01:31:36,024 [INFO] Combination [1]: Albania | Accounting | 11-50 employees  (page 0 onwards)
2026-03-08 01:31:36,026 [INFO]   GET https://www.linkedin.com/search/results/companies/?keywords=&origin=FACETED_SEARCH&companyHqGeo=["102728260"]&companySize=["C"]&industryCompanyVertical=["160"]
2026-03-08 01:31:43,438 [INFO]   Page 0: 0 results — combination exhausted.
2026-03-08 01:31:43,443 [INFO]   Combination [1] → exhausted
2026-03-08 01:31:43,463 [INFO] Combination [2]: Albania | Accounting | 51-200 employees  (page 0 onwards)
2026-03-08 01:31:43,465 [INFO]   GET https://www.linkedin.com/search/results/companies/?keywords=&origin=FACETED_SEARCH&companyHqGeo=["102728260"]&companySize=["D"]&industryCompanyVertical=["160"]
2026-03-08 01:31:51,539 [INFO]   Page 0: 0 results — combination exhausted.
2026-03-08 01:31:51,541 [INFO]   Combination [2] → exhausted
2026-03-08 01:31:51,561 [INFO] Combination [3]: Albania | Accounting | 201-500 employees  (page 0 onwards)
2026-03-08 01:31:51,562 [INFO]   GET https://www.linkedin.com/search/results/companies/?keywords=&origin=FACETED_SEARCH&companyHqGeo=["102728260"]&companySize=["E"]&industryCompanyVertical=["160"]
2026-03-08 01:31:59,835 [INFO]   Page 0: 0 results — combination exhausted.
2026-03-08 01:31:59,836 [INFO]   Combination [3] → exhausted
2026-03-08 01:31:59,855 [INFO] Combination [4]: Albania | Accounting | 501-1000 employees  (page 0 onwards)
2026-03-08 01:31:59,857 [INFO]   GET https://www.linkedin.com/search/results/companies/?keywords=&origin=FACETED_SEARCH&companyHqGeo=["102728260"]&companySize=["F"]&industryCompanyVertical=["160"]
2026-03-08 01:32:08,075 [INFO]   Page 0: 0 results — combination exhausted.
2026-03-08 01:32:08,077 [INFO]   Combination [4] → exhausted
2026-03-08 01:32:08,096 [INFO] Combination [5]: Albania | Accounting | 1001-5000 employees  (page 0 onwards)
2026-03-08 01:32:08,097 [INFO]   GET https://www.linkedin.com/search/results/companies/?keywords=&origin=FACETED_SEARCH&companyHqGeo=["102728260"]&companySize=["G"]&industryCompanyVertical=["160"]
2026-03-08 01:32:16,120 [INFO]   Page 0: 0 results — combination exhausted.
2026-03-08 01:32:16,124 [INFO]   Combination [5] → exhausted
2026-03-08 01:32:16,144 [INFO] Combination [6]: Albania | Accounting | 5001-10000 employees  (page 0 onwards)
2026-03-08 01:32:16,145 [INFO]   GET https://www.linkedin.com/search/results/companies/?keywords=&origin=FACETED_SEARCH&companyHqGeo=["102728260"]&companySize=["H"]&industryCompanyVertical=["160"]
2026-03-08 01:32:24,046 [INFO]   Page 0: 0 results — combination exhausted.
2026-03-08 01:32:24,050 [INFO]   Combination [6] → exhausted
2026-03-08 01:32:24,073 [INFO] Combination [7]: Albania | Accounting | 10001+ employees  (page 0 onwards)
2026-03-08 01:32:24,075 [INFO]   GET https://www.linkedin.com/search/results/companies/?keywords=&origin=FACETED_SEARCH&companyHqGeo=["102728260"]&companySize=["I"]&industryCompanyVertical=["160"]
2026-03-08 01:32:32,879 [INFO]   Page 0: 0 results — combination exhausted.
2026-03-08 01:32:32,882 [INFO]   Combination [7] → exhausted
2026-03-08 01:32:32,902 [INFO] Combination [8]: Albania | Airlines and Aviation | 11-50 employees  (page 0 onwards)
2026-03-08 01:32:32,903 [INFO]   GET https://www.linkedin.com/search/results/companies/?keywords=&origin=FACETED_SEARCH&companyHqGeo=["102728260"]&companySize=["C"]&industryCompanyVertical=["58"]
2026-03-08 01:32:40,590 [INFO]   Page 0: 0 results — combination exhausted.
2026-03-08 01:32:40,592 [INFO]   Combination [8] → exhausted
2026-03-08 01:32:40,621 [INFO] Combination [9]: Albania | Airlines and Aviation | 51-200 employees  (page 0 onwards)
2026-03-08 01:32:40,622 [INFO]   GET https://www.linkedin.com/search/results/companies/?keywords=&origin=FACETED_SEARCH&companyHqGeo=["102728260"]&companySize=["D"]&industryCompanyVertical=["58"]
2026-03-08 01:32:47,782 [INFO]   Page 0: 0 results — combination exhausted.
2026-03-08 01:32:47,783 [INFO]   Combination [9] → exhausted
2026-03-08 01:32:47,805 [INFO] Combination [10]: Albania | Airlines and Aviation | 201-500 employees  (page 0 onwards)
2026-03-08 01:32:47,807 [INFO]   GET https://www.linkedin.com/search/results/companies/?keywords=&origin=FACETED_SEARCH&companyHqGeo=["102728260"]&companySize=["E"]&industryCompanyVertical=["58"]
2026-03-08 01:32:54,158 [INFO]   Page 0: 0 results — combination exhausted.
2026-03-08 01:32:54,162 [INFO]   Combination [10] → exhausted
2026-03-08 01:32:54,181 [INFO] Combination [11]: Albania | Airlines and Aviation | 501-1000 employees  (page 0 onwards)
2026-03-08 01:32:54,183 [INFO]   GET https://www.linkedin.com/search/results/companies/?keywords=&origin=FACETED_SEARCH&companyHqGeo=["102728260"]&companySize=["F"]&industryCompanyVertical=["58"]
2026-03-08 01:33:02,278 [INFO]   Page 0: 0 results — combination exhausted.
2026-03-08 01:33:02,280 [INFO]   Combination [11] → exhausted
2026-03-08 01:33:02,300 [INFO] Combination [12]: Albania | Airlines and Aviation | 1001-5000 employees  (page 0 onwards)
2026-03-08 01:33:02,302 [INFO]   GET https://www.linkedin.com/search/results/companies/?keywords=&origin=FACETED_SEARCH&companyHqGeo=["102728260"]&companySize=["G"]&industryCompanyVertical=["58"]
2026-03-08 01:33:08,355 [INFO]   Page 0: 0 results — combination exhausted.
2026-03-08 01:33:08,357 [INFO]   Combination [12] → exhausted
2026-03-08 01:33:08,377 [INFO] Combination [13]: Albania | Airlines and Aviation | 5001-10000 employees  (page 0 onwards)
2026-03-08 01:33:08,379 [INFO]   GET https://www.linkedin.com/search/results/companies/?keywords=&origin=FACETED_SEARCH&companyHqGeo=["102728260"]&companySize=["H"]&industryCompanyVertical=["58"]
2026-03-08 01:33:15,453 [INFO]   Page 0: 0 results — combination exhausted.
2026-03-08 01:33:15,455 [INFO]   Combination [13] → exhausted
2026-03-08 01:33:15,474 [INFO] Combination [14]: Albania | Airlines and Aviation | 10001+ employees  (page 0 onwards)
2026-03-08 01:33:15,476 [INFO]   GET https://www.linkedin.com/search/results/companies/?keywords=&origin=FACETED_SEARCH&companyHqGeo=["102728260"]&companySize=["I"]&industryCompanyVertical=["58"]
2026-03-08 01:33:23,079 [INFO]   Page 0: 0 results — combination exhausted.
2026-03-08 01:33:23,082 [INFO]   Combination [14] → exhausted
2026-03-08 01:33:23,101 [INFO] Combination [15]: Albania | Alternative Dispute Resolution | 11-50 employees  (page 0 onwards)
2026-03-08 01:33:23,103 [INFO]   GET https://www.linkedin.com/search/results/companies/?keywords=&origin=FACETED_SEARCH&companyHqGeo=["102728260"]&companySize=["C"]&industryCompanyVertical=["135"]
2026-03-08 01:33:29,631 [INFO]   Page 0: 0 results — combination exhausted.
2026-03-08 01:33:29,632 [INFO]   Combination [15] → exhausted
2026-03-08 01:33:29,654 [INFO] Combination [16]: Albania | Alternative Dispute Resolution | 51-200 employees  (page 0 onwards)
2026-03-08 01:33:29,656 [INFO]   GET https://www.linkedin.com/search/results/companies/?keywords=&origin=FACETED_SEARCH&companyHqGeo=["102728260"]&companySize=["D"]&industryCompanyVertical=["135"]
2026-03-08 01:33:37,088 [INFO]   Page 0: 0 results — combination exhausted.
2026-03-08 01:33:37,090 [INFO]   Combination [16] → exhausted
2026-03-08 01:33:37,109 [INFO] Combination [17]: Albania | Alternative Dispute Resolution | 201-500 employees  (page 0 onwards)
2026-03-08 01:33:37,111 [INFO]   GET https://www.linkedin.com/search/results/companies/?keywords=&origin=FACETED_SEARCH&companyHqGeo=["102728260"]&companySize=["E"]&industryCompanyVertical=["135"]
2026-03-08 01:33:44,326 [INFO]   Page 0: 0 results — combination exhausted.
2026-03-08 01:33:44,327 [INFO]   Combination [17] → exhausted
2026-03-08 01:33:44,346 [INFO] Combination [18]: Albania | Alternative Dispute Resolution | 501-1000 employees  (page 0 onwards)
2026-03-08 01:33:44,348 [INFO]   GET https://www.linkedin.com/search/results/companies/?keywords=&origin=FACETED_SEARCH&companyHqGeo=["102728260"]&companySize=["F"]&industryCompanyVertical=["135"]
2026-03-08 01:33:51,717 [INFO]   Page 0: 0 results — combination exhausted.
2026-03-08 01:33:51,719 [INFO]   Combination [18] → exhausted
2026-03-08 01:33:51,740 [INFO] Combination [19]: Albania | Alternative Dispute Resolution | 1001-5000 employees  (page 0 onwards)
2026-03-08 01:33:51,741 [INFO]   GET https://www.linkedin.com/search/results/companies/?keywords=&origin=FACETED_SEARCH&companyHqGeo=["102728260"]&companySize=["G"]&industryCompanyVertical=["135"]
2026-03-08 01:33:59,242 [INFO]   Page 0: 0 results — combination exhausted.
2026-03-08 01:33:59,246 [INFO]   Combination [19] → exhausted
2026-03-08 01:33:59,265 [INFO] Combination [20]: Albania | Alternative Dispute Resolution | 5001-10000 employees  (page 0 onwards)
2026-03-08 01:33:59,267 [INFO]   GET https://www.linkedin.com/search/results/companies/?keywords=&origin=FACETED_SEARCH&companyHqGeo=["102728260"]&companySize=["H"]&industryCompanyVertical=["135"]
2026-03-08 01:34:07,169 [INFO]   Page 0: 0 results — combination exhausted.
2026-03-08 01:34:07,170 [INFO]   Combination [20] → exhausted
2026-03-08 01:34:07,195 [INFO] Combination [21]: Albania | Alternative Dispute Resolution | 10001+ employees  (page 0 onwards)
2026-03-08 01:34:07,197 [INFO]   GET https://www.linkedin.com/search/results/companies/?keywords=&origin=FACETED_SEARCH&companyHqGeo=["102728260"]&companySize=["I"]&industryCompanyVertical=["135"]
2026-03-08 01:34:17,285 [INFO]   Page 0: 0 results — combination exhausted.
2026-03-08 01:34:17,288 [INFO]   Combination [21] → exhausted
2026-03-08 01:34:17,311 [INFO] Combination [22]: Albania | Alternative Medicine | 11-50 employees  (page 0 onwards)
2026-03-08 01:34:17,312 [INFO]   GET https://www.linkedin.com/search/results/companies/?keywords=&origin=FACETED_SEARCH&companyHqGeo=["102728260"]&companySize=["C"]&industryCompanyVertical=["70"]
2026-03-08 01:34:24,551 [INFO]   Page 0: 0 results — combination exhausted.
2026-03-08 01:34:24,554 [INFO]   Combination [22] → exhausted
2026-03-08 01:34:24,576 [INFO] Combination [23]: Albania | Alternative Medicine | 51-200 employees  (page 0 onwards)
2026-03-08 01:34:24,579 [INFO]   GET https://www.linkedin.com/search/results/companies/?keywords=&origin=FACETED_SEARCH&companyHqGeo=["102728260"]&companySize=["D"]&industryCompanyVertical=["70"]
2026-03-08 01:34:30,582 [INFO]   Page 0: 0 results — combination exhausted.
2026-03-08 01:34:30,586 [INFO]   Combination [23] → exhausted
2026-03-08 01:34:30,607 [INFO] Combination [24]: Albania | Alternative Medicine | 201-500 employees  (page 0 onwards)
2026-03-08 01:34:30,608 [INFO]   GET https://www.linkedin.com/search/results/companies/?keywords=&origin=FACETED_SEARCH&companyHqGeo=["102728260"]&companySize=["E"]&industryCompanyVertical=["70"]
2026-03-08 01:34:39,021 [INFO]   Page 0: 0 results — combination exhausted.
2026-03-08 01:34:39,024 [INFO]   Combination [24] → exhausted
2026-03-08 01:34:39,043 [INFO] Combination [25]: Albania | Alternative Medicine | 501-1000 employees  (page 0 onwards)
2026-03-08 01:34:39,045 [INFO]   GET https://www.linkedin.com/search/results/companies/?keywords=&origin=FACETED_SEARCH&companyHqGeo=["102728260"]&companySize=["F"]&industryCompanyVertical=["70"]
2026-03-08 01:34:46,588 [INFO]   Page 0: 0 results — combination exhausted.
2026-03-08 01:34:46,592 [INFO]   Combination [25] → exhausted
2026-03-08 01:34:46,611 [INFO] Combination [26]: Albania | Alternative Medicine | 1001-5000 employees  (page 0 onwards)
2026-03-08 01:34:46,613 [INFO]   GET https://www.linkedin.com/search/results/companies/?keywords=&origin=FACETED_SEARCH&companyHqGeo=["102728260"]&companySize=["G"]&industryCompanyVertical=["70"]
2026-03-08 01:34:54,220 [INFO]   Page 0: 0 results — combination exhausted.
2026-03-08 01:34:54,223 [INFO]   Combination [26] → exhausted
2026-03-08 01:34:54,242 [INFO] Combination [27]: Albania | Alternative Medicine | 5001-10000 employees  (page 0 onwards)
2026-03-08 01:34:54,244 [INFO]   GET https://www.linkedin.com/search/results/companies/?keywords=&origin=FACETED_SEARCH&companyHqGeo=["102728260"]&companySize=["H"]&industryCompanyVertical=["70"]
2026-03-08 01:35:02,316 [INFO]   Page 0: 0 results — combination exhausted.
2026-03-08 01:35:02,319 [INFO]   Combination [27] → exhausted
2026-03-08 01:35:02,339 [INFO] Combination [28]: Albania | Alternative Medicine | 10001+ employees  (page 0 onwards)
2026-03-08 01:35:02,340 [INFO]   GET https://www.linkedin.com/search/results/companies/?keywords=&origin=FACETED_SEARCH&companyHqGeo=["102728260"]&companySize=["I"]&industryCompanyVertical=["70"]
2026-03-08 01:35:10,142 [INFO]   Page 0: 0 results — combination exhausted.
2026-03-08 01:35:10,145 [INFO]   Combination [28] → exhausted
2026-03-08 01:35:10,165 [INFO] Combination [29]: Albania | Animation | 11-50 employees  (page 0 onwards)
2026-03-08 01:35:10,166 [INFO]   GET https://www.linkedin.com/search/results/companies/?keywords=&origin=FACETED_SEARCH&companyHqGeo=["102728260"]&companySize=["C"]&industryCompanyVertical=["29"]
2026-03-08 01:35:17,176 [INFO]   Page 0: 0 results — combination exhausted.
2026-03-08 01:35:17,178 [INFO]   Combination [29] → exhausted
2026-03-08 01:35:17,197 [INFO] Combination [30]: Albania | Animation | 51-200 employees  (page 0 onwards)
2026-03-08 01:35:17,199 [INFO]   GET https://www.linkedin.com/search/results/companies/?keywords=&origin=FACETED_SEARCH&companyHqGeo=["102728260"]&companySize=["D"]&industryCompanyVertical=["29"]
2026-03-08 01:35:22,864 [WARNING] URL collection error: Mouse.wheel: Target page, context or browser has been closed
2026-03-08 01:35:22,865 [INFO]   Page 0: 0 results — combination exhausted.
2026-03-08 01:35:22,866 [INFO]   Combination [30] → exhausted
2026-03-08 01:35:22,903 [INFO] Combination [31]: Albania | Animation | 201-500 employees  (page 0 onwards)
2026-03-08 01:35:22,907 [INFO]   GET https://www.linkedin.com/search/results/companies/?keywords=&origin=FACETED_SEARCH&companyHqGeo=["102728260"]&companySize=["E"]&industryCompanyVertical=["29"]
2026-03-08 01:35:22,909 [WARNING]   Page 0 error: Page.goto: Target page, context or browser has been closed
2026-03-08 01:45:03,877 [INFO] === LinkedIn Scraper v4.0 ===
2026-03-08 01:45:03,881 [INFO] Database ready: linkedin_data.db
2026-03-08 01:45:03,890 [INFO] Criteria tables: {'countries': 46, 'industries': 168, 'sizes': 8}
2026-03-08 01:45:04,049 [INFO] search_combinations: 0 new rows added | 27412 total in queue
2026-03-08 01:45:04,052 [INFO] Queue: exhausted: 30 | in_progress: 1 | pending: 27381
2026-03-08 01:45:13,583 [INFO] Cookies copied → C:\Users\sandeep\AppData\Local\linkedin_scraper_profile
2026-03-08 01:45:25,083 [INFO] LinkedIn session active — no login needed.
2026-03-08 01:45:25,101 [INFO] Companies already in DB: 15 (will be skipped)
2026-03-08 01:45:25,767 [INFO] Combination [32] (1/2): Albania | Animation | 501-1000 employees  (resume page 0)
2026-03-08 01:45:41,563 [WARNING]   apply_country_filter_via_ui failed: Page.wait_for_selector: Timeout 8000ms exceeded.
Call log:
  - waiting for locator("button:has-text('Locations'), button[aria-label*='Locations'], button[aria-label*='location']") to be visible

2026-03-08 01:45:41,563 [WARNING]   Could not apply country filter for 'Albania' — skipping combination.
2026-03-08 01:45:51,475 [INFO] Combination [33] (2/2): Albania | Animation | 1001-5000 employees  (resume page 0)
2026-03-08 01:46:10,300 [WARNING]   apply_country_filter_via_ui failed: Page.wait_for_selector: Timeout 8000ms exceeded.
Call log:
  - waiting for locator("button:has-text('Locations'), button[aria-label*='Locations'], button[aria-label*='location']") to be visible

2026-03-08 01:46:10,301 [WARNING]   Could not apply country filter for 'Albania' — skipping combination.
2026-03-08 01:46:24,226 [INFO] Discovery done: 0 new companies queued.
2026-03-08 01:46:24,227 [WARNING] No new companies found.
All combinations may be exhausted, or try activating more criteria in the DB reference tables.
2026-03-08 01:54:39,543 [INFO] === LinkedIn Scraper v4.0 ===
2026-03-08 01:57:28,087 [INFO] === LinkedIn Scraper v4.0 ===
2026-03-08 01:57:28,093 [INFO] Migration: added sort_order column to criteria_countries.
2026-03-08 01:57:28,094 [INFO] Database ready: linkedin_data.db
2026-03-08 01:57:28,096 [INFO] Criteria tables: {'countries': 47, 'industries': 168, 'sizes': 8}
2026-03-08 01:57:28,230 [INFO] search_combinations: 0 new rows added | 27412 total in queue
2026-03-08 01:57:28,232 [INFO] Queue: exhausted: 32 | in_progress: 1 | pending: 27379
2026-03-08 01:57:28,896 [INFO] Cookies copied → C:\Users\sandeep\AppData\Local\linkedin_scraper_profile
2026-03-08 01:57:39,133 [INFO] LinkedIn session active — no login needed.
2026-03-08 01:57:39,149 [INFO] Companies already in DB: 15 (will be skipped)
2026-03-08 01:57:39,771 [INFO] Combination [31] (1/2): Albania | Animation | 201-500 employees  (resume page 0)
2026-03-08 01:58:01,121 [WARNING]   apply_country_filter_via_ui failed: Timeout 15000ms exceeded.
2026-03-08 01:58:01,122 [WARNING]   Could not apply country filter for 'Albania' — skipping combination.
2026-03-08 01:58:09,326 [INFO] Combination [1401] (2/2): Austria | Accounting | 11-50 employees  (resume page 0)
2026-03-08 01:58:29,773 [WARNING]   apply_country_filter_via_ui failed: Timeout 15000ms exceeded.
2026-03-08 01:58:29,773 [WARNING]   Could not apply country filter for 'Austria' — skipping combination.
2026-03-08 01:58:40,472 [INFO] Discovery done: 0 new companies queued.
2026-03-08 01:58:40,472 [WARNING] No new companies found.
All combinations may be exhausted, or try activating more criteria in the DB reference tables.
2026-03-08 02:03:38,875 [INFO] === LinkedIn Scraper v4.1 ===
2026-03-08 02:03:38,882 [INFO] Database ready: linkedin_data.db
2026-03-08 02:03:38,888 [INFO] Criteria tables: {'countries': 47, 'industries': 168, 'sizes': 8}
2026-03-08 02:03:39,049 [INFO] Cleared 27378 pending combinations — rebuilding with current sort order.
2026-03-08 02:03:39,366 [INFO] search_combinations: 27378 new rows added | 27412 total in queue
2026-03-08 02:03:39,369 [INFO] Queue: exhausted: 34 | pending: 27378
2026-03-08 02:03:39,941 [INFO] Cookies copied → C:\Users\sandeep\AppData\Local\linkedin_scraper_profile
2026-03-08 02:03:48,896 [INFO] LinkedIn session active — no login needed.
2026-03-08 02:03:48,907 [INFO] Companies already in DB: 15 (will be skipped)
2026-03-08 02:03:49,339 [INFO] Combination [93102] (1/2): Austria | Accounting | 51-200 employees  (resume page 0)
2026-03-08 02:04:34,602 [WARNING]   Locations button not found. Visible buttons: ['Skip to main content', 'Home', 'Me', 'For Business', 'All filters', 'Edit search', 'Why am I seeing this ad?Manage your ad preferences', 'Hide or report this adI don’t want to see this ad in my feed', 'Report this ad', 'Submit', 'Messaging\nYou are on the messaging overlay. Press enter to open the list of conversations.', 'Compose message', 'You are on the messaging overlay. Press enter to open the list of conversations.']
2026-03-08 02:04:34,603 [WARNING]   Could not apply country filter for 'Austria' — skipping combination.
2026-03-08 02:04:43,956 [INFO] Combination [93103] (2/2): Austria | Accounting | 201-500 employees  (resume page 0)
2026-03-08 02:05:28,245 [WARNING]   Locations button not found. Visible buttons: ['Skip to main content', 'Home', 'Me', 'For Business', 'All filters', 'Edit search', 'Why am I seeing this ad?Manage your ad preferences', 'Hide or report this adI don’t want to see this ad in my feed', 'Report this ad', 'Submit', 'Messaging\nYou are on the messaging overlay. Press enter to open the list of conversations.', 'Compose message', 'You are on the messaging overlay. Press enter to open the list of conversations.']
2026-03-08 02:05:28,246 [WARNING]   Could not apply country filter for 'Austria' — skipping combination.
2026-03-08 02:05:43,115 [INFO] Discovery done: 0 new companies queued.
2026-03-08 02:05:43,115 [WARNING] No new companies found.
All combinations may be exhausted, or try activating more criteria in the DB reference tables.
2026-03-08 02:08:55,576 [INFO] === LinkedIn Scraper v4.1 ===
2026-03-08 02:08:55,585 [INFO] Database ready: linkedin_data.db
2026-03-08 02:08:55,589 [INFO] Criteria tables: {'countries': 47, 'industries': 168, 'sizes': 8}
2026-03-08 02:08:55,641 [INFO] Cleared 27376 pending combinations — rebuilding with current sort order.
2026-03-08 02:08:55,965 [INFO] search_combinations: 27376 new rows added | 27412 total in queue
2026-03-08 02:08:55,974 [INFO] Queue: exhausted: 36 | pending: 27376
2026-03-08 02:08:56,538 [INFO] Cookies copied → C:\Users\sandeep\AppData\Local\linkedin_scraper_profile
2026-03-08 02:09:05,068 [INFO] LinkedIn session active — no login needed.
2026-03-08 02:09:05,080 [INFO] Companies already in DB: 15 (will be skipped)
2026-03-08 02:09:05,546 [INFO] Combination [124604] (1/2): Austria | Accounting | 501-1000 employees  (resume page 0)
2026-03-08 02:09:26,891 [INFO]   Layout B: opening 'All filters' modal...
2026-03-08 02:09:59,401 [WARNING]   Could not find location input in either layout.
2026-03-08 02:09:59,402 [WARNING]   Could not apply country filter for 'Austria' — skipping combination.
2026-03-08 02:10:11,717 [INFO] Combination [124605] (2/2): Austria | Accounting | 1001-5000 employees  (resume page 0)
2026-03-08 02:10:31,776 [INFO]   Layout B: opening 'All filters' modal...
2026-03-08 02:11:04,194 [WARNING]   Could not find location input in either layout.
2026-03-08 02:11:04,194 [WARNING]   Could not apply country filter for 'Austria' — skipping combination.
2026-03-08 02:11:17,647 [INFO] Discovery done: 0 new companies queued.
2026-03-08 02:11:17,647 [WARNING] No new companies found.
All combinations may be exhausted, or try activating more criteria in the DB reference tables.
2026-03-08 02:14:13,549 [INFO] === LinkedIn Scraper v4.1 ===
2026-03-08 02:14:13,557 [INFO] Database ready: linkedin_data.db
2026-03-08 02:14:13,558 [INFO] Criteria tables: {'countries': 47, 'industries': 168, 'sizes': 8}
2026-03-08 02:14:13,603 [INFO] Cleared 27374 pending combinations — rebuilding with current sort order.
2026-03-08 02:14:13,882 [INFO] search_combinations: 27374 new rows added | 27412 total in queue
2026-03-08 02:14:13,891 [INFO] Queue: exhausted: 38 | pending: 27374
2026-03-08 02:14:14,455 [INFO] Cookies copied → C:\Users\sandeep\AppData\Local\linkedin_scraper_profile
2026-03-08 02:14:22,926 [INFO] LinkedIn session active — no login needed.
2026-03-08 02:14:22,937 [INFO] Companies already in DB: 15 (will be skipped)
2026-03-08 02:14:23,623 [INFO] Combination [156106] (1/2): Austria | Accounting | 5001-10000 employees  (resume page 0)
2026-03-08 02:14:34,092 [INFO]   Trying All filters modal...
2026-03-08 02:14:51,020 [INFO]   Opened All filters modal.
2026-03-08 02:15:07,198 [INFO]   Visible inputs: ["placeholder='Search' aria-label='' id=':r1:'"]
2026-03-08 02:15:07,199 [WARNING]   Could not find location input in either layout.
2026-03-08 02:15:07,199 [WARNING]   Could not apply country filter for 'Austria' — skipping combination.
2026-03-08 02:15:16,493 [INFO] Combination [156107] (2/2): Austria | Accounting | 10001+ employees  (resume page 0)
2026-03-08 02:15:28,778 [INFO]   Trying All filters modal...
2026-03-08 02:15:31,389 [INFO]   Opened All filters modal.
2026-03-08 02:15:47,580 [INFO]   Visible inputs: ["placeholder='Search' aria-label='' id=':r1:'"]
2026-03-08 02:15:47,580 [WARNING]   Could not find location input in either layout.
2026-03-08 02:15:47,580 [WARNING]   Could not apply country filter for 'Austria' — skipping combination.
2026-03-08 02:15:59,066 [INFO] Discovery done: 0 new companies queued.
2026-03-08 02:15:59,066 [WARNING] No new companies found.
All combinations may be exhausted, or try activating more criteria in the DB reference tables.
2026-03-08 02:17:48,048 [INFO] === LinkedIn Scraper v4.1 ===
2026-03-08 02:17:48,060 [INFO] Database ready: linkedin_data.db
2026-03-08 02:17:48,062 [INFO] Criteria tables: {'countries': 47, 'industries': 168, 'sizes': 8}
2026-03-08 02:17:48,117 [INFO] Cleared 27372 pending combinations — rebuilding with current sort order.
2026-03-08 02:17:48,473 [INFO] search_combinations: 27372 new rows added | 27412 total in queue
2026-03-08 02:17:48,477 [INFO] Queue: exhausted: 40 | pending: 27372
2026-03-08 02:17:49,042 [INFO] Cookies copied → C:\Users\sandeep\AppData\Local\linkedin_scraper_profile
2026-03-08 02:17:57,223 [INFO] LinkedIn session active — no login needed.
2026-03-08 02:17:57,245 [INFO] Companies already in DB: 15 (will be skipped)
2026-03-08 02:17:57,674 [INFO] Combination [187608] (1/2): Austria | Airlines and Aviation | 11-50 employees  (resume page 0)
2026-03-08 02:18:08,050 [INFO]   Trying All filters modal...
2026-03-08 02:18:10,805 [INFO]   Opened All filters modal.
2026-03-08 02:18:46,950 [INFO]   Location input found via: input[placeholder='Search']
2026-03-08 02:18:52,297 [WARNING]   No exact dropdown match — pressing Enter.
2026-03-08 02:19:21,690 [INFO]   Country filter 'Austria' applied.
2026-03-08 02:19:32,294 [INFO]   Page 0: 1 on page | 1 new | 1 queued total
2026-03-08 02:19:51,332 [INFO]   Page 1: 1 on page | 0 new | 1 queued total
2026-03-08 02:20:06,950 [INFO]   Page 2: 1 on page | 0 new | 1 queued total
2026-03-08 02:20:24,258 [INFO]   Page 3: 1 on page | 0 new | 1 queued total
2026-03-08 02:20:39,554 [INFO]   Page 4: 1 on page | 0 new | 1 queued total
2026-03-08 02:20:57,139 [INFO]   Page 5: 1 on page | 0 new | 1 queued total
2026-03-08 02:21:16,020 [INFO]   Page 6: 1 on page | 0 new | 1 queued total
2026-03-08 02:21:33,444 [INFO]   Page 7: 1 on page | 0 new | 1 queued total
2026-03-08 02:21:48,282 [INFO]   Page 8: 1 on page | 0 new | 1 queued total
2026-03-08 02:22:03,110 [INFO]   Page 9: 1 on page | 0 new | 1 queued total
2026-03-08 02:22:10,294 [INFO]   Combination [187608] → exhausted
2026-03-08 02:22:10,295 [INFO]   Waiting 44 s before next combination (anti-block)…
2026-03-08 02:22:54,482 [INFO] Combination [187609] (2/2): Austria | Airlines and Aviation | 51-200 employees  (resume page 0)
2026-03-08 02:23:06,274 [INFO]   Trying All filters modal...
2026-03-08 02:24:12,704 [INFO]   Location input found via: input[placeholder='Search']
2026-03-08 02:24:18,062 [INFO]   Selecting: 'austria neuroscience journal'
2026-03-08 02:24:50,915 [INFO]   Country filter 'Austria' applied.
2026-03-08 02:28:46,768 [INFO]   Page 0: 11 on page | 4 new | 5 queued total
2026-03-08 02:28:51,869 [INFO]   Combination [187609] → in_progress
2026-03-08 02:28:51,894 [INFO] Discovery done: 5 new companies queued.
2026-03-08 02:28:51,894 [INFO] ─── 1 / 5 ───
2026-03-08 02:28:51,894 [INFO] Scraping: https://www.linkedin.com/company/ac-yachting-austria
2026-03-08 02:29:32,982 [INFO]   Domain: acyachting.at
2026-03-08 02:29:32,987 [INFO]   Employees for 'AC Yachting Austria'…
2026-03-08 02:29:47,949 [INFO]   2 employees via DOM.
2026-03-08 02:29:47,954 [ERROR] Error on https://www.linkedin.com/company/ac-yachting-austria: table companies has no column named country
Traceback (most recent call last):
  File "C:\Users\sandeep\Downloads\CVL\linkedin_scraper.py", line 1617, in main
    save_company(conn, company)
    ~~~~~~~~~~~~^^^^^^^^^^^^^^^
  File "C:\Users\sandeep\Downloads\CVL\linkedin_scraper.py", line 1552, in save_company
    upsert_company(conn, company)
    ~~~~~~~~~~~~~~^^^^^^^^^^^^^^^
  File "C:\Users\sandeep\Downloads\CVL\linkedin_scraper.py", line 527, in upsert_company
    cur.execute(sql, rec)
    ~~~~~~~~~~~^^^^^^^^^^
sqlite3.OperationalError: table companies has no column named country
2026-03-08 02:29:57,063 [INFO] ─── 2 / 5 ───
2026-03-08 02:29:57,064 [INFO] Scraping: https://www.linkedin.com/company/tum-universitätsklinikum-rechts-der-isar
2026-03-08 02:30:36,018 [INFO]   Domain: mri.tum.de
2026-03-08 02:30:36,023 [INFO]   Employees for 'TUM Klinikum Rechts der Isar'…
2026-03-08 02:30:52,112 [INFO]   8 employees via DOM.
2026-03-08 02:30:52,117 [ERROR] Error on https://www.linkedin.com/company/tum-universitätsklinikum-rechts-der-isar: table companies has no column named country
Traceback (most recent call last):
  File "C:\Users\sandeep\Downloads\CVL\linkedin_scraper.py", line 1617, in main
    save_company(conn, company)
    ~~~~~~~~~~~~^^^^^^^^^^^^^^^
  File "C:\Users\sandeep\Downloads\CVL\linkedin_scraper.py", line 1552, in save_company
    upsert_company(conn, company)
    ~~~~~~~~~~~~~~^^^^^^^^^^^^^^^
  File "C:\Users\sandeep\Downloads\CVL\linkedin_scraper.py", line 527, in upsert_company
    cur.execute(sql, rec)
    ~~~~~~~~~~~^^^^^^^^^^
sqlite3.OperationalError: table companies has no column named country
2026-03-08 02:31:02,363 [INFO] ─── 3 / 5 ───
2026-03-08 02:31:02,364 [INFO] Scraping: https://www.linkedin.com/company/technische-universitat-munchen
2026-03-08 02:31:42,742 [INFO]   Domain: tum.de
2026-03-08 02:31:42,745 [INFO]   Employees for 'Technical University of Munich'…
2026-03-08 02:31:57,100 [INFO]   10 employees via DOM.
2026-03-08 02:31:57,105 [ERROR] Error on https://www.linkedin.com/company/technische-universitat-munchen: table companies has no column named country
Traceback (most recent call last):
  File "C:\Users\sandeep\Downloads\CVL\linkedin_scraper.py", line 1617, in main
    save_company(conn, company)
    ~~~~~~~~~~~~^^^^^^^^^^^^^^^
  File "C:\Users\sandeep\Downloads\CVL\linkedin_scraper.py", line 1552, in save_company
    upsert_company(conn, company)
    ~~~~~~~~~~~~~~^^^^^^^^^^^^^^^
  File "C:\Users\sandeep\Downloads\CVL\linkedin_scraper.py", line 527, in upsert_company
    cur.execute(sql, rec)
    ~~~~~~~~~~~^^^^^^^^^^
sqlite3.OperationalError: table companies has no column named country
2026-03-08 02:32:07,306 [INFO] ─── 4 / 5 ───
2026-03-08 02:32:07,307 [INFO] Scraping: https://www.linkedin.com/company/austrian-embassy-london
2026-03-08 02:32:47,689 [INFO]   Domain: bmeia.gv.at
2026-03-08 02:32:47,692 [INFO]   Employees for 'Austrian Embassy London'…
2026-03-08 02:33:02,774 [INFO]   9 employees via DOM.
2026-03-08 02:33:02,778 [ERROR] Error on https://www.linkedin.com/company/austrian-embassy-london: table companies has no column named country
Traceback (most recent call last):
  File "C:\Users\sandeep\Downloads\CVL\linkedin_scraper.py", line 1617, in main
    save_company(conn, company)
    ~~~~~~~~~~~~^^^^^^^^^^^^^^^
  File "C:\Users\sandeep\Downloads\CVL\linkedin_scraper.py", line 1552, in save_company
    upsert_company(conn, company)
    ~~~~~~~~~~~~~~^^^^^^^^^^^^^^^
  File "C:\Users\sandeep\Downloads\CVL\linkedin_scraper.py", line 527, in upsert_company
    cur.execute(sql, rec)
    ~~~~~~~~~~~^^^^^^^^^^
sqlite3.OperationalError: table companies has no column named country
2026-03-08 02:33:12,740 [INFO] ─── 5 / 5 ───
2026-03-08 02:33:12,740 [INFO] Scraping: https://www.linkedin.com/company/stimmuli-for-social-change
2026-03-08 02:33:50,743 [INFO]   Domain: stimmuli.eu
2026-03-08 02:33:50,747 [INFO]   Employees for 'Stimmuli For Social Change'…
2026-03-08 02:34:04,536 [INFO]   10 employees via DOM.
2026-03-08 02:34:04,540 [ERROR] Error on https://www.linkedin.com/company/stimmuli-for-social-change: table companies has no column named country
Traceback (most recent call last):
  File "C:\Users\sandeep\Downloads\CVL\linkedin_scraper.py", line 1617, in main
    save_company(conn, company)
    ~~~~~~~~~~~~^^^^^^^^^^^^^^^
  File "C:\Users\sandeep\Downloads\CVL\linkedin_scraper.py", line 1552, in save_company
    upsert_company(conn, company)
    ~~~~~~~~~~~~~~^^^^^^^^^^^^^^^
  File "C:\Users\sandeep\Downloads\CVL\linkedin_scraper.py", line 527, in upsert_company
    cur.execute(sql, rec)
    ~~~~~~~~~~~^^^^^^^^^^
sqlite3.OperationalError: table companies has no column named country
2026-03-08 02:34:15,611 [INFO] CSV: criteria_countries.csv               47 rows
2026-03-08 02:34:15,612 [INFO] CSV: criteria_industries.csv              168 rows
2026-03-08 02:34:15,613 [INFO] CSV: criteria_sizes.csv                   8 rows
2026-03-08 02:34:15,875 [INFO] CSV: search_combinations.csv              27412 rows
2026-03-08 02:34:15,882 [INFO] CSV: companies.csv                        15 rows
2026-03-08 02:34:15,884 [INFO] CSV: employees.csv                        101 rows
2026-03-08 02:34:15,893 [INFO] === Done ===
2026-03-08 02:38:49,908 [INFO] === LinkedIn Scraper v4.1 ===
2026-03-08 02:38:49,916 [INFO] Migration: added country column to companies.
2026-03-08 02:38:49,917 [INFO] Database ready: linkedin_data.db
2026-03-08 02:38:49,918 [INFO] Criteria tables: {'countries': 47, 'industries': 168, 'sizes': 8}
2026-03-08 02:38:49,959 [INFO] Cleared 27370 pending combinations — rebuilding with current sort order.
2026-03-08 02:38:50,355 [INFO] search_combinations: 27370 new rows added | 27412 total in queue
2026-03-08 02:38:50,362 [INFO] Queue: exhausted: 41 | in_progress: 1 | pending: 27370
2026-03-08 02:38:51,094 [INFO] Cookies copied → C:\Users\sandeep\AppData\Local\linkedin_scraper_profile
2026-03-08 02:39:00,818 [INFO] LinkedIn session active — no login needed.
2026-03-08 02:39:00,829 [INFO] Companies already in DB: 15 (will be skipped)
2026-03-08 02:39:01,364 [INFO] Combination [187609] (1/2): Austria | Airlines and Aviation | 51-200 employees  (resume page 1)
2026-03-08 02:39:19,675 [INFO]   Page 1: 10 on page | 5 new | 5 queued total
2026-03-08 02:39:24,647 [INFO]   Combination [187609] → in_progress
2026-03-08 02:39:24,655 [INFO] Discovery done: 5 new companies queued.
2026-03-08 02:39:24,655 [INFO] ─── 1 / 5 ───
2026-03-08 02:39:24,655 [INFO] Scraping: https://www.linkedin.com/company/st.-johns-ship-building-inc.
2026-03-08 02:40:02,534 [INFO]   Domain: stjohnsshipbuilding.com
2026-03-08 02:40:02,538 [INFO]   Employees for 'St. Johns Ship Building, Inc.'…
2026-03-08 02:40:16,830 [INFO]   8 employees via DOM.
2026-03-08 02:40:16,836 [INFO]   ✓ St. Johns Ship Building, Inc.                 | country: Austria         | domain: stjohnsshipbuilding.com
2026-03-08 02:40:16,844 [INFO]   ✓ 8 employees saved.
2026-03-08 02:40:26,291 [INFO] ─── 2 / 5 ───
2026-03-08 02:40:26,292 [INFO] Scraping: https://www.linkedin.com/company/bertramyachts
2026-03-08 02:41:05,577 [INFO]   Domain: bertram.com
2026-03-08 02:41:05,581 [INFO]   Employees for 'Bertram Yachts'…
2026-03-08 02:41:28,640 [INFO]   9 employees via DOM.
2026-03-08 02:41:28,647 [INFO]   ✓ Bertram Yachts                                | country: Austria         | domain: bertram.com
2026-03-08 02:41:28,660 [INFO]   ✓ 9 employees saved.
2026-03-08 02:41:39,521 [INFO] ─── 3 / 5 ───
2026-03-08 02:41:39,522 [INFO] Scraping: https://www.linkedin.com/company/arc-boat-company
2026-03-08 02:42:19,670 [INFO]   Domain: arcboats.com
2026-03-08 02:42:19,674 [INFO]   Employees for 'Arc'…
2026-03-08 02:42:34,148 [INFO]   2 employees via DOM.
2026-03-08 02:42:34,155 [INFO]   ✓ Arc                                           | country: Austria         | domain: arcboats.com
2026-03-08 02:42:34,157 [INFO]   ✓ 2 employees saved.
2026-03-08 02:42:47,541 [INFO] ─── 4 / 5 ───
2026-03-08 02:42:47,542 [INFO] Scraping: https://www.linkedin.com/company/mangusta-overmarine
2026-03-08 02:43:26,350 [INFO]   Domain: mangustayachts.com
2026-03-08 02:43:26,354 [INFO]   Employees for 'Mangusta Yachts'…
2026-03-08 02:43:41,368 [INFO]   8 employees via DOM.
2026-03-08 02:43:41,374 [INFO]   ✓ Mangusta Yachts                               | country: Austria         | domain: mangustayachts.com
2026-03-08 02:43:41,390 [INFO]   ✓ 8 employees saved.
2026-03-08 02:43:50,946 [INFO] ─── 5 / 5 ───
2026-03-08 02:43:50,946 [INFO] Scraping: https://www.linkedin.com/company/cigarette-racing
2026-03-08 02:44:30,753 [INFO]   Domain: cigaretteracing.com
2026-03-08 02:44:30,757 [INFO]   Employees for 'Cigarette Racing'…
2026-03-08 02:44:48,415 [INFO]   6 employees via DOM.
2026-03-08 02:44:48,421 [INFO]   ✓ Cigarette Racing                              | country: Austria         | domain: cigaretteracing.com
2026-03-08 02:44:48,427 [INFO]   ✓ 6 employees saved.
2026-03-08 02:45:04,121 [INFO] CSV: criteria_countries.csv               47 rows
2026-03-08 02:45:04,122 [INFO] CSV: criteria_industries.csv              168 rows
2026-03-08 02:45:04,123 [INFO] CSV: criteria_sizes.csv                   8 rows
2026-03-08 02:45:04,415 [INFO] CSV: search_combinations.csv              27412 rows
2026-03-08 02:45:04,422 [INFO] CSV: companies.csv                        20 rows
2026-03-08 02:45:04,425 [INFO] CSV: employees.csv                        134 rows
2026-03-08 02:45:04,432 [INFO] === Done ===
2026-03-08 18:32:04,828 [INFO] === LinkedIn Scraper v4.1 ===
2026-03-08 18:32:04,839 [INFO] Database ready: linkedin_data.db
2026-03-08 18:32:04,841 [INFO] Criteria tables: {'countries': 47, 'industries': 168, 'sizes': 8}
2026-03-08 18:32:04,885 [INFO] Cleared 27370 pending combinations — rebuilding with current sort order.
2026-03-08 18:32:05,182 [INFO] search_combinations: 27370 new rows added | 27412 total in queue
2026-03-08 18:32:05,185 [INFO] Queue: exhausted: 41 | in_progress: 1 | pending: 27370
2026-03-08 18:32:11,347 [INFO] Cookies copied → C:\Users\sandeep\AppData\Local\linkedin_scraper_profile
2026-03-08 18:32:22,330 [INFO] LinkedIn session active — no login needed.
2026-03-08 18:32:22,369 [INFO] Companies already in DB: 20 (will be skipped)
2026-03-08 18:32:22,809 [INFO] Combination [187609] (1/2): Austria | Airlines and Aviation | 51-200 employees  (resume page 2)
2026-03-08 18:32:41,224 [INFO]   Page 2: 10 on page | 5 new | 5 queued total
2026-03-08 18:32:47,275 [INFO]   Combination [187609] → in_progress
2026-03-08 18:32:47,301 [INFO] Discovery done: 5 new companies queued.
2026-03-08 18:32:47,301 [INFO] ─── 1 / 5 ───
2026-03-08 18:32:47,302 [INFO] Scraping: https://www.linkedin.com/company/ellicott-dredges
2026-03-08 18:33:26,579 [INFO]   Domain: dredge.com
2026-03-08 18:33:26,583 [INFO]   Employees for 'Ellicott Dredges'…
2026-03-08 18:33:43,603 [INFO]   6 employees via DOM.
2026-03-08 18:33:43,610 [INFO]   ✓ Ellicott Dredges                              | country: Austria         | domain: dredge.com
2026-03-08 18:33:43,616 [INFO]   ✓ 6 employees saved.
2026-03-08 18:33:55,221 [INFO] ─── 2 / 5 ───
2026-03-08 18:33:55,221 [INFO] Scraping: https://www.linkedin.com/company/burger-boat-company
2026-03-08 18:34:31,792 [INFO]   Domain: burgerboat.com
2026-03-08 18:34:31,796 [INFO]   Employees for 'Burger Boat Company'…
2026-03-08 18:34:48,513 [INFO]   6 employees via DOM.
2026-03-08 18:34:48,523 [INFO]   ✓ Burger Boat Company                           | country: Austria         | domain: burgerboat.com
2026-03-08 18:34:48,530 [INFO]   ✓ 6 employees saved.
2026-03-08 18:34:59,192 [INFO] ─── 3 / 5 ───
2026-03-08 18:34:59,192 [INFO] Scraping: https://www.linkedin.com/company/ecrfab
2026-03-08 18:35:37,608 [INFO]   Domain: ecrfab.com
2026-03-08 18:35:37,612 [INFO]   Employees for 'East Coast Repair & Fabrication, LLC.'…
2026-03-08 18:35:50,702 [INFO]   5 employees via DOM.
2026-03-08 18:35:50,710 [INFO]   ✓ East Coast Repair & Fabrication, LLC.         | country: Austria         | domain: ecrfab.com
2026-03-08 18:35:50,716 [INFO]   ✓ 5 employees saved.
2026-03-08 18:36:02,733 [INFO] ─── 4 / 5 ───
2026-03-08 18:36:02,733 [INFO] Scraping: https://www.linkedin.com/company/bering-yachts
2026-03-08 18:36:38,358 [INFO]   Domain: beringyachts.com
2026-03-08 18:36:38,362 [INFO]   Employees for 'Bering Yachts'…
2026-03-08 18:36:52,804 [INFO]   8 employees via DOM.
2026-03-08 18:36:52,810 [INFO]   ✓ Bering Yachts                                 | country: Austria         | domain: beringyachts.com
2026-03-08 18:36:52,822 [INFO]   ✓ 8 employees saved.
2026-03-08 18:37:05,340 [INFO] ─── 5 / 5 ───
2026-03-08 18:37:05,341 [INFO] Scraping: https://www.linkedin.com/company/pacific-shipyards-international
2026-03-08 18:37:45,983 [INFO]   Domain: pacificshipyards.com
2026-03-08 18:37:45,986 [INFO]   Employees for 'Pacific Shipyards International'…
2026-03-08 18:37:59,399 [INFO]   10 employees via DOM.
2026-03-08 18:37:59,404 [INFO]   ✓ Pacific Shipyards International               | country: Austria         | domain: pacificshipyards.com
2026-03-08 18:37:59,416 [INFO]   ✓ 10 employees saved.
2026-03-08 18:38:10,371 [INFO] CSV: criteria_countries.csv               47 rows
2026-03-08 18:38:10,373 [INFO] CSV: criteria_industries.csv              168 rows
2026-03-08 18:38:10,373 [INFO] CSV: criteria_sizes.csv                   8 rows
2026-03-08 18:38:10,653 [INFO] CSV: search_combinations.csv              27412 rows
2026-03-08 18:38:10,660 [INFO] CSV: companies.csv                        25 rows
2026-03-08 18:38:10,663 [INFO] CSV: employees.csv                        169 rows
2026-03-08 18:38:10,670 [INFO] === Done ===
2026-03-08 20:30:13,445 [INFO] === LinkedIn Scraper v4.1 ===
2026-03-08 20:30:13,455 [INFO] Database ready: linkedin_data.db
2026-03-08 20:30:13,457 [INFO] Criteria tables: {'countries': 47, 'industries': 168, 'sizes': 8}
2026-03-08 20:30:13,498 [INFO] Cleared 27370 pending combinations — rebuilding with current sort order.
2026-03-08 20:30:13,752 [INFO] search_combinations: 27370 new rows added | 27412 total in queue
2026-03-08 20:30:13,754 [INFO] Queue: exhausted: 41 | in_progress: 1 | pending: 27370
2026-03-08 20:30:18,151 [INFO] Cookies copied → C:\Users\sandeep\AppData\Local\linkedin_scraper_profile
2026-03-08 20:30:27,682 [INFO] LinkedIn session active — no login needed.
2026-03-08 20:30:27,692 [INFO] Companies already in DB: 25 (will be skipped)
2026-03-08 20:30:28,205 [INFO] Combination [187609] (1/2): Austria | Airlines and Aviation | 51-200 employees  (resume page 3)
2026-03-08 20:30:46,356 [INFO]   Page 3: 10 on page | 0 new | 0 queued total
2026-03-08 20:31:02,459 [INFO]   Page 4: 10 on page | 0 new | 0 queued total
2026-03-08 20:31:18,196 [INFO]   Page 5: 10 on page | 0 new | 0 queued total
2026-03-08 20:31:34,801 [INFO]   Page 6: 10 on page | 0 new | 0 queued total
2026-03-08 20:31:50,787 [INFO]   Page 7: 10 on page | 0 new | 0 queued total
2026-03-08 20:32:10,033 [INFO]   Page 8: 10 on page | 0 new | 0 queued total
2026-03-08 20:32:26,421 [INFO]   Page 9: 10 on page | 0 new | 0 queued total
2026-03-08 20:32:30,747 [INFO]   Combination [187609] → exhausted
2026-03-08 20:32:30,748 [INFO]   Waiting 47 s before next combination (anti-block)…
2026-03-08 20:33:17,316 [INFO] Combination [282110] (2/2): Austria | Airlines and Aviation | 201-500 employees  (resume page 0)
2026-03-08 20:33:27,512 [INFO]   Screenshot saved: debug_01_before_locations_click_1772982207.png
2026-03-08 20:33:27,768 [WARNING]   Locations pill not found — dumping buttons.
2026-03-08 20:33:27,774 [INFO]     button: 'Skip to main content'
2026-03-08 20:33:27,785 [INFO]     button: 'Home'
2026-03-08 20:33:27,790 [INFO]     button: 'Me'
2026-03-08 20:33:27,794 [INFO]     button: 'For Business'
2026-03-08 20:33:27,800 [INFO]     button: 'All filters'
2026-03-08 20:33:27,805 [INFO]     button: 'Follow'
2026-03-08 20:33:27,809 [INFO]     button: 'Follow'
2026-03-08 20:33:27,814 [INFO]     button: 'Follow'
2026-03-08 20:33:27,820 [INFO]     button: 'Follow'
2026-03-08 20:33:27,824 [INFO]     button: 'Follow'
2026-03-08 20:33:27,828 [INFO]     button: 'Follow'
2026-03-08 20:33:27,832 [INFO]     button: 'Follow'
2026-03-08 20:33:27,837 [INFO]     button: 'Follow'
2026-03-08 20:33:27,842 [INFO]     button: 'Follow'
2026-03-08 20:33:27,846 [INFO]     button: 'Follow'
2026-03-08 20:33:27,863 [INFO]     button: '1'
2026-03-08 20:33:27,868 [INFO]     button: '2'
2026-03-08 20:33:27,872 [INFO]     button: '3'
2026-03-08 20:33:27,876 [INFO]     button: '4'
2026-03-08 20:33:27,882 [INFO]     button: '5'
2026-03-08 20:33:27,886 [INFO]     button: '6'
2026-03-08 20:33:27,890 [INFO]     button: '7'
2026-03-08 20:33:27,894 [INFO]     button: '8'
2026-03-08 20:33:27,899 [INFO]     button: '9'
2026-03-08 20:33:27,904 [INFO]     button: '10'
2026-03-08 20:33:27,908 [INFO]     button: 'Next'
2026-03-08 20:33:27,976 [INFO]   Screenshot saved: debug_01_no_locations_btn_1772982207.png
2026-03-08 20:33:27,976 [WARNING]   Could not apply country filter for 'Austria' — skipping combination.
2026-03-08 20:33:39,816 [INFO] Discovery done: 0 new companies queued.
2026-03-08 20:33:39,817 [WARNING] No new companies found.
All combinations may be exhausted, or try activating more criteria in the DB reference tables.
2026-03-08 20:37:58,496 [INFO] === LinkedIn Scraper v4.1 ===
2026-03-08 20:37:58,502 [INFO] Database ready: linkedin_data.db
2026-03-08 20:37:58,504 [INFO] Criteria tables: {'countries': 47, 'industries': 168, 'sizes': 8}
2026-03-08 20:37:58,545 [INFO] Cleared 27369 pending combinations — rebuilding with current sort order.
2026-03-08 20:37:58,785 [INFO] search_combinations: 27369 new rows added | 27412 total in queue
2026-03-08 20:37:58,787 [INFO] Queue: exhausted: 43 | pending: 27369
2026-03-08 20:37:59,402 [INFO] Cookies copied → C:\Users\sandeep\AppData\Local\linkedin_scraper_profile
2026-03-08 20:38:08,989 [INFO] LinkedIn session active — no login needed.
2026-03-08 20:38:08,999 [INFO] Companies already in DB: 25 (will be skipped)
2026-03-08 20:38:09,548 [INFO] Combination [313611] (1/2): Austria | Airlines and Aviation | 501-1000 employees  (resume page 0)
2026-03-08 20:38:16,961 [INFO]   Waiting for filter pills to render...
2026-03-08 20:38:44,135 [WARNING]   Filter pills never appeared. Visible buttons: ['Skip to main content', 'Home', 'Me', 'For Business', 'All filters', 'Follow', 'Follow', 'Follow', 'Follow', 'Follow', 'Follow', 'Follow', 'Follow', 'Follow', 'Follow']
2026-03-08 20:38:44,292 [INFO]   Screenshot saved: debug_00_pills_timeout_1772982524.png
2026-03-08 20:38:44,292 [WARNING]   Could not apply country filter for 'Austria' — skipping combination.
2026-03-08 20:38:53,236 [INFO] Combination [313612] (2/2): Austria | Airlines and Aviation | 1001-5000 employees  (resume page 0)
2026-03-08 20:39:00,206 [INFO]   Waiting for filter pills to render...
2026-03-08 20:39:27,163 [WARNING]   Filter pills never appeared. Visible buttons: ['Skip to main content', 'Home', 'Me', 'For Business', 'All filters', 'Follow', 'Follow', 'Follow', 'Follow', 'Follow', 'Follow', 'Follow', 'Follow', 'Follow', 'Follow']
2026-03-08 20:39:27,255 [INFO]   Screenshot saved: debug_00_pills_timeout_1772982567.png
2026-03-08 20:39:27,255 [WARNING]   Could not apply country filter for 'Austria' — skipping combination.
2026-03-08 20:39:38,640 [INFO] Discovery done: 0 new companies queued.
2026-03-08 20:39:38,640 [WARNING] No new companies found.
All combinations may be exhausted, or try activating more criteria in the DB reference tables.
2026-03-08 20:42:57,106 [INFO] === LinkedIn Scraper v4.1 ===
2026-03-08 20:42:57,113 [INFO] Database ready: linkedin_data.db
2026-03-08 20:42:57,118 [INFO] Criteria tables: {'countries': 47, 'industries': 168, 'sizes': 8}
2026-03-08 20:42:57,169 [INFO] Cleared 27367 pending combinations — rebuilding with current sort order.
2026-03-08 20:42:57,413 [INFO] search_combinations: 27367 new rows added | 27412 total in queue
2026-03-08 20:42:57,415 [INFO] Queue: exhausted: 45 | pending: 27367
2026-03-08 20:42:58,006 [INFO] Cookies copied → C:\Users\sandeep\AppData\Local\linkedin_scraper_profile
2026-03-08 20:43:08,469 [INFO] LinkedIn session active — no login needed.
2026-03-08 20:43:08,478 [INFO] Companies already in DB: 25 (will be skipped)
2026-03-08 20:43:08,973 [INFO] Combination [345113] (1/2): Austria | Airlines and Aviation | 5001-10000 employees  (resume page 0)
2026-03-08 20:43:15,724 [INFO]   Screenshot saved: debug_01_before_all_filters_1772982795.png
2026-03-08 20:43:15,724 [INFO]   Waiting for 'All filters' button...
2026-03-08 20:43:15,966 [INFO]   'All filters' found after 1 checks.
2026-03-08 20:43:18,732 [INFO]   Screenshot saved: debug_02_modal_open_1772982798.png
2026-03-08 20:43:18,933 [INFO]   Visible inputs (1): ["placeholder='Search' aria-label='' id=':r1:' section=''"]
2026-03-08 20:43:18,938 [INFO]   JS heading search failed — trying CSS selectors in modal...
2026-03-08 20:43:39,105 [INFO]   Screenshot saved: debug_02_no_location_input_1772982818.png
2026-03-08 20:43:39,105 [WARNING]   Could not find Location input in modal.
2026-03-08 20:43:39,105 [WARNING]   Could not apply country filter for 'Austria' — skipping combination.
2026-03-08 20:43:52,944 [INFO] Combination [345114] (2/2): Austria | Airlines and Aviation | 10001+ employees  (resume page 0)
2026-03-08 20:43:59,644 [INFO]   Screenshot saved: debug_01_before_all_filters_1772982839.png
2026-03-08 20:43:59,645 [INFO]   Waiting for 'All filters' button...
2026-03-08 20:43:59,805 [INFO]   'All filters' found after 1 checks.
2026-03-08 20:44:02,637 [INFO]   Screenshot saved: debug_02_modal_open_1772982842.png
2026-03-08 20:44:02,853 [INFO]   Visible inputs (1): ["placeholder='Search' aria-label='' id=':r1:' section=''"]
2026-03-08 20:44:02,857 [INFO]   JS heading search failed — trying CSS selectors in modal...
2026-03-08 20:44:22,995 [INFO]   Screenshot saved: debug_02_no_location_input_1772982862.png
2026-03-08 20:44:22,996 [WARNING]   Could not find Location input in modal.
2026-03-08 20:44:22,996 [WARNING]   Could not apply country filter for 'Austria' — skipping combination.
2026-03-08 20:44:36,998 [INFO] Discovery done: 0 new companies queued.
2026-03-08 20:44:36,998 [WARNING] No new companies found.
All combinations may be exhausted, or try activating more criteria in the DB reference tables.
2026-03-08 20:47:21,140 [INFO] === LinkedIn Scraper v4.1 ===
2026-03-08 20:47:21,158 [INFO] Database ready: linkedin_data.db
2026-03-08 20:47:21,161 [INFO] Criteria tables: {'countries': 47, 'industries': 168, 'sizes': 8}
2026-03-08 20:47:21,207 [INFO] Cleared 27365 pending combinations — rebuilding with current sort order.
2026-03-08 20:47:21,446 [INFO] search_combinations: 27365 new rows added | 27412 total in queue
2026-03-08 20:47:21,448 [INFO] Queue: exhausted: 47 | pending: 27365
2026-03-08 20:47:22,019 [INFO] Cookies copied → C:\Users\sandeep\AppData\Local\linkedin_scraper_profile
2026-03-08 20:47:30,976 [INFO] LinkedIn session active — no login needed.
2026-03-08 20:47:30,986 [INFO] Companies already in DB: 25 (will be skipped)
2026-03-08 20:47:31,528 [INFO] Combination [376615] (1/2): Austria | Alternative Dispute Resolution | 11-50 employees  (resume page 0)
2026-03-08 20:47:41,611 [INFO]   Screenshot saved: debug_01_before_all_filters_1772983061.png
2026-03-08 20:47:41,612 [INFO]   Waiting for 'All filters' button...
2026-03-08 20:47:41,713 [INFO]   'All filters' found after 1 checks.
2026-03-08 20:47:45,479 [INFO]   Screenshot saved: debug_02_modal_open_1772983065.png
2026-03-08 20:47:45,484 [INFO]   Modal headings: []
2026-03-08 20:47:47,616 [INFO]   Visible inputs (1): ["placeholder='Search' aria-label='' id=':r1:' section=''"]
2026-03-08 20:47:49,428 [INFO]   Visible inputs (1): ["placeholder='Search' aria-label='' id=':r1:' section=''"]
2026-03-08 20:47:51,596 [INFO]   Visible inputs (1): ["placeholder='Search' aria-label='' id=':r1:' section=''"]
2026-03-08 20:47:53,288 [INFO]   Visible inputs (1): ["placeholder='Search' aria-label='' id=':r1:' section=''"]
2026-03-08 20:47:55,560 [INFO]   Visible inputs (1): ["placeholder='Search' aria-label='' id=':r1:' section=''"]
2026-03-08 20:47:57,882 [INFO]   Visible inputs (1): ["placeholder='Search' aria-label='' id=':r1:' section=''"]
2026-03-08 20:47:57,882 [INFO]   JS scroll failed — trying CSS selectors...
2026-03-08 20:48:13,022 [INFO]   Screenshot saved: debug_02_no_location_input_1772983092.png
2026-03-08 20:48:13,022 [WARNING]   Could not find Location input in modal.
2026-03-08 20:48:13,022 [WARNING]   Could not apply country filter for 'Austria' — skipping combination.
2026-03-08 20:48:27,767 [INFO] Combination [376616] (2/2): Austria | Alternative Dispute Resolution | 51-200 employees  (resume page 0)
2026-03-08 20:48:37,465 [INFO]   Screenshot saved: debug_01_before_all_filters_1772983117.png
2026-03-08 20:48:37,466 [INFO]   Waiting for 'All filters' button...
2026-03-08 20:48:37,589 [INFO]   'All filters' found after 1 checks.
2026-03-08 20:49:07,607 [WARNING]   apply_country_filter_via_ui failed: ElementHandle.click: Timeout 30000ms exceeded.
Call log:
  - attempting click action
    - waiting for element to be visible, enabled and stable
    - element is visible, enabled and stable
    - scrolling into view if needed
    - done scrolling
    - performing click action

2026-03-08 20:49:07,608 [WARNING]   Could not apply country filter for 'Austria' — skipping combination.
2026-03-08 20:49:22,537 [INFO] Discovery done: 0 new companies queued.
2026-03-08 20:49:22,537 [WARNING] No new companies found.
All combinations may be exhausted, or try activating more criteria in the DB reference tables.
2026-03-08 20:53:11,188 [INFO] === LinkedIn Scraper v4.1 ===
2026-03-08 20:53:11,208 [INFO] Database ready: linkedin_data.db
2026-03-08 20:53:11,212 [INFO] Criteria tables: {'countries': 47, 'industries': 168, 'sizes': 8}
2026-03-08 20:53:11,260 [INFO] Cleared 27363 pending combinations — rebuilding with current sort order.
2026-03-08 20:53:11,506 [INFO] search_combinations: 27363 new rows added | 27412 total in queue
2026-03-08 20:53:11,508 [INFO] Queue: exhausted: 49 | pending: 27363
2026-03-08 20:53:12,077 [INFO] Cookies copied → C:\Users\sandeep\AppData\Local\linkedin_scraper_profile
2026-03-08 20:53:22,025 [INFO] LinkedIn session active — no login needed.
2026-03-08 20:53:22,036 [INFO] Companies already in DB: 25 (will be skipped)
2026-03-08 20:53:22,516 [INFO] Combination [408117] (1/2): Austria | Alternative Dispute Resolution | 201-500 employees  (resume page 0)
2026-03-08 20:53:30,946 [INFO]   Screenshot saved: debug_01_before_all_filters_1772983410.png
2026-03-08 20:53:30,947 [INFO]   Waiting for 'All filters' button...
2026-03-08 20:53:31,073 [INFO]   'All filters' found after 1 checks.
2026-03-08 20:53:34,087 [INFO]   Screenshot saved: debug_02_modal_open_1772983413.png
2026-03-08 20:53:36,140 [INFO]   Clicked '+ Add a location'.
2026-03-08 20:53:36,235 [INFO]   Screenshot saved: debug_03_after_add_location_click_1772983416.png
2026-03-08 20:53:36,253 [INFO]   Location search input found via: input[placeholder='Add a location']
2026-03-08 20:53:41,117 [INFO]   Screenshot saved: debug_04_after_typing_1772983421.png
2026-03-08 20:53:41,669 [INFO]   Selecting: 'Austria'
2026-03-08 20:53:43,231 [INFO]   Screenshot saved: debug_04_country_selected_1772983423.png
2026-03-08 20:53:58,408 [INFO]   Screenshot saved: debug_05_after_apply_1772983438.png
2026-03-08 20:54:11,857 [INFO]   Country filter 'Austria' applied. URL: https://www.linkedin.com/search/results/companies/?origin=FACETED_SEARCH&companySize=%5B%22E%22%5D&industryCompanyVertical=%5B%22135%22%5D
2026-03-08 20:54:22,638 [INFO]   Page 0: 9 on page | 5 new | 5 queued total
2026-03-08 20:54:28,615 [INFO]   Combination [408117] → in_progress
2026-03-08 20:54:28,627 [INFO] Discovery done: 5 new companies queued.
2026-03-08 20:54:28,627 [INFO] ─── 1 / 5 ───
2026-03-08 20:54:28,627 [INFO] Scraping: https://www.linkedin.com/company/hytorc-division-unex-corporation
2026-03-08 20:55:07,546 [INFO]   Domain: hytorc.com
2026-03-08 20:55:07,550 [INFO]   Employees for 'HYTORC'…
2026-03-08 20:55:21,453 [INFO]   8 employees via DOM.
2026-03-08 20:55:21,459 [INFO]   ✓ HYTORC                                        | country: Austria         | domain: hytorc.com
2026-03-08 20:55:21,470 [INFO]   ✓ 8 employees saved.
2026-03-08 20:55:35,981 [INFO] ─── 2 / 5 ───
2026-03-08 20:55:35,982 [INFO] Scraping: https://www.linkedin.com/company/markforged
2026-03-08 20:56:13,433 [INFO]   Domain: markforged.com
2026-03-08 20:56:13,437 [INFO]   Employees for 'Markforged'…
2026-03-08 20:56:29,790 [INFO]   9 employees via DOM.
2026-03-08 20:56:29,797 [INFO]   ✓ Markforged                                    | country: Austria         | domain: markforged.com
2026-03-08 20:56:29,810 [INFO]   ✓ 9 employees saved.
2026-03-08 20:56:40,045 [INFO] ─── 3 / 5 ───
2026-03-08 20:56:40,046 [INFO] Scraping: https://www.linkedin.com/company/welding-of-welders
2026-03-08 20:57:19,288 [INFO]   Domain: boilersinfo.com
2026-03-08 20:57:19,293 [INFO]   Employees for 'Welding of Welders'…
2026-03-08 20:57:33,532 [INFO]   2 employees via DOM.
2026-03-08 20:57:33,538 [INFO]   ✓ Welding of Welders                            | country: Austria         | domain: boilersinfo.com
2026-03-08 20:57:33,541 [INFO]   ✓ 2 employees saved.
2026-03-08 20:57:43,487 [INFO] ─── 4 / 5 ───
2026-03-08 20:57:43,487 [INFO] Scraping: https://www.linkedin.com/company/power-plant-services
2026-03-08 20:58:22,038 [INFO]   Domain: ppsvcs.com
2026-03-08 20:58:22,041 [INFO]   Employees for 'Power Plant Services'…
2026-03-08 20:58:37,604 [INFO]   7 employees via DOM.
2026-03-08 20:58:37,621 [INFO]   ✓ Power Plant Services                          | country: Austria         | domain: ppsvcs.com
2026-03-08 20:58:37,627 [INFO]   ✓ 7 employees saved.
2026-03-08 20:58:48,344 [INFO] ─── 5 / 5 ───
2026-03-08 20:58:48,344 [INFO] Scraping: https://www.linkedin.com/company/ue-systems
2026-03-08 20:59:29,425 [INFO]   Domain: uesystems.com
2026-03-08 20:59:29,430 [INFO]   Employees for 'UE SYSTEMS'…
2026-03-08 20:59:46,737 [INFO]   9 employees via DOM.
2026-03-08 20:59:46,744 [INFO]   ✓ UE SYSTEMS                                    | country: Austria         | domain: uesystems.com
2026-03-08 20:59:46,752 [INFO]   ✓ 9 employees saved.
2026-03-08 21:00:00,964 [INFO] CSV: criteria_countries.csv               47 rows
2026-03-08 21:00:00,965 [INFO] CSV: criteria_industries.csv              168 rows
2026-03-08 21:00:00,966 [INFO] CSV: criteria_sizes.csv                   8 rows
2026-03-08 21:00:01,272 [INFO] CSV: search_combinations.csv              27412 rows
2026-03-08 21:00:01,279 [INFO] CSV: companies.csv                        30 rows
2026-03-08 21:00:01,283 [INFO] CSV: employees.csv                        204 rows
2026-03-08 21:00:01,290 [INFO] === Done ===
2026-03-08 21:08:16,964 [INFO] === LinkedIn Scraper v4.1 ===
2026-03-08 21:08:16,973 [INFO] Database ready: linkedin_data.db
2026-03-08 21:08:16,975 [INFO] Criteria tables: {'countries': 47, 'industries': 168, 'sizes': 8}
2026-03-08 21:08:17,017 [INFO] Cleared 27362 pending combinations — rebuilding with current sort order.
2026-03-08 21:08:17,271 [INFO] search_combinations: 27362 new rows added | 27412 total in queue
2026-03-08 21:08:17,275 [INFO] Queue: exhausted: 49 | in_progress: 1 | pending: 27362
2026-03-08 21:08:23,538 [INFO] Cookies copied → C:\Users\sandeep\AppData\Local\linkedin_scraper_profile
2026-03-08 21:08:34,896 [INFO] LinkedIn session active — no login needed.
2026-03-08 21:08:34,929 [INFO] Companies already in DB: 30 (will be skipped)
2026-03-08 21:08:35,409 [INFO] Combination [408117] (1/2): Austria | Alternative Dispute Resolution | 201-500 employees  (resume page 1)
2026-03-08 21:08:55,619 [INFO]   Page 1: 0 results — combination exhausted.
2026-03-08 21:08:55,621 [INFO]   Combination [408117] → exhausted
2026-03-08 21:08:55,621 [INFO]   Waiting 42 s before next combination (anti-block)…
2026-03-08 21:09:37,904 [INFO] Combination [439618] (2/2): Austria | Alternative Dispute Resolution | 501-1000 employees  (resume page 0)
2026-03-08 21:09:46,006 [INFO]   Screenshot saved: debug_01_before_all_filters_1772984385.png
2026-03-08 21:09:46,006 [INFO]   Waiting for 'All filters' button...
2026-03-08 21:10:19,615 [WARNING]   'All filters' button never appeared.
2026-03-08 21:10:19,658 [INFO]   Screenshot saved: debug_01_no_all_filters_1772984419.png
2026-03-08 21:10:19,658 [WARNING]   Could not apply country filter for 'Austria' — skipping combination.
2026-03-08 21:10:33,154 [INFO] Discovery done: 0 new companies queued.
2026-03-08 21:10:33,154 [WARNING] No new companies found.
All combinations may be exhausted, or try activating more criteria in the DB reference tables.
2026-03-08 21:17:14,180 [INFO] === LinkedIn Scraper v4.1 ===
2026-03-08 21:17:14,189 [INFO] Database ready: linkedin_data.db
2026-03-08 21:17:14,191 [INFO] Criteria tables: {'countries': 47, 'industries': 168, 'sizes': 8}
2026-03-08 21:17:14,233 [INFO] Cleared 27361 pending combinations — rebuilding with current sort order.
2026-03-08 21:17:14,472 [INFO] search_combinations: 27361 new rows added | 27412 total in queue
2026-03-08 21:17:14,474 [INFO] Queue: exhausted: 51 | pending: 27361
2026-03-08 21:17:15,052 [INFO] Cookies copied → C:\Users\sandeep\AppData\Local\linkedin_scraper_profile
2026-03-08 21:17:21,663 [WARNING] Cookies expired — please log in manually.
2026-03-08 21:19:31,977 [INFO] Companies already in DB: 30 (will be skipped)
2026-03-08 21:19:32,336 [INFO] Combination [471119] (1/2): Austria | Alternative Dispute Resolution | 1001-5000 employees  (resume page 0)
2026-03-08 21:19:39,545 [INFO]   Screenshot saved: debug_01_before_all_filters_1772984979.png
2026-03-08 21:19:39,545 [INFO]   Waiting for 'All filters' button...
2026-03-08 21:19:40,004 [INFO]   'All filters' found after 1 checks.
2026-03-08 21:20:08,460 [INFO]   Screenshot saved: debug_02_modal_open_1772985008.png
2026-03-08 21:20:39,290 [INFO]   Clicked '+ Add a location'.
2026-03-08 21:20:39,384 [INFO]   Screenshot saved: debug_03_after_add_location_click_1772985039.png
2026-03-08 21:20:39,402 [INFO]   Location search input found via: input[placeholder='Add a location']
2026-03-08 21:20:44,367 [INFO]   Screenshot saved: debug_04_after_typing_1772985044.png
2026-03-08 21:20:45,643 [INFO]   Dropdown (div[role='option']): ['Austria', 'Vienna, Austria', 'Upper Austria, Austria', 'Lower Austria, Austria', 'Styria, Austria', 'Tyrol, Austria', 'Salzburg, Austria', 'Graz, Styria, Austria']
2026-03-08 21:20:45,649 [INFO]   Selecting country option: 'Austria'
2026-03-08 21:20:54,395 [INFO]   Screenshot saved: debug_04_country_selected_1772985054.png
2026-03-08 21:21:10,851 [WARNING]   Show results button not found.
2026-03-08 21:21:10,933 [INFO]   Screenshot saved: debug_05_after_apply_1772985070.png
2026-03-08 21:21:10,945 [INFO]   Modal closed successfully.
2026-03-08 21:21:22,141 [WARNING]   ⚠ Country filter applied but NO geo param in URL — location may not have been set. URL: https://www.linkedin.com/search/results/companies/?origin=FACETED_SEARCH&companySize=%5B%22G%22%5D&industryCompanyVertical=%5B%22135%22%5D
2026-03-08 21:21:45,263 [INFO]   Page 0: 10 on page | 5 new | 5 queued total
2026-03-08 21:21:49,928 [INFO]   Combination [471119] → in_progress
2026-03-08 21:21:49,941 [INFO] Discovery done: 5 new companies queued.
2026-03-08 21:21:49,942 [INFO] ─── 1 / 5 ───
2026-03-08 21:21:49,942 [INFO] Scraping: https://www.linkedin.com/company/circor-international-inc-
2026-03-08 21:24:59,359 [INFO]   Domain: circor.com
2026-03-08 21:24:59,362 [INFO]   Employees for 'CIRCOR International, Inc.'…
2026-03-08 21:25:23,170 [INFO]   10 employees via DOM.
2026-03-08 21:25:23,187 [INFO]   ✓ CIRCOR International, Inc.                    | country: Austria         | domain: circor.com
2026-03-08 21:25:23,197 [INFO]   ✓ 10 employees saved.
2026-03-08 21:25:36,181 [INFO] ─── 2 / 5 ───
2026-03-08 21:25:36,182 [INFO] Scraping: https://www.linkedin.com/company/3d-systems
2026-03-08 21:26:15,686 [INFO]   Domain: 3dsystems.com
2026-03-08 21:26:15,689 [INFO]   Employees for '3D Systems Corporation'…
2026-03-08 21:26:31,492 [INFO]   5 employees via DOM.
2026-03-08 21:26:31,499 [INFO]   ✓ 3D Systems Corporation                        | country: Austria         | domain: 3dsystems.com
2026-03-08 21:26:31,504 [INFO]   ✓ 5 employees saved.
2026-03-08 21:26:41,290 [INFO] ─── 3 / 5 ───
2026-03-08 21:26:41,291 [INFO] Scraping: https://www.linkedin.com/company/spx-flow
2026-03-08 21:27:20,301 [INFO]   Domain: spxflow.com
2026-03-08 21:27:20,305 [INFO]   Employees for 'SPX FLOW, Inc.'…
2026-03-08 21:27:37,373 [INFO]   10 employees via DOM.
2026-03-08 21:27:37,392 [INFO]   ✓ SPX FLOW, Inc.                                | country: Austria         | domain: spxflow.com
2026-03-08 21:27:37,404 [INFO]   ✓ 10 employees saved.
2026-03-08 21:27:49,059 [INFO] ─── 4 / 5 ───
2026-03-08 21:27:49,060 [INFO] Scraping: https://www.linkedin.com/company/boschafrica
2026-03-08 21:28:27,508 [INFO]   Domain: bosch.africa
2026-03-08 21:28:27,512 [INFO]   Employees for 'Bosch Africa'…
2026-03-08 21:28:44,003 [INFO]   8 employees via DOM.
2026-03-08 21:28:44,012 [INFO]   ✓ Bosch Africa                                  | country: Austria         | domain: bosch.africa
2026-03-08 21:28:44,020 [INFO]   ✓ 8 employees saved.
2026-03-08 21:28:52,761 [INFO] ─── 5 / 5 ───
2026-03-08 21:28:52,762 [INFO] Scraping: https://www.linkedin.com/company/proto-labs
2026-03-08 21:29:32,545 [INFO]   Domain: protolabs.com
2026-03-08 21:29:32,549 [INFO]   Employees for 'Protolabs'…
2026-03-08 21:29:46,861 [INFO]   8 employees via DOM.
2026-03-08 21:29:46,878 [INFO]   ✓ Protolabs                                     | country: Austria         | domain: protolabs.com
2026-03-08 21:29:46,890 [INFO]   ✓ 8 employees saved.
2026-03-08 21:29:58,048 [INFO] CSV: criteria_countries.csv               47 rows
2026-03-08 21:29:58,049 [INFO] CSV: criteria_industries.csv              168 rows
2026-03-08 21:29:58,050 [INFO] CSV: criteria_sizes.csv                   8 rows
2026-03-08 21:29:58,314 [INFO] CSV: search_combinations.csv              27412 rows
2026-03-08 21:29:58,322 [INFO] CSV: companies.csv                        35 rows
2026-03-08 21:29:58,326 [INFO] CSV: employees.csv                        245 rows
2026-03-08 21:29:58,334 [INFO] === Done ===
2026-03-08 21:36:55,884 [INFO] === LinkedIn Scraper v4.1 ===
2026-03-08 21:36:55,892 [INFO] Database ready: linkedin_data.db
2026-03-08 21:36:55,895 [INFO] Criteria tables: {'countries': 47, 'industries': 168, 'sizes': 8}
2026-03-08 21:36:55,934 [INFO] Cleared 27360 pending combinations — rebuilding with current sort order.
2026-03-08 21:36:56,169 [INFO] search_combinations: 27360 new rows added | 27412 total in queue
2026-03-08 21:36:56,171 [INFO] Queue: exhausted: 51 | in_progress: 1 | pending: 27360
2026-03-08 21:36:56,826 [INFO] Cookies copied → C:\Users\sandeep\AppData\Local\linkedin_scraper_profile
2026-03-08 21:37:04,570 [WARNING] Cookies expired — please log in manually.
2026-03-08 21:37:11,747 [INFO] Companies already in DB: 35 (will be skipped)
2026-03-08 21:37:12,079 [INFO] Combination [471119] (1/2): Austria | Alternative Dispute Resolution | 1001-5000 employees  (resume page 1)
2026-03-08 21:39:06,283 [INFO]   Page 1: 10 on page | 5 new | 5 queued total
2026-03-08 21:39:11,956 [INFO]   Combination [471119] → in_progress
2026-03-08 21:39:11,980 [INFO] Discovery done: 5 new companies queued.
2026-03-08 21:39:11,980 [INFO] ─── 1 / 5 ───
2026-03-08 21:39:11,981 [INFO] Scraping: https://www.linkedin.com/company/growatt
2026-03-08 21:39:51,542 [INFO]   Domain: en.growatt.com
2026-03-08 21:39:51,546 [INFO]   Employees for 'Growatt New Energy'…
2026-03-08 21:40:04,978 [INFO]   10 employees via DOM.
2026-03-08 21:40:04,995 [INFO]   ✓ Growatt New Energy                            | country: Austria         | domain: en.growatt.com
2026-03-08 21:40:05,008 [INFO]   ✓ 10 employees saved.
2026-03-08 21:40:19,354 [INFO] ─── 2 / 5 ───
2026-03-08 21:40:19,355 [INFO] Scraping: https://www.linkedin.com/company/plug-power
2026-03-08 21:40:59,717 [INFO]   Domain: plugpower.com
2026-03-08 21:40:59,721 [INFO]   Employees for 'Plug Power'…
2026-03-08 21:41:17,645 [INFO]   10 employees via DOM.
2026-03-08 21:41:17,652 [INFO]   ✓ Plug Power                                    | country: Austria         | domain: plugpower.com
2026-03-08 21:41:17,667 [INFO]   ✓ 10 employees saved.
2026-03-08 21:41:29,482 [INFO] ─── 3 / 5 ───
2026-03-08 21:41:29,483 [INFO] Scraping: https://www.linkedin.com/company/ormat
2026-03-08 21:42:07,650 [INFO]   Domain: ormat.com
2026-03-08 21:42:07,653 [INFO]   Employees for 'Ormat Technologies, Inc.'…
2026-03-08 21:42:24,601 [INFO]   10 employees via DOM.
2026-03-08 21:42:24,608 [INFO]   ✓ Ormat Technologies, Inc.                      | country: Austria         | domain: ormat.com
2026-03-08 21:42:24,621 [INFO]   ✓ 10 employees saved.
2026-03-08 21:42:39,394 [INFO] ─── 4 / 5 ───
2026-03-08 21:42:39,395 [INFO] Scraping: https://www.linkedin.com/company/faro-insight
2026-03-08 21:43:16,753 [INFO]   Domain: faro.com
2026-03-08 21:43:16,757 [INFO]   Employees for 'FARO INSIGHT'…
2026-03-08 21:43:32,872 [INFO]   9 employees via DOM.
2026-03-08 21:43:32,878 [INFO]   ✓ FARO INSIGHT                                  | country: Austria         | domain: faro.com
2026-03-08 21:43:32,890 [INFO]   ✓ 9 employees saved.
2026-03-08 21:43:45,968 [INFO] ─── 5 / 5 ───
2026-03-08 21:43:45,969 [INFO] Scraping: https://www.linkedin.com/company/foxfactory
2026-03-08 21:44:27,553 [INFO]   Domain: ridefox.com
2026-03-08 21:44:27,557 [INFO]   Employees for 'Fox Factory'…
2026-03-08 22:11:33,920 [INFO]   4 employees via DOM.
2026-03-08 22:11:33,928 [INFO]   ✓ Fox Factory                                   | country: Austria         | domain: ridefox.com
2026-03-08 22:11:33,933 [INFO]   ✓ 4 employees saved.
2026-03-08 22:11:48,813 [INFO] CSV: criteria_countries.csv               47 rows
2026-03-08 22:11:48,814 [INFO] CSV: criteria_industries.csv              168 rows
2026-03-08 22:11:48,815 [INFO] CSV: criteria_sizes.csv                   8 rows
2026-03-08 22:11:49,079 [INFO] CSV: search_combinations.csv              27412 rows
2026-03-08 22:11:49,086 [INFO] CSV: companies.csv                        40 rows
2026-03-08 22:11:49,092 [INFO] CSV: employees.csv                        288 rows
2026-03-08 22:11:49,110 [INFO] === Done ===
2026-03-08 22:13:51,160 [INFO] === LinkedIn Scraper v4.1 ===
2026-03-08 22:13:51,167 [INFO] Database ready: linkedin_data.db
2026-03-08 22:13:51,169 [INFO] Criteria tables: {'countries': 47, 'industries': 168, 'sizes': 8}
2026-03-08 22:13:51,210 [INFO] Cleared 27360 pending combinations — rebuilding with current sort order.
2026-03-08 22:13:51,455 [INFO] search_combinations: 27360 new rows added | 27412 total in queue
2026-03-08 22:13:51,460 [INFO] Queue: exhausted: 51 | in_progress: 1 | pending: 27360
2026-03-08 22:13:52,084 [INFO] Cookies copied → C:\Users\sandeep\AppData\Local\linkedin_scraper_profile
2026-03-08 22:13:59,225 [INFO] LinkedIn session active — no login needed.
2026-03-08 22:13:59,231 [INFO] Companies already in DB: 40 (will be skipped)
2026-03-08 22:13:59,647 [INFO] Combination [471119] (1/2): Austria | Alternative Dispute Resolution | 1001-5000 employees  (resume page 2)
2026-03-08 22:14:07,467 [INFO]   Screenshot saved: debug_01_before_all_filters_1772988247.png
2026-03-08 22:14:07,467 [INFO]   Waiting for 'All filters' button...
2026-03-08 22:14:07,675 [INFO]   'All filters' found after 1 checks.
2026-03-08 22:14:11,445 [INFO]   Screenshot saved: debug_02_modal_open_1772988251.png
2026-03-08 22:14:13,175 [INFO]   Clicked '+ Add a location'.
2026-03-08 22:14:13,278 [INFO]   Screenshot saved: debug_03_after_add_location_click_1772988253.png
2026-03-08 22:14:13,298 [INFO]   Location search input found via: input[placeholder='Add a location']
2026-03-08 22:14:17,793 [INFO]   Screenshot saved: debug_04_after_typing_1772988257.png
2026-03-08 22:14:19,211 [INFO]   Dropdown (div[role='option']): ['Austria', 'Vienna, Austria', 'Upper Austria, Austria', 'Lower Austria, Austria', 'Styria, Austria', 'Tyrol, Austria', 'Salzburg, Austria', 'Graz, Styria, Austria']
2026-03-08 22:14:19,219 [INFO]   Selecting country option: 'Austria'
2026-03-08 22:14:21,325 [INFO]   Screenshot saved: debug_04_country_selected_1772988261.png
2026-03-08 22:14:32,193 [WARNING]   Show results button not found.
2026-03-08 22:14:32,287 [INFO]   Screenshot saved: debug_05_after_apply_1772988272.png
2026-03-08 22:14:40,292 [WARNING]   Modal may still be open after clicking Show results.
2026-03-08 22:14:50,444 [WARNING]   ⚠ Country filter applied but NO geo param in URL — location may not have been set. URL: https://www.linkedin.com/search/results/companies/?origin=FACETED_SEARCH&companySize=%5B%22G%22%5D&industryCompanyVertical=%5B%22135%22%5D
2026-03-08 22:14:57,977 [INFO]   Filtered base URL: https://www.linkedin.com/search/results/companies/?origin=FACETED_SEARCH&companySize=%5B%22G%22%5D&industryCompanyVertical=%5B%22135%22%5D
2026-03-08 22:15:08,203 [INFO]   Page 2: 10 on page | 0 new | 0 queued total
2026-03-08 22:15:25,147 [INFO]   Page 3: 10 on page | 0 new | 0 queued total
2026-03-08 22:15:44,219 [INFO]   Page 4: 10 on page | 0 new | 0 queued total
2026-03-08 22:15:59,483 [INFO]   Page 5: 10 on page | 0 new | 0 queued total
2026-03-08 22:16:14,718 [INFO]   Page 6: 10 on page | 0 new | 0 queued total
2026-03-08 22:16:31,567 [INFO]   Page 7: 10 on page | 0 new | 0 queued total
2026-03-08 22:16:49,532 [INFO]   Page 8: 10 on page | 0 new | 0 queued total
2026-03-08 22:17:04,356 [INFO]   Page 9: 10 on page | 0 new | 0 queued total
2026-03-08 22:17:09,373 [INFO]   Combination [471119] → exhausted
2026-03-08 22:17:09,373 [INFO]   Waiting 83 s before next combination (anti-block)…
2026-03-08 22:18:32,217 [INFO] Combination [534120] (2/2): Austria | Alternative Dispute Resolution | 5001-10000 employees  (resume page 0)
2026-03-08 22:18:39,001 [INFO]   Screenshot saved: debug_01_before_all_filters_1772988518.png
2026-03-08 22:18:39,002 [INFO]   Waiting for 'All filters' button...
2026-03-08 22:18:39,105 [INFO]   'All filters' found after 1 checks.
2026-03-08 22:19:09,122 [WARNING]   apply_country_filter_via_ui failed: ElementHandle.click: Timeout 30000ms exceeded.
Call log:
  - attempting click action
    - waiting for element to be visible, enabled and stable
    - element is visible, enabled and stable
    - scrolling into view if needed
    - done scrolling
    - performing click action

2026-03-08 22:19:09,122 [WARNING]   Could not apply country filter for 'Austria' — skipping combination.
2026-03-08 22:19:20,467 [INFO] Discovery done: 0 new companies queued.
2026-03-08 22:19:20,467 [WARNING] No new companies found.
All combinations may be exhausted, or try activating more criteria in the DB reference tables.
2026-03-08 22:25:01,239 [INFO] === LinkedIn Scraper v4.1 ===
2026-03-08 22:25:01,245 [INFO] Database ready: linkedin_data.db
2026-03-08 22:25:01,247 [INFO] Criteria tables: {'countries': 47, 'industries': 168, 'sizes': 8}
2026-03-08 22:25:01,302 [INFO] Cleared 27359 pending combinations — rebuilding with current sort order.
2026-03-08 22:25:01,546 [INFO] search_combinations: 27359 new rows added | 27412 total in queue
2026-03-08 22:25:01,548 [INFO] Queue: exhausted: 53 | pending: 27359
2026-03-08 22:25:02,133 [INFO] Cookies copied → C:\Users\sandeep\AppData\Local\linkedin_scraper_profile
2026-03-08 22:25:08,737 [WARNING] Cookies expired — please log in manually.
2026-03-08 22:42:45,019 [INFO] Companies already in DB: 40 (will be skipped)
2026-03-08 22:42:45,389 [INFO] Combination [565621] (1/2): Austria | Alternative Dispute Resolution | 10001+ employees  (resume page 0)
2026-03-08 22:42:52,882 [INFO]   Screenshot saved: debug_01_before_all_filters_1772989972.png
2026-03-08 22:42:52,883 [INFO]   Waiting for 'All filters' button...
2026-03-08 22:42:53,073 [INFO]   'All filters' found after 1 checks.
2026-03-08 22:43:22,305 [INFO]   Screenshot saved: debug_02_modal_open_1772990002.png
2026-03-08 22:44:23,077 [INFO]   Screenshot saved: debug_03_no_add_location_btn_1772990062.png
2026-03-08 22:44:23,077 [WARNING]   '+ Add a location' button not found.
2026-03-08 22:44:23,078 [WARNING]   Could not apply country filter for 'Austria' — skipping combination.
2026-03-08 22:44:31,789 [INFO] Combination [565622] (2/2): Austria | Alternative Medicine | 11-50 employees  (resume page 0)
2026-03-08 22:44:41,029 [INFO]   Screenshot saved: debug_01_before_all_filters_1772990080.png
2026-03-08 22:44:41,029 [INFO]   Waiting for 'All filters' button...
2026-03-08 22:44:41,136 [INFO]   'All filters' found after 1 checks.
2026-03-08 22:45:11,152 [WARNING]   apply_country_filter_via_ui failed: ElementHandle.click: Timeout 30000ms exceeded.
Call log:
  - attempting click action
    - waiting for element to be visible, enabled and stable
    - element is visible, enabled and stable
    - scrolling into view if needed
    - done scrolling
    - performing click action

2026-03-08 22:45:11,153 [WARNING]   Could not apply country filter for 'Austria' — skipping combination.
2026-03-08 22:45:22,872 [INFO] Discovery done: 0 new companies queued.
2026-03-08 22:45:22,872 [WARNING] No new companies found.
All combinations may be exhausted, or try activating more criteria in the DB reference tables.
2026-03-08 22:53:12,862 [INFO] === LinkedIn Scraper v4.1 ===
2026-03-08 22:53:12,869 [INFO] Database ready: linkedin_data.db
2026-03-08 22:53:12,871 [INFO] Criteria tables: {'countries': 47, 'industries': 168, 'sizes': 8}
2026-03-08 22:53:12,977 [INFO] Cleared 27357 pending combinations — rebuilding with current sort order.
2026-03-08 22:53:13,218 [INFO] search_combinations: 27357 new rows added | 27412 total in queue
2026-03-08 22:53:13,220 [INFO] Queue: exhausted: 55 | pending: 27357
2026-03-08 22:53:13,793 [INFO] Cookies copied → C:\Users\sandeep\AppData\Local\linkedin_scraper_profile
2026-03-08 22:53:22,237 [INFO] LinkedIn session active — no login needed.
2026-03-08 22:53:22,244 [INFO] Companies already in DB: 40 (will be skipped)
2026-03-08 22:53:22,607 [INFO] Combination [597123] (1/2): Austria | Alternative Medicine | 51-200 employees  (resume page 0)
2026-03-08 22:53:31,158 [INFO]   Screenshot saved: debug_01_before_all_filters_1772990610.png
2026-03-08 22:53:31,159 [INFO]   Waiting for 'All filters' button...
2026-03-08 22:53:31,565 [INFO]   'All filters' found after 1 checks.
2026-03-08 22:54:01,575 [WARNING]   apply_country_filter_via_ui failed: ElementHandle.click: Timeout 30000ms exceeded.
Call log:
  - attempting click action
    - waiting for element to be visible, enabled and stable
    - element is visible, enabled and stable
    - scrolling into view if needed
    - done scrolling
    - performing click action

2026-03-08 22:54:01,576 [WARNING]   Could not apply country filter for 'Austria' — skipping combination.
2026-03-08 22:54:12,481 [INFO] Combination [597124] (2/2): Austria | Alternative Medicine | 201-500 employees  (resume page 0)
2026-03-08 22:54:20,679 [INFO]   Screenshot saved: debug_01_before_all_filters_1772990659.png
2026-03-08 22:54:20,679 [INFO]   Waiting for 'All filters' button...
2026-03-08 22:54:21,147 [INFO]   'All filters' found after 1 checks.
2026-03-08 22:54:27,928 [INFO]   Screenshot saved: debug_02_modal_open_1772990667.png
2026-03-08 22:54:27,956 [INFO]   Clicked '+ Add a location' via JS.
2026-03-08 22:54:29,527 [INFO]   Screenshot saved: debug_03_after_add_location_click_1772990669.png
2026-03-08 22:54:29,547 [INFO]   Location search input found via: input[placeholder='Add a location']
2026-03-08 22:54:33,486 [INFO]   Screenshot saved: debug_04_after_typing_1772990673.png
2026-03-08 22:54:35,273 [INFO]   Dropdown (div[role='option']): ['Austria', 'Vienna, Austria', 'Upper Austria, Austria', 'Lower Austria, Austria', 'Styria, Austria', 'Tyrol, Austria', 'Salzburg, Austria', 'Graz, Styria, Austria']
2026-03-08 22:54:35,279 [INFO]   Selecting country option: 'Austria'
2026-03-08 22:54:36,892 [INFO]   Screenshot saved: debug_04_country_selected_1772990676.png
2026-03-08 22:54:52,890 [WARNING]   Show results button not found.
2026-03-08 22:54:52,999 [INFO]   Screenshot saved: debug_05_after_apply_1772990692.png
2026-03-08 22:55:01,010 [WARNING]   Modal may still be open after clicking Show results.
2026-03-08 22:55:11,369 [WARNING]   ⚠ Country filter applied but NO geo param in URL — location may not have been set. URL: https://www.linkedin.com/search/results/companies/?origin=FACETED_SEARCH&companySize=%5B%22E%22%5D&industryCompanyVertical=%5B%2270%22%5D
2026-03-08 22:55:54,014 [INFO] === LinkedIn Scraper v4.1 ===
2026-03-08 22:55:54,019 [INFO] Database ready: linkedin_data.db
2026-03-08 22:55:54,021 [INFO] Criteria tables: {'countries': 47, 'industries': 168, 'sizes': 8}
2026-03-08 22:55:54,103 [INFO] Cleared 27355 pending combinations — rebuilding with current sort order.
2026-03-08 22:55:54,358 [INFO] search_combinations: 27355 new rows added | 27412 total in queue
2026-03-08 22:55:54,363 [INFO] Queue: exhausted: 56 | in_progress: 1 | pending: 27355
2026-03-08 22:55:54,918 [INFO] Cookies copied → C:\Users\sandeep\AppData\Local\linkedin_scraper_profile
2026-03-08 22:56:03,105 [WARNING] Cookies expired — please log in manually.
2026-03-08 22:56:12,419 [INFO] Companies already in DB: 40 (will be skipped)
2026-03-08 22:56:12,837 [INFO] Combination [597124] (1/2): Austria | Alternative Medicine | 201-500 employees  (resume page 0)
2026-03-08 22:56:24,052 [INFO]   Screenshot saved: debug_01_before_all_filters_1772990783.png
2026-03-08 22:56:24,052 [INFO]   Waiting for 'All filters' button...
2026-03-08 22:56:24,101 [INFO]   'All filters' clicked via JS after 1 checks.
2026-03-08 22:56:27,707 [INFO]   Screenshot saved: debug_02_modal_open_1772990787.png
2026-03-08 22:56:27,726 [INFO]   Clicked '+ Add a location' via JS.
2026-03-08 22:56:29,150 [INFO]   Screenshot saved: debug_03_after_add_location_click_1772990789.png
2026-03-08 22:56:29,192 [INFO]   Location search input found via: input[placeholder='Add a location']
2026-03-08 22:56:33,532 [INFO]   Screenshot saved: debug_04_after_typing_1772990793.png
2026-03-08 22:56:35,020 [INFO]   Dropdown (div[role='option']): ['Austria', 'Vienna, Austria', 'Upper Austria, Austria', 'Lower Austria, Austria', 'Styria, Austria', 'Tyrol, Austria', 'Salzburg, Austria', 'Graz, Styria, Austria']
2026-03-08 22:56:35,025 [INFO]   Selecting country option: 'Austria'
2026-03-08 22:56:36,711 [INFO]   Screenshot saved: debug_04_country_selected_1772990796.png
2026-03-08 22:56:52,755 [WARNING]   Show results button not found.
2026-03-08 22:56:52,859 [INFO]   Screenshot saved: debug_05_after_apply_1772990812.png
2026-03-08 22:57:00,864 [WARNING]   Modal may still be open after clicking Show results.
2026-03-08 22:57:12,233 [WARNING]   ⚠ Country filter applied but NO geo param in URL — location may not have been set. URL: https://www.linkedin.com/search/results/companies/?origin=FACETED_SEARCH&companySize=%5B%22E%22%5D&industryCompanyVertical=%5B%2270%22%5D
2026-03-08 22:57:17,069 [INFO]   Filtered base URL: https://www.linkedin.com/search/results/companies/?origin=FACETED_SEARCH&companySize=%5B%22E%22%5D&industryCompanyVertical=%5B%2270%22%5D
2026-03-08 22:57:19,747 [INFO]   Page 0: 10 on page | 5 new | 5 queued total
2026-03-08 22:57:24,898 [INFO]   Combination [597124] → in_progress
2026-03-08 22:57:24,904 [INFO] Discovery done: 5 new companies queued.
2026-03-08 22:57:24,904 [INFO] ─── 1 / 5 ───
2026-03-08 22:57:24,904 [INFO] Scraping: https://www.linkedin.com/company/genetix-biotherapeutics
2026-03-08 22:58:05,368 [INFO]   Domain: genetixbiotx.com
2026-03-08 22:58:05,372 [INFO]   Employees for 'Genetix Biotherapeutics'…
2026-03-08 22:58:20,847 [INFO]   8 employees via DOM.
2026-03-08 22:58:20,864 [INFO]   ✓ Genetix Biotherapeutics                       | country: Austria         | domain: genetixbiotx.com
2026-03-08 22:58:20,877 [INFO]   ✓ 8 employees saved.
2026-03-08 22:58:35,820 [INFO] ─── 2 / 5 ───
2026-03-08 22:58:35,821 [INFO] Scraping: https://www.linkedin.com/company/council-on-foreign-relations
2026-03-08 22:59:12,770 [INFO]   Domain: cfr.org
2026-03-08 22:59:12,774 [INFO]   Employees for 'Council on Foreign Relations'…
2026-03-08 22:59:28,121 [INFO]   4 employees via DOM.
2026-03-08 22:59:28,129 [INFO]   ✓ Council on Foreign Relations                  | country: Austria         | domain: cfr.org
2026-03-08 22:59:28,133 [INFO]   ✓ 4 employees saved.
2026-03-08 22:59:38,620 [INFO] ─── 3 / 5 ───
2026-03-08 22:59:38,620 [INFO] Scraping: https://www.linkedin.com/company/advisorybd
2026-03-08 23:00:18,089 [INFO]   Domain: advisory.com
2026-03-08 23:00:18,092 [INFO]   Employees for 'Advisory Board'…
2026-03-08 23:00:33,034 [INFO]   10 employees via DOM.
2026-03-08 23:00:33,051 [INFO]   ✓ Advisory Board                                | country: Austria         | domain: advisory.com
2026-03-08 23:00:33,060 [INFO]   ✓ 10 employees saved.
2026-03-08 23:00:43,723 [INFO] ─── 4 / 5 ───
2026-03-08 23:00:43,724 [INFO] Scraping: https://www.linkedin.com/company/neuralink
2026-03-08 23:01:24,239 [INFO]   Domain: neuralink.com
2026-03-08 23:01:24,244 [INFO]   Employees for 'Neuralink'…
2026-03-08 23:01:39,553 [INFO]   9 employees via DOM.
2026-03-08 23:01:39,561 [INFO]   ✓ Neuralink                                     | country: Austria         | domain: neuralink.com
2026-03-08 23:01:39,570 [INFO]   ✓ 9 employees saved.
2026-03-08 23:01:47,911 [INFO] ─── 5 / 5 ───
2026-03-08 23:01:47,911 [INFO] Scraping: https://www.linkedin.com/company/the-heritage-foundation
2026-03-08 23:02:25,239 [INFO]   Domain: heritage.org
2026-03-08 23:02:25,243 [INFO]   Employees for 'The Heritage Foundation'…
2026-03-08 23:02:40,578 [INFO]   6 employees via DOM.
2026-03-08 23:02:40,584 [INFO]   ✓ The Heritage Foundation                       | country: Austria         | domain: heritage.org
2026-03-08 23:02:40,590 [INFO]   ✓ 6 employees saved.
2026-03-08 23:02:55,884 [INFO] CSV: criteria_countries.csv               47 rows
2026-03-08 23:02:55,886 [INFO] CSV: criteria_industries.csv              168 rows
2026-03-08 23:02:55,886 [INFO] CSV: criteria_sizes.csv                   8 rows
2026-03-08 23:02:56,176 [INFO] CSV: search_combinations.csv              27412 rows
2026-03-08 23:02:56,183 [INFO] CSV: companies.csv                        45 rows
2026-03-08 23:02:56,188 [INFO] CSV: employees.csv                        325 rows
2026-03-08 23:02:56,207 [INFO] === Done ===
2026-03-09 21:53:53,380 [INFO] === LinkedIn Scraper v4.1 ===
2026-03-09 21:53:53,395 [INFO] Database ready: linkedin_data.db
2026-03-09 21:53:53,398 [INFO] Criteria tables: {'countries': 47, 'industries': 168, 'sizes': 8}
2026-03-09 21:53:53,538 [INFO] Cleared 27355 pending combinations — rebuilding with current sort order.
2026-03-09 21:53:53,774 [INFO] search_combinations: 27355 new rows added | 27412 total in queue
2026-03-09 21:53:53,776 [INFO] Queue: exhausted: 56 | in_progress: 1 | pending: 27355
2026-03-09 21:54:00,443 [INFO] Cookies copied → C:\Users\sandeep\AppData\Local\linkedin_scraper_profile
2026-03-09 21:54:10,030 [INFO] LinkedIn session active — no login needed.
2026-03-09 21:54:10,068 [INFO] Companies already in DB: 45 (will be skipped)
2026-03-09 21:54:10,735 [INFO] Combination [597124] (1/2): Austria | Alternative Medicine | 201-500 employees  (resume page 1)
2026-03-09 21:54:17,555 [INFO]   Screenshot saved: debug_01_before_all_filters_1773073457.png
2026-03-09 21:54:17,556 [INFO]   Waiting for 'All filters' button...
2026-03-09 21:54:17,606 [INFO]   'All filters' clicked via JS after 1 checks.
2026-03-09 21:54:20,812 [INFO]   Screenshot saved: debug_02_modal_open_1773073460.png
2026-03-09 21:54:20,822 [INFO]   Clicked '+ Add a location' via JS.
2026-03-09 21:54:22,119 [INFO]   Screenshot saved: debug_03_after_add_location_click_1773073462.png
2026-03-09 21:54:22,158 [INFO]   Location search input found via: input[placeholder='Add a location']
2026-03-09 21:54:26,546 [INFO]   Screenshot saved: debug_04_after_typing_1773073466.png
2026-03-09 21:54:28,079 [INFO]   Dropdown (div[role='option']): ['Austria', 'Vienna, Austria', 'Upper Austria, Austria', 'Lower Austria, Austria', 'Styria, Austria', 'Tyrol, Austria', 'Salzburg, Austria', 'Graz, Styria, Austria']
2026-03-09 21:54:28,086 [INFO]   Selecting country option: 'Austria'
2026-03-09 21:54:31,182 [INFO]   Screenshot saved: debug_04_country_selected_1773073471.png
2026-03-09 21:54:32,979 [WARNING]   Show results not found. All buttons: ['Skip to main content', 'Home', 'Me', 'For Business', 'All filters', 'Follow', 'Follow', 'Follow', 'Follow', 'Follow', 'Follow', 'Follow', 'Follow', 'Follow', 'Follow', '1', '2', '3', '4', '5']
2026-03-09 21:54:48,045 [WARNING]   Show results button not found.
2026-03-09 21:54:48,140 [INFO]   Screenshot saved: debug_05_after_apply_1773073488.png
2026-03-09 21:54:56,155 [WARNING]   Modal may still be open after clicking Show results.
2026-03-09 21:55:07,273 [WARNING]   ⚠ Country filter applied but NO geo param in URL — location may not have been set. URL: https://www.linkedin.com/search/results/companies/?origin=FACETED_SEARCH&companySize=%5B%22E%22%5D&industryCompanyVertical=%5B%2270%22%5D
2026-03-09 21:55:15,223 [INFO]   Filtered base URL: https://www.linkedin.com/search/results/companies/?origin=FACETED_SEARCH&companySize=%5B%22E%22%5D&industryCompanyVertical=%5B%2270%22%5D
2026-03-09 21:55:27,628 [INFO]   Page 1: 10 on page | 5 new | 5 queued total
2026-03-09 21:55:33,347 [INFO]   Combination [597124] → in_progress
2026-03-09 21:55:33,357 [INFO] Discovery done: 5 new companies queued.
2026-03-09 21:55:33,357 [INFO] ─── 1 / 5 ───
2026-03-09 21:55:33,357 [INFO] Scraping: https://www.linkedin.com/company/openai
2026-03-09 21:56:14,405 [INFO]   Domain: openai.com
2026-03-09 21:56:14,408 [INFO]   Employees for 'OpenAI'…
2026-03-09 21:56:29,686 [INFO]   10 employees via DOM.
2026-03-09 21:56:29,695 [INFO]   ✓ OpenAI                                        | country: Austria         | domain: openai.com
2026-03-09 21:56:29,705 [INFO]   ✓ 10 employees saved.
2026-03-09 21:56:44,139 [INFO] ─── 2 / 5 ───
2026-03-09 21:56:44,139 [INFO] Scraping: https://www.linkedin.com/company/bluebirdbio
2026-03-09 21:57:20,855 [INFO]   Domain: linkedin.com
2026-03-09 21:57:20,859 [INFO]   Employees for 'bluebird bio'…
2026-03-09 21:57:35,865 [INFO]   8 employees via DOM.
2026-03-09 21:57:35,883 [INFO]   ✓ bluebird bio                                  | country: Austria         | domain: linkedin.com
2026-03-09 21:57:35,892 [INFO]   ✓ 8 employees saved.
2026-03-09 21:57:44,940 [INFO] ─── 3 / 5 ───
2026-03-09 21:57:44,940 [INFO] Scraping: https://www.linkedin.com/company/the-brookings-institution
2026-03-09 21:58:26,542 [INFO]   Domain: brookings.edu
2026-03-09 21:58:26,547 [INFO]   Employees for 'The Brookings Institution'…
2026-03-09 21:58:39,953 [INFO]   10 employees via DOM.
2026-03-09 21:58:39,972 [INFO]   ✓ The Brookings Institution                     | country: Austria         | domain: brookings.edu
2026-03-09 21:58:39,984 [INFO]   ✓ 10 employees saved.
2026-03-09 21:58:51,754 [INFO] ─── 4 / 5 ───
2026-03-09 21:58:51,755 [INFO] Scraping: https://www.linkedin.com/company/elevenlabsio
2026-03-09 21:59:32,678 [INFO]   Domain: elevenlabs.io
2026-03-09 21:59:32,682 [INFO]   Employees for 'ElevenLabs'…
2026-03-09 21:59:48,399 [INFO]   10 employees via DOM.
2026-03-09 21:59:48,417 [INFO]   ✓ ElevenLabs                                    | country: Austria         | domain: elevenlabs.io
2026-03-09 21:59:48,428 [INFO]   ✓ 10 employees saved.
2026-03-09 21:59:58,570 [INFO] ─── 5 / 5 ───
2026-03-09 21:59:58,571 [INFO] Scraping: https://www.linkedin.com/company/x
2026-03-09 22:00:39,749 [INFO]   Domain: x.company
2026-03-09 22:00:39,753 [INFO]   Employees for 'X, The Moonshot Factory'…
2026-03-09 22:00:56,014 [INFO]   8 employees via DOM.
2026-03-09 22:00:56,021 [INFO]   ✓ X, The Moonshot Factory                       | country: Austria         | domain: x.company
2026-03-09 22:00:56,030 [INFO]   ✓ 8 employees saved.
2026-03-09 22:01:06,602 [INFO] CSV: criteria_countries.csv               47 rows
2026-03-09 22:01:06,603 [INFO] CSV: criteria_industries.csv              168 rows
2026-03-09 22:01:06,604 [INFO] CSV: criteria_sizes.csv                   8 rows
2026-03-09 22:01:06,874 [INFO] CSV: search_combinations.csv              27412 rows
2026-03-09 22:01:06,882 [INFO] CSV: companies.csv                        50 rows
2026-03-09 22:01:06,888 [INFO] CSV: employees.csv                        371 rows
2026-03-09 22:01:06,898 [INFO] === Done ===
2026-03-09 22:07:32,812 [INFO] === LinkedIn Scraper v4.1 ===
2026-03-09 22:07:32,835 [INFO] Database ready: linkedin_data.db
2026-03-09 22:07:32,839 [INFO] Criteria tables: {'countries': 47, 'industries': 168, 'sizes': 8}
2026-03-09 22:07:32,928 [INFO] Cleared 27355 pending combinations — rebuilding with current sort order.
2026-03-09 22:07:33,202 [INFO] search_combinations: 27355 new rows added | 27412 total in queue
2026-03-09 22:07:33,204 [INFO] Queue: exhausted: 56 | in_progress: 1 | pending: 27355
2026-03-09 22:07:33,887 [INFO] Cookies copied → C:\Users\sandeep\AppData\Local\linkedin_scraper_profile
2026-03-09 22:07:42,185 [WARNING] Cookies expired — please log in manually.
2026-03-09 22:10:16,157 [INFO] Companies already in DB: 50 (will be skipped)
2026-03-09 22:10:16,910 [INFO] Combination [597124] (1/2): Austria | Alternative Medicine | 201-500 employees  (resume page 2)
2026-03-09 22:10:23,442 [INFO]   Screenshot saved: debug_01_before_all_filters_1773074423.png
2026-03-09 22:10:23,442 [INFO]   Waiting for 'All filters' button...
2026-03-09 22:10:23,535 [INFO]   'All filters' clicked via JS after 1 checks.
2026-03-09 22:10:27,083 [INFO]   Screenshot saved: debug_02_modal_open_1773074426.png
2026-03-09 22:10:27,104 [INFO]   Clicked '+ Add a location' via JS.
2026-03-09 22:10:28,359 [INFO]   Screenshot saved: debug_03_after_add_location_click_1773074428.png
2026-03-09 22:10:28,407 [INFO]   Location search input found via: input[placeholder='Add a location']
2026-03-09 22:10:33,372 [INFO]   Screenshot saved: debug_04_after_typing_1773074433.png
2026-03-09 22:10:35,613 [INFO]   Dropdown (div[role='option']): ['Austria', 'Vienna, Austria', 'Upper Austria, Austria', 'Lower Austria, Austria', 'Styria, Austria', 'Tyrol, Austria', 'Salzburg, Austria', 'Graz, Styria, Austria']
2026-03-09 22:10:35,619 [INFO]   Selecting country option: 'Austria'
2026-03-09 22:10:37,130 [INFO]   Option+ShowResults JS result: no-show-btn
2026-03-09 22:10:39,360 [INFO]   Screenshot saved: debug_04_country_selected_1773074439.png
2026-03-09 22:10:40,964 [WARNING]   Show results not found. All buttons: ['Skip to main content', 'Home', 'Me', 'For Business', 'All filters', 'Follow', 'Follow', 'Follow', 'Follow', 'Follow', 'Follow', 'Follow', 'Follow', 'Follow', 'Follow', '1', '2', '3', '4', '5']
2026-03-09 22:10:55,982 [WARNING]   Show results button not found.
2026-03-09 22:10:56,107 [INFO]   Screenshot saved: debug_05_after_apply_1773074455.png
2026-03-09 22:11:04,110 [WARNING]   Modal may still be open after clicking Show results.
2026-03-09 22:11:15,199 [WARNING]   ⚠ Country filter applied but NO geo param in URL — location may not have been set. URL: https://www.linkedin.com/search/results/companies/?origin=FACETED_SEARCH&companySize=%5B%22E%22%5D&industryCompanyVertical=%5B%2270%22%5D
2026-03-09 22:11:20,753 [INFO]   Filtered base URL: https://www.linkedin.com/search/results/companies/?origin=FACETED_SEARCH&companySize=%5B%22E%22%5D&industryCompanyVertical=%5B%2270%22%5D
2026-03-09 22:11:29,791 [INFO]   Page 2: 10 on page | 1 new | 1 queued total
2026-03-09 22:11:46,728 [INFO]   Page 3: 10 on page | 0 new | 1 queued total
2026-03-09 22:12:03,720 [INFO]   Page 4: 10 on page | 0 new | 1 queued total
2026-03-09 22:12:18,267 [INFO]   Page 5: 10 on page | 0 new | 1 queued total
2026-03-09 22:12:33,387 [INFO]   Page 6: 10 on page | 0 new | 1 queued total
2026-03-09 22:12:47,673 [INFO]   Page 7: 10 on page | 0 new | 1 queued total
2026-03-09 22:13:03,791 [INFO]   Page 8: 10 on page | 0 new | 1 queued total
2026-03-09 22:13:22,504 [INFO]   Page 9: 10 on page | 0 new | 1 queued total
2026-03-09 22:13:27,125 [INFO]   Combination [597124] → exhausted
2026-03-09 22:13:27,125 [INFO]   Waiting 76 s before next combination (anti-block)…
2026-03-09 22:14:42,949 [INFO] Combination [691625] (2/2): Austria | Alternative Medicine | 501-1000 employees  (resume page 0)
2026-03-09 22:14:48,614 [INFO]   Screenshot saved: debug_01_before_all_filters_1773074688.png
2026-03-09 22:14:48,614 [INFO]   Waiting for 'All filters' button...
2026-03-09 22:14:48,671 [INFO]   'All filters' clicked via JS after 1 checks.
2026-03-09 22:14:52,203 [INFO]   Screenshot saved: debug_02_modal_open_1773074692.png
2026-03-09 22:14:52,226 [INFO]   Clicked '+ Add a location' via JS.
2026-03-09 22:14:53,641 [INFO]   Screenshot saved: debug_03_after_add_location_click_1773074693.png
2026-03-09 22:14:53,684 [INFO]   Location search input found via: input[placeholder='Add a location']
2026-03-09 22:14:58,205 [INFO]   Screenshot saved: debug_04_after_typing_1773074698.png
2026-03-09 22:15:00,090 [INFO]   Dropdown (div[role='option']): ['Austria', 'Vienna, Austria', 'Upper Austria, Austria', 'Lower Austria, Austria', 'Styria, Austria', 'Tyrol, Austria', 'Salzburg, Austria', 'Graz, Styria, Austria']
2026-03-09 22:15:00,096 [INFO]   Selecting country option: 'Austria'
2026-03-09 22:15:01,605 [INFO]   Option+ShowResults JS result: no-show-btn
2026-03-09 22:15:03,803 [INFO]   Screenshot saved: debug_04_country_selected_1773074703.png
2026-03-09 22:15:05,745 [WARNING]   Show results not found. All buttons: ['Skip to main content', 'Home', 'Me', 'For Business', 'All filters', 'Follow', 'Follow', 'Follow', 'Follow', 'Follow', 'Follow', 'Follow', 'Follow', 'Follow', 'Follow', '1', '2', '3', '4', '5']
2026-03-09 22:15:20,753 [WARNING]   Show results button not found.
2026-03-09 22:15:20,853 [INFO]   Screenshot saved: debug_05_after_apply_1773074720.png
2026-03-09 22:15:28,858 [WARNING]   Modal may still be open after clicking Show results.
2026-03-09 22:15:40,628 [WARNING]   ⚠ Country filter applied but NO geo param in URL — location may not have been set. URL: https://www.linkedin.com/search/results/companies/?origin=FACETED_SEARCH&companySize=%5B%22F%22%5D&industryCompanyVertical=%5B%2270%22%5D
2026-03-09 22:15:45,944 [INFO]   Filtered base URL: https://www.linkedin.com/search/results/companies/?origin=FACETED_SEARCH&companySize=%5B%22F%22%5D&industryCompanyVertical=%5B%2270%22%5D
2026-03-09 22:15:49,164 [INFO]   Page 0: 10 on page | 4 new | 5 queued total
2026-03-09 22:15:54,047 [INFO]   Combination [691625] → in_progress
2026-03-09 22:15:54,075 [INFO] Discovery done: 5 new companies queued.
2026-03-09 22:15:54,075 [INFO] ─── 1 / 5 ───
2026-03-09 22:15:54,075 [INFO] Scraping: https://www.linkedin.com/company/csis
2026-03-09 22:16:38,894 [INFO]   Domain: csis.org
2026-03-09 22:16:38,898 [INFO]   Employees for 'Center for Strategic and International Studies (CSIS)'…
2026-03-09 22:16:54,714 [INFO]   8 employees via DOM.
2026-03-09 22:16:54,735 [INFO]   ✓ Center for Strategic and International Studies (CSIS) | country: Austria         | domain: csis.org
2026-03-09 22:16:54,743 [INFO]   ✓ 8 employees saved.
2026-03-09 22:17:03,610 [INFO] ─── 2 / 5 ───
2026-03-09 22:17:03,611 [INFO] Scraping: https://www.linkedin.com/company/googledeepmind
2026-03-09 22:17:41,922 [INFO]   Domain: deepmind.google
2026-03-09 22:17:41,926 [INFO]   Employees for 'Google DeepMind'…
2026-03-09 22:17:58,400 [INFO]   10 employees via DOM.
2026-03-09 22:17:58,407 [INFO]   ✓ Google DeepMind                               | country: Austria         | domain: deepmind.google
2026-03-09 22:17:58,421 [INFO]   ✓ 10 employees saved.
2026-03-09 22:18:10,060 [INFO] ─── 3 / 5 ───
2026-03-09 22:18:10,060 [INFO] Scraping: https://www.linkedin.com/company/pytorch
2026-03-09 22:18:49,640 [INFO]   Domain: pytorch.org
2026-03-09 22:18:49,644 [INFO]   Employees for 'PyTorch'…
2026-03-09 22:19:04,074 [INFO]   10 employees via DOM.
2026-03-09 22:19:04,093 [INFO]   ✓ PyTorch                                       | country: Austria         | domain: pytorch.org
2026-03-09 22:19:04,105 [INFO]   ✓ 10 employees saved.
2026-03-09 22:19:18,984 [INFO] ─── 4 / 5 ───
2026-03-09 22:19:18,985 [INFO] Scraping: https://www.linkedin.com/company/ginkgo-bioworks
2026-03-09 22:19:57,284 [INFO]   Domain: ginkgo.bio
2026-03-09 22:19:57,288 [INFO]   Employees for 'Ginkgo Bioworks'…
2026-03-09 22:20:11,568 [INFO]   10 employees via DOM.
2026-03-09 22:20:11,575 [INFO]   ✓ Ginkgo Bioworks                               | country: Austria         | domain: ginkgo.bio
2026-03-09 22:20:11,586 [INFO]   ✓ 10 employees saved.
2026-03-09 22:20:25,441 [INFO] ─── 5 / 5 ───
2026-03-09 22:20:25,441 [INFO] Scraping: https://www.linkedin.com/company/flagship-pioneering
2026-03-09 22:21:09,466 [INFO]   Domain: flagshippioneering.com
2026-03-09 22:21:09,470 [INFO]   Employees for 'Flagship Pioneering'…
2026-03-09 22:21:26,008 [INFO]   9 employees via DOM.
2026-03-09 22:21:26,018 [INFO]   ✓ Flagship Pioneering                           | country: Austria         | domain: flagshippioneering.com
2026-03-09 22:21:26,028 [INFO]   ✓ 9 employees saved.
2026-03-09 22:21:42,324 [INFO] CSV: criteria_countries.csv               47 rows
2026-03-09 22:21:42,326 [INFO] CSV: criteria_industries.csv              168 rows
2026-03-09 22:21:42,327 [INFO] CSV: criteria_sizes.csv                   8 rows
2026-03-09 22:21:42,617 [INFO] CSV: search_combinations.csv              27412 rows
2026-03-09 22:21:42,625 [INFO] CSV: companies.csv                        55 rows
2026-03-09 22:21:42,633 [INFO] CSV: employees.csv                        418 rows
2026-03-09 22:21:42,642 [INFO] === Done ===
2026-03-09 22:38:45,412 [INFO] === LinkedIn Scraper v4.1 ===
2026-03-09 22:38:45,419 [INFO] Database ready: linkedin_data.db
2026-03-09 22:38:45,421 [INFO] Criteria tables: {'countries': 47, 'industries': 168, 'sizes': 8}
2026-03-09 22:38:45,541 [INFO] Cleared 27354 pending combinations — rebuilding with current sort order.
2026-03-09 22:38:45,807 [INFO] search_combinations: 27354 new rows added | 27412 total in queue
2026-03-09 22:38:45,809 [INFO] Queue: exhausted: 57 | in_progress: 1 | pending: 27354
2026-03-09 22:38:46,540 [INFO] Cookies copied → C:\Users\sandeep\AppData\Local\linkedin_scraper_profile
2026-03-09 22:38:55,570 [INFO] LinkedIn session active — no login needed.
2026-03-09 22:38:55,588 [INFO] Companies already in DB: 55 (will be skipped)
2026-03-09 22:38:56,294 [INFO] Combination [691625] (1/2): Austria | Alternative Medicine | 501-1000 employees  (resume page 1)
2026-03-09 22:39:03,545 [INFO]   Screenshot saved: debug_01_before_all_filters_1773076143.png
2026-03-09 22:39:03,545 [INFO]   Waiting for 'All filters' button...
2026-03-09 22:39:03,595 [INFO]   'All filters' clicked via JS after 1 checks.
2026-03-09 22:39:06,769 [INFO]   Screenshot saved: debug_02_modal_open_1773076146.png
2026-03-09 22:39:06,787 [INFO]   Clicked '+ Add a location' via JS.
2026-03-09 22:39:07,989 [INFO]   Screenshot saved: debug_03_after_add_location_click_1773076147.png
2026-03-09 22:39:08,029 [INFO]   Location search input found via: input[placeholder='Add a location']
2026-03-09 22:39:12,148 [INFO]   Screenshot saved: debug_04_after_typing_1773076152.png
2026-03-09 22:39:15,017 [INFO]   Keyboard highlighted: 'Austria'
2026-03-09 22:39:15,018 [INFO]   Selecting via keyboard Enter: 'Austria'
2026-03-09 22:39:16,769 [INFO]   Screenshot saved: debug_04_country_selected_1773076156.png
2026-03-09 22:39:18,637 [WARNING]   Show results not found. All buttons: ['Skip to main content', 'Home', 'Me', 'For Business', 'All filters', 'Follow', 'Follow', 'Follow', 'Follow', 'Follow', 'Follow', 'Follow', 'Follow', 'Follow', 'Follow', '1', '2', '3', '4', '5']
2026-03-09 22:39:33,662 [WARNING]   Show results button not found.
2026-03-09 22:39:33,768 [INFO]   Screenshot saved: debug_05_after_apply_1773076173.png
2026-03-09 22:39:41,781 [WARNING]   Modal may still be open after clicking Show results.
2026-03-09 22:39:52,361 [WARNING]   ⚠ Country filter applied but NO geo param in URL — location may not have been set. URL: https://www.linkedin.com/search/results/companies/?origin=FACETED_SEARCH&companySize=%5B%22F%22%5D&industryCompanyVertical=%5B%2270%22%5D
2026-03-09 22:39:59,928 [INFO]   Filtered base URL: https://www.linkedin.com/search/results/companies/?origin=FACETED_SEARCH&companySize=%5B%22F%22%5D&industryCompanyVertical=%5B%2270%22%5D
2026-03-09 22:40:10,733 [INFO]   Page 1: 10 on page | 5 new | 5 queued total
2026-03-09 22:40:15,782 [INFO]   Combination [691625] → in_progress
2026-03-09 22:40:15,792 [INFO] Discovery done: 5 new companies queued.
2026-03-09 22:40:15,793 [INFO] ─── 1 / 5 ───
2026-03-09 22:40:15,793 [INFO] Scraping: https://www.linkedin.com/company/sarepta-therapeutics
2026-03-09 22:41:03,286 [INFO]   Domain: sarepta.com
2026-03-09 22:41:03,290 [INFO]   Employees for 'Sarepta Therapeutics'…
2026-03-09 22:41:20,394 [INFO]   9 employees via DOM.
2026-03-09 22:41:20,411 [INFO]   ✓ Sarepta Therapeutics                          | country: Austria         | domain: sarepta.com
2026-03-09 22:41:20,421 [INFO]   ✓ 9 employees saved.
2026-03-09 22:41:29,672 [INFO] ─── 2 / 5 ───
2026-03-09 22:41:29,674 [INFO] Scraping: https://www.linkedin.com/company/anthropicresearch
2026-03-09 22:42:07,848 [INFO]   Domain: anthropic.com
2026-03-09 22:42:07,852 [INFO]   Employees for 'Anthropic'…
2026-03-09 22:42:22,354 [INFO]   9 employees via DOM.
2026-03-09 22:42:22,360 [INFO]   ✓ Anthropic                                     | country: Austria         | domain: anthropic.com
2026-03-09 22:42:22,374 [INFO]   ✓ 9 employees saved.
2026-03-09 22:42:36,869 [INFO] ─── 3 / 5 ───
2026-03-09 22:42:36,870 [INFO] Scraping: https://www.linkedin.com/company/advanced-clinical
2026-03-09 22:43:17,151 [INFO]   Domain: advancedclinical.com
2026-03-09 22:43:17,155 [INFO]   Employees for 'Advanced Clinical'…
2026-03-09 22:43:32,851 [INFO]   9 employees via DOM.
2026-03-09 22:43:32,858 [INFO]   ✓ Advanced Clinical                             | country: Austria         | domain: advancedclinical.com
2026-03-09 22:43:32,871 [INFO]   ✓ 9 employees saved.
2026-03-09 22:43:43,155 [INFO] ─── 4 / 5 ───
2026-03-09 22:43:43,155 [INFO] Scraping: https://www.linkedin.com/company/advarra
2026-03-09 22:44:19,587 [INFO]   Domain: advarra.com
2026-03-09 22:44:19,590 [INFO]   Employees for 'Advarra'…
2026-03-09 22:44:36,833 [INFO]   10 employees via DOM.
2026-03-09 22:44:36,840 [INFO]   ✓ Advarra                                       | country: Austria         | domain: advarra.com
2026-03-09 22:44:36,850 [INFO]   ✓ 10 employees saved.
2026-03-09 22:44:51,848 [INFO] ─── 5 / 5 ───
2026-03-09 22:44:51,848 [INFO] Scraping: https://www.linkedin.com/company/twist-bioscience
2026-03-09 22:45:34,088 [INFO]   Domain: twistbioscience.com
2026-03-09 22:45:34,092 [INFO]   Employees for 'Twist Bioscience'…
2026-03-09 22:45:49,987 [INFO]   10 employees via DOM.
2026-03-09 22:45:50,005 [INFO]   ✓ Twist Bioscience                              | country: Austria         | domain: twistbioscience.com
2026-03-09 22:45:50,015 [INFO]   ✓ 10 employees saved.
2026-03-09 22:46:05,252 [INFO] CSV: criteria_countries.csv               47 rows
2026-03-09 22:46:05,254 [INFO] CSV: criteria_industries.csv              168 rows
2026-03-09 22:46:05,255 [INFO] CSV: criteria_sizes.csv                   8 rows
2026-03-09 22:46:05,586 [INFO] CSV: search_combinations.csv              27412 rows
2026-03-09 22:46:05,596 [INFO] CSV: companies.csv                        60 rows
2026-03-09 22:46:05,606 [INFO] CSV: employees.csv                        465 rows
2026-03-09 22:46:05,622 [INFO] === Done ===
2026-03-09 22:55:58,487 [INFO] === LinkedIn Scraper v4.1 ===
2026-03-09 22:55:58,507 [INFO] Database ready: linkedin_data.db
2026-03-09 22:55:58,509 [INFO] Criteria tables: {'countries': 47, 'industries': 168, 'sizes': 8}
2026-03-09 22:55:58,610 [INFO] Cleared 27354 pending combinations — rebuilding with current sort order.
2026-03-09 22:55:58,874 [INFO] search_combinations: 27354 new rows added | 27412 total in queue
2026-03-09 22:55:58,876 [INFO] Queue: exhausted: 57 | in_progress: 1 | pending: 27354
2026-03-09 22:55:59,582 [INFO] Cookies copied → C:\Users\sandeep\AppData\Local\linkedin_scraper_profile
2026-03-09 22:56:07,647 [WARNING] Cookies expired — please log in manually.
2026-03-09 22:59:23,806 [INFO] Companies already in DB: 60 (will be skipped)
2026-03-09 22:59:24,434 [INFO] Combination [691625] (1/2): Austria | Alternative Medicine | 501-1000 employees  (resume page 2)
2026-03-09 22:59:32,787 [WARNING]   ⚠ geoUrn missing from URL: https://www.linkedin.com/search/results/companies/?origin=FACETED_SEARCH&companySize=%5B%22F%22%5D&industryCompanyVertical=%5B%2270%22%5D
2026-03-09 22:59:44,561 [INFO]   Page 2: 10 on page | 1 new | 1 queued total
2026-03-09 23:00:02,336 [INFO]   Page 3: 10 on page | 0 new | 1 queued total
2026-03-09 23:00:19,867 [INFO]   Page 4: 10 on page | 0 new | 1 queued total
2026-03-09 23:00:35,456 [INFO]   Page 5: 10 on page | 0 new | 1 queued total
2026-03-09 23:00:52,317 [INFO]   Page 6: 10 on page | 0 new | 1 queued total
2026-03-09 23:01:10,286 [INFO]   Page 7: 10 on page | 0 new | 1 queued total
2026-03-09 23:01:25,500 [INFO]   Page 8: 10 on page | 0 new | 1 queued total
2026-03-09 23:01:39,155 [INFO]   Page 9: 10 on page | 0 new | 1 queued total
2026-03-09 23:01:46,965 [INFO]   Combination [691625] → exhausted
2026-03-09 23:01:46,966 [INFO]   Waiting 102 s before next combination (anti-block)…
2026-03-09 23:03:28,616 [INFO] Combination [754626] (2/2): Austria | Alternative Medicine | 1001-5000 employees  (resume page 0)
2026-03-09 23:03:36,431 [WARNING]   ⚠ geoUrn missing from URL: https://www.linkedin.com/search/results/companies/?origin=FACETED_SEARCH&companySize=%5B%22G%22%5D&industryCompanyVertical=%5B%2270%22%5D
2026-03-09 23:03:39,574 [INFO]   Page 0: 10 on page | 4 new | 5 queued total
2026-03-09 23:03:46,985 [INFO]   Combination [754626] → in_progress
2026-03-09 23:03:47,023 [INFO] Discovery done: 5 new companies queued.
2026-03-09 23:03:47,023 [INFO] ─── 1 / 5 ───
2026-03-09 23:03:47,023 [INFO] Scraping: https://www.linkedin.com/company/beroe-inc
2026-03-09 23:06:20,126 [ERROR] Future exception was never retrieved
future: <Future finished exception=TargetClosedError('Target page, context or browser has been closed')>
playwright._impl._errors.TargetClosedError: Target page, context or browser has been closed
2026-03-09 23:06:39,108 [INFO] === LinkedIn Scraper v4.1 ===
2026-03-09 23:06:39,120 [INFO] Database ready: linkedin_data.db
2026-03-09 23:06:39,122 [INFO] Criteria tables: {'countries': 47, 'industries': 168, 'sizes': 8}
2026-03-09 23:06:39,242 [INFO] Cleared 27353 pending combinations — rebuilding with current sort order.
2026-03-09 23:06:39,513 [INFO] search_combinations: 27353 new rows added | 27412 total in queue
2026-03-09 23:06:39,515 [INFO] Queue: exhausted: 58 | in_progress: 1 | pending: 27353
2026-03-09 23:06:40,170 [INFO] Cookies copied → C:\Users\sandeep\AppData\Local\linkedin_scraper_profile
2026-03-09 23:06:49,257 [INFO] LinkedIn session active — no login needed.
2026-03-09 23:06:49,267 [INFO] Companies already in DB: 60 (will be skipped)
2026-03-09 23:06:49,894 [INFO] Combination [754626] (1/2): Austria | Alternative Medicine | 1001-5000 employees  (resume page 1)
2026-03-09 23:06:49,896 [INFO]   Navigating to: https://www.linkedin.com/search/results/companies/?origin=FACETED_SEARCH&companySize=["G"]&industryCompanyVertical=["70"]&geoUrn=["103883"]
2026-03-09 23:06:56,745 [WARNING]   ⚠ LinkedIn redirected and stripped geoUrn. Landed: https://www.linkedin.com/search/results/companies/?origin=FACETED_SEARCH&companySize=%5B%22G%22%5D&industryCompanyVertical=%5B%2270%22%5D
2026-03-09 23:07:36,756 [WARNING]   networkidle retry failed: Page.goto: Timeout 40000ms exceeded.
Call log:
  - navigating to "https://www.linkedin.com/search/results/companies/?origin=FACETED_SEARCH&companySize=[%22G%22]&industryCompanyVertical=[%2270%22]&geoUrn=[%22103883%22]", waiting until "networkidle"

2026-03-09 23:07:48,126 [INFO]   Page 1: 10 on page | 5 new | 5 queued total
2026-03-09 23:07:55,244 [INFO]   Combination [754626] → in_progress
2026-03-09 23:07:55,265 [INFO] Discovery done: 5 new companies queued.
2026-03-09 23:07:55,266 [INFO] ─── 1 / 5 ───
2026-03-09 23:07:55,266 [INFO] Scraping: https://www.linkedin.com/company/national-institute-of-mental-health-nimh
2026-03-09 23:08:29,565 [INFO]   Domain: nimh.nih.gov
2026-03-09 23:08:29,569 [INFO]   Employees for 'National Institute of Mental Health (NIMH)'…
2026-03-09 23:08:46,929 [INFO]   6 employees via DOM.
2026-03-09 23:08:46,937 [INFO]   ✓ National Institute of Mental Health (NIMH)    | country: Austria         | domain: nimh.nih.gov
2026-03-09 23:08:46,944 [INFO]   ✓ 6 employees saved.
2026-03-09 23:08:57,110 [INFO] ─── 2 / 5 ───
2026-03-09 23:08:57,110 [INFO] Scraping: https://www.linkedin.com/company/kite-pharma-inc-
2026-03-09 23:09:31,875 [INFO]   Domain: kitepharma.com
2026-03-09 23:09:31,878 [INFO]   Employees for 'Kite Pharma'…
2026-03-09 23:09:56,576 [INFO]   9 employees via DOM.
2026-03-09 23:09:56,584 [INFO]   ✓ Kite Pharma                                   | country: Austria         | domain: kitepharma.com
2026-03-09 23:09:56,594 [INFO]   ✓ 9 employees saved.
2026-03-09 23:10:09,131 [INFO] ─── 3 / 5 ───
2026-03-09 23:10:09,131 [INFO] Scraping: https://www.linkedin.com/company/forrester-research
2026-03-09 23:10:43,002 [INFO]   Domain: forrester.com
2026-03-09 23:10:43,005 [INFO]   Employees for 'Forrester'…
2026-03-09 23:10:58,533 [INFO]   10 employees via DOM.
2026-03-09 23:10:58,541 [INFO]   ✓ Forrester                                     | country: Austria         | domain: forrester.com
2026-03-09 23:10:58,554 [INFO]   ✓ 10 employees saved.
2026-03-09 23:11:11,474 [INFO] ─── 4 / 5 ───
2026-03-09 23:11:11,474 [INFO] Scraping: https://www.linkedin.com/company/alexion-pharmaceuticals
2026-03-09 23:11:45,075 [INFO]   Domain: alexion.com
2026-03-09 23:11:45,080 [INFO]   Employees for 'Alexion Pharmaceuticals, Inc.'…
2026-03-09 23:12:00,422 [INFO]   10 employees via DOM.
2026-03-09 23:12:00,429 [INFO]   ✓ Alexion Pharmaceuticals, Inc.                 | country: Austria         | domain: alexion.com
2026-03-09 23:12:00,443 [INFO]   ✓ 10 employees saved.
2026-03-09 23:12:09,907 [INFO] ─── 5 / 5 ───
2026-03-09 23:12:09,908 [INFO] Scraping: https://www.linkedin.com/company/microsoft
2026-03-09 23:12:46,650 [INFO]   Domain: news.microsoft.com
2026-03-09 23:12:46,653 [INFO]   Employees for 'Microsoft'…
2026-03-09 23:13:03,809 [INFO]   10 employees via DOM.
2026-03-09 23:13:03,824 [INFO]   ✓ Microsoft                                     | country: Austria         | domain: news.microsoft.com
2026-03-09 23:13:03,836 [INFO]   ✓ 10 employees saved.
2026-03-09 23:13:14,670 [INFO] CSV: criteria_countries.csv               47 rows
2026-03-09 23:13:14,671 [INFO] CSV: criteria_industries.csv              168 rows
2026-03-09 23:13:14,672 [INFO] CSV: criteria_sizes.csv                   8 rows
2026-03-09 23:13:14,969 [INFO] CSV: search_combinations.csv              27412 rows
2026-03-09 23:13:14,977 [INFO] CSV: companies.csv                        65 rows
2026-03-09 23:13:14,985 [INFO] CSV: employees.csv                        510 rows
2026-03-09 23:13:14,993 [INFO] === Done ===
2026-03-09 23:16:31,148 [INFO] === LinkedIn Scraper v4.1 ===
2026-03-09 23:16:31,161 [INFO] Database ready: linkedin_data.db
2026-03-09 23:16:31,163 [INFO] Criteria tables: {'countries': 47, 'industries': 168, 'sizes': 8}
2026-03-09 23:16:31,265 [INFO] Cleared 27353 pending combinations — rebuilding with current sort order.
2026-03-09 23:16:31,521 [INFO] search_combinations: 27353 new rows added | 27412 total in queue
2026-03-09 23:16:31,523 [INFO] Queue: exhausted: 58 | in_progress: 1 | pending: 27353
2026-03-09 23:16:32,188 [INFO] Cookies copied → C:\Users\sandeep\AppData\Local\linkedin_scraper_profile
2026-03-09 23:16:41,611 [INFO] LinkedIn session active — no login needed.
2026-03-09 23:16:41,623 [INFO] Companies already in DB: 65 (will be skipped)
2026-03-09 23:16:42,255 [INFO] Combination [754626] (1/2): Austria | Alternative Medicine | 1001-5000 employees  (resume page 2)
2026-03-09 23:16:42,261 [INFO]   Navigating to: https://www.linkedin.com/search/results/companies/?origin=FACETED_SEARCH&companySize=["G"]&industryCompanyVertical=["70"]&geoUrn=%5B%22103883%22%5D
2026-03-09 23:16:51,730 [WARNING]   ⚠ LinkedIn redirected and stripped geoUrn. Landed: https://www.linkedin.com/search/results/companies/?origin=FACETED_SEARCH&companySize=%5B%22G%22%5D&industryCompanyVertical=%5B%2270%22%5D
2026-03-09 23:17:31,748 [WARNING]   networkidle retry failed: Page.goto: Timeout 40000ms exceeded.
Call log:
  - navigating to "https://www.linkedin.com/search/results/companies/?origin=FACETED_SEARCH&companySize=[%22G%22]&industryCompanyVertical=[%2270%22]&geoUrn=%5B%22103883%22%5D", waiting until "networkidle"

2026-03-09 23:17:40,919 [INFO]   Page 2: 10 on page | 2 new | 2 queued total
2026-03-09 23:17:48,772 [INFO]   Combination [754626] → in_progress
2026-03-09 23:17:48,797 [INFO] Discovery done: 2 new companies queued.
2026-03-09 23:17:48,797 [INFO] ─── 1 / 2 ───
2026-03-09 23:17:48,798 [INFO] Scraping: https://www.linkedin.com/company/nist
2026-03-09 23:18:31,489 [INFO]   Domain: nist.gov
2026-03-09 23:18:31,494 [INFO]   Employees for 'National Institute of Standards and Technology (NIST)'…
2026-03-09 23:18:48,687 [INFO]   8 employees via DOM.
2026-03-09 23:18:48,693 [INFO]   ✓ National Institute of Standards and Technology (NIST) | country: Austria         | domain: nist.gov
2026-03-09 23:18:48,702 [INFO]   ✓ 8 employees saved.
2026-03-09 23:19:00,589 [INFO] ─── 2 / 2 ───
2026-03-09 23:19:00,590 [INFO] Scraping: https://www.linkedin.com/company/guardanthealth
2026-03-09 23:19:34,576 [INFO]   Domain: guardanthealth.com
2026-03-09 23:19:34,580 [INFO]   Employees for 'Guardant Health'…
2026-03-09 23:19:50,976 [INFO]   10 employees via DOM.
2026-03-09 23:19:50,985 [INFO]   ✓ Guardant Health                               | country: Austria         | domain: guardanthealth.com
2026-03-09 23:19:50,995 [INFO]   ✓ 10 employees saved.
2026-03-09 23:20:03,149 [INFO] CSV: criteria_countries.csv               47 rows
2026-03-09 23:20:03,151 [INFO] CSV: criteria_industries.csv              168 rows
2026-03-09 23:20:03,151 [INFO] CSV: criteria_sizes.csv                   8 rows
2026-03-09 23:20:03,461 [INFO] CSV: search_combinations.csv              27412 rows
2026-03-09 23:20:03,469 [INFO] CSV: companies.csv                        67 rows
2026-03-09 23:20:03,477 [INFO] CSV: employees.csv                        528 rows
2026-03-09 23:20:03,485 [INFO] === Done ===
2026-03-09 23:27:24,657 [INFO] === LinkedIn Scraper v4.1 ===
2026-03-09 23:27:24,676 [INFO] Database ready: linkedin_data.db
2026-03-09 23:27:24,680 [INFO] Criteria tables: {'countries': 47, 'industries': 168, 'sizes': 8}
2026-03-09 23:27:24,783 [INFO] Cleared 27353 pending combinations — rebuilding with current sort order.
2026-03-09 23:27:25,036 [INFO] search_combinations: 27353 new rows added | 27412 total in queue
2026-03-09 23:27:25,038 [INFO] Queue: exhausted: 58 | in_progress: 1 | pending: 27353
2026-03-09 23:27:25,656 [INFO] Cookies copied → C:\Users\sandeep\AppData\Local\linkedin_scraper_profile
2026-03-09 23:27:33,419 [WARNING] Cookies expired — please log in manually.
2026-03-09 23:27:38,909 [INFO] Companies already in DB: 67 (will be skipped)
2026-03-09 23:27:39,591 [INFO] Combination [754626] (1/2): Austria | Alternative Medicine | 1001-5000 employees  (resume page 3)
2026-03-09 23:27:39,609 [INFO]   Navigating to: https://www.linkedin.com/search/results/companies/?origin=FACETED_SEARCH&companySize=["G"]&industryCompanyVertical=["70"]&companyHqGeo=%5B%22103883%22%5D
2026-03-09 23:27:45,781 [INFO]   ✓ companyHqGeo confirmed in URL.
2026-03-09 23:27:55,876 [INFO]   Page 3: 0 results — combination exhausted.
2026-03-09 23:27:55,877 [INFO]   Combination [754626] → exhausted
2026-03-09 23:27:55,878 [INFO]   Waiting 62 s before next combination (anti-block)…
2026-03-09 23:28:57,653 [INFO] Combination [849127] (2/2): Austria | Alternative Medicine | 5001-10000 employees  (resume page 0)
2026-03-09 23:28:57,656 [INFO]   Navigating to: https://www.linkedin.com/search/results/companies/?origin=FACETED_SEARCH&companySize=["H"]&industryCompanyVertical=["70"]&companyHqGeo=%5B%22103883%22%5D
2026-03-09 23:29:05,527 [INFO]   ✓ companyHqGeo confirmed in URL.
2026-03-09 23:29:07,628 [INFO]   Page 0: 0 results — combination exhausted.
2026-03-09 23:29:07,631 [INFO]   Combination [849127] → exhausted
2026-03-09 23:29:07,640 [INFO] Discovery done: 0 new companies queued.
2026-03-09 23:29:07,641 [WARNING] No new companies found.
All combinations may be exhausted, or try activating more criteria in the DB reference tables.
2026-03-09 23:31:19,091 [INFO] === LinkedIn Scraper v4.1 ===
2026-03-09 23:31:19,113 [INFO] Database ready: linkedin_data.db
2026-03-09 23:31:19,115 [INFO] Criteria tables: {'countries': 47, 'industries': 168, 'sizes': 8}
2026-03-09 23:31:19,213 [INFO] Cleared 27352 pending combinations — rebuilding with current sort order.
2026-03-09 23:31:19,467 [INFO] search_combinations: 27352 new rows added | 27412 total in queue
2026-03-09 23:31:19,469 [INFO] Queue: exhausted: 60 | pending: 27352
2026-03-09 23:31:20,073 [INFO] Cookies copied → C:\Users\sandeep\AppData\Local\linkedin_scraper_profile
2026-03-09 23:31:30,162 [INFO] LinkedIn session active — no login needed.
2026-03-09 23:31:30,185 [INFO] Companies already in DB: 67 (will be skipped)
2026-03-09 23:31:30,869 [INFO] Combination [880628] (1/5): Austria | Alternative Medicine | 10001+ employees  (resume page 0)
2026-03-09 23:31:30,871 [INFO]   Navigating to: https://www.linkedin.com/search/results/companies/?origin=FACETED_SEARCH&companySize=["I"]&industryCompanyVertical=["70"]&companyHqGeo=%5B%22103883%22%5D
2026-03-09 23:31:37,278 [INFO]   ✓ companyHqGeo confirmed in URL.
2026-03-09 23:31:39,846 [INFO]   Page 0: 0 results — combination exhausted.
2026-03-09 23:31:39,848 [INFO]   Combination [880628] → exhausted
2026-03-09 23:31:39,849 [INFO]   Waiting 81 s before next combination (anti-block)…
2026-03-09 23:33:01,081 [INFO] Combination [880629] (2/5): Austria | Animation | 11-50 employees  (resume page 0)
2026-03-09 23:33:01,083 [INFO]   Navigating to: https://www.linkedin.com/search/results/companies/?origin=FACETED_SEARCH&companySize=["C"]&industryCompanyVertical=["29"]&companyHqGeo=%5B%22103883%22%5D
2026-03-09 23:33:06,525 [INFO]   ✓ companyHqGeo confirmed in URL.
2026-03-09 23:33:08,979 [INFO]   Page 0: 0 results — combination exhausted.
2026-03-09 23:33:08,982 [INFO]   Combination [880629] → exhausted
2026-03-09 23:33:08,982 [INFO]   Waiting 83 s before next combination (anti-block)…
2026-03-09 23:34:31,618 [INFO] Combination [880630] (3/5): Austria | Animation | 51-200 employees  (resume page 0)
2026-03-09 23:34:31,620 [INFO]   Navigating to: https://www.linkedin.com/search/results/companies/?origin=FACETED_SEARCH&companySize=["D"]&industryCompanyVertical=["29"]&companyHqGeo=%5B%22103883%22%5D
2026-03-09 23:34:37,392 [INFO]   ✓ companyHqGeo confirmed in URL.
2026-03-09 23:34:39,798 [INFO]   Page 0: 0 results — combination exhausted.
2026-03-09 23:34:39,812 [INFO]   Combination [880630] → exhausted
2026-03-09 23:34:39,812 [INFO]   Waiting 99 s before next combination (anti-block)…
2026-03-09 23:36:18,346 [INFO] Combination [880631] (4/5): Austria | Animation | 201-500 employees  (resume page 0)
2026-03-09 23:36:18,348 [INFO]   Navigating to: https://www.linkedin.com/search/results/companies/?origin=FACETED_SEARCH&companySize=["E"]&industryCompanyVertical=["29"]&companyHqGeo=%5B%22103883%22%5D
2026-03-09 23:36:24,682 [INFO]   ✓ companyHqGeo confirmed in URL.
2026-03-09 23:36:26,737 [INFO]   Page 0: 0 results — combination exhausted.
2026-03-09 23:36:26,758 [INFO]   Combination [880631] → exhausted
2026-03-09 23:36:26,758 [INFO]   Waiting 60 s before next combination (anti-block)…
2026-03-09 23:37:26,873 [INFO] Combination [880632] (5/5): Austria | Animation | 501-1000 employees  (resume page 0)
2026-03-09 23:37:26,876 [INFO]   Navigating to: https://www.linkedin.com/search/results/companies/?origin=FACETED_SEARCH&companySize=["F"]&industryCompanyVertical=["29"]&companyHqGeo=%5B%22103883%22%5D
2026-03-09 23:37:33,098 [INFO]   ✓ companyHqGeo confirmed in URL.
2026-03-09 23:37:35,544 [INFO]   Page 0: 0 results — combination exhausted.
2026-03-09 23:37:35,547 [INFO]   Combination [880632] → exhausted
2026-03-09 23:37:35,559 [INFO] Discovery done: 0 new companies queued.
2026-03-09 23:37:35,559 [WARNING] No new companies found.
All combinations may be exhausted, or try activating more criteria in the DB reference tables.
2026-03-09 23:38:23,636 [INFO] === LinkedIn Scraper v4.1 ===
2026-03-09 23:38:23,645 [INFO] Database ready: linkedin_data.db
2026-03-09 23:38:23,647 [INFO] Criteria tables: {'countries': 47, 'industries': 168, 'sizes': 8}
2026-03-09 23:38:23,761 [INFO] Cleared 27347 pending combinations — rebuilding with current sort order.
2026-03-09 23:38:24,013 [INFO] search_combinations: 27347 new rows added | 27412 total in queue
2026-03-09 23:38:24,015 [INFO] Queue: exhausted: 65 | pending: 27347
2026-03-09 23:38:24,640 [INFO] Cookies copied → C:\Users\sandeep\AppData\Local\linkedin_scraper_profile
2026-03-09 23:38:33,109 [WARNING] Cookies expired — please log in manually.
2026-03-09 23:39:57,576 [INFO] Companies already in DB: 67 (will be skipped)
2026-03-09 23:39:58,176 [INFO] Combination [912133] (1/15): Austria | Animation | 1001-5000 employees  (resume page 0)
2026-03-09 23:39:58,191 [INFO]   Navigating to: https://www.linkedin.com/search/results/companies/?origin=FACETED_SEARCH&companySize=["G"]&industryCompanyVertical=["29"]&companyHqGeo=%5B%22103883%22%5D
2026-03-09 23:40:05,503 [INFO]   ✓ companyHqGeo confirmed in URL.
2026-03-09 23:40:08,007 [INFO]   Page 0: 0 results — combination exhausted.
2026-03-09 23:40:08,021 [INFO]   Combination [912133] → exhausted
2026-03-09 23:40:08,021 [INFO]   Waiting 68 s before next combination (anti-block)…
2026-03-09 23:41:15,852 [INFO] Combination [912134] (2/15): Austria | Animation | 5001-10000 employees  (resume page 0)
2026-03-09 23:41:15,866 [INFO]   Navigating to: https://www.linkedin.com/search/results/companies/?origin=FACETED_SEARCH&companySize=["H"]&industryCompanyVertical=["29"]&companyHqGeo=%5B%22103883%22%5D
2026-03-09 23:41:24,605 [INFO]   ✓ companyHqGeo confirmed in URL.
2026-03-09 23:41:26,850 [INFO]   Page 0: 0 results — combination exhausted.
2026-03-09 23:41:26,853 [INFO]   Combination [912134] → exhausted
2026-03-09 23:41:26,853 [INFO]   Waiting 117 s before next combination (anti-block)…
2026-03-09 23:43:24,353 [INFO] Combination [912135] (3/15): Austria | Animation | 10001+ employees  (resume page 0)
2026-03-09 23:43:24,355 [INFO]   Navigating to: https://www.linkedin.com/search/results/companies/?origin=FACETED_SEARCH&companySize=["I"]&industryCompanyVertical=["29"]&companyHqGeo=%5B%22103883%22%5D
2026-03-09 23:43:32,467 [INFO]   ✓ companyHqGeo confirmed in URL.
2026-03-09 23:43:35,198 [INFO]   Page 0: 0 results — combination exhausted.
2026-03-09 23:43:35,215 [INFO]   Combination [912135] → exhausted
2026-03-09 23:43:35,215 [INFO]   Waiting 78 s before next combination (anti-block)…
2026-03-09 23:44:53,374 [INFO] Combination [912136] (4/15): Austria | Apparel and Fashion | 11-50 employees  (resume page 0)
2026-03-09 23:44:53,377 [INFO]   Navigating to: https://www.linkedin.com/search/results/companies/?origin=FACETED_SEARCH&companySize=["C"]&industryCompanyVertical=["23"]&companyHqGeo=%5B%22103883%22%5D
2026-03-09 23:44:59,800 [INFO]   ✓ companyHqGeo confirmed in URL.
2026-03-09 23:45:02,450 [INFO]   Page 0: 0 results — combination exhausted.
2026-03-09 23:45:02,464 [INFO]   Combination [912136] → exhausted
2026-03-09 23:45:02,464 [INFO]   Waiting 103 s before next combination (anti-block)…
2026-03-09 23:46:45,252 [INFO] Combination [912137] (5/15): Austria | Apparel and Fashion | 51-200 employees  (resume page 0)
2026-03-09 23:46:45,255 [INFO]   Navigating to: https://www.linkedin.com/search/results/companies/?origin=FACETED_SEARCH&companySize=["D"]&industryCompanyVertical=["23"]&companyHqGeo=%5B%22103883%22%5D
2026-03-09 23:46:53,094 [INFO]   ✓ companyHqGeo confirmed in URL.
2026-03-09 23:46:55,767 [INFO]   Page 0: 0 results — combination exhausted.
2026-03-09 23:46:55,769 [INFO]   Combination [912137] → exhausted
2026-03-09 23:46:55,770 [INFO]   Extended rest 191 s after 5 combinations…
2026-03-09 23:50:06,925 [INFO] Combination [912138] (6/15): Austria | Apparel and Fashion | 201-500 employees  (resume page 0)
2026-03-09 23:50:06,928 [INFO]   Navigating to: https://www.linkedin.com/search/results/companies/?origin=FACETED_SEARCH&companySize=["E"]&industryCompanyVertical=["23"]&companyHqGeo=%5B%22103883%22%5D
2026-03-09 23:50:14,452 [INFO]   ✓ companyHqGeo confirmed in URL.
2026-03-09 23:50:16,908 [INFO]   Page 0: 0 results — combination exhausted.
2026-03-09 23:50:16,911 [INFO]   Combination [912138] → exhausted
2026-03-09 23:50:16,911 [INFO]   Waiting 66 s before next combination (anti-block)…
2026-03-09 23:51:22,483 [INFO] Combination [912139] (7/15): Austria | Apparel and Fashion | 501-1000 employees  (resume page 0)
2026-03-09 23:51:22,485 [INFO]   Navigating to: https://www.linkedin.com/search/results/companies/?origin=FACETED_SEARCH&companySize=["F"]&industryCompanyVertical=["23"]&companyHqGeo=%5B%22103883%22%5D
2026-03-09 23:51:29,808 [INFO]   ✓ companyHqGeo confirmed in URL.
2026-03-09 23:51:32,629 [INFO]   Page 0: 0 results — combination exhausted.
2026-03-09 23:51:32,632 [INFO]   Combination [912139] → exhausted
2026-03-09 23:51:32,632 [INFO]   Waiting 94 s before next combination (anti-block)…
2026-03-09 23:53:06,625 [INFO] Combination [912140] (8/15): Austria | Apparel and Fashion | 1001-5000 employees  (resume page 0)
2026-03-09 23:53:06,628 [INFO]   Navigating to: https://www.linkedin.com/search/results/companies/?origin=FACETED_SEARCH&companySize=["G"]&industryCompanyVertical=["23"]&companyHqGeo=%5B%22103883%22%5D
2026-03-09 23:53:13,015 [INFO]   ✓ companyHqGeo confirmed in URL.
2026-03-09 23:53:15,897 [INFO]   Page 0: 0 results — combination exhausted.
2026-03-09 23:53:15,911 [INFO]   Combination [912140] → exhausted
2026-03-09 23:53:15,911 [INFO]   Waiting 98 s before next combination (anti-block)…
2026-03-09 23:54:54,046 [INFO] Combination [912141] (9/15): Austria | Apparel and Fashion | 5001-10000 employees  (resume page 0)
2026-03-09 23:54:54,060 [INFO]   Navigating to: https://www.linkedin.com/search/results/companies/?origin=FACETED_SEARCH&companySize=["H"]&industryCompanyVertical=["23"]&companyHqGeo=%5B%22103883%22%5D
2026-03-09 23:55:00,918 [INFO]   ✓ companyHqGeo confirmed in URL.
2026-03-09 23:55:03,263 [INFO]   Page 0: 0 results — combination exhausted.
2026-03-09 23:55:03,265 [INFO]   Combination [912141] → exhausted
2026-03-09 23:55:03,266 [INFO]   Waiting 110 s before next combination (anti-block)…
2026-03-09 23:56:53,138 [INFO] Combination [912142] (10/15): Austria | Apparel and Fashion | 10001+ employees  (resume page 0)
2026-03-09 23:56:53,154 [INFO]   Navigating to: https://www.linkedin.com/search/results/companies/?origin=FACETED_SEARCH&companySize=["I"]&industryCompanyVertical=["23"]&companyHqGeo=%5B%22103883%22%5D
2026-03-09 23:57:02,757 [INFO]   ✓ companyHqGeo confirmed in URL.
2026-03-09 23:57:40,996 [INFO]   Page 0: 0 results — combination exhausted.
2026-03-09 23:57:40,999 [INFO]   Combination [912142] → exhausted
2026-03-09 23:57:40,999 [INFO]   Extended rest 241 s after 10 combinations…
2026-03-10 00:01:41,772 [INFO] Combination [912143] (11/15): Austria | Architecture and Planning | 11-50 employees  (resume page 0)
2026-03-10 00:01:41,775 [INFO]   Navigating to: https://www.linkedin.com/search/results/companies/?origin=FACETED_SEARCH&companySize=["C"]&industryCompanyVertical=["41"]&companyHqGeo=%5B%22103883%22%5D
2026-03-10 00:01:47,589 [INFO]   ✓ companyHqGeo confirmed in URL.
2026-03-10 00:01:49,986 [INFO]   Page 0: 0 results — combination exhausted.
2026-03-10 00:01:49,990 [INFO]   Combination [912143] → exhausted
2026-03-10 00:01:49,990 [INFO]   Waiting 80 s before next combination (anti-block)…
2026-03-10 00:03:10,020 [INFO] Combination [912144] (12/15): Austria | Architecture and Planning | 51-200 employees  (resume page 0)
2026-03-10 00:03:10,033 [INFO]   Navigating to: https://www.linkedin.com/search/results/companies/?origin=FACETED_SEARCH&companySize=["D"]&industryCompanyVertical=["41"]&companyHqGeo=%5B%22103883%22%5D
2026-03-10 00:03:15,807 [INFO]   ✓ companyHqGeo confirmed in URL.
2026-03-10 00:03:17,980 [INFO]   Page 0: 0 results — combination exhausted.
2026-03-10 00:03:17,983 [INFO]   Combination [912144] → exhausted
2026-03-10 00:03:17,983 [INFO]   Waiting 108 s before next combination (anti-block)…
2026-03-10 00:05:06,376 [INFO] Combination [912145] (13/15): Austria | Architecture and Planning | 201-500 employees  (resume page 0)
2026-03-10 00:05:06,379 [INFO]   Navigating to: https://www.linkedin.com/search/results/companies/?origin=FACETED_SEARCH&companySize=["E"]&industryCompanyVertical=["41"]&companyHqGeo=%5B%22103883%22%5D
2026-03-10 00:05:14,633 [INFO]   ✓ companyHqGeo confirmed in URL.
2026-03-10 00:05:17,390 [INFO]   Page 0: 0 results — combination exhausted.
2026-03-10 00:05:17,393 [INFO]   Combination [912145] → exhausted
2026-03-10 00:05:17,393 [INFO]   Waiting 62 s before next combination (anti-block)…
2026-03-10 00:06:19,547 [INFO] Combination [912146] (14/15): Austria | Architecture and Planning | 501-1000 employees  (resume page 0)
2026-03-10 00:06:19,550 [INFO]   Navigating to: https://www.linkedin.com/search/results/companies/?origin=FACETED_SEARCH&companySize=["F"]&industryCompanyVertical=["41"]&companyHqGeo=%5B%22103883%22%5D
2026-03-10 00:06:27,959 [INFO]   ✓ companyHqGeo confirmed in URL.
2026-03-10 00:06:31,015 [INFO]   Page 0: 0 results — combination exhausted.
2026-03-10 00:06:31,018 [INFO]   Combination [912146] → exhausted
2026-03-10 00:06:31,018 [INFO]   Waiting 67 s before next combination (anti-block)…
2026-03-10 00:07:38,193 [INFO] Combination [912147] (15/15): Austria | Architecture and Planning | 1001-5000 employees  (resume page 0)
2026-03-10 00:07:38,197 [INFO]   Navigating to: https://www.linkedin.com/search/results/companies/?origin=FACETED_SEARCH&companySize=["G"]&industryCompanyVertical=["41"]&companyHqGeo=%5B%22103883%22%5D
2026-03-10 00:07:43,300 [INFO]   ✓ companyHqGeo confirmed in URL.
2026-03-10 00:07:45,629 [INFO]   Page 0: 0 results — combination exhausted.
2026-03-10 00:07:45,645 [INFO]   Combination [912147] → exhausted
2026-03-10 00:07:45,673 [INFO] Discovery done: 0 new companies queued.
2026-03-10 00:07:45,674 [WARNING] No new companies found.
All combinations may be exhausted, or try activating more criteria in the DB reference tables.
2026-03-10 00:14:15,460 [INFO] === LinkedIn Scraper v4.1 ===
2026-03-10 00:14:15,481 [INFO] Database ready: linkedin_data.db
2026-03-10 00:14:15,487 [INFO] Criteria tables: {'countries': 47, 'industries': 168, 'sizes': 8}
2026-03-10 00:14:15,566 [INFO] Cleared 27332 pending combinations — rebuilding with current sort order.
2026-03-10 00:14:15,833 [INFO] search_combinations: 27332 new rows added | 27412 total in queue
2026-03-10 00:14:15,835 [INFO] Queue: exhausted: 80 | pending: 27332
2026-03-10 00:14:16,514 [INFO] Cookies copied → C:\Users\sandeep\AppData\Local\linkedin_scraper_profile
2026-03-10 00:14:31,781 [INFO] LinkedIn session active — no login needed.
2026-03-10 00:14:31,789 [INFO] Companies already in DB: 67 (will be skipped)
2026-03-10 00:14:32,700 [INFO] Combination [943902] (1/2): Austria | Farming | 11-50 employees  (resume page 0)
2026-03-10 00:14:32,714 [INFO]   Navigating to: https://www.linkedin.com/search/results/companies/?origin=FACETED_SEARCH&companySize=["C"]&industryCompanyVertical=["1"]&companyHqGeo=%5B%22103883259%22%5D
2026-03-10 00:14:39,949 [INFO]   ✓ companyHqGeo confirmed in URL.
2026-03-10 00:14:42,283 [INFO]   Page 0: 6 on page | 2 new | 2 queued total
2026-03-10 00:14:50,012 [INFO]   Combination [943902] → in_progress
2026-03-10 00:14:50,033 [INFO] Discovery done: 2 new companies queued.
2026-03-10 00:14:50,033 [INFO] ─── 1 / 2 ───
2026-03-10 00:14:50,034 [INFO] Scraping: https://www.linkedin.com/company/defenseleads
2026-03-10 00:15:25,400 [INFO]   Domain: defenselead.com
2026-03-10 00:15:25,404 [INFO]   Employees for 'DefenseLead | Pre-Event Visibility for Defense Trade Shows'…
2026-03-10 00:15:44,135 [INFO]   0 employees via DOM.
2026-03-10 00:15:44,142 [INFO]   ✓ DefenseLead | Pre-Event Visibility for Defense Trade Shows | country: Austria         | domain: defenselead.com
2026-03-10 00:15:53,593 [INFO] ─── 2 / 2 ───
2026-03-10 00:15:53,593 [INFO] Scraping: https://www.linkedin.com/company/brillibrilliant-gmbh
2026-03-10 00:16:32,116 [INFO]   Domain: brillibrilliant.com
2026-03-10 00:16:32,120 [INFO]   Employees for 'brillibrilliant GmbH'…
2026-03-10 00:16:48,689 [INFO]   2 employees via DOM.
2026-03-10 00:16:48,697 [INFO]   ✓ brillibrilliant GmbH                          | country: Austria         | domain: brillibrilliant.com
2026-03-10 00:16:48,699 [INFO]   ✓ 2 employees saved.
2026-03-10 00:17:04,227 [INFO] CSV: criteria_countries.csv               47 rows
2026-03-10 00:17:04,229 [INFO] CSV: criteria_industries.csv              168 rows
2026-03-10 00:17:04,231 [INFO] CSV: criteria_sizes.csv                   8 rows
2026-03-10 00:17:04,562 [INFO] CSV: search_combinations.csv              27412 rows
2026-03-10 00:17:04,570 [INFO] CSV: companies.csv                        69 rows
2026-03-10 00:17:04,579 [INFO] CSV: employees.csv                        530 rows
2026-03-10 00:17:04,587 [INFO] === Done ===
2026-03-12 05:47:07,590 [INFO] === LinkedIn Scraper v4.1 ===
2026-03-12 05:47:07,603 [INFO] Database ready: linkedin_data.db
2026-03-12 05:47:07,605 [INFO] Criteria tables: {'countries': 47, 'industries': 168, 'sizes': 8}
2026-03-12 05:47:07,646 [INFO] Cleared 27331 pending combinations — rebuilding with current sort order.
2026-03-12 05:47:07,908 [INFO] search_combinations: 27331 new rows added | 27412 total in queue
2026-03-12 05:47:07,910 [INFO] Queue: exhausted: 80 | in_progress: 1 | pending: 27331
2026-03-12 05:47:14,744 [INFO] Cookies copied → C:\Users\sandeep\AppData\Local\linkedin_scraper_profile
2026-03-12 05:47:24,965 [INFO] LinkedIn session active — no login needed.
2026-03-12 05:47:24,986 [INFO] Companies already in DB: 0 (will be skipped)
2026-03-12 05:47:25,557 [INFO] Combination [943902] (1/20): Austria | Farming | 11-50 employees  (resume page 1)
2026-03-12 05:47:25,563 [INFO]   Navigating to: https://www.linkedin.com/search/results/companies/?origin=FACETED_SEARCH&companySize=["C"]&industryCompanyVertical=["1"]&companyHqGeo=%5B%22103883259%22%5D
2026-03-12 05:47:34,182 [INFO]   ✓ companyHqGeo confirmed in URL.
2026-03-12 05:47:42,736 [INFO]   Page 1: 6 on page | 6 new | 6 queued total
2026-03-12 05:47:57,596 [INFO]   Page 2: 6 on page | 0 new | 6 queued total
2026-03-12 05:48:13,169 [INFO]   Page 3: 6 on page | 0 new | 6 queued total
2026-03-12 05:48:28,904 [INFO]   Page 4: 6 on page | 0 new | 6 queued total
2026-03-12 05:48:43,395 [INFO]   Page 5: 6 on page | 0 new | 6 queued total
2026-03-12 05:49:00,882 [INFO]   Page 6: 6 on page | 0 new | 6 queued total
2026-03-12 05:49:16,984 [INFO]   Page 7: 6 on page | 0 new | 6 queued total
2026-03-12 05:49:33,516 [INFO]   Page 8: 6 on page | 0 new | 6 queued total
2026-03-12 05:49:47,942 [INFO]   Page 9: 6 on page | 0 new | 6 queued total
2026-03-12 05:49:54,791 [INFO]   Combination [943902] → exhausted
2026-03-12 05:49:54,792 [INFO]   Waiting 101 s before next combination (anti-block)…
2026-03-12 05:51:35,419 [INFO] Combination [975682] (2/20): Austria | Professional Training and Coaching | 11-50 employees  (resume page 0)
2026-03-12 05:51:35,420 [INFO]   Navigating to: https://www.linkedin.com/search/results/companies/?origin=FACETED_SEARCH&companySize=["C"]&industryCompanyVertical=["100"]&companyHqGeo=%5B%22103883259%22%5D
2026-03-12 05:51:44,884 [INFO]   ✓ companyHqGeo confirmed in URL.
2026-03-12 05:51:47,990 [INFO]   Page 0: 10 on page | 10 new | 16 queued total
2026-03-12 05:52:04,377 [INFO]   Page 1: 10 on page | 0 new | 16 queued total
2026-03-12 05:52:18,477 [INFO]   Page 2: 10 on page | 0 new | 16 queued total
2026-03-12 05:52:34,693 [INFO]   Page 3: 10 on page | 0 new | 16 queued total
2026-03-12 05:52:51,957 [INFO]   Page 4: 10 on page | 0 new | 16 queued total
2026-03-12 05:53:07,806 [INFO]   Page 5: 10 on page | 0 new | 16 queued total
2026-03-12 05:53:21,059 [INFO]   Page 6: 10 on page | 0 new | 16 queued total
2026-03-12 05:53:38,176 [INFO]   Page 7: 10 on page | 0 new | 16 queued total
2026-03-12 05:53:54,985 [INFO]   Page 8: 10 on page | 0 new | 16 queued total
2026-03-12 05:54:09,481 [INFO]   Page 9: 10 on page | 0 new | 16 queued total
2026-03-12 05:54:14,501 [INFO]   Combination [975682] → exhausted
2026-03-12 05:54:14,502 [INFO]   Waiting 109 s before next combination (anti-block)…
2026-03-12 05:56:03,983 [INFO] Combination [975689] (3/20): Austria | Public Relations and Communications Services | 11-50 employees  (resume page 0)
2026-03-12 05:56:03,997 [INFO]   Navigating to: https://www.linkedin.com/search/results/companies/?origin=FACETED_SEARCH&companySize=["C"]&industryCompanyVertical=["1028"]&companyHqGeo=%5B%22103883259%22%5D
2026-03-12 05:56:10,207 [INFO]   ✓ companyHqGeo confirmed in URL.
2026-03-12 05:56:12,355 [INFO]   Page 0: 0 results — combination exhausted.
2026-03-12 05:56:12,359 [INFO]   Combination [975689] → exhausted
2026-03-12 05:56:12,359 [INFO]   Waiting 66 s before next combination (anti-block)…
2026-03-12 05:57:17,958 [INFO] Combination [975248] (4/20): Austria | Cloud Computing | 11-50 employees  (resume page 0)
2026-03-12 05:57:17,960 [INFO]   Navigating to: https://www.linkedin.com/search/results/companies/?origin=FACETED_SEARCH&companySize=["C"]&industryCompanyVertical=["104"]&companyHqGeo=%5B%22103883259%22%5D
2026-03-12 05:57:25,258 [INFO]   ✓ companyHqGeo confirmed in URL.
2026-03-12 05:57:28,753 [INFO]   Page 0: 10 on page | 10 new | 26 queued total
2026-03-12 05:57:44,288 [INFO]   Page 1: 10 on page | 0 new | 26 queued total
2026-03-12 05:57:59,728 [INFO]   Page 2: 10 on page | 0 new | 26 queued total
2026-03-12 05:58:15,451 [INFO]   Page 3: 10 on page | 0 new | 26 queued total
2026-03-12 05:58:28,229 [INFO]   Page 4: 10 on page | 0 new | 26 queued total
2026-03-12 05:58:46,384 [INFO]   Page 5: 10 on page | 0 new | 26 queued total
2026-03-12 05:59:02,546 [INFO]   Page 6: 10 on page | 0 new | 26 queued total
2026-03-12 05:59:14,315 [INFO]   Page 7: 10 on page | 0 new | 26 queued total
2026-03-12 05:59:32,706 [INFO]   Page 8: 10 on page | 0 new | 26 queued total
2026-03-12 05:59:50,798 [INFO]   Page 9: 10 on page | 0 new | 26 queued total
2026-03-12 05:59:55,596 [INFO]   Combination [975248] → exhausted
2026-03-12 05:59:55,597 [INFO]   Waiting 92 s before next combination (anti-block)…
2026-03-12 06:01:27,920 [INFO] Combination [975654] (5/20): Austria | Newspaper Publishing | 11-50 employees  (resume page 0)
2026-03-12 06:01:27,933 [INFO]   Navigating to: https://www.linkedin.com/search/results/companies/?origin=FACETED_SEARCH&companySize=["C"]&industryCompanyVertical=["105"]&companyHqGeo=%5B%22103883259%22%5D
2026-03-12 06:01:37,277 [INFO]   ✓ companyHqGeo confirmed in URL.
2026-03-12 06:01:39,628 [INFO]   Page 0: 8 on page | 8 new | 34 queued total
2026-03-12 06:01:56,014 [INFO]   Page 1: 8 on page | 0 new | 34 queued total
2026-03-12 06:02:11,821 [INFO]   Page 2: 8 on page | 0 new | 34 queued total
2026-03-12 06:02:25,876 [INFO]   Page 3: 8 on page | 0 new | 34 queued total
2026-03-12 06:02:43,161 [INFO]   Page 4: 8 on page | 0 new | 34 queued total
2026-03-12 06:02:59,204 [INFO]   Page 5: 8 on page | 0 new | 34 queued total
2026-03-12 06:03:18,694 [INFO]   Page 6: 8 on page | 0 new | 34 queued total
2026-03-12 06:03:38,749 [INFO]   Page 7: 8 on page | 0 new | 34 queued total
2026-03-12 06:03:56,550 [INFO]   Page 8: 8 on page | 0 new | 34 queued total
2026-03-12 06:04:13,662 [INFO]   Page 9: 8 on page | 0 new | 34 queued total
2026-03-12 06:04:21,168 [INFO]   Combination [975654] → exhausted
2026-03-12 06:04:21,169 [INFO]   Extended rest 285 s after 5 combinations…
2026-03-12 06:09:06,230 [INFO] Combination [975500] (6/20): Austria | Individual and Family Services | 11-50 employees  (resume page 0)
2026-03-12 06:09:06,233 [INFO]   Navigating to: https://www.linkedin.com/search/results/companies/?origin=FACETED_SEARCH&companySize=["C"]&industryCompanyVertical=["107"]&companyHqGeo=%5B%22103883259%22%5D
2026-03-12 06:09:12,994 [INFO]   ✓ companyHqGeo confirmed in URL.
2026-03-12 06:09:15,821 [INFO]   Page 0: 10 on page | 10 new | 44 queued total
2026-03-12 06:09:33,154 [INFO]   Page 1: 10 on page | 0 new | 44 queued total
2026-03-12 06:09:49,850 [INFO]   Page 2: 10 on page | 0 new | 44 queued total
2026-03-12 06:10:06,234 [INFO]   Page 3: 10 on page | 0 new | 44 queued total
2026-03-12 06:10:22,505 [INFO]   Page 4: 10 on page | 0 new | 44 queued total
2026-03-12 06:10:36,740 [INFO]   Page 5: 10 on page | 0 new | 44 queued total
2026-03-12 06:10:51,028 [INFO]   Page 6: 10 on page | 0 new | 44 queued total
2026-03-12 06:11:06,731 [INFO]   Page 7: 10 on page | 0 new | 44 queued total
2026-03-12 06:11:24,039 [INFO]   Page 8: 10 on page | 0 new | 44 queued total
2026-03-12 06:11:41,847 [INFO]   Page 9: 10 on page | 0 new | 44 queued total
2026-03-12 06:11:47,064 [INFO]   Combination [975500] → exhausted
2026-03-12 06:11:47,064 [INFO]   Waiting 69 s before next combination (anti-block)…
2026-03-12 06:12:56,183 [INFO] Combination [975563] (7/20): Austria | Law Practice | 11-50 employees  (resume page 0)
2026-03-12 06:12:56,186 [INFO]   Navigating to: https://www.linkedin.com/search/results/companies/?origin=FACETED_SEARCH&companySize=["C"]&industryCompanyVertical=["109"]&companyHqGeo=%5B%22103883259%22%5D
2026-03-12 06:13:02,822 [INFO]   ✓ companyHqGeo confirmed in URL.
2026-03-12 06:13:05,595 [INFO]   Page 0: 10 on page | 6 new | 50 queued total
2026-03-12 06:13:13,511 [INFO]   Combination [975563] → in_progress
2026-03-12 06:13:13,590 [INFO] Discovery done: 50 new companies queued.
2026-03-12 06:13:13,591 [INFO] ─── 1 / 50 ───
2026-03-12 06:13:13,591 [INFO] Scraping: https://www.linkedin.com/company/defenseleads
2026-03-12 06:13:46,504 [INFO]   Domain: defenselead.com
2026-03-12 06:13:46,508 [INFO]   Employees for 'DefenseLead | Pre-Event Visibility for Defense Trade Shows'…
2026-03-12 06:14:02,684 [INFO]   1 employees via DOM.
2026-03-12 06:14:02,690 [INFO]   ✓ DefenseLead | Pre-Event Visibility for Defense Trade Shows | country: Austria         | domain: defenselead.com
2026-03-12 06:14:02,692 [INFO]   ✓ 1 employees saved.
2026-03-12 06:14:12,504 [INFO] ─── 2 / 50 ───
2026-03-12 06:14:12,504 [INFO] Scraping: https://www.linkedin.com/company/alpine-defence-technologies
2026-03-12 06:14:44,348 [INFO]   Domain: alpinedefence.com
2026-03-12 06:14:44,352 [INFO]   Employees for 'Alpine Defence Technologies GmbH'…
2026-03-12 06:15:02,149 [INFO]   0 employees via DOM.
2026-03-12 06:15:02,156 [INFO]   ✓ Alpine Defence Technologies GmbH              | country: Austria         | domain: alpinedefence.com
2026-03-12 06:15:17,077 [INFO] ─── 3 / 50 ───
2026-03-12 06:15:17,078 [INFO] Scraping: https://www.linkedin.com/company/brillibrilliant-gmbh
2026-03-12 06:15:53,156 [INFO]   Domain: brillibrilliant.com
2026-03-12 06:15:53,159 [INFO]   Employees for 'brillibrilliant GmbH'…
2026-03-12 06:16:08,695 [INFO]   2 employees via DOM.
2026-03-12 06:16:08,702 [INFO]   ✓ brillibrilliant GmbH                          | country: Austria         | domain: brillibrilliant.com
2026-03-12 06:16:08,704 [INFO]   ✓ 2 employees saved.
2026-03-12 06:16:21,071 [INFO] ─── 4 / 50 ───
2026-03-12 06:16:21,071 [INFO] Scraping: https://www.linkedin.com/company/accurision
2026-03-12 06:16:56,049 [INFO]   Domain: accurision.com
2026-03-12 06:16:56,053 [INFO]   Employees for 'Accurision GmbH'…
2026-03-12 06:17:10,464 [INFO]   5 employees via DOM.
2026-03-12 06:17:10,470 [INFO]   ✓ Accurision GmbH                               | country: Austria         | domain: accurision.com
2026-03-12 06:17:10,475 [INFO]   ✓ 5 employees saved.
2026-03-12 06:17:22,824 [INFO] ─── 5 / 50 ───
2026-03-12 06:17:22,824 [INFO] Scraping: https://www.linkedin.com/company/ballistix-academy
2026-03-12 06:17:59,630 [INFO]   Domain: wonderl.ink
2026-03-12 06:17:59,634 [INFO]   Employees for 'Ballistix Academy'…
2026-03-12 06:18:15,112 [INFO]   1 employees via DOM.
2026-03-12 06:18:15,130 [INFO]   ✓ Ballistix Academy                             | country: Austria         | domain: wonderl.ink
2026-03-12 06:18:15,131 [INFO]   ✓ 1 employees saved.
2026-03-12 06:18:24,881 [INFO] ─── 6 / 50 ───
2026-03-12 06:18:24,882 [INFO] Scraping: https://www.linkedin.com/company/scotty-group-austria
2026-03-12 06:18:59,198 [INFO]   Domain: scottygroup.com
2026-03-12 06:18:59,202 [INFO]   Employees for 'SCOTTY Group Austria'…
2026-03-12 06:19:15,472 [INFO]   9 employees via DOM.
2026-03-12 06:19:15,478 [INFO]   ✓ SCOTTY Group Austria                          | country: Austria         | domain: scottygroup.com
2026-03-12 06:19:15,487 [INFO]   ✓ 9 employees saved.
2026-03-12 06:19:25,184 [INFO] ─── 7 / 50 ───
2026-03-12 06:19:25,184 [INFO] Scraping: https://www.linkedin.com/company/european-forum-alpbach
2026-03-12 06:19:58,515 [INFO]   Domain: alpbach.org
2026-03-12 06:19:58,519 [INFO]   Employees for 'European Forum Alpbach'…
2026-03-12 06:20:13,538 [INFO]   9 employees via DOM.
2026-03-12 06:20:13,545 [INFO]   ✓ European Forum Alpbach                        | country: Austria         | domain: alpbach.org
2026-03-12 06:20:13,554 [INFO]   ✓ 9 employees saved.
2026-03-12 06:20:25,350 [INFO] ─── 8 / 50 ───
2026-03-12 06:20:25,351 [INFO] Scraping: https://www.linkedin.com/company/austrianstartups
2026-03-12 06:20:59,666 [INFO]   Domain: austrianstartups.com
2026-03-12 06:20:59,670 [INFO]   Employees for 'AustrianStartups'…
2026-03-12 06:21:14,823 [INFO]   9 employees via DOM.
2026-03-12 06:21:14,829 [INFO]   ✓ AustrianStartups                              | country: Austria         | domain: austrianstartups.com
2026-03-12 06:21:14,842 [INFO]   ✓ 9 employees saved.
2026-03-12 06:21:27,617 [INFO] ─── 9 / 50 ───
2026-03-12 06:21:27,618 [INFO] Scraping: https://www.linkedin.com/company/reeep
2026-03-12 06:22:04,097 [INFO]   Domain: reeep.org
2026-03-12 06:22:04,101 [INFO]   Employees for 'REEEP - Renewable Energy and Energy Efficiency Partnership'…
2026-03-12 06:22:17,608 [INFO]   9 employees via DOM.
2026-03-12 06:22:17,616 [INFO]   ✓ REEEP - Renewable Energy and Energy Efficiency Partnership | country: Austria         | domain: reeep.org
2026-03-12 06:22:17,624 [INFO]   ✓ 9 employees saved.
2026-03-12 06:22:30,060 [INFO] ─── 10 / 50 ───
2026-03-12 06:22:30,061 [INFO] Scraping: https://www.linkedin.com/company/wingsforlife
2026-03-12 06:23:04,522 [INFO]   Domain: wingsforlife.com
2026-03-12 06:23:04,526 [INFO]   Employees for 'Wings for Life - Spinal Cord Research Foundation'…
2026-03-12 06:23:17,572 [INFO]   8 employees via DOM.
2026-03-12 06:23:17,579 [INFO]   ✓ Wings for Life - Spinal Cord Research Foundation | country: Austria         | domain: wingsforlife.com
2026-03-12 06:23:17,587 [INFO]   ✓ 8 employees saved.
2026-03-12 06:23:30,390 [INFO] ─── 11 / 50 ───
2026-03-12 06:23:30,391 [INFO] Scraping: https://www.linkedin.com/company/officialeanm
2026-03-12 06:24:05,238 [INFO]   Domain: eanm.org
2026-03-12 06:24:05,242 [INFO]   Employees for 'European Association of Nuclear Medicine (EANM)'…
2026-03-12 06:24:20,334 [INFO]   10 employees via DOM.
2026-03-12 06:24:20,340 [INFO]   ✓ European Association of Nuclear Medicine (EANM) | country: Austria         | domain: eanm.org
2026-03-12 06:24:20,353 [INFO]   ✓ 10 employees saved.
2026-03-12 06:24:34,689 [INFO] ─── 12 / 50 ───
2026-03-12 06:24:34,690 [INFO] Scraping: https://www.linkedin.com/company/international-press-institute-ipi-
2026-03-12 06:25:07,837 [INFO]   Domain: ipi.media
2026-03-12 06:25:07,841 [INFO]   Employees for 'International Press Institute (IPI)'…
2026-03-12 06:25:23,099 [INFO]   7 employees via DOM.
2026-03-12 06:25:23,105 [INFO]   ✓ International Press Institute (IPI)           | country: Austria         | domain: ipi.media
2026-03-12 06:25:23,115 [INFO]   ✓ 7 employees saved.
2026-03-12 06:25:37,437 [INFO] ─── 13 / 50 ───
2026-03-12 06:25:37,437 [INFO] Scraping: https://www.linkedin.com/company/the-r-foundation-for-statistical-computing
2026-03-12 06:26:12,306 [INFO]   Domain: r-project.org
2026-03-12 06:26:12,310 [INFO]   Employees for 'The R Foundation for Statistical Computing'…
2026-03-12 06:26:30,028 [INFO]   5 employees via DOM.
2026-03-12 06:26:30,036 [INFO]   ✓ The R Foundation for Statistical Computing    | country: Austria         | domain: r-project.org
2026-03-12 06:26:30,042 [INFO]   ✓ 5 employees saved.
2026-03-12 06:26:39,686 [INFO] ─── 14 / 50 ───
2026-03-12 06:26:39,687 [INFO] Scraping: https://www.linkedin.com/company/ground-truth-solutions
2026-03-12 06:27:13,330 [INFO]   Domain: groundtruthsolutions.org
2026-03-12 06:27:13,334 [INFO]   Employees for 'Ground Truth Solutions'…
2026-03-12 06:27:27,288 [INFO]   8 employees via DOM.
2026-03-12 06:27:27,293 [INFO]   ✓ Ground Truth Solutions                        | country: Austria         | domain: groundtruthsolutions.org
2026-03-12 06:27:27,301 [INFO]   ✓ 8 employees saved.
2026-03-12 06:27:41,425 [INFO] ─── 15 / 50 ───
2026-03-12 06:27:41,426 [INFO] Scraping: https://www.linkedin.com/company/international-board-of-lactation-consultant-examiners-iblce-
2026-03-12 06:28:16,195 [INFO]   Domain: iblce.org
2026-03-12 06:28:16,199 [INFO]   Employees for 'International Board of Lactation Consultant Examiners® (IBLCE®)'…
2026-03-12 06:28:33,500 [INFO]   6 employees via DOM.
2026-03-12 06:28:33,507 [INFO]   ✓ International Board of Lactation Consultant Examiners® (IBLCE®) | country: Austria         | domain: iblce.org
2026-03-12 06:28:33,513 [INFO]   ✓ 6 employees saved.
2026-03-12 06:28:47,665 [INFO] ─── 16 / 50 ───
2026-03-12 06:28:47,665 [INFO] Scraping: https://www.linkedin.com/company/osce
2026-03-12 06:29:21,239 [INFO]   Domain: osce.org
2026-03-12 06:29:21,242 [INFO]   Employees for 'OSCE'…
2026-03-12 06:29:36,768 [INFO]   8 employees via DOM.
2026-03-12 06:29:36,777 [INFO]   ✓ OSCE                                          | country: Austria         | domain: osce.org
2026-03-12 06:29:36,785 [INFO]   ✓ 8 employees saved.
2026-03-12 06:29:48,376 [INFO] ─── 17 / 50 ───
2026-03-12 06:29:48,377 [INFO] Scraping: https://www.linkedin.com/company/deltacon-executive-search-gmbh
2026-03-12 06:30:21,647 [INFO]   Domain: deltacon.com
2026-03-12 06:30:21,651 [INFO]   Employees for 'DELTACON Executive Search'…
2026-03-12 06:30:38,282 [INFO]   9 employees via DOM.
2026-03-12 06:30:38,289 [INFO]   ✓ DELTACON Executive Search                     | country: Austria         | domain: deltacon.com
2026-03-12 06:30:38,307 [INFO]   ✓ 9 employees saved.
2026-03-12 06:30:47,168 [INFO] ─── 18 / 50 ───
2026-03-12 06:30:47,169 [INFO] Scraping: https://www.linkedin.com/company/talentor-austria
2026-03-12 06:31:21,260 [INFO]   Domain: talentor.at
2026-03-12 06:31:21,264 [INFO]   Employees for 'Talentor Austria'…
2026-03-12 06:31:37,239 [INFO]   10 employees via DOM.
2026-03-12 06:31:37,246 [INFO]   ✓ Talentor Austria                              | country: Austria         | domain: talentor.at
2026-03-12 06:31:37,258 [INFO]   ✓ 10 employees saved.
2026-03-12 06:31:49,112 [INFO] ─── 19 / 50 ───
2026-03-12 06:31:49,112 [INFO] Scraping: https://www.linkedin.com/company/ertler-executive-search
2026-03-12 06:32:22,123 [INFO]   Domain: ertlerexecutivesearch.com
2026-03-12 06:32:22,126 [INFO]   Employees for 'ERTLER EXECUTIVE SEARCH'…
2026-03-12 06:32:35,745 [INFO]   10 employees via DOM.
2026-03-12 06:32:35,752 [INFO]   ✓ ERTLER EXECUTIVE SEARCH                       | country: Austria         | domain: ertlerexecutivesearch.com
2026-03-12 06:32:35,762 [INFO]   ✓ 10 employees saved.
2026-03-12 06:32:47,592 [INFO] ─── 20 / 50 ───
2026-03-12 06:32:47,593 [INFO] Scraping: https://www.linkedin.com/company/hanalytica
2026-03-12 06:33:23,168 [INFO]   Domain: hanalytica.com
2026-03-12 06:33:23,172 [INFO]   Employees for 'Hanalytica GmbH'…
2026-03-12 06:33:39,368 [INFO]   7 employees via DOM.
2026-03-12 06:33:39,374 [INFO]   ✓ Hanalytica GmbH                               | country: Austria         | domain: hanalytica.com
2026-03-12 06:33:39,381 [INFO]   ✓ 7 employees saved.
2026-03-12 06:33:53,232 [INFO] ─── 21 / 50 ───
2026-03-12 06:33:53,233 [INFO] Scraping: https://www.linkedin.com/company/ams-ai
2026-03-12 06:34:27,108 [INFO]   Domain: ams-ai.com
2026-03-12 06:34:27,112 [INFO]   Employees for 'AMS Accelerate IT'…
2026-03-12 06:34:43,185 [INFO]   10 employees via DOM.
2026-03-12 06:34:43,192 [INFO]   ✓ AMS Accelerate IT                             | country: Austria         | domain: ams-ai.com
2026-03-12 06:34:43,207 [INFO]   ✓ 10 employees saved.
2026-03-12 06:34:52,749 [INFO] ─── 22 / 50 ───
2026-03-12 06:34:52,749 [INFO] Scraping: https://www.linkedin.com/company/eblinger-partner-personal-und-managementberatungs-gmbh
2026-03-12 06:35:26,302 [INFO]   Domain: eblinger.at
2026-03-12 06:35:26,306 [INFO]   Employees for 'Eblinger & Partner Personal- und Managementberatungs GmbH'…
2026-03-12 06:35:40,813 [INFO]   10 employees via DOM.
2026-03-12 06:35:40,819 [INFO]   ✓ Eblinger & Partner Personal- und Managementberatungs GmbH | country: Austria         | domain: eblinger.at
2026-03-12 06:35:40,834 [INFO]   ✓ 10 employees saved.
2026-03-12 06:35:55,622 [INFO] ─── 23 / 50 ───
2026-03-12 06:35:55,623 [INFO] Scraping: https://www.linkedin.com/company/expertech-recruiting
2026-03-12 06:36:32,189 [INFO]   Domain: expertechinc.com
2026-03-12 06:36:32,193 [INFO]   Employees for 'ExperTech Recruiting'…
2026-03-12 06:36:45,706 [INFO]   4 employees via DOM.
2026-03-12 06:36:45,712 [INFO]   ✓ ExperTech Recruiting                          | country: Austria         | domain: expertechinc.com
2026-03-12 06:36:45,716 [INFO]   ✓ 4 employees saved.
2026-03-12 06:36:54,333 [INFO] ─── 24 / 50 ───
2026-03-12 06:36:54,334 [INFO] Scraping: https://www.linkedin.com/company/ellwood-consulting
2026-03-12 06:37:28,253 [INFO]   Domain: ellwoodconsulting.com
2026-03-12 06:37:28,258 [INFO]   Employees for 'Ellwood Consulting'…
2026-03-12 06:37:43,504 [INFO]   5 employees via DOM.
2026-03-12 06:37:43,521 [INFO]   ✓ Ellwood Consulting                            | country: Austria         | domain: ellwoodconsulting.com
2026-03-12 06:37:43,530 [INFO]   ✓ 5 employees saved.
2026-03-12 06:37:56,192 [INFO] ─── 25 / 50 ───
2026-03-12 06:37:56,193 [INFO] Scraping: https://www.linkedin.com/company/otti-partner
2026-03-12 06:38:33,105 [INFO]   Domain: otti.at
2026-03-12 06:38:33,109 [INFO]   Employees for 'Otti und Partner - Ihr Personal Management'…
2026-03-12 06:38:51,059 [INFO]   9 employees via DOM.
2026-03-12 06:38:51,065 [INFO]   ✓ Otti und Partner - Ihr Personal Management    | country: Austria         | domain: otti.at
2026-03-12 06:38:51,074 [INFO]   ✓ 9 employees saved.
2026-03-12 06:39:00,263 [INFO] ─── 26 / 50 ───
2026-03-12 06:39:00,264 [INFO] Scraping: https://www.linkedin.com/company/talentor-sweden
2026-03-12 06:39:35,216 [INFO]   Domain: capus.se
2026-03-12 06:39:35,219 [INFO]   Employees for 'Capus AB - Talentor Sweden'…
2026-03-12 06:39:51,624 [INFO]   9 employees via DOM.
2026-03-12 06:39:51,642 [INFO]   ✓ Capus AB - Talentor Sweden                    | country: Austria         | domain: capus.se
2026-03-12 06:39:51,655 [INFO]   ✓ 9 employees saved.
2026-03-12 06:40:01,544 [INFO] ─── 27 / 50 ───
2026-03-12 06:40:01,545 [INFO] Scraping: https://www.linkedin.com/company/agile-leadership-journey
2026-03-12 06:40:37,165 [INFO]   Domain: agileleadershipjourney.com
2026-03-12 06:40:37,169 [INFO]   Employees for 'Agile Leadership Journey'…
2026-03-12 06:40:52,438 [INFO]   10 employees via DOM.
2026-03-12 06:40:52,445 [INFO]   ✓ Agile Leadership Journey                      | country: Austria         | domain: agileleadershipjourney.com
2026-03-12 06:40:52,454 [INFO]   ✓ 10 employees saved.
2026-03-12 06:41:03,403 [INFO] ─── 28 / 50 ───
2026-03-12 06:41:03,403 [INFO] Scraping: https://www.linkedin.com/company/raiffeisen-campus
2026-03-12 06:41:39,788 [INFO]   Domain: raiffeisencampus.at
2026-03-12 06:41:39,792 [INFO]   Employees for 'Raiffeisen Campus'…
2026-03-12 06:41:55,863 [INFO]   9 employees via DOM.
2026-03-12 06:41:55,870 [INFO]   ✓ Raiffeisen Campus                             | country: Austria         | domain: raiffeisencampus.at
2026-03-12 06:41:55,882 [INFO]   ✓ 9 employees saved.
2026-03-12 06:42:05,765 [INFO] ─── 29 / 50 ───
2026-03-12 06:42:05,766 [INFO] Scraping: https://www.linkedin.com/company/brainbirds
2026-03-12 06:42:38,369 [INFO]   Domain: brainbirds.com
2026-03-12 06:42:38,373 [INFO]   Employees for 'Brainbirds'…
2026-03-12 06:42:54,433 [INFO]   10 employees via DOM.
2026-03-12 06:42:54,438 [INFO]   ✓ Brainbirds                                    | country: Austria         | domain: brainbirds.com
2026-03-12 06:42:54,448 [INFO]   ✓ 10 employees saved.
2026-03-12 06:43:08,224 [INFO] ─── 30 / 50 ───
2026-03-12 06:43:08,225 [INFO] Scraping: https://www.linkedin.com/company/adr-international
2026-03-12 06:43:43,460 [INFO]   Domain: adr-international.com
2026-03-12 06:43:43,464 [INFO]   Employees for 'ADR International'…
2026-03-12 06:43:59,376 [INFO]   6 employees via DOM.
2026-03-12 06:43:59,393 [INFO]   ✓ ADR International                             | country: Austria         | domain: adr-international.com
2026-03-12 06:43:59,403 [INFO]   ✓ 6 employees saved.
2026-03-12 06:44:12,345 [INFO] ─── 31 / 50 ───
2026-03-12 06:44:12,345 [INFO] Scraping: https://www.linkedin.com/company/ioe
2026-03-12 06:44:48,589 [INFO]   Domain: ioe.expert
2026-03-12 06:44:48,593 [INFO]   Employees for 'IoE - Institute of Entrepreneurship'…
2026-03-12 06:45:03,008 [INFO]   9 employees via DOM.
2026-03-12 06:45:03,026 [INFO]   ✓ IoE - Institute of Entrepreneurship           | country: Austria         | domain: ioe.expert
2026-03-12 06:45:03,038 [INFO]   ✓ 9 employees saved.
2026-03-12 06:45:13,143 [INFO] ─── 32 / 50 ───
2026-03-12 06:45:13,144 [INFO] Scraping: https://www.linkedin.com/company/controller-akademie-ag
2026-03-12 06:45:45,173 [INFO]   Domain: controllerakademie.de
2026-03-12 06:45:45,177 [INFO]   Employees for 'CA controller akademie'…
2026-03-12 06:46:03,209 [INFO]   9 employees via DOM.
2026-03-12 06:46:03,215 [INFO]   ✓ CA controller akademie                        | country: Austria         | domain: controllerakademie.de
2026-03-12 06:46:03,224 [INFO]   ✓ 9 employees saved.
2026-03-12 06:46:18,210 [INFO] ─── 33 / 50 ───
2026-03-12 06:46:18,211 [INFO] Scraping: https://www.linkedin.com/company/ars-akademie
2026-03-12 06:46:51,710 [INFO]   Domain: ars.at
2026-03-12 06:46:51,713 [INFO]   Employees for 'ARS - Akademie für Recht, Steuern & Wirtschaft'…
2026-03-12 06:47:07,794 [INFO]   10 employees via DOM.
2026-03-12 06:47:07,800 [INFO]   ✓ ARS - Akademie für Recht, Steuern & Wirtschaft | country: Austria         | domain: ars.at
2026-03-12 06:47:07,810 [INFO]   ✓ 10 employees saved.
2026-03-12 06:47:21,029 [INFO] ─── 34 / 50 ───
2026-03-12 06:47:21,029 [INFO] Scraping: https://www.linkedin.com/company/kmu-akademie
2026-03-12 06:47:53,863 [INFO]   Domain: kmuakademie.ac.at
2026-03-12 06:47:53,867 [INFO]   Employees for 'KMU Akademie'…
2026-03-12 06:48:11,247 [INFO]   7 employees via DOM.
2026-03-12 06:48:11,254 [INFO]   ✓ KMU Akademie                                  | country: Austria         | domain: kmuakademie.ac.at
2026-03-12 06:48:11,264 [INFO]   ✓ 7 employees saved.
2026-03-12 06:48:21,990 [INFO] ─── 35 / 50 ───
2026-03-12 06:48:21,990 [INFO] Scraping: https://www.linkedin.com/company/-sterreichischer-wirtschaftsbund-wb-
2026-03-12 06:48:55,649 [INFO]   Domain: wirtschaftsbund.at
2026-03-12 06:48:55,653 [INFO]   Employees for 'Wirtschaftsbund Österreich'…
2026-03-12 06:49:09,839 [INFO]   8 employees via DOM.
2026-03-12 06:49:09,846 [INFO]   ✓ Wirtschaftsbund Österreich                    | country: Austria         | domain: wirtschaftsbund.at
2026-03-12 06:49:09,858 [INFO]   ✓ 8 employees saved.
2026-03-12 06:49:24,713 [INFO] ─── 36 / 50 ───
2026-03-12 06:49:24,713 [INFO] Scraping: https://www.linkedin.com/company/ooe-wirtschaftsbund
2026-03-12 06:49:59,357 [INFO]   Domain: ooe-wb.at
2026-03-12 06:49:59,361 [INFO]   Employees for 'Wirtschaftsbund Oberösterreich'…
2026-03-12 06:50:16,291 [INFO]   10 employees via DOM.
2026-03-12 06:50:16,297 [INFO]   ✓ Wirtschaftsbund Oberösterreich                | country: Austria         | domain: ooe-wb.at
2026-03-12 06:50:16,311 [INFO]   ✓ 10 employees saved.
2026-03-12 06:50:27,107 [INFO] ─── 37 / 50 ───
2026-03-12 06:50:27,108 [INFO] Scraping: https://www.linkedin.com/company/eb-austria
2026-03-12 06:51:02,943 [INFO]   Domain: eb-austria.eu
2026-03-12 06:51:02,946 [INFO]   Employees for 'Europäische Bewegung Österreich'…
2026-03-12 06:51:17,975 [INFO]   2 employees via DOM.
2026-03-12 06:51:17,981 [INFO]   ✓ Europäische Bewegung Österreich               | country: Austria         | domain: eb-austria.eu
2026-03-12 06:51:17,983 [INFO]   ✓ 2 employees saved.
2026-03-12 06:51:31,917 [INFO] ─── 38 / 50 ───
2026-03-12 06:51:31,917 [INFO] Scraping: https://www.linkedin.com/company/wirtschaftsbundwien
2026-03-12 06:52:05,942 [INFO]   Domain: wirtschaftsbund.wien
2026-03-12 06:52:05,946 [INFO]   Employees for 'Wirtschaftsbund Wien'…
2026-03-12 06:52:20,716 [INFO]   8 employees via DOM.
2026-03-12 06:52:20,732 [INFO]   ✓ Wirtschaftsbund Wien                          | country: Austria         | domain: wirtschaftsbund.wien
2026-03-12 06:52:20,743 [INFO]   ✓ 8 employees saved.
2026-03-12 06:52:31,725 [INFO] ─── 39 / 50 ───
2026-03-12 06:52:31,726 [INFO] Scraping: https://www.linkedin.com/company/europaeisches-parlament
2026-03-12 06:53:08,201 [INFO]   Domain: europarl.de
2026-03-12 06:53:08,204 [INFO]   Employees for 'Europäisches Parlament'…
2026-03-12 06:53:22,532 [INFO]   2 employees via DOM.
2026-03-12 06:53:22,551 [INFO]   ✓ Europäisches Parlament                        | country: Austria         | domain: europarl.de
2026-03-12 06:53:22,557 [INFO]   ✓ 2 employees saved.
2026-03-12 06:53:32,793 [INFO] ─── 40 / 50 ───
2026-03-12 06:53:32,794 [INFO] Scraping: https://www.linkedin.com/company/bundesjugendvertretung
2026-03-12 06:54:05,587 [INFO]   Domain: bjv.at
2026-03-12 06:54:05,591 [INFO]   Employees for 'Bundesjugendvertretung'…
2026-03-12 06:54:21,845 [INFO]   8 employees via DOM.
2026-03-12 06:54:21,851 [INFO]   ✓ Bundesjugendvertretung                        | country: Austria         | domain: bjv.at
2026-03-12 06:54:21,867 [INFO]   ✓ 8 employees saved.
2026-03-12 06:54:33,890 [INFO] ─── 41 / 50 ───
2026-03-12 06:54:33,890 [INFO] Scraping: https://www.linkedin.com/company/st%C3%A4dtebund
2026-03-12 06:55:06,531 [INFO]   Domain: staedtebund.gv.at
2026-03-12 06:55:06,536 [INFO]   Employees for 'Österreichischer Städtebund'…
2026-03-12 06:55:23,697 [INFO]   7 employees via DOM.
2026-03-12 06:55:23,702 [INFO]   ✓ Österreichischer Städtebund                   | country: Austria         | domain: staedtebund.gv.at
2026-03-12 06:55:23,709 [INFO]   ✓ 7 employees saved.
2026-03-12 06:55:37,975 [INFO] ─── 42 / 50 ───
2026-03-12 06:55:37,976 [INFO] Scraping: https://www.linkedin.com/company/neos-wien
2026-03-12 06:56:11,079 [INFO]   Domain: wien.neos.eu
2026-03-12 06:56:11,084 [INFO]   Employees for 'NEOS Wien'…
2026-03-12 06:56:25,815 [INFO]   8 employees via DOM.
2026-03-12 06:56:25,821 [INFO]   ✓ NEOS Wien                                     | country: Austria         | domain: wien.neos.eu
2026-03-12 06:56:25,829 [INFO]   ✓ 8 employees saved.
2026-03-12 06:56:33,910 [INFO] ─── 43 / 50 ───
2026-03-12 06:56:33,911 [INFO] Scraping: https://www.linkedin.com/company/gruenewirtschaft
2026-03-12 06:57:09,147 [INFO]   Domain: gruenewirtschaft.at
2026-03-12 06:57:09,151 [INFO]   Employees for 'Grüne Wirtschaft Österreich'…
2026-03-12 06:57:27,428 [INFO]   9 employees via DOM.
2026-03-12 06:57:27,434 [INFO]   ✓ Grüne Wirtschaft Österreich                   | country: Austria         | domain: gruenewirtschaft.at
2026-03-12 06:57:27,443 [INFO]   ✓ 9 employees saved.
2026-03-12 06:57:35,660 [INFO] ─── 44 / 50 ───
2026-03-12 06:57:35,660 [INFO] Scraping: https://www.linkedin.com/company/innovationinpoliticsinstitute
2026-03-12 06:58:08,392 [INFO]   Domain: innovationinpolitics.eu
2026-03-12 06:58:08,396 [INFO]   Employees for 'The Innovation in Politics Institute'…
2026-03-12 06:58:26,456 [INFO]   10 employees via DOM.
2026-03-12 06:58:26,461 [INFO]   ✓ The Innovation in Politics Institute          | country: Austria         | domain: innovationinpolitics.eu
2026-03-12 06:58:26,476 [INFO]   ✓ 10 employees saved.
2026-03-12 06:58:40,984 [INFO] ─── 45 / 50 ───
2026-03-12 06:58:40,985 [INFO] Scraping: https://www.linkedin.com/company/toplitz-productions
2026-03-12 06:59:12,794 [INFO]   Domain: toplitz-productions.com
2026-03-12 06:59:12,797 [INFO]   Employees for 'Toplitz Productions'…
2026-03-12 06:59:27,602 [INFO]   10 employees via DOM.
2026-03-12 06:59:27,609 [INFO]   ✓ Toplitz Productions                           | country: Austria         | domain: toplitz-productions.com
2026-03-12 06:59:27,621 [INFO]   ✓ 10 employees saved.
2026-03-12 06:59:36,125 [INFO] ─── 46 / 50 ───
2026-03-12 06:59:36,126 [INFO] Scraping: https://www.linkedin.com/company/rarebyte
2026-03-12 07:00:10,226 [INFO]   Domain: rarebyte.com
2026-03-12 07:00:10,230 [INFO]   Employees for 'Rarebyte'…
2026-03-12 07:00:25,164 [INFO]   4 employees via DOM.
2026-03-12 07:00:25,171 [INFO]   ✓ Rarebyte                                      | country: Austria         | domain: rarebyte.com
2026-03-12 07:00:25,175 [INFO]   ✓ 4 employees saved.
2026-03-12 07:00:40,026 [INFO] ─── 47 / 50 ───
2026-03-12 07:00:40,027 [INFO] Scraping: https://www.linkedin.com/company/redox-interactive
2026-03-12 07:01:16,326 [INFO]   Domain: redox-interactive.com
2026-03-12 07:01:16,329 [INFO]   Employees for 'Redox Interactive'…
2026-03-12 07:01:32,190 [INFO]   9 employees via DOM.
2026-03-12 07:01:32,207 [INFO]   ✓ Redox Interactive                             | country: Austria         | domain: redox-interactive.com
2026-03-12 07:01:32,222 [INFO]   ✓ 9 employees saved.
2026-03-12 07:01:45,813 [INFO] ─── 48 / 50 ───
2026-03-12 07:01:45,813 [INFO] Scraping: https://www.linkedin.com/company/rare-earth-games
2026-03-12 07:02:20,214 [INFO]   Domain: rareearth.io
2026-03-12 07:02:20,219 [INFO]   Employees for 'Rare Earth Games'…
2026-03-12 07:02:34,785 [INFO]   0 employees via DOM.
2026-03-12 07:02:34,793 [INFO]   ✓ Rare Earth Games                              | country: Austria         | domain: rareearth.io
2026-03-12 07:02:45,410 [INFO] ─── 49 / 50 ───
2026-03-12 07:02:45,410 [INFO] Scraping: https://www.linkedin.com/company/stillalivegames
2026-03-12 07:03:19,312 [INFO]   Domain: stillalive.games
2026-03-12 07:03:19,316 [INFO]   Employees for 'stillalive studios'…
2026-03-12 07:03:35,183 [INFO]   8 employees via DOM.
2026-03-12 07:03:35,189 [INFO]   ✓ stillalive studios                            | country: Austria         | domain: stillalive.games
2026-03-12 07:03:35,197 [INFO]   ✓ 8 employees saved.
2026-03-12 07:03:49,772 [INFO] ─── 50 / 50 ───
2026-03-12 07:03:49,773 [INFO] Scraping: https://www.linkedin.com/company/rabcat
2026-03-12 07:04:25,758 [INFO]   Domain: rabcat.com
2026-03-12 07:04:25,762 [INFO]   Employees for 'RABCAT'…
2026-03-12 07:04:40,225 [INFO]   8 employees via DOM.
2026-03-12 07:04:40,243 [INFO]   ✓ RABCAT                                        | country: Austria         | domain: rabcat.com
2026-03-12 07:04:40,253 [INFO]   ✓ 8 employees saved.
2026-03-12 07:04:52,419 [INFO] CSV: criteria_countries.csv               47 rows
2026-03-12 07:04:52,421 [INFO] CSV: criteria_industries.csv              168 rows
2026-03-12 07:04:52,422 [INFO] CSV: criteria_sizes.csv                   8 rows
2026-03-12 07:04:52,711 [INFO] CSV: search_combinations.csv              27412 rows
2026-03-12 07:04:52,720 [INFO] CSV: companies.csv                        50 rows
2026-03-12 07:04:52,727 [INFO] CSV: employees.csv                        361 rows
2026-03-12 07:04:52,737 [INFO] === Done ===
2026-03-12 22:30:25,382 [INFO] === LinkedIn Scraper v4.1 ===
2026-03-12 22:30:25,393 [INFO] Database ready: linkedin_data.db
2026-03-12 22:30:25,395 [INFO] Criteria tables: {'countries': 47, 'industries': 168, 'sizes': 8}
2026-03-12 22:30:25,505 [INFO] Cleared 27325 pending combinations — rebuilding with current sort order.
2026-03-12 22:30:25,791 [INFO] search_combinations: 27325 new rows added | 27412 total in queue
2026-03-12 22:30:25,793 [INFO] Queue: exhausted: 86 | in_progress: 1 | pending: 27325
2026-03-12 22:30:34,681 [INFO] Cookies copied → C:\Users\sandeep\AppData\Local\linkedin_scraper_profile
2026-03-12 22:30:46,207 [INFO] LinkedIn session active — no login needed.
2026-03-12 22:30:46,274 [INFO] Companies already in DB: 50 (will be skipped)
2026-03-12 22:30:47,125 [INFO] Combination [975563] (1/20): Austria | Law Practice | 11-50 employees  (resume page 1)
2026-03-12 22:30:47,128 [INFO]   Navigating to: https://www.linkedin.com/search/results/companies/?origin=FACETED_SEARCH&companySize=["C"]&industryCompanyVertical=["109"]&companyHqGeo=%5B%22103883259%22%5D
2026-03-12 22:30:53,504 [INFO]   ✓ companyHqGeo confirmed in URL.
2026-03-12 22:31:05,538 [INFO]   Page 1: 10 on page | 4 new | 4 queued total
2026-03-12 22:31:21,169 [INFO]   Page 2: 10 on page | 0 new | 4 queued total
2026-03-12 22:31:37,953 [INFO]   Page 3: 10 on page | 0 new | 4 queued total
2026-03-12 22:31:53,775 [INFO]   Page 4: 10 on page | 0 new | 4 queued total
2026-03-12 22:32:07,678 [INFO]   Page 5: 10 on page | 0 new | 4 queued total
2026-03-12 22:32:23,627 [INFO]   Page 6: 10 on page | 0 new | 4 queued total
2026-03-12 22:32:40,889 [INFO]   Page 7: 10 on page | 0 new | 4 queued total
2026-03-12 22:32:58,919 [INFO]   Page 8: 10 on page | 0 new | 4 queued total
2026-03-12 22:33:16,923 [INFO]   Page 9: 10 on page | 0 new | 4 queued total
2026-03-12 22:33:22,228 [INFO]   Combination [975563] → exhausted
2026-03-12 22:33:22,228 [INFO]   Waiting 97 s before next combination (anti-block)…
2026-03-12 22:34:58,804 [INFO] Combination [1006685] (2/20): Austria | Biotechnology | 11-50 employees  (resume page 0)
2026-03-12 22:34:58,806 [INFO]   Navigating to: https://www.linkedin.com/search/results/companies/?origin=FACETED_SEARCH&companySize=["C"]&industryCompanyVertical=["11"]&companyHqGeo=%5B%22103883259%22%5D
2026-03-12 22:35:07,616 [INFO]   ✓ companyHqGeo confirmed in URL.
2026-03-12 22:35:09,948 [INFO]   Page 0: 10 on page | 10 new | 14 queued total
2026-03-12 22:35:25,343 [INFO]   Page 1: 10 on page | 0 new | 14 queued total
2026-03-12 22:35:43,122 [INFO]   Page 2: 10 on page | 0 new | 14 queued total
2026-03-12 22:36:02,917 [INFO]   Page 3: 10 on page | 0 new | 14 queued total
2026-03-12 22:36:21,481 [INFO]   Page 4: 10 on page | 0 new | 14 queued total
2026-03-12 22:36:43,035 [INFO]   Page 5: 10 on page | 0 new | 14 queued total
2026-03-12 22:37:00,281 [INFO]   Page 6: 10 on page | 0 new | 14 queued total
2026-03-12 22:37:17,232 [INFO]   Page 7: 10 on page | 0 new | 14 queued total
2026-03-12 22:37:34,931 [INFO]   Page 8: 10 on page | 0 new | 14 queued total
2026-03-12 22:37:55,709 [INFO]   Page 9: 10 on page | 0 new | 14 queued total
2026-03-12 22:38:01,658 [INFO]   Combination [1006685] → exhausted
2026-03-12 22:38:01,658 [INFO]   Waiting 117 s before next combination (anti-block)…
2026-03-12 22:39:58,762 [INFO] Combination [1007070] (3/20): Austria | Legal Services | 11-50 employees  (resume page 0)
2026-03-12 22:39:58,766 [INFO]   Navigating to: https://www.linkedin.com/search/results/companies/?origin=FACETED_SEARCH&companySize=["C"]&industryCompanyVertical=["110"]&companyHqGeo=%5B%22103883259%22%5D
2026-03-12 22:40:07,817 [INFO]   ✓ companyHqGeo confirmed in URL.
2026-03-12 22:40:10,316 [INFO]   Page 0: 9 on page | 9 new | 23 queued total
2026-03-12 22:40:27,490 [INFO]   Page 1: 9 on page | 0 new | 23 queued total
2026-03-12 22:40:44,656 [INFO]   Page 2: 9 on page | 0 new | 23 queued total
2026-03-12 22:41:01,357 [INFO]   Page 3: 9 on page | 0 new | 23 queued total
2026-03-12 22:41:21,068 [INFO]   Page 4: 9 on page | 0 new | 23 queued total
2026-03-12 22:41:37,760 [INFO]   Page 5: 9 on page | 0 new | 23 queued total
2026-03-12 22:41:53,902 [INFO]   Page 6: 9 on page | 0 new | 23 queued total
2026-03-12 22:42:08,478 [INFO]   Page 7: 9 on page | 0 new | 23 queued total
2026-03-12 22:42:23,510 [INFO]   Page 8: 9 on page | 0 new | 23 queued total
2026-03-12 22:42:42,666 [INFO]   Page 9: 9 on page | 0 new | 23 queued total
2026-03-12 22:42:47,570 [INFO]   Combination [1007070] → exhausted
2026-03-12 22:42:47,570 [INFO]   Waiting 79 s before next combination (anti-block)…
2026-03-12 22:44:07,032 [INFO] Combination [1007105] (4/20): Austria | Management Consulting | 11-50 employees  (resume page 0)
2026-03-12 22:44:07,046 [INFO]   Navigating to: https://www.linkedin.com/search/results/companies/?origin=FACETED_SEARCH&companySize=["C"]&industryCompanyVertical=["111"]&companyHqGeo=%5B%22103883259%22%5D
2026-03-12 22:44:12,665 [INFO]   ✓ companyHqGeo confirmed in URL.
2026-03-12 22:44:15,255 [INFO]   Page 0: 1 on page | 1 new | 24 queued total
2026-03-12 22:44:27,682 [INFO]   Page 1: 1 on page | 0 new | 24 queued total
2026-03-12 22:44:42,012 [INFO]   Page 2: 1 on page | 0 new | 24 queued total
2026-03-12 22:44:59,183 [INFO]   Page 3: 1 on page | 0 new | 24 queued total
2026-03-12 22:45:18,852 [INFO]   Page 4: 1 on page | 0 new | 24 queued total
2026-03-12 22:45:36,424 [INFO]   Page 5: 1 on page | 0 new | 24 queued total
2026-03-12 22:45:54,204 [INFO]   Page 6: 1 on page | 0 new | 24 queued total
2026-03-12 22:46:11,529 [INFO]   Page 7: 1 on page | 0 new | 24 queued total
2026-03-12 22:46:30,402 [INFO]   Page 8: 1 on page | 0 new | 24 queued total
2026-03-12 22:46:48,284 [INFO]   Page 9: 1 on page | 0 new | 24 queued total
2026-03-12 22:46:55,308 [INFO]   Combination [1007105] → exhausted
2026-03-12 22:46:55,308 [INFO]   Waiting 71 s before next combination (anti-block)…
2026-03-12 22:48:06,241 [INFO] Combination [1006741] (5/20): Austria | Civil Engineering | 11-50 employees  (resume page 0)
2026-03-12 22:48:06,244 [INFO]   Navigating to: https://www.linkedin.com/search/results/companies/?origin=FACETED_SEARCH&companySize=["C"]&industryCompanyVertical=["112"]&companyHqGeo=%5B%22103883259%22%5D
2026-03-12 22:48:15,970 [INFO]   ✓ companyHqGeo confirmed in URL.
2026-03-12 22:48:18,876 [INFO]   Page 0: 10 on page | 10 new | 34 queued total
2026-03-12 22:48:39,223 [INFO]   Page 1: 10 on page | 0 new | 34 queued total
2026-03-12 22:48:55,862 [INFO]   Page 2: 10 on page | 0 new | 34 queued total
2026-03-12 22:49:16,886 [INFO]   Page 3: 10 on page | 0 new | 34 queued total
2026-03-12 22:49:32,123 [INFO]   Page 4: 10 on page | 0 new | 34 queued total
2026-03-12 22:49:49,734 [INFO]   Page 5: 10 on page | 0 new | 34 queued total
2026-03-12 22:50:06,380 [INFO]   Page 6: 10 on page | 0 new | 34 queued total
2026-03-12 22:50:22,485 [INFO]   Page 7: 10 on page | 0 new | 34 queued total
2026-03-12 22:50:45,553 [INFO]   Page 8: 10 on page | 0 new | 34 queued total
2026-03-12 22:51:04,135 [INFO]   Page 9: 10 on page | 0 new | 34 queued total
2026-03-12 22:51:11,447 [INFO]   Combination [1006741] → exhausted
2026-03-12 22:51:11,448 [INFO]   Extended rest 227 s after 5 combinations…
2026-03-12 22:54:58,152 [INFO] Combination [1006874] (6/20): Austria | Environmental Services | 11-50 employees  (resume page 0)
2026-03-12 22:54:58,164 [INFO]   Navigating to: https://www.linkedin.com/search/results/companies/?origin=FACETED_SEARCH&companySize=["C"]&industryCompanyVertical=["115"]&companyHqGeo=%5B%22103883259%22%5D
2026-03-12 22:55:05,791 [INFO]   ✓ companyHqGeo confirmed in URL.
2026-03-12 22:55:08,502 [INFO]   Page 0: 10 on page | 10 new | 44 queued total
2026-03-12 22:55:28,198 [INFO]   Page 1: 10 on page | 0 new | 44 queued total
2026-03-12 22:55:42,967 [INFO]   Page 2: 10 on page | 0 new | 44 queued total
2026-03-12 22:56:02,087 [INFO]   Page 3: 10 on page | 0 new | 44 queued total
2026-03-12 22:56:19,985 [INFO]   Page 4: 10 on page | 0 new | 44 queued total
2026-03-12 22:56:39,174 [INFO]   Page 5: 10 on page | 0 new | 44 queued total
2026-03-12 22:56:58,190 [INFO]   Page 6: 10 on page | 0 new | 44 queued total
2026-03-12 22:57:16,511 [INFO]   Page 7: 10 on page | 0 new | 44 queued total
2026-03-12 22:57:30,961 [INFO]   Page 8: 10 on page | 0 new | 44 queued total
2026-03-12 22:57:47,288 [INFO]   Page 9: 10 on page | 0 new | 44 queued total
2026-03-12 22:57:52,914 [INFO]   Combination [1006874] → exhausted
2026-03-12 22:57:52,914 [INFO]   Waiting 117 s before next combination (anti-block)…
2026-03-12 22:59:49,930 [INFO] Combination [1007084] (7/20): Austria | Logistics and Supply Chain | 11-50 employees  (resume page 0)
2026-03-12 22:59:49,935 [INFO]   Navigating to: https://www.linkedin.com/search/results/companies/?origin=FACETED_SEARCH&companySize=["C"]&industryCompanyVertical=["116"]&companyHqGeo=%5B%22103883259%22%5D
2026-03-12 22:59:57,379 [INFO]   ✓ companyHqGeo confirmed in URL.
2026-03-12 23:00:00,145 [INFO]   Page 0: 10 on page | 6 new | 50 queued total
2026-03-12 23:00:06,912 [INFO]   Combination [1007084] → in_progress
2026-03-12 23:00:07,000 [INFO] Discovery done: 50 new companies queued.
2026-03-12 23:00:07,000 [INFO] ─── 1 / 50 ───
2026-03-12 23:00:07,000 [INFO] Scraping: https://www.linkedin.com/company/pow-wow-entertainment
2026-03-12 23:00:44,387 [INFO]   Domain: pow-wow.com
2026-03-12 23:00:44,391 [INFO]   Employees for 'Pow Wow Entertainment'…
2026-03-12 23:01:00,490 [INFO]   1 employees via DOM.
2026-03-12 23:01:00,497 [INFO]   ✓ Pow Wow Entertainment                         | country: Austria         | domain: pow-wow.com
2026-03-12 23:01:00,498 [INFO]   ✓ 1 employees saved.
2026-03-12 23:01:15,330 [INFO] ─── 2 / 50 ───
2026-03-12 23:01:15,330 [INFO] Scraping: https://www.linkedin.com/company/day-iii-digital
2026-03-12 23:01:50,132 [INFO]   Domain: dayiii.com
2026-03-12 23:01:50,136 [INFO]   Employees for 'Day III Digital'…
2026-03-12 23:02:04,840 [INFO]   9 employees via DOM.
2026-03-12 23:02:04,861 [INFO]   ✓ Day III Digital                               | country: Austria         | domain: dayiii.com
2026-03-12 23:02:04,873 [INFO]   ✓ 9 employees saved.
2026-03-12 23:02:15,334 [INFO] ─── 3 / 50 ───
2026-03-12 23:02:15,335 [INFO] Scraping: https://www.linkedin.com/company/artingameat
2026-03-12 23:02:51,945 [INFO]   Domain: artingame.at
2026-03-12 23:02:51,948 [INFO]   Employees for 'Artingame'…
2026-03-12 23:03:06,502 [INFO]   5 employees via DOM.
2026-03-12 23:03:06,509 [INFO]   ✓ Artingame                                     | country: Austria         | domain: artingame.at
2026-03-12 23:03:06,518 [INFO]   ✓ 5 employees saved.
2026-03-12 23:03:19,061 [INFO] ─── 4 / 50 ───
2026-03-12 23:03:19,062 [INFO] Scraping: https://www.linkedin.com/company/platogo
2026-03-12 23:03:54,804 [INFO]   Domain: platogo.com
2026-03-12 23:03:54,807 [INFO]   Employees for 'Platogo'…
2026-03-12 23:04:10,833 [INFO]   10 employees via DOM.
2026-03-12 23:04:10,840 [INFO]   ✓ Platogo                                       | country: Austria         | domain: platogo.com
2026-03-12 23:04:10,850 [INFO]   ✓ 10 employees saved.
2026-03-12 23:04:24,643 [INFO] ─── 5 / 50 ───
2026-03-12 23:04:24,643 [INFO] Scraping: https://www.linkedin.com/company/femalefoundersglobal
2026-03-12 23:05:01,312 [INFO]   Domain: female-founders.org
2026-03-12 23:05:01,316 [INFO]   Employees for 'Female Founders'…
2026-03-12 23:05:15,439 [INFO]   10 employees via DOM.
2026-03-12 23:05:15,446 [INFO]   ✓ Female Founders                               | country: Austria         | domain: female-founders.org
2026-03-12 23:05:15,460 [INFO]   ✓ 10 employees saved.
2026-03-12 23:05:29,511 [INFO] ─── 6 / 50 ───
2026-03-12 23:05:29,511 [INFO] Scraping: https://www.linkedin.com/company/mcs
2026-03-12 23:06:06,563 [INFO]   Domain: mcs-selection.it
2026-03-12 23:06:06,567 [INFO]   Employees for 'MCS Management Consulting & Selection'…
2026-03-12 23:06:24,533 [INFO]   5 employees via DOM.
2026-03-12 23:06:24,540 [INFO]   ✓ MCS Management Consulting & Selection         | country: Austria         | domain: mcs-selection.it
2026-03-12 23:06:24,548 [INFO]   ✓ 5 employees saved.
2026-03-12 23:06:38,586 [INFO] ─── 7 / 50 ───
2026-03-12 23:06:38,587 [INFO] Scraping: https://www.linkedin.com/company/kolme-group
2026-03-12 23:07:13,328 [INFO]   Domain: kolmegroup.com
2026-03-12 23:07:13,333 [INFO]   Employees for 'Kolme Group'…
2026-03-12 23:07:30,063 [INFO]   8 employees via DOM.
2026-03-12 23:07:30,070 [INFO]   ✓ Kolme Group                                   | country: Austria         | domain: kolmegroup.com
2026-03-12 23:07:30,082 [INFO]   ✓ 8 employees saved.
2026-03-12 23:07:42,224 [INFO] ─── 8 / 50 ───
2026-03-12 23:07:42,225 [INFO] Scraping: https://www.linkedin.com/company/unido-industrial-decarbonization
2026-03-12 23:08:16,204 [INFO]   Domain: decarbonization.unido.org
2026-03-12 23:08:16,208 [INFO]   Employees for 'UNIDO Industrial Decarbonization'…
2026-03-12 23:08:31,614 [INFO]   0 employees via DOM.
2026-03-12 23:08:31,621 [INFO]   ✓ UNIDO Industrial Decarbonization              | country: Austria         | domain: decarbonization.unido.org
2026-03-12 23:08:40,356 [INFO] ─── 9 / 50 ───
2026-03-12 23:08:40,356 [INFO] Scraping: https://www.linkedin.com/company/apsa-personnel-concepts-gmbh
2026-03-12 23:09:15,646 [INFO]   Domain: apsa.at
2026-03-12 23:09:15,651 [INFO]   Employees for 'apsa personnel concepts'…
2026-03-12 23:09:32,750 [INFO]   9 employees via DOM.
2026-03-12 23:09:32,758 [INFO]   ✓ apsa personnel concepts                       | country: Austria         | domain: apsa.at
2026-03-12 23:09:32,772 [INFO]   ✓ 9 employees saved.
2026-03-12 23:09:41,260 [INFO] ─── 10 / 50 ───
2026-03-12 23:09:41,261 [INFO] Scraping: https://www.linkedin.com/company/femalefactorglobal
2026-03-12 23:10:14,402 [INFO]   Domain: femalefactor.global
2026-03-12 23:10:14,406 [INFO]   Employees for 'the female factor'…
2026-03-12 23:10:30,908 [INFO]   9 employees via DOM.
2026-03-12 23:10:30,914 [INFO]   ✓ the female factor                             | country: Austria         | domain: femalefactor.global
2026-03-12 23:10:30,923 [INFO]   ✓ 9 employees saved.
2026-03-12 23:10:40,943 [INFO] ─── 11 / 50 ───
2026-03-12 23:10:40,943 [INFO] Scraping: https://www.linkedin.com/company/aba-work-in-austria
2026-03-12 23:11:16,329 [INFO]   Domain: workinaustria.com
2026-03-12 23:11:16,333 [INFO]   Employees for 'ABA – WORK in AUSTRIA'…
2026-03-12 23:11:31,545 [INFO]   9 employees via DOM.
2026-03-12 23:11:31,553 [INFO]   ✓ ABA – WORK in AUSTRIA                         | country: Austria         | domain: workinaustria.com
2026-03-12 23:11:31,564 [INFO]   ✓ 9 employees saved.
2026-03-12 23:11:43,990 [INFO] ─── 12 / 50 ───
2026-03-12 23:11:43,991 [INFO] Scraping: https://www.linkedin.com/company/movemeon
2026-03-12 23:12:19,970 [INFO]   Domain: movemeon.com
2026-03-12 23:12:19,974 [INFO]   Employees for 'Movemeon'…
2026-03-12 23:12:37,939 [INFO]   10 employees via DOM.
2026-03-12 23:12:37,947 [INFO]   ✓ Movemeon                                      | country: Austria         | domain: movemeon.com
2026-03-12 23:12:37,962 [INFO]   ✓ 10 employees saved.
2026-03-12 23:12:48,273 [INFO] ─── 13 / 50 ───
2026-03-12 23:12:48,274 [INFO] Scraping: https://www.linkedin.com/company/myability
2026-03-12 23:13:21,879 [INFO]   Domain: myability.org
2026-03-12 23:13:21,884 [INFO]   Employees for 'myAbility Social Enterprise'…
2026-03-12 23:13:36,050 [INFO]   9 employees via DOM.
2026-03-12 23:13:36,062 [INFO]   ✓ myAbility Social Enterprise                   | country: Austria         | domain: myability.org
2026-03-12 23:13:36,070 [INFO]   ✓ 9 employees saved.
2026-03-12 23:13:48,520 [INFO] ─── 14 / 50 ───
2026-03-12 23:13:48,521 [INFO] Scraping: https://www.linkedin.com/company/servitalent
2026-03-12 23:14:23,216 [INFO]   Domain: servitalent.com
2026-03-12 23:14:23,221 [INFO]   Employees for 'Servitalent'…
2026-03-12 23:14:39,290 [INFO]   9 employees via DOM.
2026-03-12 23:14:39,297 [INFO]   ✓ Servitalent                                   | country: Austria         | domain: servitalent.com
2026-03-12 23:14:39,305 [INFO]   ✓ 9 employees saved.
2026-03-12 23:14:52,667 [INFO] ─── 15 / 50 ───
2026-03-12 23:14:52,668 [INFO] Scraping: https://www.linkedin.com/company/messe-dornbirn-gmbh
2026-03-12 23:15:28,006 [INFO]   Domain: linktr.ee
2026-03-12 23:15:28,010 [INFO]   Employees for 'Messe Dornbirn GmbH'…
2026-03-12 23:15:45,839 [INFO]   7 employees via DOM.
2026-03-12 23:15:45,846 [INFO]   ✓ Messe Dornbirn GmbH                           | country: Austria         | domain: linktr.ee
2026-03-12 23:15:45,857 [INFO]   ✓ 7 employees saved.
2026-03-12 23:15:59,560 [INFO] ─── 16 / 50 ───
2026-03-12 23:15:59,560 [INFO] Scraping: https://www.linkedin.com/company/global-event-technologies
2026-03-12 23:16:36,756 [INFO]   Domain: get.systems
2026-03-12 23:16:36,760 [INFO]   Employees for 'Global Event Technologies'…
2026-03-12 23:16:50,581 [INFO]   6 employees via DOM.
2026-03-12 23:16:50,601 [INFO]   ✓ Global Event Technologies                     | country: Austria         | domain: get.systems
2026-03-12 23:16:50,608 [INFO]   ✓ 6 employees saved.
2026-03-12 23:17:03,839 [INFO] ─── 17 / 50 ───
2026-03-12 23:17:03,839 [INFO] Scraping: https://www.linkedin.com/company/livetec-gmbh
2026-03-12 23:17:38,273 [INFO]   Domain: livetec.tv
2026-03-12 23:17:38,277 [INFO]   Employees for 'LiveTec GmbH'…
2026-03-12 23:17:55,757 [INFO]   7 employees via DOM.
2026-03-12 23:17:55,764 [INFO]   ✓ LiveTec GmbH                                  | country: Austria         | domain: livetec.tv
2026-03-12 23:17:55,782 [INFO]   ✓ 7 employees saved.
2026-03-12 23:18:09,142 [INFO] ─── 18 / 50 ───
2026-03-12 23:18:09,142 [INFO] Scraping: https://www.linkedin.com/company/md-education
2026-03-12 23:18:43,682 [INFO]   Domain: md-education.com
2026-03-12 23:18:43,687 [INFO]   Employees for 'MD Education'…
2026-03-12 23:18:58,424 [INFO]   8 employees via DOM.
2026-03-12 23:18:58,431 [INFO]   ✓ MD Education                                  | country: Austria         | domain: md-education.com
2026-03-12 23:18:58,443 [INFO]   ✓ 8 employees saved.
2026-03-12 23:19:10,852 [INFO] ─── 19 / 50 ───
2026-03-12 23:19:10,853 [INFO] Scraping: https://www.linkedin.com/company/congresservice-alpin-convention-gmbh
2026-03-12 23:19:47,286 [INFO]   Domain: alpin-convention.com
2026-03-12 23:19:47,290 [INFO]   Employees for 'Congresservice Alpin Convention GmbH'…
2026-03-12 23:20:04,094 [INFO]   8 employees via DOM.
2026-03-12 23:20:04,112 [INFO]   ✓ Congresservice Alpin Convention GmbH          | country: Austria         | domain: alpin-convention.com
2026-03-12 23:20:04,124 [INFO]   ✓ 8 employees saved.
2026-03-12 23:20:17,594 [INFO] ─── 20 / 50 ───
2026-03-12 23:20:17,595 [INFO] Scraping: https://www.linkedin.com/company/grow-jobfestival
2026-03-12 23:20:54,494 [INFO]   Domain: jobfestival.at
2026-03-12 23:20:54,498 [INFO]   Employees for 'GROW Jobfestival'…
2026-03-12 23:21:11,188 [INFO]   2 employees via DOM.
2026-03-12 23:21:11,208 [INFO]   ✓ GROW Jobfestival                              | country: Austria         | domain: jobfestival.at
2026-03-12 23:21:11,211 [INFO]   ✓ 2 employees saved.
2026-03-12 23:21:21,009 [INFO] ─── 21 / 50 ───
2026-03-12 23:21:21,010 [INFO] Scraping: https://www.linkedin.com/company/confare-gmbh---gemeinsam-besser-machen-
2026-03-12 23:21:58,840 [INFO]   Domain: confare.at
2026-03-12 23:21:58,844 [INFO]   Employees for 'Confare - Gemeinsam. Besser. Machen.'…
2026-03-12 23:22:14,646 [INFO]   6 employees via DOM.
2026-03-12 23:22:14,671 [INFO]   ✓ Confare - Gemeinsam. Besser. Machen.          | country: Austria         | domain: confare.at
2026-03-12 23:22:14,679 [INFO]   ✓ 6 employees saved.
2026-03-12 23:22:23,413 [INFO] ─── 22 / 50 ───
2026-03-12 23:22:23,414 [INFO] Scraping: https://www.linkedin.com/company/tedai-vienna
2026-03-12 23:23:00,065 [INFO]   Domain: tedai-vienna.ted.com
2026-03-12 23:23:00,070 [INFO]   Employees for 'TEDAI Vienna'…
2026-03-12 23:23:17,713 [INFO]   9 employees via DOM.
2026-03-12 23:23:17,721 [INFO]   ✓ TEDAI Vienna                                  | country: Austria         | domain: tedai-vienna.ted.com
2026-03-12 23:23:17,730 [INFO]   ✓ 9 employees saved.
2026-03-12 23:23:32,493 [INFO] ─── 23 / 50 ───
2026-03-12 23:23:32,494 [INFO] Scraping: https://www.linkedin.com/company/lsz-future-connections
2026-03-12 23:24:09,219 [INFO]   Domain: lsz.at
2026-03-12 23:24:09,222 [INFO]   Employees for 'LSZ - Future Connections'…
2026-03-12 23:24:26,899 [INFO]   7 employees via DOM.
2026-03-12 23:24:26,905 [INFO]   ✓ LSZ - Future Connections                      | country: Austria         | domain: lsz.at
2026-03-12 23:24:26,919 [INFO]   ✓ 7 employees saved.
2026-03-12 23:24:39,092 [INFO] ─── 24 / 50 ───
2026-03-12 23:24:39,093 [INFO] Scraping: https://www.linkedin.com/company/the-ironlung-union
2026-03-12 23:25:13,674 [INFO]   Domain: ironlung-union.com
2026-03-12 23:25:13,678 [INFO]   Employees for 'The Ironlung Union'…
2026-03-12 23:25:28,680 [INFO]   1 employees via DOM.
2026-03-12 23:25:28,686 [INFO]   ✓ The Ironlung Union                            | country: Austria         | domain: ironlung-union.com
2026-03-12 23:25:28,688 [INFO]   ✓ 1 employees saved.
2026-03-12 23:25:40,181 [INFO] ─── 25 / 50 ───
2026-03-12 23:25:40,181 [INFO] Scraping: https://www.linkedin.com/company/harvestmaster
2026-03-12 23:26:14,522 [INFO]   Domain: harvestmaster.com
2026-03-12 23:26:14,526 [INFO]   Employees for 'HarvestMaster'…
2026-03-12 23:26:29,597 [INFO]   5 employees via DOM.
2026-03-12 23:26:29,606 [INFO]   ✓ HarvestMaster                                 | country: Austria         | domain: harvestmaster.com
2026-03-12 23:26:29,612 [INFO]   ✓ 5 employees saved.
2026-03-12 23:26:44,277 [INFO] ─── 26 / 50 ───
2026-03-12 23:26:44,277 [INFO] Scraping: https://www.linkedin.com/company/lumitech-produktion-und-entwicklung-gmbh
2026-03-12 23:27:19,584 [INFO]   Domain: lumitech.com
2026-03-12 23:27:19,589 [INFO]   Employees for 'LUMITECH Lighting Solution GmbH'…
2026-03-12 23:27:35,990 [INFO]   7 employees via DOM.
2026-03-12 23:27:36,001 [INFO]   ✓ LUMITECH Lighting Solution GmbH               | country: Austria         | domain: lumitech.com
2026-03-12 23:27:36,010 [INFO]   ✓ 7 employees saved.
2026-03-12 23:27:44,150 [INFO] ─── 27 / 50 ───
2026-03-12 23:27:44,151 [INFO] Scraping: https://www.linkedin.com/company/omicron-lab
2026-03-12 23:28:18,245 [INFO]   Domain: omicron-lab.com
2026-03-12 23:28:18,249 [INFO]   Employees for 'OMICRON Lab'…
2026-03-12 23:28:34,347 [INFO]   8 employees via DOM.
2026-03-12 23:28:34,362 [INFO]   ✓ OMICRON Lab                                   | country: Austria         | domain: omicron-lab.com
2026-03-12 23:28:34,370 [INFO]   ✓ 8 employees saved.
2026-03-12 23:28:43,203 [INFO] ─── 28 / 50 ───
2026-03-12 23:28:43,204 [INFO] Scraping: https://www.linkedin.com/company/xelectrix-power
2026-03-12 23:29:18,920 [INFO]   Domain: xelectrix-power.com
2026-03-12 23:29:18,924 [INFO]   Employees for 'xelectrix Power GmbH'…
2026-03-12 23:29:34,101 [INFO]   6 employees via DOM.
2026-03-12 23:29:34,108 [INFO]   ✓ xelectrix Power GmbH                          | country: Austria         | domain: xelectrix-power.com
2026-03-12 23:29:34,114 [INFO]   ✓ 6 employees saved.
2026-03-12 23:29:43,132 [INFO] ─── 29 / 50 ───
2026-03-12 23:29:43,133 [INFO] Scraping: https://www.linkedin.com/company/sommer-gmbh
2026-03-12 23:30:18,582 [INFO]   Domain: sommer.at
2026-03-12 23:30:18,585 [INFO]   Employees for 'SOMMER Messtechnik'…
2026-03-12 23:30:37,176 [INFO]   8 employees via DOM.
2026-03-12 23:30:37,186 [INFO]   ✓ SOMMER Messtechnik                            | country: Austria         | domain: sommer.at
2026-03-12 23:30:37,194 [INFO]   ✓ 8 employees saved.
2026-03-12 23:30:45,472 [INFO] ─── 30 / 50 ───
2026-03-12 23:30:45,472 [INFO] Scraping: https://www.linkedin.com/company/austrianaudio
2026-03-12 23:31:21,538 [INFO]   Domain: austrian.audio
2026-03-12 23:31:21,543 [INFO]   Employees for 'Austrian Audio'…
2026-03-12 23:31:39,740 [INFO]   10 employees via DOM.
2026-03-12 23:31:39,758 [INFO]   ✓ Austrian Audio                                | country: Austria         | domain: austrian.audio
2026-03-12 23:31:39,772 [INFO]   ✓ 10 employees saved.
2026-03-12 23:31:53,300 [INFO] ─── 31 / 50 ───
2026-03-12 23:31:53,300 [INFO] Scraping: https://www.linkedin.com/company/astron-electronic-gmbh
2026-03-12 23:32:27,648 [INFO]   Domain: astron.co.at
2026-03-12 23:32:27,652 [INFO]   Employees for 'ASTRON Electronic GmbH'…
2026-03-12 23:32:41,623 [INFO]   7 employees via DOM.
2026-03-12 23:32:41,629 [INFO]   ✓ ASTRON Electronic GmbH                        | country: Austria         | domain: astron.co.at
2026-03-12 23:32:41,641 [INFO]   ✓ 7 employees saved.
2026-03-12 23:32:53,534 [INFO] ─── 32 / 50 ───
2026-03-12 23:32:53,534 [INFO] Scraping: https://www.linkedin.com/company/feei
2026-03-12 23:33:28,561 [INFO]   Domain: feei.at
2026-03-12 23:33:28,566 [INFO]   Employees for 'Fachverband der Elektro- & Elektronikindustrie'…
2026-03-12 23:33:42,693 [INFO]   9 employees via DOM.
2026-03-12 23:33:42,699 [INFO]   ✓ Fachverband der Elektro- & Elektronikindustrie | country: Austria         | domain: feei.at
2026-03-12 23:33:42,712 [INFO]   ✓ 9 employees saved.
2026-03-12 23:33:51,312 [INFO] ─── 33 / 50 ───
2026-03-12 23:33:51,312 [INFO] Scraping: https://www.linkedin.com/company/egston-power-electronics
2026-03-12 23:34:26,325 [INFO]   Domain: egstonpower.com
2026-03-12 23:34:26,329 [INFO]   Employees for 'EGSTON Power Electronics'…
2026-03-12 23:34:41,855 [INFO]   6 employees via DOM.
2026-03-12 23:34:41,863 [INFO]   ✓ EGSTON Power Electronics                      | country: Austria         | domain: egstonpower.com
2026-03-12 23:34:41,869 [INFO]   ✓ 6 employees saved.
2026-03-12 23:34:52,889 [INFO] ─── 34 / 50 ───
2026-03-12 23:34:52,889 [INFO] Scraping: https://www.linkedin.com/company/pslocks
2026-03-12 23:35:29,185 [INFO]   Domain: pslocks.com
2026-03-12 23:35:29,188 [INFO]   Employees for 'PS locks GmbH - electronic furniture locks with RFID / Bluetooth'…
2026-03-12 23:35:44,501 [INFO]   5 employees via DOM.
2026-03-12 23:35:44,510 [INFO]   ✓ PS locks GmbH - electronic furniture locks with RFID / Bluetooth | country: Austria         | domain: pslocks.com
2026-03-12 23:35:44,515 [INFO]   ✓ 5 employees saved.
2026-03-12 23:35:54,965 [INFO] ─── 35 / 50 ───
2026-03-12 23:35:54,965 [INFO] Scraping: https://www.linkedin.com/company/oktav-com
2026-03-12 23:36:29,241 [INFO]   Domain: oktav.com
2026-03-12 23:36:29,245 [INFO]   Employees for 'OKTAV'…
2026-03-12 23:36:43,924 [INFO]   4 employees via DOM.
2026-03-12 23:36:43,931 [INFO]   ✓ OKTAV                                         | country: Austria         | domain: oktav.com
2026-03-12 23:36:43,935 [INFO]   ✓ 4 employees saved.
2026-03-12 23:36:56,162 [INFO] ─── 36 / 50 ───
2026-03-12 23:36:56,162 [INFO] Scraping: https://www.linkedin.com/company/universal-music-austria
2026-03-12 23:37:32,047 [INFO]   Domain: universalmusic.at
2026-03-12 23:37:32,051 [INFO]   Employees for 'Universal Music Austria'…
2026-03-12 23:37:46,966 [INFO]   9 employees via DOM.
2026-03-12 23:37:46,984 [INFO]   ✓ Universal Music Austria                       | country: Austria         | domain: universalmusic.at
2026-03-12 23:37:46,993 [INFO]   ✓ 9 employees saved.
2026-03-12 23:38:00,229 [INFO] ─── 37 / 50 ───
2026-03-12 23:38:00,229 [INFO] Scraping: https://www.linkedin.com/company/mica-music-austria
2026-03-12 23:38:33,678 [INFO]   Domain: musicaustria.at
2026-03-12 23:38:33,682 [INFO]   Employees for 'mica - music austria'…
2026-03-12 23:38:48,608 [INFO]   7 employees via DOM.
2026-03-12 23:38:48,615 [INFO]   ✓ mica - music austria                          | country: Austria         | domain: musicaustria.at
2026-03-12 23:38:48,626 [INFO]   ✓ 7 employees saved.
2026-03-12 23:39:01,595 [INFO] ─── 38 / 50 ───
2026-03-12 23:39:01,595 [INFO] Scraping: https://www.linkedin.com/company/k%C3%BCnstleragentur-dr-raab-dr-b%C3%B6hm-ges-m-b-h
2026-03-12 23:39:36,611 [INFO]   Domain: rbartists.at
2026-03-12 23:39:36,615 [INFO]   Employees for 'Künstleragentur Dr. Raab & Dr. Böhm'…
2026-03-12 23:39:53,328 [INFO]   8 employees via DOM.
2026-03-12 23:39:53,334 [INFO]   ✓ Künstleragentur Dr. Raab & Dr. Böhm           | country: Austria         | domain: rbartists.at
2026-03-12 23:39:53,352 [INFO]   ✓ 8 employees saved.
2026-03-12 23:40:08,331 [INFO] ─── 39 / 50 ───
2026-03-12 23:40:08,332 [INFO] Scraping: https://www.linkedin.com/company/superar-austria
2026-03-12 23:40:44,273 [INFO]   Domain: superar.eu
2026-03-12 23:40:44,277 [INFO]   Employees for 'Superar Austria'…
2026-03-12 23:40:59,277 [INFO]   3 employees via DOM.
2026-03-12 23:40:59,285 [INFO]   ✓ Superar Austria                               | country: Austria         | domain: superar.eu
2026-03-12 23:40:59,288 [INFO]   ✓ 3 employees saved.
2026-03-12 23:41:13,882 [INFO] ─── 40 / 50 ───
2026-03-12 23:41:13,883 [INFO] Scraping: https://www.linkedin.com/company/karajaninstitute
2026-03-12 23:41:55,833 [INFO]   Domain: karajan-institut.org
2026-03-12 23:41:55,840 [INFO]   Employees for 'Karajan Institute'…
2026-03-12 23:42:10,462 [INFO]   4 employees via DOM.
2026-03-12 23:42:10,469 [INFO]   ✓ Karajan Institute                             | country: Austria         | domain: karajan-institut.org
2026-03-12 23:42:10,474 [INFO]   ✓ 4 employees saved.
2026-03-12 23:42:22,825 [INFO] ─── 41 / 50 ───
2026-03-12 23:42:22,825 [INFO] Scraping: https://www.linkedin.com/company/grafeneggcom
2026-03-12 23:42:56,904 [INFO]   Domain: grafenegg.com
2026-03-12 23:42:56,908 [INFO]   Employees for 'Grafenegg Kulturbetriebsgesellschaft'…
2026-03-12 23:43:11,008 [INFO]   7 employees via DOM.
2026-03-12 23:43:11,015 [INFO]   ✓ Grafenegg Kulturbetriebsgesellschaft          | country: Austria         | domain: grafenegg.com
2026-03-12 23:43:11,022 [INFO]   ✓ 7 employees saved.
2026-03-12 23:43:21,051 [INFO] ─── 42 / 50 ───
2026-03-12 23:43:21,051 [INFO] Scraping: https://www.linkedin.com/company/wiener-mozart-konzert
2026-03-12 23:43:56,734 [INFO]   Domain: mozart.wien
2026-03-12 23:43:56,739 [INFO]   Employees for 'Wiener Mozart Konzert'…
2026-03-12 23:44:12,158 [INFO]   6 employees via DOM.
2026-03-12 23:44:12,178 [INFO]   ✓ Wiener Mozart Konzert                         | country: Austria         | domain: mozart.wien
2026-03-12 23:44:12,185 [INFO]   ✓ 6 employees saved.
2026-03-12 23:44:24,290 [INFO] ─── 43 / 50 ───
2026-03-12 23:44:24,290 [INFO] Scraping: https://www.linkedin.com/company/rebeat-digital-gmbh
2026-03-12 23:44:59,314 [INFO]   Domain: rebeat.com
2026-03-12 23:44:59,319 [INFO]   Employees for 'Rebeat Digital GmbH'…
2026-03-12 23:45:13,974 [INFO]   8 employees via DOM.
2026-03-12 23:45:13,982 [INFO]   ✓ Rebeat Digital GmbH                           | country: Austria         | domain: rebeat.com
2026-03-12 23:45:13,990 [INFO]   ✓ 8 employees saved.
2026-03-12 23:45:25,565 [INFO] ─── 44 / 50 ───
2026-03-12 23:45:25,565 [INFO] Scraping: https://www.linkedin.com/company/vinylpostcards
2026-03-12 23:46:02,214 [INFO]   Domain: vinylpostcards.com
2026-03-12 23:46:02,218 [INFO]   Employees for 'Vinylpostcards'…
2026-03-12 23:46:17,812 [INFO]   2 employees via DOM.
2026-03-12 23:46:17,818 [INFO]   ✓ Vinylpostcards                                | country: Austria         | domain: vinylpostcards.com
2026-03-12 23:46:17,820 [INFO]   ✓ 2 employees saved.
2026-03-12 23:46:30,421 [INFO] ─── 45 / 50 ───
2026-03-12 23:46:30,421 [INFO] Scraping: https://www.linkedin.com/company/kraftpal-technologies-ltd
2026-03-12 23:47:06,034 [INFO]   Domain: kraftpal.com
2026-03-12 23:47:06,038 [INFO]   Employees for 'KraftPal'…
2026-03-12 23:47:23,397 [INFO]   8 employees via DOM.
2026-03-12 23:47:23,404 [INFO]   ✓ KraftPal                                      | country: Austria         | domain: kraftpal.com
2026-03-12 23:47:23,412 [INFO]   ✓ 8 employees saved.
2026-03-12 23:47:33,864 [INFO] ─── 46 / 50 ───
2026-03-12 23:47:33,865 [INFO] Scraping: https://www.linkedin.com/company/strike-aviation-group
2026-03-12 23:48:08,959 [INFO]   Domain: strike.aero
2026-03-12 23:48:08,962 [INFO]   Employees for 'Strike Aviation Group'…
2026-03-12 23:48:23,202 [INFO]   10 employees via DOM.
2026-03-12 23:48:23,208 [INFO]   ✓ Strike Aviation Group                         | country: Austria         | domain: strike.aero
2026-03-12 23:48:23,223 [INFO]   ✓ 10 employees saved.
2026-03-12 23:48:32,493 [INFO] ─── 47 / 50 ───
2026-03-12 23:48:32,493 [INFO] Scraping: https://www.linkedin.com/company/axis-aviation
2026-03-12 23:49:07,984 [INFO]   Domain: axis-aviation.com
2026-03-12 23:49:07,990 [INFO]   Employees for 'AXIS Aviation'…
2026-03-12 23:49:25,156 [INFO]   8 employees via DOM.
2026-03-12 23:49:25,163 [INFO]   ✓ AXIS Aviation                                 | country: Austria         | domain: axis-aviation.com
2026-03-12 23:49:25,172 [INFO]   ✓ 8 employees saved.
2026-03-12 23:49:39,379 [INFO] ─── 48 / 50 ───
2026-03-12 23:49:39,379 [INFO] Scraping: https://www.linkedin.com/company/verein-netzwerk-logistik
2026-03-12 23:50:15,673 [INFO]   Domain: vnl.at
2026-03-12 23:50:15,677 [INFO]   Employees for 'Verein Netzwerk Logistik - VNL Österreich'…
2026-03-12 23:50:31,172 [INFO]   8 employees via DOM.
2026-03-12 23:50:31,179 [INFO]   ✓ Verein Netzwerk Logistik - VNL Österreich     | country: Austria         | domain: vnl.at
2026-03-12 23:50:31,190 [INFO]   ✓ 8 employees saved.
2026-03-12 23:50:44,510 [INFO] ─── 49 / 50 ───
2026-03-12 23:50:44,510 [INFO] Scraping: https://www.linkedin.com/company/gayo-aviation
2026-03-12 23:51:19,291 [INFO]   Domain: gayo.se
2026-03-12 23:51:19,294 [INFO]   Employees for 'Gayo Aviation'…
2026-03-12 23:51:34,365 [INFO]   9 employees via DOM.
2026-03-12 23:51:34,372 [INFO]   ✓ Gayo Aviation                                 | country: Austria         | domain: gayo.se
2026-03-12 23:51:34,386 [INFO]   ✓ 9 employees saved.
2026-03-12 23:51:48,530 [INFO] ─── 50 / 50 ───
2026-03-12 23:51:48,531 [INFO] Scraping: https://www.linkedin.com/company/tyrolean-jets-and-service
2026-03-12 23:52:23,265 [INFO]   Domain: tjs.at
2026-03-12 23:52:23,270 [INFO]   Employees for 'Tyrolean Jets & Services'…
2026-03-12 23:52:38,852 [INFO]   8 employees via DOM.
2026-03-12 23:52:38,860 [INFO]   ✓ Tyrolean Jets & Services                      | country: Austria         | domain: tjs.at
2026-03-12 23:52:38,872 [INFO]   ✓ 8 employees saved.
2026-03-12 23:52:52,504 [INFO] CSV: criteria_countries.csv               47 rows
2026-03-12 23:52:52,506 [INFO] CSV: criteria_industries.csv              168 rows
2026-03-12 23:52:52,507 [INFO] CSV: criteria_sizes.csv                   8 rows
2026-03-12 23:52:52,848 [INFO] CSV: search_combinations.csv              27412 rows
2026-03-12 23:52:52,856 [INFO] CSV: companies.csv                        100 rows
2026-03-12 23:52:52,870 [INFO] CSV: employees.csv                        704 rows
2026-03-12 23:52:52,890 [INFO] === Done ===
2026-03-14 00:55:07,648 [INFO] === LinkedIn Scraper v4.1 ===
2026-03-14 00:55:07,660 [INFO] Database ready: linkedin_data.db
2026-03-14 00:55:07,662 [INFO] Criteria tables: {'countries': 47, 'industries': 168, 'sizes': 8}
2026-03-14 00:55:07,767 [INFO] Cleared 27319 pending combinations — rebuilding with current sort order.
2026-03-14 00:55:08,025 [INFO] search_combinations: 27319 new rows added | 27412 total in queue
2026-03-14 00:55:08,027 [INFO] Queue: exhausted: 92 | in_progress: 1 | pending: 27319
2026-03-14 00:55:16,469 [INFO] Cookies copied → C:\Users\sandeep\AppData\Local\linkedin_scraper_profile
2026-03-14 00:55:27,085 [INFO] LinkedIn session active — no login needed.
2026-03-14 00:55:27,105 [INFO] Companies already in DB: 100 (will be skipped)
2026-03-14 00:55:27,949 [INFO] Combination [1007084] (1/20): Austria | Logistics and Supply Chain | 11-50 employees  (resume page 1)
2026-03-14 00:55:27,953 [INFO]   Navigating to: https://www.linkedin.com/search/results/companies/?origin=FACETED_SEARCH&companySize=["C"]&industryCompanyVertical=["116"]&companyHqGeo=%5B%22103883259%22%5D
2026-03-14 00:55:37,044 [INFO]   ✓ companyHqGeo confirmed in URL.
2026-03-14 00:55:48,136 [INFO]   Page 1: 10 on page | 4 new | 4 queued total
2026-03-14 00:56:06,948 [INFO]   Page 2: 10 on page | 0 new | 4 queued total
2026-03-14 00:56:28,255 [INFO]   Page 3: 10 on page | 0 new | 4 queued total
2026-03-14 00:56:45,109 [INFO]   Page 4: 10 on page | 0 new | 4 queued total
2026-03-14 00:57:04,792 [INFO]   Page 5: 10 on page | 0 new | 4 queued total
2026-03-14 00:57:23,913 [INFO]   Page 6: 10 on page | 0 new | 4 queued total
2026-03-14 00:57:43,140 [INFO]   Page 7: 10 on page | 0 new | 4 queued total
2026-03-14 00:58:00,308 [INFO]   Page 8: 10 on page | 0 new | 4 queued total
2026-03-14 00:58:18,459 [INFO]   Page 9: 10 on page | 0 new | 4 queued total
2026-03-14 00:58:22,586 [INFO]   Combination [1007084] → exhausted
2026-03-14 00:58:22,587 [INFO]   Waiting 115 s before next combination (anti-block)…
2026-03-14 01:00:18,009 [INFO] Combination [1038262] (2/20): Austria | Computer and Network Security | 11-50 employees  (resume page 0)
2026-03-14 01:00:18,013 [INFO]   Navigating to: https://www.linkedin.com/search/results/companies/?origin=FACETED_SEARCH&companySize=["C"]&industryCompanyVertical=["118"]&companyHqGeo=%5B%22103883259%22%5D
2026-03-14 01:00:27,894 [INFO]   ✓ companyHqGeo confirmed in URL.
2026-03-14 01:00:30,686 [INFO]   Page 0: 10 on page | 10 new | 14 queued total
2026-03-14 01:00:50,969 [INFO]   Page 1: 10 on page | 0 new | 14 queued total
2026-03-14 01:01:05,476 [INFO]   Page 2: 10 on page | 0 new | 14 queued total
2026-03-14 01:01:23,571 [INFO]   Page 3: 10 on page | 0 new | 14 queued total
2026-03-14 01:01:42,494 [INFO]   Page 4: 10 on page | 0 new | 14 queued total
2026-03-14 01:02:02,239 [INFO]   Page 5: 10 on page | 0 new | 14 queued total
2026-03-14 01:02:19,588 [INFO]   Page 6: 10 on page | 0 new | 14 queued total
2026-03-14 01:04:39,285 [INFO]   Page 7: 10 on page | 0 new | 14 queued total
2026-03-14 01:16:05,167 [INFO]   Page 8: 10 on page | 0 new | 14 queued total
2026-03-14 01:16:21,175 [INFO]   Page 9: 10 on page | 0 new | 14 queued total
2026-03-14 01:16:26,011 [INFO]   Combination [1038262] → exhausted
2026-03-14 01:16:26,012 [INFO]   Waiting 117 s before next combination (anti-block)…
2026-03-14 01:18:22,973 [INFO] Combination [1038388] (3/20): Austria | Executive Offices | 11-50 employees  (resume page 0)
2026-03-14 01:18:22,974 [INFO]   Navigating to: https://www.linkedin.com/search/results/companies/?origin=FACETED_SEARCH&companySize=["C"]&industryCompanyVertical=["121"]&companyHqGeo=%5B%22103883259%22%5D
2026-03-14 01:18:31,828 [INFO]   ✓ companyHqGeo confirmed in URL.
2026-03-14 01:18:34,184 [INFO]   Page 0: 10 on page | 10 new | 24 queued total
2026-03-14 01:18:50,976 [INFO]   Page 1: 10 on page | 0 new | 24 queued total
2026-03-14 01:19:11,948 [INFO]   Page 2: 10 on page | 0 new | 24 queued total
2026-03-14 01:19:31,243 [INFO]   Page 3: 10 on page | 0 new | 24 queued total
2026-03-14 01:19:47,189 [INFO]   Page 4: 10 on page | 0 new | 24 queued total
2026-03-14 01:20:05,206 [INFO]   Page 5: 10 on page | 0 new | 24 queued total
2026-03-14 01:20:20,437 [INFO]   Page 6: 10 on page | 0 new | 24 queued total
2026-03-14 01:20:40,174 [INFO]   Page 7: 10 on page | 0 new | 24 queued total
2026-03-14 01:20:58,886 [INFO]   Page 8: 10 on page | 0 new | 24 queued total
2026-03-14 01:21:18,230 [INFO]   Page 9: 10 on page | 0 new | 24 queued total
2026-03-14 01:21:24,076 [INFO]   Combination [1038388] → exhausted
2026-03-14 01:21:24,076 [INFO]   Waiting 77 s before next combination (anti-block)…
2026-03-14 01:22:40,869 [INFO] Combination [1038556] (4/20): Austria | Law Enforcement | 11-50 employees  (resume page 0)
2026-03-14 01:22:40,872 [INFO]   Navigating to: https://www.linkedin.com/search/results/companies/?origin=FACETED_SEARCH&companySize=["C"]&industryCompanyVertical=["126"]&companyHqGeo=%5B%22103883259%22%5D
2026-03-14 01:22:50,594 [INFO]   ✓ companyHqGeo confirmed in URL.
2026-03-14 01:22:53,372 [INFO]   Page 0: 10 on page | 10 new | 34 queued total
2026-03-14 01:23:09,918 [INFO]   Page 1: 10 on page | 0 new | 34 queued total
2026-03-14 01:23:26,958 [INFO]   Page 2: 10 on page | 0 new | 34 queued total
2026-03-14 01:23:43,873 [INFO]   Page 3: 10 on page | 0 new | 34 queued total
2026-03-14 01:24:01,296 [INFO]   Page 4: 10 on page | 0 new | 34 queued total
2026-03-14 01:24:19,306 [INFO]   Page 5: 10 on page | 0 new | 34 queued total
2026-03-14 01:24:36,956 [INFO]   Page 6: 10 on page | 0 new | 34 queued total
2026-03-14 01:24:53,390 [INFO]   Page 7: 10 on page | 0 new | 34 queued total
2026-03-14 01:25:08,666 [INFO]   Page 8: 10 on page | 0 new | 34 queued total
2026-03-14 01:25:25,541 [INFO]   Page 9: 10 on page | 0 new | 34 queued total
2026-03-14 01:25:31,151 [INFO]   Combination [1038556] → exhausted
2026-03-14 01:25:31,151 [INFO]   Waiting 98 s before next combination (anti-block)…
2026-03-14 01:27:09,339 [INFO] Combination [1038535] (5/20): Austria | Investment Banking | 11-50 employees  (resume page 0)
2026-03-14 01:27:09,341 [INFO]   Navigating to: https://www.linkedin.com/search/results/companies/?origin=FACETED_SEARCH&companySize=["C"]&industryCompanyVertical=["127"]&companyHqGeo=%5B%22103883259%22%5D
2026-03-14 01:27:19,815 [INFO]   ✓ companyHqGeo confirmed in URL.
2026-03-14 01:27:22,695 [INFO]   Page 0: 8 on page | 8 new | 42 queued total
2026-03-14 01:27:42,429 [INFO]   Page 1: 8 on page | 0 new | 42 queued total
2026-03-14 01:28:00,221 [INFO]   Page 2: 8 on page | 0 new | 42 queued total
2026-03-14 01:28:17,957 [INFO]   Page 3: 8 on page | 0 new | 42 queued total
2026-03-14 01:28:34,926 [INFO]   Page 4: 8 on page | 0 new | 42 queued total
2026-03-14 01:28:50,694 [INFO]   Page 5: 8 on page | 0 new | 42 queued total
2026-03-14 01:29:08,271 [INFO]   Page 6: 8 on page | 0 new | 42 queued total
2026-03-14 01:29:22,375 [INFO]   Page 7: 8 on page | 0 new | 42 queued total
2026-03-14 01:29:40,270 [INFO]   Page 8: 8 on page | 0 new | 42 queued total
2026-03-14 01:29:55,923 [INFO]   Page 9: 8 on page | 0 new | 42 queued total
2026-03-14 01:30:02,723 [INFO]   Combination [1038535] → exhausted
2026-03-14 01:30:02,723 [INFO]   Extended rest 192 s after 5 combinations…
2026-03-14 01:33:14,697 [INFO] Combination [1038542] (6/20): Austria | Investment Management | 11-50 employees  (resume page 0)
2026-03-14 01:33:14,700 [INFO]   Navigating to: https://www.linkedin.com/search/results/companies/?origin=FACETED_SEARCH&companySize=["C"]&industryCompanyVertical=["128"]&companyHqGeo=%5B%22103883259%22%5D
2026-03-14 01:33:24,539 [INFO]   ✓ companyHqGeo confirmed in URL.
2026-03-14 01:33:27,441 [INFO]   Page 0: 10 on page | 8 new | 50 queued total
2026-03-14 01:33:34,938 [INFO]   Combination [1038542] → in_progress
2026-03-14 01:33:35,014 [INFO] Discovery done: 50 new companies queued.
2026-03-14 01:33:35,015 [INFO] ─── 1 / 50 ───
2026-03-14 01:33:35,015 [INFO] Scraping: https://www.linkedin.com/company/aviation-event
2026-03-14 01:34:12,345 [INFO]   Domain: aviation-event.de
2026-03-14 01:34:12,350 [INFO]   Employees for 'Aviation-Event'…
2026-03-14 01:34:27,019 [INFO]   9 employees via DOM.
2026-03-14 01:34:27,026 [INFO]   ✓ Aviation-Event                                | country: Austria         | domain: aviation-event.de
2026-03-14 01:34:27,035 [INFO]   ✓ 9 employees saved.
2026-03-14 01:34:37,310 [INFO] ─── 2 / 50 ───
2026-03-14 01:34:37,310 [INFO] Scraping: https://www.linkedin.com/company/q-c-m-holding-ag
2026-03-14 01:35:12,932 [INFO]   Domain: qcm.ch
2026-03-14 01:35:12,936 [INFO]   Employees for 'QCM Holding'…
2026-03-14 01:35:27,420 [INFO]   7 employees via DOM.
2026-03-14 01:35:27,426 [INFO]   ✓ QCM Holding                                   | country: Austria         | domain: qcm.ch
2026-03-14 01:35:27,434 [INFO]   ✓ 7 employees saved.
2026-03-14 01:35:42,200 [INFO] ─── 3 / 50 ───
2026-03-14 01:35:42,201 [INFO] Scraping: https://www.linkedin.com/company/jetclass
2026-03-14 01:36:18,650 [INFO]   Domain: jetclass.com
2026-03-14 01:36:18,653 [INFO]   Employees for 'JetClass'…
2026-03-14 01:36:33,631 [INFO]   10 employees via DOM.
2026-03-14 01:36:33,651 [INFO]   ✓ JetClass                                      | country: Austria         | domain: jetclass.com
2026-03-14 01:36:33,661 [INFO]   ✓ 10 employees saved.
2026-03-14 01:36:45,883 [INFO] ─── 4 / 50 ───
2026-03-14 01:36:45,883 [INFO] Scraping: https://www.linkedin.com/company/flynow
2026-03-14 01:37:20,829 [INFO]   Domain: flynow-aviation.com
2026-03-14 01:37:20,832 [INFO]   Employees for 'FlyNow Aviation'…
2026-03-14 01:37:36,058 [INFO]   8 employees via DOM.
2026-03-14 01:37:36,066 [INFO]   ✓ FlyNow Aviation                               | country: Austria         | domain: flynow-aviation.com
2026-03-14 01:37:36,074 [INFO]   ✓ 8 employees saved.
2026-03-14 01:37:49,170 [INFO] ─── 5 / 50 ───
2026-03-14 01:37:49,171 [INFO] Scraping: https://www.linkedin.com/company/kinosec
2026-03-14 01:38:25,169 [INFO]   Domain: kinosec.ai
2026-03-14 01:38:25,173 [INFO]   Employees for 'KinoSec.ai'…
2026-03-14 01:38:39,677 [INFO]   5 employees via DOM.
2026-03-14 01:38:39,684 [INFO]   ✓ KinoSec.ai                                    | country: Austria         | domain: kinosec.ai
2026-03-14 01:38:39,692 [INFO]   ✓ 5 employees saved.
2026-03-14 01:38:50,929 [INFO] ─── 6 / 50 ───
2026-03-14 01:38:50,929 [INFO] Scraping: https://www.linkedin.com/company/cert-at
2026-03-14 01:39:25,925 [INFO]   Domain: cert.at
2026-03-14 01:39:25,928 [INFO]   Employees for 'CERT.at'…
2026-03-14 01:39:44,602 [INFO]   10 employees via DOM.
2026-03-14 01:39:44,609 [INFO]   ✓ CERT.at                                       | country: Austria         | domain: cert.at
2026-03-14 01:39:44,622 [INFO]   ✓ 10 employees saved.
2026-03-14 01:39:55,650 [INFO] ─── 7 / 50 ───
2026-03-14 01:39:55,651 [INFO] Scraping: https://www.linkedin.com/company/chaleit
2026-03-14 01:40:32,458 [INFO]   Domain: chaleit.com
2026-03-14 01:40:32,463 [INFO]   Employees for 'Chaleit'…
2026-03-14 01:40:50,535 [INFO]   10 employees via DOM.
2026-03-14 01:40:50,542 [INFO]   ✓ Chaleit                                       | country: Austria         | domain: chaleit.com
2026-03-14 01:40:50,556 [INFO]   ✓ 10 employees saved.
2026-03-14 01:41:04,115 [INFO] ─── 8 / 50 ───
2026-03-14 01:41:04,115 [INFO] Scraping: https://www.linkedin.com/company/tcss-trusted-cyber-security-solutions-gmbh
2026-03-14 01:41:39,557 [INFO]   Domain: tcss.eu
2026-03-14 01:41:39,562 [INFO]   Employees for 'TCSS Trusted Cyber Security Solutions GmbH'…
2026-03-14 01:41:54,290 [INFO]   5 employees via DOM.
2026-03-14 01:41:54,296 [INFO]   ✓ TCSS Trusted Cyber Security Solutions GmbH    | country: Austria         | domain: tcss.eu
2026-03-14 01:41:54,305 [INFO]   ✓ 5 employees saved.
2026-03-14 01:42:02,356 [INFO] ─── 9 / 50 ───
2026-03-14 01:42:02,357 [INFO] Scraping: https://www.linkedin.com/company/incydegmbh
2026-03-14 01:42:36,381 [INFO]   Domain: incyde.com
2026-03-14 01:42:36,385 [INFO]   Employees for 'INCYDE'…
2026-03-14 01:42:54,135 [INFO]   10 employees via DOM.
2026-03-14 01:42:54,142 [INFO]   ✓ INCYDE                                        | country: Austria         | domain: incyde.com
2026-03-14 01:42:54,152 [INFO]   ✓ 10 employees saved.
2026-03-14 01:43:04,504 [INFO] ─── 10 / 50 ───
2026-03-14 01:43:04,504 [INFO] Scraping: https://www.linkedin.com/company/sproof
2026-03-14 01:43:38,875 [INFO]   Domain: sproof.com
2026-03-14 01:43:38,879 [INFO]   Employees for 'sproof'…
2026-03-14 01:43:55,166 [INFO]   9 employees via DOM.
2026-03-14 01:43:55,184 [INFO]   ✓ sproof                                        | country: Austria         | domain: sproof.com
2026-03-14 01:43:55,194 [INFO]   ✓ 9 employees saved.
2026-03-14 01:44:03,686 [INFO] ─── 11 / 50 ───
2026-03-14 01:44:03,686 [INFO] Scraping: https://www.linkedin.com/company/av-comparatives
2026-03-14 01:44:40,404 [INFO]   Domain: av-comparatives.org
2026-03-14 01:44:40,410 [INFO]   Employees for 'AV-Comparatives'…
2026-03-14 01:44:56,600 [INFO]   9 employees via DOM.
2026-03-14 01:44:56,619 [INFO]   ✓ AV-Comparatives                               | country: Austria         | domain: av-comparatives.org
2026-03-14 01:44:56,628 [INFO]   ✓ 9 employees saved.
2026-03-14 01:45:06,224 [INFO] ─── 12 / 50 ───
2026-03-14 01:45:06,224 [INFO] Scraping: https://www.linkedin.com/company/lywand-software-gmbh
2026-03-14 01:45:42,519 [INFO]   Domain: lywand.com
2026-03-14 01:45:42,525 [INFO]   Employees for 'Lywand Software GmbH'…
2026-03-14 01:45:57,382 [INFO]   10 employees via DOM.
2026-03-14 01:45:57,389 [INFO]   ✓ Lywand Software GmbH                          | country: Austria         | domain: lywand.com
2026-03-14 01:45:57,403 [INFO]   ✓ 10 employees saved.
2026-03-14 01:46:10,503 [INFO] ─── 13 / 50 ───
2026-03-14 01:46:10,503 [INFO] Scraping: https://www.linkedin.com/company/limes-security
2026-03-14 01:46:46,135 [INFO]   Domain: limessecurity.com
2026-03-14 01:46:46,139 [INFO]   Employees for 'Limes Security'…
2026-03-14 01:47:02,285 [INFO]   10 employees via DOM.
2026-03-14 01:47:02,292 [INFO]   ✓ Limes Security                                | country: Austria         | domain: limessecurity.com
2026-03-14 01:47:02,302 [INFO]   ✓ 10 employees saved.
2026-03-14 01:47:14,926 [INFO] ─── 14 / 50 ───
2026-03-14 01:47:14,926 [INFO] Scraping: https://www.linkedin.com/company/hackattack-it-security-gmbh
2026-03-14 01:47:50,245 [INFO]   Domain: hackattack.com
2026-03-14 01:47:50,249 [INFO]   Employees for 'HACKATTACK IT SECURITY GmbH'…
2026-03-14 01:48:05,928 [INFO]   5 employees via DOM.
2026-03-14 01:48:05,934 [INFO]   ✓ HACKATTACK IT SECURITY GmbH                   | country: Austria         | domain: hackattack.com
2026-03-14 01:48:05,940 [INFO]   ✓ 5 employees saved.
2026-03-14 01:48:19,925 [INFO] ─── 15 / 50 ───
2026-03-14 01:48:19,926 [INFO] Scraping: https://www.linkedin.com/company/wehrhan-tps-sicherheitstechnik
2026-03-14 01:48:54,599 [INFO]   Domain: wehrhan-tps.at
2026-03-14 01:48:54,604 [INFO]   Employees for 'Wehrhan TPS Sicherheitstechnik GmbH'…
2026-03-14 01:49:10,272 [INFO]   5 employees via DOM.
2026-03-14 01:49:10,279 [INFO]   ✓ Wehrhan TPS Sicherheitstechnik GmbH           | country: Austria         | domain: wehrhan-tps.at
2026-03-14 01:49:10,285 [INFO]   ✓ 5 employees saved.
2026-03-14 01:49:21,344 [INFO] ─── 16 / 50 ───
2026-03-14 01:49:21,344 [INFO] Scraping: https://www.linkedin.com/company/styx-sicherheitstechnik-gmbh
2026-03-14 01:49:57,113 [INFO]   Domain: styx-systems.at
2026-03-14 01:49:57,117 [INFO]   Employees for 'STYX Sicherheitstechnik GmbH'…
2026-03-14 01:50:13,582 [INFO]   3 employees via DOM.
2026-03-14 01:50:13,590 [INFO]   ✓ STYX Sicherheitstechnik GmbH                  | country: Austria         | domain: styx-systems.at
2026-03-14 01:50:13,593 [INFO]   ✓ 3 employees saved.
2026-03-14 01:50:21,804 [INFO] ─── 17 / 50 ───
2026-03-14 01:50:21,804 [INFO] Scraping: https://www.linkedin.com/company/berufsdetektei-marent
2026-03-14 01:50:56,123 [INFO]   Domain: berufsdetektei-marent-og.at
2026-03-14 01:50:56,128 [INFO]   Employees for 'Berufsdetektei Marent'…
2026-03-14 01:51:12,062 [INFO]   2 employees via DOM.
2026-03-14 01:51:12,069 [INFO]   ✓ Berufsdetektei Marent                         | country: Austria         | domain: berufsdetektei-marent-og.at
2026-03-14 01:51:12,071 [INFO]   ✓ 2 employees saved.
2026-03-14 01:51:20,888 [INFO] ─── 18 / 50 ───
2026-03-14 01:51:20,889 [INFO] Scraping: https://www.linkedin.com/company/adsum-brandschutz-und-sicherheitsconsult-gmbh
2026-03-14 01:51:57,617 [INFO]   Domain: adsum.at
2026-03-14 01:51:57,622 [INFO]   Employees for 'ADSUM Brandschutz- und Sicherheitsconsult GmbH'…
2026-03-14 01:52:13,398 [INFO]   4 employees via DOM.
2026-03-14 01:52:13,405 [INFO]   ✓ ADSUM Brandschutz- und Sicherheitsconsult GmbH | country: Austria         | domain: adsum.at
2026-03-14 01:52:13,409 [INFO]   ✓ 4 employees saved.
2026-03-14 01:52:28,177 [INFO] ─── 19 / 50 ───
2026-03-14 01:52:28,178 [INFO] Scraping: https://www.linkedin.com/company/taurussicherheitstechnik
2026-03-14 01:53:05,015 [INFO]   Domain: taurus-sicherheitstechnik.com
2026-03-14 01:53:05,020 [INFO]   Employees for 'TAURUS Sicherheitstechnik'…
2026-03-14 01:53:22,531 [INFO]   4 employees via DOM.
2026-03-14 01:53:22,538 [INFO]   ✓ TAURUS Sicherheitstechnik                     | country: Austria         | domain: taurus-sicherheitstechnik.com
2026-03-14 01:53:22,542 [INFO]   ✓ 4 employees saved.
2026-03-14 01:53:34,195 [INFO] ─── 20 / 50 ───
2026-03-14 01:53:34,196 [INFO] Scraping: https://www.linkedin.com/company/matilan-security-services
2026-03-14 01:54:10,623 [INFO]   Domain: matilan.at
2026-03-14 01:54:10,627 [INFO]   Employees for 'MATILAN Security Services GmbH'…
2026-03-14 01:54:26,583 [INFO]   3 employees via DOM.
2026-03-14 01:54:26,589 [INFO]   ✓ MATILAN Security Services GmbH                | country: Austria         | domain: matilan.at
2026-03-14 01:54:26,593 [INFO]   ✓ 3 employees saved.
2026-03-14 01:54:40,271 [INFO] ─── 21 / 50 ───
2026-03-14 01:54:40,272 [INFO] Scraping: https://www.linkedin.com/company/miratechnologies
2026-03-14 01:55:14,904 [INFO]   Domain: miratechnologies.at
2026-03-14 01:55:14,908 [INFO]   Employees for 'Mira Technologies GmbH'…
2026-03-14 01:55:31,032 [INFO]   8 employees via DOM.
2026-03-14 01:55:31,039 [INFO]   ✓ Mira Technologies GmbH                        | country: Austria         | domain: miratechnologies.at
2026-03-14 01:55:31,048 [INFO]   ✓ 8 employees saved.
2026-03-14 01:55:40,494 [INFO] ─── 22 / 50 ───
2026-03-14 01:55:40,494 [INFO] Scraping: https://www.linkedin.com/company/r-s-partners-investigations
2026-03-14 01:56:18,469 [INFO]   Domain: rspartner.net
2026-03-14 01:56:18,473 [INFO]   Employees for 'RSPC Ltd Investigations'…
2026-03-14 01:56:36,019 [INFO]   1 employees via DOM.
2026-03-14 01:56:36,025 [INFO]   ✓ RSPC Ltd Investigations                       | country: Austria         | domain: rspartner.net
2026-03-14 01:56:36,027 [INFO]   ✓ 1 employees saved.
2026-03-14 01:56:46,178 [INFO] ─── 23 / 50 ───
2026-03-14 01:56:46,179 [INFO] Scraping: https://www.linkedin.com/company/foreus
2026-03-14 01:57:21,627 [INFO]   Domain: foreus.at
2026-03-14 01:57:21,632 [INFO]   Employees for 'FOREUS - Private Intelligence Service'…
2026-03-14 01:57:38,273 [INFO]   8 employees via DOM.
2026-03-14 01:57:38,279 [INFO]   ✓ FOREUS - Private Intelligence Service         | country: Austria         | domain: foreus.at
2026-03-14 01:57:38,297 [INFO]   ✓ 8 employees saved.
2026-03-14 01:57:49,539 [INFO] ─── 24 / 50 ───
2026-03-14 01:57:49,539 [INFO] Scraping: https://www.linkedin.com/company/vasboe
2026-03-14 01:58:24,920 [INFO]   Domain: vasboe.at
2026-03-14 01:58:24,923 [INFO]   Employees for 'VASBÖ'…
2026-03-14 01:58:41,173 [INFO]   3 employees via DOM.
2026-03-14 01:58:41,190 [INFO]   ✓ VASBÖ                                         | country: Austria         | domain: vasboe.at
2026-03-14 01:58:41,193 [INFO]   ✓ 3 employees saved.
2026-03-14 01:58:52,062 [INFO] ─── 25 / 50 ───
2026-03-14 01:58:52,063 [INFO] Scraping: https://www.linkedin.com/company/brutkasten-com
2026-03-14 01:59:26,204 [INFO]   Domain: brutkasten.com
2026-03-14 01:59:26,209 [INFO]   Employees for 'brutkasten'…
2026-03-14 01:59:41,696 [INFO]   4 employees via DOM.
2026-03-14 01:59:41,703 [INFO]   ✓ brutkasten                                    | country: Austria         | domain: brutkasten.com
2026-03-14 01:59:41,707 [INFO]   ✓ 4 employees saved.
2026-03-14 01:59:52,830 [INFO] ─── 26 / 50 ───
2026-03-14 01:59:52,831 [INFO] Scraping: https://www.linkedin.com/company/moment-magazin
2026-03-14 02:00:27,200 [INFO]   Domain: moment.at
2026-03-14 02:00:27,204 [INFO]   Employees for 'Moment Magazin'…
2026-03-14 02:00:43,522 [INFO]   7 employees via DOM.
2026-03-14 02:00:43,529 [INFO]   ✓ Moment Magazin                                | country: Austria         | domain: moment.at
2026-03-14 02:00:43,538 [INFO]   ✓ 7 employees saved.
2026-03-14 02:00:56,518 [INFO] ─── 27 / 50 ───
2026-03-14 02:00:56,518 [INFO] Scraping: https://www.linkedin.com/company/timber-online-net
2026-03-14 02:01:32,011 [INFO]   Domain: timber-online.net
2026-03-14 02:01:32,014 [INFO]   Employees for 'TIMBER-ONLINE.net'…
2026-03-14 02:01:48,882 [INFO]   0 employees via DOM.
2026-03-14 02:01:48,889 [INFO]   ✓ TIMBER-ONLINE.net                             | country: Austria         | domain: timber-online.net
2026-03-14 02:01:57,460 [INFO] ─── 28 / 50 ───
2026-03-14 02:01:57,460 [INFO] Scraping: https://www.linkedin.com/company/regal-verlagsges-m-b-h
2026-03-14 02:02:33,054 [INFO]   Domain: regal.at
2026-03-14 02:02:33,058 [INFO]   Employees for 'Regal Verlagsges.m.b.H'…
2026-03-14 02:02:47,571 [INFO]   9 employees via DOM.
2026-03-14 02:02:47,578 [INFO]   ✓ Regal Verlagsges.m.b.H                        | country: Austria         | domain: regal.at
2026-03-14 02:02:47,587 [INFO]   ✓ 9 employees saved.
2026-03-14 02:02:58,533 [INFO] ─── 29 / 50 ───
2026-03-14 02:02:58,534 [INFO] Scraping: https://www.linkedin.com/company/tirolerin
2026-03-14 02:03:35,553 [INFO]   Domain: tirolerin.at
2026-03-14 02:03:35,556 [INFO]   Employees for 'TIROLERIN'…
2026-03-14 02:03:51,306 [INFO]   9 employees via DOM.
2026-03-14 02:03:51,317 [INFO]   ✓ TIROLERIN                                     | country: Austria         | domain: tirolerin.at
2026-03-14 02:03:51,325 [INFO]   ✓ 9 employees saved.
2026-03-14 02:04:05,157 [INFO] ─── 30 / 50 ───
2026-03-14 02:04:05,157 [INFO] Scraping: https://www.linkedin.com/company/diemacher
2026-03-14 02:04:41,134 [INFO]   Domain: diemacher.at
2026-03-14 02:04:41,139 [INFO]   Employees for 'DIE MACHER - Wirtschafts- & Lifestylemagazin'…
2026-03-14 02:04:55,791 [INFO]   6 employees via DOM.
2026-03-14 02:04:55,797 [INFO]   ✓ DIE MACHER - Wirtschafts- & Lifestylemagazin  | country: Austria         | domain: diemacher.at
2026-03-14 02:04:55,803 [INFO]   ✓ 6 employees saved.
2026-03-14 02:05:07,846 [INFO] ─── 31 / 50 ───
2026-03-14 02:05:07,846 [INFO] Scraping: https://www.linkedin.com/company/gastro-news
2026-03-14 02:16:01,730 [INFO]   Domain: gastro.news
2026-03-14 02:16:01,734 [INFO]   Employees for 'Gastro.News'…
2026-03-14 02:44:07,569 [INFO]   2 employees via DOM.
2026-03-14 02:44:07,580 [INFO]   ✓ Gastro.News                                   | country: Austria         | domain: gastro.news
2026-03-14 02:44:07,585 [INFO]   ✓ 2 employees saved.
2026-03-14 02:44:20,269 [INFO] ─── 32 / 50 ───
2026-03-14 02:44:20,270 [INFO] Scraping: https://www.linkedin.com/company/techandnature
2026-03-14 02:44:56,618 [INFO]   Domain: techandnature.com
2026-03-14 02:44:56,623 [INFO]   Employees for 'Tech & Nature'…
2026-03-14 02:45:12,271 [INFO]   0 employees via DOM.
2026-03-14 02:45:12,278 [INFO]   ✓ Tech & Nature                                 | country: Austria         | domain: techandnature.com
2026-03-14 02:45:26,076 [INFO] ─── 33 / 50 ───
2026-03-14 02:45:26,076 [INFO] Scraping: https://www.linkedin.com/company/top-tirol
2026-03-14 02:45:59,946 [INFO]   Domain: top.tirol
2026-03-14 02:45:59,949 [INFO]   Employees for 'top.tirol – Die Plattform für Tirols Wirtschaft'…
2026-03-14 02:46:16,221 [INFO]   4 employees via DOM.
2026-03-14 02:46:16,228 [INFO]   ✓ top.tirol – Die Plattform für Tirols Wirtschaft | country: Austria         | domain: top.tirol
2026-03-14 02:46:16,232 [INFO]   ✓ 4 employees saved.
2026-03-14 02:46:27,518 [INFO] ─── 34 / 50 ───
2026-03-14 02:46:27,518 [INFO] Scraping: https://www.linkedin.com/company/holzkurier
2026-03-14 02:47:04,212 [INFO]   Domain: holzkurier.com
2026-03-14 02:47:04,216 [INFO]   Employees for 'HOLZKURIER'…
2026-03-14 02:47:20,776 [INFO]   6 employees via DOM.
2026-03-14 02:47:20,787 [INFO]   ✓ HOLZKURIER                                    | country: Austria         | domain: holzkurier.com
2026-03-14 02:47:20,794 [INFO]   ✓ 6 employees saved.
2026-03-14 02:47:31,840 [INFO] ─── 35 / 50 ───
2026-03-14 02:47:31,840 [INFO] Scraping: https://www.linkedin.com/company/barabaka-studio
2026-03-14 02:48:07,589 [INFO]   Domain: barabaka.studio
2026-03-14 02:48:07,592 [INFO]   Employees for 'Barabaka Studio'…
2026-03-14 02:48:24,330 [INFO]   10 employees via DOM.
2026-03-14 02:48:24,338 [INFO]   ✓ Barabaka Studio                               | country: Austria         | domain: barabaka.studio
2026-03-14 02:48:24,352 [INFO]   ✓ 10 employees saved.
2026-03-14 02:48:35,518 [INFO] ─── 36 / 50 ───
2026-03-14 02:48:35,519 [INFO] Scraping: https://www.linkedin.com/company/pixelvienna
2026-03-14 02:49:11,214 [INFO]   Domain: pixelvienna.com
2026-03-14 02:49:11,218 [INFO]   Employees for 'PIXELvienna'…
2026-03-14 02:49:26,664 [INFO]   3 employees via DOM.
2026-03-14 02:49:26,682 [INFO]   ✓ PIXELvienna                                   | country: Austria         | domain: pixelvienna.com
2026-03-14 02:49:26,689 [INFO]   ✓ 3 employees saved.
2026-03-14 02:49:37,712 [INFO] ─── 37 / 50 ───
2026-03-14 02:49:37,712 [INFO] Scraping: https://www.linkedin.com/company/friendly-fire-communications-gmbh
2026-03-14 02:50:12,855 [INFO]   Domain: friendlyfire.at
2026-03-14 02:50:12,859 [INFO]   Employees for 'Friendly Fire Communications GmbH'…
2026-03-14 02:50:30,327 [INFO]   6 employees via DOM.
2026-03-14 02:50:30,334 [INFO]   ✓ Friendly Fire Communications GmbH             | country: Austria         | domain: friendlyfire.at
2026-03-14 02:50:30,340 [INFO]   ✓ 6 employees saved.
2026-03-14 02:50:41,169 [INFO] ─── 38 / 50 ───
2026-03-14 02:50:41,169 [INFO] Scraping: https://www.linkedin.com/company/mo-production%E2%84%A2%EF%B8%8F
2026-03-14 02:51:17,775 [INFO]   Domain: mo-production.at
2026-03-14 02:51:17,780 [INFO]   Employees for 'MO Production™️'…
2026-03-14 02:51:34,303 [INFO]   1 employees via DOM.
2026-03-14 02:51:34,309 [INFO]   ✓ MO Production™️                               | country: Austria         | domain: mo-production.at
2026-03-14 02:51:34,311 [INFO]   ✓ 1 employees saved.
2026-03-14 02:51:47,269 [INFO] ─── 39 / 50 ───
2026-03-14 02:51:47,269 [INFO] Scraping: https://www.linkedin.com/company/animations-and-more-3d-communications-gmbh-&-co.kg
2026-03-14 02:52:21,116 [INFO]   Domain: animations-and-more.com
2026-03-14 02:52:21,120 [INFO]   Employees for 'animations and more 3D communications GmbH & Co.KG'…
2026-03-14 02:52:36,194 [INFO]   6 employees via DOM.
2026-03-14 02:52:36,211 [INFO]   ✓ animations and more 3D communications GmbH & Co.KG | country: Austria         | domain: animations-and-more.com
2026-03-14 02:52:36,217 [INFO]   ✓ 6 employees saved.
2026-03-14 02:52:45,052 [INFO] ─── 40 / 50 ───
2026-03-14 02:52:45,052 [INFO] Scraping: https://www.linkedin.com/company/mediasquad
2026-03-14 02:53:20,110 [INFO]   Domain: msq.at
2026-03-14 02:53:20,114 [INFO]   Employees for 'MEDIASQUAD'…
2026-03-14 02:53:37,635 [INFO]   6 employees via DOM.
2026-03-14 02:53:37,642 [INFO]   ✓ MEDIASQUAD                                    | country: Austria         | domain: msq.at
2026-03-14 02:53:37,648 [INFO]   ✓ 6 employees saved.
2026-03-14 02:53:49,189 [INFO] ─── 41 / 50 ───
2026-03-14 02:53:49,190 [INFO] Scraping: https://www.linkedin.com/company/pool3
2026-03-14 02:54:26,122 [INFO]   Domain: pool3.at
2026-03-14 02:54:26,125 [INFO]   Employees for 'pool3'…
2026-03-14 02:54:39,988 [INFO]   8 employees via DOM.
2026-03-14 02:54:39,995 [INFO]   ✓ pool3                                         | country: Austria         | domain: pool3.at
2026-03-14 02:54:40,005 [INFO]   ✓ 8 employees saved.
2026-03-14 02:54:52,408 [INFO] ─── 42 / 50 ───
2026-03-14 02:54:52,408 [INFO] Scraping: https://www.linkedin.com/company/das-erlebnismanagement-gmbh
2026-03-14 02:55:27,053 [INFO]   Domain: erlebnismanagement.com
2026-03-14 02:55:27,057 [INFO]   Employees for 'Das Erlebnismanagement GmbH'…
2026-03-14 02:55:42,712 [INFO]   7 employees via DOM.
2026-03-14 02:55:42,718 [INFO]   ✓ Das Erlebnismanagement GmbH                   | country: Austria         | domain: erlebnismanagement.com
2026-03-14 02:55:42,729 [INFO]   ✓ 7 employees saved.
2026-03-14 02:55:56,801 [INFO] ─── 43 / 50 ───
2026-03-14 02:55:56,802 [INFO] Scraping: https://www.linkedin.com/company/walter-business-park-gmbh
2026-03-14 02:56:32,860 [INFO]   Domain: walter-business-park.com
2026-03-14 02:56:32,864 [INFO]   Employees for 'WALTER BUSINESS-PARK GmbH'…
2026-03-14 02:56:46,930 [INFO]   2 employees via DOM.
2026-03-14 02:56:46,948 [INFO]   ✓ WALTER BUSINESS-PARK GmbH                     | country: Austria         | domain: walter-business-park.com
2026-03-14 02:56:46,951 [INFO]   ✓ 2 employees saved.
2026-03-14 02:57:01,156 [INFO] ─── 44 / 50 ───
2026-03-14 02:57:01,157 [INFO] Scraping: https://www.linkedin.com/company/novum-locations
2026-03-14 02:57:33,614 [INFO]   Domain: novum.at
2026-03-14 02:57:33,617 [INFO]   Employees for 'novum Locations'…
2026-03-14 02:57:51,558 [INFO]   5 employees via DOM.
2026-03-14 02:57:51,565 [INFO]   ✓ novum Locations                               | country: Austria         | domain: novum.at
2026-03-14 02:57:51,570 [INFO]   ✓ 5 employees saved.
2026-03-14 02:58:06,057 [INFO] ─── 45 / 50 ───
2026-03-14 02:58:06,059 [INFO] Scraping: https://www.linkedin.com/company/coworkingspace-v%C3%B6cklabruck
2026-03-14 02:58:42,952 [INFO]   Domain: coworkingspace4840.jimdofree.com
2026-03-14 02:58:42,955 [INFO]   Employees for 'COworkingSPACE Vöcklabruck'…
2026-03-14 02:59:00,528 [INFO]   1 employees via DOM.
2026-03-14 02:59:00,548 [INFO]   ✓ COworkingSPACE Vöcklabruck                    | country: Austria         | domain: coworkingspace4840.jimdofree.com
2026-03-14 02:59:00,550 [INFO]   ✓ 1 employees saved.
2026-03-14 02:59:11,600 [INFO] ─── 46 / 50 ───
2026-03-14 02:59:11,600 [INFO] Scraping: https://www.linkedin.com/company/andys-cc
2026-03-14 02:59:44,033 [INFO]   Domain: andys.cc
2026-03-14 02:59:44,038 [INFO]   Employees for 'andys.cc - the coworking company'…
2026-03-14 02:59:58,856 [INFO]   8 employees via DOM.
2026-03-14 02:59:58,873 [INFO]   ✓ andys.cc - the coworking company              | country: Austria         | domain: andys.cc
2026-03-14 02:59:58,881 [INFO]   ✓ 8 employees saved.
2026-03-14 03:00:11,536 [INFO] ─── 47 / 50 ───
2026-03-14 03:00:11,536 [INFO] Scraping: https://www.linkedin.com/company/mg-real-estate-gmbh
2026-03-14 03:00:46,570 [INFO]   Domain: modesta.at
2026-03-14 03:00:46,574 [INFO]   Employees for 'Modesta Real Estate'…
2026-03-14 03:01:03,523 [INFO]   9 employees via DOM.
2026-03-14 03:01:03,530 [INFO]   ✓ Modesta Real Estate                           | country: Austria         | domain: modesta.at
2026-03-14 03:01:03,543 [INFO]   ✓ 9 employees saved.
2026-03-14 03:01:18,384 [INFO] ─── 48 / 50 ───
2026-03-14 03:01:18,384 [INFO] Scraping: https://www.linkedin.com/company/yourofficembs
2026-03-14 03:01:56,133 [INFO]   Domain: youroffice.at
2026-03-14 03:01:56,137 [INFO]   Employees for 'YOUR OFFICE - Managed Business Services GmbH'…
2026-03-14 03:02:09,919 [INFO]   6 employees via DOM.
2026-03-14 03:02:09,938 [INFO]   ✓ YOUR OFFICE - Managed Business Services GmbH  | country: Austria         | domain: youroffice.at
2026-03-14 03:02:09,945 [INFO]   ✓ 6 employees saved.
2026-03-14 03:02:20,925 [INFO] ─── 49 / 50 ───
2026-03-14 03:02:20,925 [INFO] Scraping: https://www.linkedin.com/company/vlabsinnovation
2026-03-14 03:02:52,858 [INFO]   Domain: vlabs.at
2026-03-14 03:02:52,863 [INFO]   Employees for 'V_labs | New Business Building'…
2026-03-14 03:03:07,660 [INFO]   7 employees via DOM.
2026-03-14 03:03:07,676 [INFO]   ✓ V_labs | New Business Building                | country: Austria         | domain: vlabs.at
2026-03-14 03:03:07,684 [INFO]   ✓ 7 employees saved.
2026-03-14 03:03:16,830 [INFO] ─── 50 / 50 ───
2026-03-14 03:03:16,830 [INFO] Scraping: https://www.linkedin.com/company/falcon-real-estate
2026-03-14 03:03:49,355 [INFO]   Domain: falconreal.com
2026-03-14 03:03:49,359 [INFO]   Employees for 'Falcon Real Estate Investment Management'…
2026-03-14 03:04:05,837 [INFO]   6 employees via DOM.
2026-03-14 03:04:05,854 [INFO]   ✓ Falcon Real Estate Investment Management      | country: Austria         | domain: falconreal.com
2026-03-14 03:04:05,867 [INFO]   ✓ 6 employees saved.
2026-03-14 03:04:19,467 [INFO] CSV: criteria_countries.csv               47 rows
2026-03-14 03:04:19,469 [INFO] CSV: criteria_industries.csv              168 rows
2026-03-14 03:04:19,470 [INFO] CSV: criteria_sizes.csv                   8 rows
2026-03-14 03:04:19,895 [INFO] CSV: search_combinations.csv              27412 rows
2026-03-14 03:04:19,905 [INFO] CSV: companies.csv                        150 rows
2026-03-14 03:04:19,912 [INFO] CSV: employees.csv                        296 rows
2026-03-14 03:04:19,919 [INFO] === Done ===
2026-03-14 06:47:28,374 [INFO] === LinkedIn Scraper v4.1 ===
2026-03-14 06:47:28,386 [INFO] Database ready: linkedin_data.db
2026-03-14 06:47:28,389 [INFO] Criteria tables: {'countries': 47, 'industries': 168, 'sizes': 8}
2026-03-14 06:47:28,492 [INFO] Cleared 27314 pending combinations — rebuilding with current sort order.
2026-03-14 06:47:28,770 [INFO] search_combinations: 27314 new rows added | 27412 total in queue
2026-03-14 06:47:28,772 [INFO] Queue: exhausted: 97 | in_progress: 1 | pending: 27314
2026-03-14 07:13:17,173 [INFO] === LinkedIn Scraper v4.1 ===
2026-03-14 07:13:17,185 [INFO] Database ready: linkedin_data.db
2026-03-14 07:13:17,187 [INFO] Criteria tables: {'countries': 47, 'industries': 168, 'sizes': 8}
2026-03-14 07:13:17,231 [INFO] Cleared 27314 pending combinations — rebuilding with current sort order.
2026-03-14 07:13:17,499 [INFO] search_combinations: 27314 new rows added | 27412 total in queue
2026-03-14 07:13:17,502 [INFO] Queue: exhausted: 97 | in_progress: 1 | pending: 27314
2026-03-14 07:13:23,322 [INFO] Cookies copied → C:\Users\sandeep\AppData\Local\linkedin_scraper_profile
2026-03-14 07:13:33,933 [INFO] LinkedIn session active — no login needed.
2026-03-14 07:13:33,976 [INFO] Companies already in DB: 150 (will be skipped)
2026-03-14 07:13:34,793 [INFO] Combination [1038542] (1/20): Austria | Investment Management | 11-50 employees  (resume page 1)
2026-03-14 07:13:34,795 [INFO]   Navigating to: https://www.linkedin.com/search/results/companies/?origin=FACETED_SEARCH&companySize=["C"]&industryCompanyVertical=["128"]&companyHqGeo=%5B%22103883259%22%5D
2026-03-14 07:13:41,518 [INFO]   ✓ companyHqGeo confirmed in URL.
2026-03-14 07:13:50,722 [INFO]   Page 1: 10 on page | 2 new | 2 queued total
2026-03-14 07:14:05,487 [INFO]   Page 2: 10 on page | 0 new | 2 queued total
2026-03-14 07:14:23,131 [INFO]   Page 3: 10 on page | 0 new | 2 queued total
2026-03-14 07:14:37,584 [INFO]   Page 4: 10 on page | 0 new | 2 queued total
2026-03-14 07:14:54,402 [INFO]   Page 5: 10 on page | 0 new | 2 queued total
2026-03-14 07:15:11,059 [INFO]   Page 6: 10 on page | 0 new | 2 queued total
2026-03-14 07:15:27,585 [INFO]   Page 7: 10 on page | 0 new | 2 queued total
2026-03-14 07:15:46,636 [INFO]   Page 8: 10 on page | 0 new | 2 queued total
2026-03-14 07:16:04,485 [INFO]   Page 9: 10 on page | 0 new | 2 queued total
2026-03-14 07:16:09,057 [INFO]   Combination [1038542] → exhausted
2026-03-14 07:16:09,057 [INFO]   Waiting 107 s before next combination (anti-block)…
2026-03-14 07:17:56,544 [INFO] Combination [1101451] (2/20): Austria | Government Relations Services | 11-50 employees  (resume page 0)
2026-03-14 07:17:56,558 [INFO]   Navigating to: https://www.linkedin.com/search/results/companies/?origin=FACETED_SEARCH&companySize=["C"]&industryCompanyVertical=["130"]&companyHqGeo=%5B%22103883259%22%5D
2026-03-14 07:18:05,199 [INFO]   ✓ companyHqGeo confirmed in URL.
2026-03-14 07:18:08,520 [INFO]   Page 0: 10 on page | 10 new | 12 queued total
2026-03-14 07:18:26,033 [INFO]   Page 1: 10 on page | 0 new | 12 queued total
2026-03-14 07:18:46,196 [INFO]   Page 2: 10 on page | 0 new | 12 queued total
2026-03-14 07:19:02,243 [INFO]   Page 3: 10 on page | 0 new | 12 queued total
2026-03-14 07:19:17,520 [INFO]   Page 4: 10 on page | 0 new | 12 queued total
2026-03-14 07:19:34,913 [INFO]   Page 5: 10 on page | 0 new | 12 queued total
2026-03-14 07:19:53,259 [INFO]   Page 6: 10 on page | 0 new | 12 queued total
2026-03-14 07:20:10,577 [INFO]   Page 7: 10 on page | 0 new | 12 queued total
2026-03-14 07:20:26,575 [INFO]   Page 8: 10 on page | 0 new | 12 queued total
2026-03-14 07:20:41,029 [INFO]   Page 9: 10 on page | 0 new | 12 queued total
2026-03-14 07:20:45,634 [INFO]   Combination [1101451] → exhausted
2026-03-14 07:20:45,635 [INFO]   Waiting 62 s before next combination (anti-block)…
2026-03-14 07:21:48,058 [INFO] Combination [1101220] (3/20): Austria | Capital Markets | 11-50 employees  (resume page 0)
2026-03-14 07:21:48,060 [INFO]   Navigating to: https://www.linkedin.com/search/results/companies/?origin=FACETED_SEARCH&companySize=["C"]&industryCompanyVertical=["131"]&companyHqGeo=%5B%22103883259%22%5D
2026-03-14 07:21:53,893 [INFO]   ✓ companyHqGeo confirmed in URL.
2026-03-14 07:21:57,266 [INFO]   Page 0: 9 on page | 9 new | 21 queued total
2026-03-14 07:22:13,914 [INFO]   Page 1: 9 on page | 0 new | 21 queued total
2026-03-14 07:22:32,246 [INFO]   Page 2: 9 on page | 0 new | 21 queued total
2026-03-14 07:22:49,928 [INFO]   Page 3: 9 on page | 0 new | 21 queued total
2026-03-14 07:23:06,202 [INFO]   Page 4: 9 on page | 0 new | 21 queued total
2026-03-14 07:23:22,911 [INFO]   Page 5: 9 on page | 0 new | 21 queued total
2026-03-14 07:23:41,738 [INFO]   Page 6: 9 on page | 0 new | 21 queued total
2026-03-14 07:23:57,604 [INFO]   Page 7: 9 on page | 0 new | 21 queued total
2026-03-14 07:24:17,748 [INFO]   Page 8: 9 on page | 0 new | 21 queued total
2026-03-14 07:24:33,952 [INFO]   Page 9: 9 on page | 0 new | 21 queued total
2026-03-14 07:24:41,507 [INFO]   Combination [1101220] → exhausted
2026-03-14 07:24:41,507 [INFO]   Waiting 73 s before next combination (anti-block)…
2026-03-14 07:25:54,881 [INFO] Combination [1101367] (4/20): Austria | Entertainment Providers | 11-50 employees  (resume page 0)
2026-03-14 07:25:54,882 [INFO]   Navigating to: https://www.linkedin.com/search/results/companies/?origin=FACETED_SEARCH&companySize=["C"]&industryCompanyVertical=["136"]&companyHqGeo=%5B%22103883259%22%5D
2026-03-14 07:26:02,993 [INFO]   ✓ companyHqGeo confirmed in URL.
2026-03-14 07:26:05,763 [INFO]   Page 0: 9 on page | 9 new | 30 queued total
2026-03-14 07:26:23,156 [INFO]   Page 1: 9 on page | 0 new | 30 queued total
2026-03-14 07:26:39,475 [INFO]   Page 2: 9 on page | 0 new | 30 queued total
2026-03-14 07:26:54,757 [INFO]   Page 3: 9 on page | 0 new | 30 queued total
2026-03-14 07:27:13,338 [INFO]   Page 4: 9 on page | 0 new | 30 queued total
2026-03-14 07:27:29,510 [INFO]   Page 5: 9 on page | 0 new | 30 queued total
2026-03-14 07:27:49,629 [INFO]   Page 6: 9 on page | 0 new | 30 queued total
2026-03-14 07:28:06,089 [INFO]   Page 7: 9 on page | 0 new | 30 queued total
2026-03-14 07:28:21,459 [INFO]   Page 8: 9 on page | 0 new | 30 queued total
2026-03-14 07:28:38,028 [INFO]   Page 9: 9 on page | 0 new | 30 queued total
2026-03-14 07:28:45,207 [INFO]   Combination [1101367] → exhausted
2026-03-14 07:28:45,207 [INFO]   Waiting 110 s before next combination (anti-block)…
2026-03-14 07:30:35,327 [INFO] Combination [1101486] (5/20): Austria | Human Resources Services | 11-50 employees  (resume page 0)
2026-03-14 07:30:35,333 [INFO]   Navigating to: https://www.linkedin.com/search/results/companies/?origin=FACETED_SEARCH&companySize=["C"]&industryCompanyVertical=["137"]&companyHqGeo=%5B%22103883259%22%5D
2026-03-14 07:30:44,134 [INFO]   ✓ companyHqGeo confirmed in URL.
2026-03-14 07:30:47,063 [INFO]   Page 0: 10 on page | 7 new | 37 queued total
2026-03-14 07:31:03,477 [INFO]   Page 1: 10 on page | 0 new | 37 queued total
2026-03-14 07:31:19,018 [INFO]   Page 2: 10 on page | 0 new | 37 queued total
2026-03-14 07:31:37,621 [INFO]   Page 3: 10 on page | 0 new | 37 queued total
2026-03-14 07:31:56,342 [INFO]   Page 4: 10 on page | 0 new | 37 queued total
2026-03-14 07:32:15,339 [INFO]   Page 5: 10 on page | 0 new | 37 queued total
2026-03-14 07:32:31,925 [INFO]   Page 6: 10 on page | 0 new | 37 queued total
2026-03-14 07:32:48,558 [INFO]   Page 7: 10 on page | 0 new | 37 queued total
2026-03-14 07:33:06,521 [INFO]   Page 8: 10 on page | 0 new | 37 queued total
2026-03-14 07:33:22,254 [INFO]   Page 9: 10 on page | 0 new | 37 queued total
2026-03-14 07:33:27,599 [INFO]   Combination [1101486] → exhausted
2026-03-14 07:33:27,599 [INFO]   Extended rest 236 s after 5 combinations…
2026-03-14 07:37:23,896 [INFO] Combination [1101276] (6/20): Austria | Computer Networking Products | 11-50 employees  (resume page 0)
2026-03-14 07:37:23,899 [INFO]   Navigating to: https://www.linkedin.com/search/results/companies/?origin=FACETED_SEARCH&companySize=["C"]&industryCompanyVertical=["139"]&companyHqGeo=%5B%22103883259%22%5D
2026-03-14 07:37:32,212 [INFO]   ✓ companyHqGeo confirmed in URL.
2026-03-14 07:37:34,990 [INFO]   Page 0: 10 on page | 10 new | 47 queued total
2026-03-14 07:37:50,003 [INFO]   Page 1: 10 on page | 0 new | 47 queued total
2026-03-14 07:38:04,601 [INFO]   Page 2: 10 on page | 0 new | 47 queued total
2026-03-14 07:38:20,020 [INFO]   Page 3: 10 on page | 0 new | 47 queued total
2026-03-14 07:38:35,689 [INFO]   Page 4: 10 on page | 0 new | 47 queued total
2026-03-14 07:40:28,998 [INFO]   Page 5: 10 on page | 0 new | 47 queued total
2026-03-14 07:40:46,527 [INFO]   Page 6: 10 on page | 0 new | 47 queued total
2026-03-14 07:41:03,532 [INFO]   Page 7: 10 on page | 0 new | 47 queued total
2026-03-14 07:41:22,706 [INFO]   Page 8: 10 on page | 0 new | 47 queued total
2026-03-14 07:41:39,943 [INFO]   Page 9: 10 on page | 0 new | 47 queued total
2026-03-14 07:41:47,375 [INFO]   Combination [1101276] → exhausted
2026-03-14 07:41:47,376 [INFO]   Waiting 79 s before next combination (anti-block)…
2026-03-14 07:43:06,272 [INFO] Combination [1101269] (7/20): Austria | Computer Hardware Manufacturing | 11-50 employees  (resume page 0)
2026-03-14 07:43:06,274 [INFO]   Navigating to: https://www.linkedin.com/search/results/companies/?origin=FACETED_SEARCH&companySize=["C"]&industryCompanyVertical=["14"]&companyHqGeo=%5B%22103883259%22%5D
2026-03-14 07:43:13,499 [INFO]   ✓ companyHqGeo confirmed in URL.
2026-03-14 07:43:15,633 [INFO]   Page 0: 10 on page | 3 new | 50 queued total
2026-03-14 07:43:21,670 [INFO]   Combination [1101269] → in_progress
2026-03-14 07:43:21,732 [INFO] Discovery done: 50 new companies queued.
2026-03-14 07:43:21,733 [INFO] ─── 1 / 50 ───
2026-03-14 07:43:21,733 [INFO] Scraping: https://www.linkedin.com/company/ferstl-immobilien
2026-03-14 07:43:55,898 [INFO]   Domain: ferstl-immo.com
2026-03-14 07:43:55,902 [INFO]   Employees for 'Ferstl Immobilien GmbH'…
2026-03-14 07:44:10,571 [INFO]   1 employees via DOM.
2026-03-14 07:44:10,579 [INFO]   ✓ Ferstl Immobilien GmbH                        | country: Austria         | domain: ferstl-immo.com
2026-03-14 07:44:10,580 [INFO]   ✓ 1 employees saved.
2026-03-14 07:44:25,416 [INFO] ─── 2 / 50 ───
2026-03-14 07:44:25,417 [INFO] Scraping: https://www.linkedin.com/company/property-solutions-group-cz
2026-03-14 07:49:10,504 [INFO]   Domain: ps-group.cz
2026-03-14 07:49:10,509 [INFO]   Employees for 'PROPERTY SOLUTIONS GROUP CZ'…
2026-03-14 08:35:23,777 [INFO]   7 employees via DOM.
2026-03-14 08:35:23,795 [INFO]   ✓ PROPERTY SOLUTIONS GROUP CZ                   | country: Austria         | domain: ps-group.cz
2026-03-14 08:35:23,805 [INFO]   ✓ 7 employees saved.
2026-03-14 08:35:33,919 [INFO] ─── 3 / 50 ───
2026-03-14 08:35:33,920 [INFO] Scraping: https://www.linkedin.com/company/creative-industries-styria
2026-03-14 08:36:09,884 [INFO]   Domain: cis.at
2026-03-14 08:36:09,888 [INFO]   Employees for 'Creative Industries Styria'…
2026-03-14 08:36:24,582 [INFO]   7 employees via DOM.
2026-03-14 08:36:24,590 [INFO]   ✓ Creative Industries Styria                    | country: Austria         | domain: cis.at
2026-03-14 08:36:24,597 [INFO]   ✓ 7 employees saved.
2026-03-14 08:36:33,760 [INFO] ─── 4 / 50 ───
2026-03-14 08:36:33,760 [INFO] Scraping: https://www.linkedin.com/company/agenda-austria
2026-03-14 08:37:08,982 [INFO]   Domain: agenda-austria.at
2026-03-14 08:37:08,985 [INFO]   Employees for 'Agenda Austria'…
2026-03-14 08:37:24,588 [INFO]   8 employees via DOM.
2026-03-14 08:37:24,612 [INFO]   ✓ Agenda Austria                                | country: Austria         | domain: agenda-austria.at
2026-03-14 08:37:24,624 [INFO]   ✓ 8 employees saved.
2026-03-14 08:37:35,843 [INFO] ─── 5 / 50 ───
2026-03-14 08:37:35,844 [INFO] Scraping: https://www.linkedin.com/company/tech2impact
2026-03-14 08:38:12,597 [INFO]   Domain: tech2impact.com
2026-03-14 08:38:12,600 [INFO]   Employees for 'tech2impact'…
2026-03-14 08:38:27,151 [INFO]   10 employees via DOM.
2026-03-14 08:38:27,157 [INFO]   ✓ tech2impact                                   | country: Austria         | domain: tech2impact.com
2026-03-14 08:38:27,168 [INFO]   ✓ 10 employees saved.
2026-03-14 08:38:37,441 [INFO] ─── 6 / 50 ───
2026-03-14 08:38:37,442 [INFO] Scraping: https://www.linkedin.com/company/respact-at
2026-03-14 08:39:12,861 [INFO]   Domain: respact.at
2026-03-14 08:39:12,865 [INFO]   Employees for 'respACT - austrian business council for sustainable development'…
2026-03-14 08:39:30,366 [INFO]   9 employees via DOM.
2026-03-14 08:39:30,374 [INFO]   ✓ respACT - austrian business council for sustainable development | country: Austria         | domain: respact.at
2026-03-14 08:39:30,383 [INFO]   ✓ 9 employees saved.
2026-03-14 08:39:43,837 [INFO] ─── 7 / 50 ───
2026-03-14 08:39:43,837 [INFO] Scraping: https://www.linkedin.com/company/opennuclearnetwork
2026-03-14 08:40:20,419 [INFO]   Domain: opennuclear.org
2026-03-14 08:40:20,422 [INFO]   Employees for 'Open Nuclear Network'…
2026-03-14 08:40:36,512 [INFO]   10 employees via DOM.
2026-03-14 08:40:36,519 [INFO]   ✓ Open Nuclear Network                          | country: Austria         | domain: opennuclear.org
2026-03-14 08:40:36,529 [INFO]   ✓ 10 employees saved.
2026-03-14 08:40:48,995 [INFO] ─── 8 / 50 ───
2026-03-14 08:40:48,995 [INFO] Scraping: https://www.linkedin.com/company/dltaustria
2026-03-14 08:41:23,486 [INFO]   Domain: dltaustria.com
2026-03-14 08:41:23,489 [INFO]   Employees for 'DLT Austria'…
2026-03-14 08:41:41,317 [INFO]   4 employees via DOM.
2026-03-14 08:41:41,323 [INFO]   ✓ DLT Austria                                   | country: Austria         | domain: dltaustria.com
2026-03-14 08:41:41,331 [INFO]   ✓ 4 employees saved.
2026-03-14 08:41:50,203 [INFO] ─── 9 / 50 ───
2026-03-14 08:41:50,203 [INFO] Scraping: https://www.linkedin.com/company/senat-at
2026-03-14 08:42:27,045 [INFO]   Domain: senat.at
2026-03-14 08:42:27,050 [INFO]   Employees for 'SENATE OF ECONOMY Austria'…
2026-03-14 08:42:43,980 [INFO]   10 employees via DOM.
2026-03-14 08:42:43,986 [INFO]   ✓ SENATE OF ECONOMY Austria                     | country: Austria         | domain: senat.at
2026-03-14 08:42:43,996 [INFO]   ✓ 10 employees saved.
2026-03-14 08:42:57,649 [INFO] ─── 10 / 50 ───
2026-03-14 08:42:57,650 [INFO] Scraping: https://www.linkedin.com/company/vcdnp
2026-03-14 08:43:32,066 [INFO]   Domain: vcdnp.org
2026-03-14 08:43:32,070 [INFO]   Employees for 'Vienna Center for Disarmament and Non-Proliferation (VCDNP)'…
2026-03-14 08:43:49,612 [INFO]   7 employees via DOM.
2026-03-14 08:43:49,631 [INFO]   ✓ Vienna Center for Disarmament and Non-Proliferation (VCDNP) | country: Austria         | domain: vcdnp.org
2026-03-14 08:43:49,638 [INFO]   ✓ 7 employees saved.
2026-03-14 08:44:01,480 [INFO] ─── 11 / 50 ───
2026-03-14 08:44:01,481 [INFO] Scraping: https://www.linkedin.com/company/aiaustria
2026-03-14 08:44:34,827 [INFO]   Domain: aiaustria.com
2026-03-14 08:44:34,832 [INFO]   Employees for 'AI Austria'…
2026-03-14 08:44:49,630 [INFO]   9 employees via DOM.
2026-03-14 08:44:49,637 [INFO]   ✓ AI Austria                                    | country: Austria         | domain: aiaustria.com
2026-03-14 08:44:49,646 [INFO]   ✓ 9 employees saved.
2026-03-14 08:45:02,169 [INFO] ─── 12 / 50 ───
2026-03-14 08:45:02,170 [INFO] Scraping: https://www.linkedin.com/company/momentum-institut
2026-03-14 08:45:36,078 [INFO]   Domain: momentum-institut.at
2026-03-14 08:45:36,082 [INFO]   Employees for 'Momentum Institut'…
2026-03-14 08:45:51,166 [INFO]   9 employees via DOM.
2026-03-14 08:45:51,184 [INFO]   ✓ Momentum Institut                             | country: Austria         | domain: momentum-institut.at
2026-03-14 08:45:51,194 [INFO]   ✓ 9 employees saved.
2026-03-14 08:46:04,162 [INFO] ─── 13 / 50 ───
2026-03-14 08:46:04,163 [INFO] Scraping: https://www.linkedin.com/company/sozialmarie-prize-for-social-innovation
2026-03-14 08:46:37,410 [INFO]   Domain: sozialmarie.org
2026-03-14 08:46:37,414 [INFO]   Employees for 'SozialMarie - Prize for Social Innovation'…
2026-03-14 08:46:54,376 [INFO]   10 employees via DOM.
2026-03-14 08:46:54,394 [INFO]   ✓ SozialMarie - Prize for Social Innovation     | country: Austria         | domain: sozialmarie.org
2026-03-14 08:46:54,405 [INFO]   ✓ 10 employees saved.
2026-03-14 08:47:08,842 [INFO] ─── 14 / 50 ───
2026-03-14 08:47:08,843 [INFO] Scraping: https://www.linkedin.com/company/chay-ya-health-and-education-in-the-himalayas
2026-03-14 08:47:42,145 [INFO]   Domain: chay-ya.org
2026-03-14 08:47:42,148 [INFO]   Employees for 'CHAY YA - Health and Education in the Himalayas'…
2026-03-14 08:47:59,675 [INFO]   8 employees via DOM.
2026-03-14 08:47:59,682 [INFO]   ✓ CHAY YA - Health and Education in the Himalayas | country: Austria         | domain: chay-ya.org
2026-03-14 08:47:59,693 [INFO]   ✓ 8 employees saved.
2026-03-14 08:48:09,799 [INFO] ─── 15 / 50 ───
2026-03-14 08:48:09,799 [INFO] Scraping: https://www.linkedin.com/company/erstefoundation
2026-03-14 08:48:47,852 [INFO]   Domain: erstestiftung.org
2026-03-14 08:48:47,855 [INFO]   Employees for 'ERSTE Foundation'…
2026-03-14 08:49:02,564 [INFO]   9 employees via DOM.
2026-03-14 08:49:02,571 [INFO]   ✓ ERSTE Foundation                              | country: Austria         | domain: erstestiftung.org
2026-03-14 08:49:02,580 [INFO]   ✓ 9 employees saved.
2026-03-14 08:49:16,303 [INFO] ─── 16 / 50 ───
2026-03-14 08:49:16,303 [INFO] Scraping: https://www.linkedin.com/company/rt37wieninternational
2026-03-14 08:49:50,590 [INFO]   Domain: rt37.at
2026-03-14 08:49:50,594 [INFO]   Employees for 'Round Table 37 Wien International'…
2026-03-14 08:50:06,224 [INFO]   1 employees via DOM.
2026-03-14 08:50:06,233 [INFO]   ✓ Round Table 37 Wien International             | country: Austria         | domain: rt37.at
2026-03-14 08:50:06,235 [INFO]   ✓ 1 employees saved.
2026-03-14 08:50:16,526 [INFO] ─── 17 / 50 ───
2026-03-14 08:50:16,527 [INFO] Scraping: https://www.linkedin.com/company/kiwanis-club-wels-austria
2026-03-14 08:50:49,504 [INFO]   Domain: kiwaniswels.com
2026-03-14 08:50:49,509 [INFO]   Employees for 'Kiwanis Club Wels Austria'…
2026-03-14 08:51:05,041 [INFO]   0 employees via DOM.
2026-03-14 08:51:05,048 [INFO]   ✓ Kiwanis Club Wels Austria                     | country: Austria         | domain: kiwaniswels.com
2026-03-14 08:51:14,678 [INFO] ─── 18 / 50 ───
2026-03-14 08:51:14,678 [INFO] Scraping: https://www.linkedin.com/company/sir-peter-ustinov-institut
2026-03-14 08:51:47,738 [INFO]   Domain: ustinov.at
2026-03-14 08:51:47,743 [INFO]   Employees for 'Sir Peter Ustinov Institut'…
2026-03-14 08:52:05,287 [INFO]   2 employees via DOM.
2026-03-14 08:52:05,296 [INFO]   ✓ Sir Peter Ustinov Institut                    | country: Austria         | domain: ustinov.at
2026-03-14 08:52:05,298 [INFO]   ✓ 2 employees saved.
2026-03-14 08:52:17,983 [INFO] ─── 19 / 50 ───
2026-03-14 08:52:17,983 [INFO] Scraping: https://www.linkedin.com/company/ladies-circle-1-vienna
2026-03-14 08:52:51,636 [INFO]   Domain: ladiescirclevienna.com
2026-03-14 08:52:51,641 [INFO]   Employees for 'Ladies' Circle 1 Vienna'…
2026-03-14 08:53:08,256 [INFO]   1 employees via DOM.
2026-03-14 08:53:08,263 [INFO]   ✓ Ladies' Circle 1 Vienna                       | country: Austria         | domain: ladiescirclevienna.com
2026-03-14 08:53:08,264 [INFO]   ✓ 1 employees saved.
2026-03-14 08:53:18,997 [INFO] ─── 20 / 50 ───
2026-03-14 08:53:18,997 [INFO] Scraping: https://www.linkedin.com/company/2050-thinkers-club
2026-03-14 08:53:53,757 [INFO]   Domain: 2050thinkers.club
2026-03-14 08:53:53,761 [INFO]   Employees for '2050 Thinkers Club'…
2026-03-14 08:54:12,041 [INFO]   0 employees via DOM.
2026-03-14 08:54:12,048 [INFO]   ✓ 2050 Thinkers Club                            | country: Austria         | domain: 2050thinkers.club
2026-03-14 08:54:23,799 [INFO] ─── 21 / 50 ───
2026-03-14 08:54:23,799 [INFO] Scraping: https://www.linkedin.com/company/formunauts
2026-03-14 08:54:57,604 [INFO]   Domain: formunauts.com
2026-03-14 08:54:57,608 [INFO]   Employees for 'Formunauts'…
2026-03-14 08:55:12,287 [INFO]   8 employees via DOM.
2026-03-14 08:55:12,296 [INFO]   ✓ Formunauts                                    | country: Austria         | domain: formunauts.com
2026-03-14 08:55:12,309 [INFO]   ✓ 8 employees saved.
2026-03-14 08:55:24,422 [INFO] ─── 22 / 50 ───
2026-03-14 08:55:24,423 [INFO] Scraping: https://www.linkedin.com/company/novaphotographik
2026-03-14 08:55:58,259 [INFO]   Domain: nova.co.at
2026-03-14 08:55:58,263 [INFO]   Employees for 'NOVA PHOTO GRAPHIK'…
2026-03-14 08:56:12,757 [INFO]   1 employees via DOM.
2026-03-14 08:56:12,763 [INFO]   ✓ NOVA PHOTO GRAPHIK                            | country: Austria         | domain: nova.co.at
2026-03-14 08:56:12,765 [INFO]   ✓ 1 employees saved.
2026-03-14 08:56:24,573 [INFO] ─── 23 / 50 ───
2026-03-14 08:56:24,574 [INFO] Scraping: https://www.linkedin.com/company/cooph-gmbh
2026-03-14 08:56:58,814 [INFO]   Domain: cooph.com
2026-03-14 08:56:58,819 [INFO]   Employees for 'COOPH GmbH'…
2026-03-14 08:57:14,779 [INFO]   7 employees via DOM.
2026-03-14 08:57:14,787 [INFO]   ✓ COOPH GmbH                                    | country: Austria         | domain: cooph.com
2026-03-14 08:57:14,798 [INFO]   ✓ 7 employees saved.
2026-03-14 08:57:24,242 [INFO] ─── 24 / 50 ───
2026-03-14 08:57:24,242 [INFO] Scraping: https://www.linkedin.com/company/ostlicht-auction
2026-03-14 08:57:59,625 [INFO]   Domain: ostlicht-auction.com
2026-03-14 08:57:59,629 [INFO]   Employees for 'OstLicht Auction'…
2026-03-14 08:58:15,807 [INFO]   0 employees via DOM.
2026-03-14 08:58:15,814 [INFO]   ✓ OstLicht Auction                              | country: Austria         | domain: ostlicht-auction.com
2026-03-14 08:58:27,213 [INFO] ─── 25 / 50 ───
2026-03-14 08:58:27,214 [INFO] Scraping: https://www.linkedin.com/company/cewe-oesterreich
2026-03-14 08:58:59,745 [WARNING]   ⚠ No website found.
2026-03-14 08:58:59,748 [INFO]   Employees for 'CEWE Österreich'…
2026-03-14 08:59:14,278 [INFO]   10 employees via DOM.
2026-03-14 08:59:14,289 [INFO]   ✓ CEWE Österreich                               | country: Austria         | domain: — not found —
2026-03-14 08:59:14,299 [INFO]   ✓ 10 employees saved.
2026-03-14 08:59:23,699 [INFO] ─── 26 / 50 ───
2026-03-14 08:59:23,700 [INFO] Scraping: https://www.linkedin.com/company/color-drack-gmbh-&-co-kg
2026-03-14 08:59:59,163 [INFO]   Domain: colordrack.at
2026-03-14 08:59:59,167 [INFO]   Employees for 'Color Drack GmbH & Co KG'…
2026-03-14 09:00:15,665 [INFO]   4 employees via DOM.
2026-03-14 09:00:15,672 [INFO]   ✓ Color Drack GmbH & Co KG                      | country: Austria         | domain: colordrack.at
2026-03-14 09:00:15,677 [INFO]   ✓ 4 employees saved.
2026-03-14 09:00:27,537 [INFO] ─── 27 / 50 ───
2026-03-14 09:00:27,538 [INFO] Scraping: https://www.linkedin.com/company/blitzkabine
2026-03-14 09:01:02,632 [INFO]   Domain: blitzkabine.at
2026-03-14 09:01:02,637 [INFO]   Employees for 'BLITZKABINE'…
2026-03-14 09:01:16,973 [INFO]   2 employees via DOM.
2026-03-14 09:01:16,980 [INFO]   ✓ BLITZKABINE                                   | country: Austria         | domain: blitzkabine.at
2026-03-14 09:01:16,982 [INFO]   ✓ 2 employees saved.
2026-03-14 09:01:31,884 [INFO] ─── 28 / 50 ───
2026-03-14 09:01:31,884 [INFO] Scraping: https://www.linkedin.com/company/gepa-pictures
2026-03-14 09:02:10,407 [INFO]   Domain: gepa-pictures.com
2026-03-14 09:02:10,410 [INFO]   Employees for 'GEPA pictures'…
2026-03-14 09:02:26,384 [INFO]   10 employees via DOM.
2026-03-14 09:02:26,391 [INFO]   ✓ GEPA pictures                                 | country: Austria         | domain: gepa-pictures.com
2026-03-14 09:02:26,405 [INFO]   ✓ 10 employees saved.
2026-03-14 09:02:38,515 [INFO] ─── 29 / 50 ───
2026-03-14 09:02:38,516 [INFO] Scraping: https://www.linkedin.com/company/shotview-berlin-photographers-management
2026-03-14 09:03:12,411 [INFO]   Domain: shotview.com
2026-03-14 09:03:12,415 [INFO]   Employees for 'SHOTVIEW ARTISTS MANAGEMENT'…
2026-03-14 09:03:30,870 [INFO]   7 employees via DOM.
2026-03-14 09:03:30,876 [INFO]   ✓ SHOTVIEW ARTISTS MANAGEMENT                   | country: Austria         | domain: shotview.com
2026-03-14 09:03:30,883 [INFO]   ✓ 7 employees saved.
2026-03-14 09:03:42,679 [INFO] ─── 30 / 50 ───
2026-03-14 09:03:42,679 [INFO] Scraping: https://www.linkedin.com/company/icu-clom
2026-03-14 09:04:15,330 [INFO]   Domain: icuserver.com
2026-03-14 09:04:15,333 [INFO]   Employees for 'ICU CLOM'…
2026-03-14 09:04:31,607 [INFO]   4 employees via DOM.
2026-03-14 09:04:31,614 [INFO]   ✓ ICU CLOM                                      | country: Austria         | domain: icuserver.com
2026-03-14 09:04:31,618 [INFO]   ✓ 4 employees saved.
2026-03-14 09:04:46,615 [INFO] ─── 31 / 50 ───
2026-03-14 09:04:46,616 [INFO] Scraping: https://www.linkedin.com/company/talentgrator
2026-03-14 09:05:23,905 [INFO]   Domain: talentgrator.com
2026-03-14 09:05:23,909 [INFO]   Employees for 'Talentgrator'…
2026-03-14 09:05:39,853 [INFO]   9 employees via DOM.
2026-03-14 09:05:39,861 [INFO]   ✓ Talentgrator                                  | country: Austria         | domain: talentgrator.com
2026-03-14 09:05:39,870 [INFO]   ✓ 9 employees saved.
2026-03-14 09:05:53,282 [INFO] ─── 32 / 50 ───
2026-03-14 09:05:53,282 [INFO] Scraping: https://www.linkedin.com/company/talentor-czech-republic
2026-03-14 09:06:26,189 [INFO]   Domain: talentor.cz
2026-03-14 09:06:26,194 [INFO]   Employees for 'Talentor Czech Republic'…
2026-03-14 09:06:41,428 [INFO]   10 employees via DOM.
2026-03-14 09:06:41,435 [INFO]   ✓ Talentor Czech Republic                       | country: Austria         | domain: talentor.cz
2026-03-14 09:06:41,446 [INFO]   ✓ 10 employees saved.
2026-03-14 09:06:54,761 [INFO] ─── 33 / 50 ───
2026-03-14 09:06:54,762 [INFO] Scraping: https://www.linkedin.com/company/personalrezepte
2026-03-14 09:07:28,511 [INFO]   Domain: personalrezepte.de
2026-03-14 09:07:28,515 [INFO]   Employees for 'Personalrezepte GbR'…
2026-03-14 09:07:43,562 [INFO]   8 employees via DOM.
2026-03-14 09:07:43,580 [INFO]   ✓ Personalrezepte GbR                           | country: Austria         | domain: personalrezepte.de
2026-03-14 09:07:43,589 [INFO]   ✓ 8 employees saved.
2026-03-14 09:07:56,088 [INFO] ─── 34 / 50 ───
2026-03-14 09:07:56,088 [INFO] Scraping: https://www.linkedin.com/company/trescon-austria
2026-03-14 09:08:33,256 [INFO]   Domain: trescon.at
2026-03-14 09:08:33,259 [INFO]   Employees for 'TRESCON Betriebsberatungsgesellschaft m.b.H.'…
2026-03-14 09:08:48,447 [INFO]   10 employees via DOM.
2026-03-14 09:08:48,464 [INFO]   ✓ TRESCON Betriebsberatungsgesellschaft m.b.H.  | country: Austria         | domain: trescon.at
2026-03-14 09:08:48,475 [INFO]   ✓ 10 employees saved.
2026-03-14 09:09:02,822 [INFO] ─── 35 / 50 ───
2026-03-14 09:09:02,822 [INFO] Scraping: https://www.linkedin.com/company/angeheuert
2026-03-14 09:09:37,909 [INFO]   Domain: angeheuert.com
2026-03-14 09:09:37,913 [INFO]   Employees for 'ANGEHEUERT ⚓ Recruiting mit Tiefgang'…
2026-03-14 09:09:54,436 [INFO]   10 employees via DOM.
2026-03-14 09:09:54,453 [INFO]   ✓ ANGEHEUERT ⚓ Recruiting mit Tiefgang          | country: Austria         | domain: angeheuert.com
2026-03-14 09:09:54,465 [INFO]   ✓ 10 employees saved.
2026-03-14 09:10:05,445 [INFO] ─── 36 / 50 ───
2026-03-14 09:10:05,446 [INFO] Scraping: https://www.linkedin.com/company/talentor-western-balkans
2026-03-14 09:10:39,014 [INFO]   Domain: talentor.com
2026-03-14 09:10:39,018 [INFO]   Employees for 'Talentor Western Balkans'…
2026-03-14 09:10:56,468 [INFO]   4 employees via DOM.
2026-03-14 09:10:56,480 [INFO]   ✓ Talentor Western Balkans                      | country: Austria         | domain: talentor.com
2026-03-14 09:10:56,485 [INFO]   ✓ 4 employees saved.
2026-03-14 09:11:09,391 [INFO] ─── 37 / 50 ───
2026-03-14 09:11:09,392 [INFO] Scraping: https://www.linkedin.com/company/advglobalgroup
2026-03-14 09:11:45,097 [INFO]   Domain: advglobalgroup.com
2026-03-14 09:11:45,100 [INFO]   Employees for 'The ADVANTAGE Global Group | Contract Management'…
2026-03-14 09:12:02,345 [INFO]   9 employees via DOM.
2026-03-14 09:12:02,353 [INFO]   ✓ The ADVANTAGE Global Group | Contract Management | country: Austria         | domain: advglobalgroup.com
2026-03-14 09:12:02,363 [INFO]   ✓ 9 employees saved.
2026-03-14 09:12:16,705 [INFO] ─── 38 / 50 ───
2026-03-14 09:12:16,705 [INFO] Scraping: https://www.linkedin.com/company/apg-ips
2026-03-14 09:12:50,756 [INFO]   Domain: apg-ips.at
2026-03-14 09:12:50,760 [INFO]   Employees for 'APG•IPS - Institut für Personzentrierte Studien'…
2026-03-14 09:13:06,915 [INFO]   2 employees via DOM.
2026-03-14 09:13:06,922 [INFO]   ✓ APG•IPS - Institut für Personzentrierte Studien | country: Austria         | domain: apg-ips.at
2026-03-14 09:13:06,924 [INFO]   ✓ 2 employees saved.
2026-03-14 09:13:21,369 [INFO] ─── 39 / 50 ───
2026-03-14 09:13:21,369 [INFO] Scraping: https://www.linkedin.com/company/keep-balance-beratungsservices
2026-03-14 09:13:55,192 [INFO]   Domain: keepbalance.hilfswerk.at
2026-03-14 09:13:55,195 [INFO]   Employees for 'KEEP BALANCE Beratungsservices'…
2026-03-14 09:14:12,860 [INFO]   3 employees via DOM.
2026-03-14 09:14:12,867 [INFO]   ✓ KEEP BALANCE Beratungsservices                | country: Austria         | domain: keepbalance.hilfswerk.at
2026-03-14 09:14:12,871 [INFO]   ✓ 3 employees saved.
2026-03-14 09:14:24,475 [INFO] ─── 40 / 50 ───
2026-03-14 09:14:24,476 [INFO] Scraping: https://www.linkedin.com/company/eurotc-org
2026-03-14 09:14:59,846 [INFO]   Domain: eurotc.org
2026-03-14 09:14:59,851 [INFO]   Employees for 'Euro-TC – European Treatment Centres for Drug Addiction'…
2026-03-14 09:15:14,219 [INFO]   0 employees via DOM.
2026-03-14 09:15:14,227 [INFO]   ✓ Euro-TC – European Treatment Centres for Drug Addiction | country: Austria         | domain: eurotc.org
2026-03-14 09:15:25,647 [INFO] ─── 41 / 50 ───
2026-03-14 09:15:25,647 [INFO] Scraping: https://www.linkedin.com/company/verein-f%C3%BCr-psychotherapie
2026-03-14 09:16:01,997 [INFO]   Domain: bereitschaftsdienst.at
2026-03-14 09:16:02,001 [INFO]   Employees for 'Verein für Psychotherapie'…
2026-03-14 09:16:17,969 [INFO]   1 employees via DOM.
2026-03-14 09:16:17,977 [INFO]   ✓ Verein für Psychotherapie                     | country: Austria         | domain: bereitschaftsdienst.at
2026-03-14 09:16:17,978 [INFO]   ✓ 1 employees saved.
2026-03-14 09:16:30,263 [INFO] ─── 42 / 50 ───
2026-03-14 09:16:30,263 [INFO] Scraping: https://www.linkedin.com/company/evokailabs
2026-03-14 09:17:05,362 [INFO]   Domain: evokailabs.com
2026-03-14 09:17:05,366 [INFO]   Employees for 'EvokAI Creative Labs'…
2026-03-14 09:17:20,137 [INFO]   1 employees via DOM.
2026-03-14 09:17:20,155 [INFO]   ✓ EvokAI Creative Labs                          | country: Austria         | domain: evokailabs.com
2026-03-14 09:17:20,156 [INFO]   ✓ 1 employees saved.
2026-03-14 09:17:33,358 [INFO] ─── 43 / 50 ───
2026-03-14 09:17:33,359 [INFO] Scraping: https://www.linkedin.com/company/pro-mente-salzburg
2026-03-14 09:18:09,108 [INFO]   Domain: promentesalzburg.at
2026-03-14 09:18:09,112 [INFO]   Employees for 'Pro Mente Salzburg'…
2026-03-14 09:18:25,721 [INFO]   5 employees via DOM.
2026-03-14 09:18:25,727 [INFO]   ✓ Pro Mente Salzburg                            | country: Austria         | domain: promentesalzburg.at
2026-03-14 09:18:25,732 [INFO]   ✓ 5 employees saved.
2026-03-14 09:18:37,946 [INFO] ─── 44 / 50 ───
2026-03-14 09:18:37,946 [INFO] Scraping: https://www.linkedin.com/company/austrian-association-for-gestalt-therapy
2026-03-14 09:19:14,698 [INFO]   Domain: oevg-gestalt.at
2026-03-14 09:19:14,702 [INFO]   Employees for 'Austrian Association for Gestalt Therapy'…
2026-03-14 09:19:31,275 [INFO]   1 employees via DOM.
2026-03-14 09:19:31,283 [INFO]   ✓ Austrian Association for Gestalt Therapy      | country: Austria         | domain: oevg-gestalt.at
2026-03-14 09:19:31,284 [INFO]   ✓ 1 employees saved.
2026-03-14 09:19:43,651 [INFO] ─── 45 / 50 ───
2026-03-14 09:19:43,652 [INFO] Scraping: https://www.linkedin.com/company/therapiezentrum-s%C3%B6ding
2026-03-14 09:20:18,508 [INFO]   Domain: tpz-soeding.at
2026-03-14 09:20:18,511 [INFO]   Employees for 'Therapiezentrum Söding'…
2026-03-14 09:20:35,276 [INFO]   4 employees via DOM.
2026-03-14 09:20:35,283 [INFO]   ✓ Therapiezentrum Söding                        | country: Austria         | domain: tpz-soeding.at
2026-03-14 09:20:35,287 [INFO]   ✓ 4 employees saved.
2026-03-14 09:20:49,374 [INFO] ─── 46 / 50 ───
2026-03-14 09:20:49,374 [INFO] Scraping: https://www.linkedin.com/company/wiener-couch
2026-03-14 09:21:24,845 [INFO]   Domain: wienercouch.at
2026-03-14 09:21:24,849 [INFO]   Employees for 'WIENER COUCH'…
2026-03-14 09:21:39,177 [INFO]   10 employees via DOM.
2026-03-14 09:21:39,199 [INFO]   ✓ WIENER COUCH                                  | country: Austria         | domain: wienercouch.at
2026-03-14 09:21:39,211 [INFO]   ✓ 10 employees saved.
2026-03-14 09:21:50,957 [INFO] ─── 47 / 50 ───
2026-03-14 09:21:50,957 [INFO] Scraping: https://www.linkedin.com/company/fairtherapy
2026-03-14 09:22:25,897 [INFO]   Domain: fairtherapy.at
2026-03-14 09:22:25,900 [INFO]   Employees for 'FAIRTHERAPY Zentrum für Traumatherapie'…
2026-03-14 09:22:39,662 [INFO]   3 employees via DOM.
2026-03-14 09:22:39,669 [INFO]   ✓ FAIRTHERAPY Zentrum für Traumatherapie        | country: Austria         | domain: fairtherapy.at
2026-03-14 09:22:39,673 [INFO]   ✓ 3 employees saved.
2026-03-14 09:22:47,913 [INFO] ─── 48 / 50 ───
2026-03-14 09:22:47,913 [INFO] Scraping: https://www.linkedin.com/company/cvir-endovascular
2026-03-14 09:23:20,668 [INFO]   Domain: cvirendovascular.org
2026-03-14 09:23:20,673 [INFO]   Employees for 'CVIR Endovascular'…
2026-03-14 09:23:38,445 [INFO]   7 employees via DOM.
2026-03-14 09:23:38,464 [INFO]   ✓ CVIR Endovascular                             | country: Austria         | domain: cvirendovascular.org
2026-03-14 09:23:38,472 [INFO]   ✓ 7 employees saved.
2026-03-14 09:23:48,214 [INFO] ─── 49 / 50 ───
2026-03-14 09:23:48,215 [INFO] Scraping: https://www.linkedin.com/company/european-academy-of-neurology
2026-03-14 09:24:21,581 [INFO]   Domain: ean.org
2026-03-14 09:24:21,585 [INFO]   Employees for 'European Academy of Neurology'…
2026-03-14 09:24:35,086 [INFO]   8 employees via DOM.
2026-03-14 09:24:35,104 [INFO]   ✓ European Academy of Neurology                 | country: Austria         | domain: ean.org
2026-03-14 09:24:35,122 [INFO]   ✓ 8 employees saved.
2026-03-14 09:24:46,370 [INFO] ─── 50 / 50 ───
2026-03-14 09:24:46,370 [INFO] Scraping: https://www.linkedin.com/company/eusomii
2026-03-14 09:25:20,755 [INFO]   Domain: eusomii.org
2026-03-14 09:25:20,759 [INFO]   Employees for 'EuSoMII - European Society of Medical Imaging Informatics'…
2026-03-14 09:25:39,086 [INFO]   10 employees via DOM.
2026-03-14 09:25:39,103 [INFO]   ✓ EuSoMII - European Society of Medical Imaging Informatics | country: Austria         | domain: eusomii.org
2026-03-14 09:25:39,113 [INFO]   ✓ 10 employees saved.
2026-03-14 09:25:52,039 [INFO] CSV: criteria_countries.csv               47 rows
2026-03-14 09:25:52,041 [INFO] CSV: criteria_industries.csv              168 rows
2026-03-14 09:25:52,042 [INFO] CSV: criteria_sizes.csv                   8 rows
2026-03-14 09:25:52,354 [INFO] CSV: search_combinations.csv              27412 rows
2026-03-14 09:25:52,366 [INFO] CSV: companies.csv                        200 rows
2026-03-14 09:25:52,376 [INFO] CSV: employees.csv                        586 rows
2026-03-14 09:25:52,378 [INFO] === Done ===
2026-03-14 17:57:26,887 [INFO] === LinkedIn Scraper v4.1 ===
2026-03-14 17:57:26,895 [INFO] Database ready: linkedin_data.db
2026-03-14 17:57:26,897 [INFO] Criteria tables: {'countries': 47, 'industries': 168, 'sizes': 8}
2026-03-14 17:57:26,941 [INFO] Cleared 27308 pending combinations — rebuilding with current sort order.
2026-03-14 17:57:27,194 [INFO] search_combinations: 27308 new rows added | 27412 total in queue
2026-03-14 17:57:27,199 [INFO] Queue: exhausted: 103 | in_progress: 1 | pending: 27308
2026-03-14 17:57:35,683 [INFO] Cookies copied → C:\Users\sandeep\AppData\Local\linkedin_scraper_profile
2026-03-14 17:57:46,694 [INFO] LinkedIn session active — no login needed.
2026-03-14 17:57:46,707 [INFO] Companies already in DB: 0 (will be skipped)
2026-03-14 17:57:47,548 [INFO] Combination [1101269] (1/20): Austria | Computer Hardware Manufacturing | 11-50 employees  (resume page 1)
2026-03-14 17:57:47,550 [INFO]   Navigating to: https://www.linkedin.com/search/results/companies/?origin=FACETED_SEARCH&companySize=["C"]&industryCompanyVertical=["14"]&companyHqGeo=%5B%22103883259%22%5D
2026-03-14 17:57:55,705 [INFO]   ✓ companyHqGeo confirmed in URL.
2026-03-14 17:58:08,308 [INFO]   Page 1: 10 on page | 10 new | 10 queued total
2026-03-14 17:58:25,991 [INFO]   Page 2: 10 on page | 0 new | 10 queued total
2026-03-14 17:58:43,231 [INFO]   Page 3: 10 on page | 0 new | 10 queued total
2026-03-14 17:59:00,750 [INFO]   Page 4: 10 on page | 0 new | 10 queued total
2026-03-14 17:59:14,318 [INFO]   Page 5: 10 on page | 0 new | 10 queued total
2026-03-14 17:59:32,703 [INFO]   Page 6: 10 on page | 0 new | 10 queued total
2026-03-14 17:59:47,202 [INFO]   Page 7: 10 on page | 0 new | 10 queued total
2026-03-14 18:00:04,214 [INFO]   Page 8: 10 on page | 0 new | 10 queued total
2026-03-14 18:00:18,324 [INFO]   Page 9: 10 on page | 0 new | 10 queued total
2026-03-14 18:00:23,079 [INFO]   Combination [1101269] → exhausted
2026-03-14 18:00:23,079 [INFO]   Waiting 91 s before next combination (anti-block)…
2026-03-14 18:01:54,040 [INFO] Combination [1132881] (2/20): Austria | Events Services | 11-50 employees  (resume page 0)
2026-03-14 18:01:54,043 [INFO]   Navigating to: https://www.linkedin.com/search/results/companies/?origin=FACETED_SEARCH&companySize=["C"]&industryCompanyVertical=["143"]&companyHqGeo=%5B%22103883259%22%5D
2026-03-14 18:02:02,858 [INFO]   ✓ companyHqGeo confirmed in URL.
2026-03-14 18:02:05,543 [INFO]   Page 0: 10 on page | 10 new | 20 queued total
2026-03-14 18:02:23,628 [INFO]   Page 1: 10 on page | 0 new | 20 queued total
2026-03-14 18:02:42,813 [INFO]   Page 2: 10 on page | 0 new | 20 queued total
2026-03-14 18:02:58,565 [INFO]   Page 3: 10 on page | 0 new | 20 queued total
2026-03-14 18:03:12,314 [INFO]   Page 4: 10 on page | 0 new | 20 queued total
2026-03-14 18:03:28,774 [INFO]   Page 5: 10 on page | 0 new | 20 queued total
2026-03-14 18:03:47,153 [INFO]   Page 6: 10 on page | 0 new | 20 queued total
2026-03-14 18:04:04,276 [INFO]   Page 7: 10 on page | 0 new | 20 queued total
2026-03-14 18:04:20,260 [INFO]   Page 8: 10 on page | 0 new | 20 queued total
2026-03-14 18:04:39,167 [INFO]   Page 9: 10 on page | 0 new | 20 queued total
2026-03-14 18:04:44,475 [INFO]   Combination [1132881] → exhausted
2026-03-14 18:04:44,475 [INFO]   Waiting 75 s before next combination (anti-block)…
2026-03-14 18:05:59,708 [INFO] Combination [1132671] (3/20): Austria | Aviation and Aerospace | 11-50 employees  (resume page 0)
2026-03-14 18:05:59,710 [INFO]   Navigating to: https://www.linkedin.com/search/results/companies/?origin=FACETED_SEARCH&companySize=["C"]&industryCompanyVertical=["147"]&companyHqGeo=%5B%22103883259%22%5D
2026-03-14 18:06:07,388 [INFO]   ✓ companyHqGeo confirmed in URL.
2026-03-14 18:06:10,370 [INFO]   Page 0: 10 on page | 10 new | 30 queued total
2026-03-14 18:06:27,228 [INFO]   Page 1: 10 on page | 0 new | 30 queued total
2026-03-14 18:06:43,131 [INFO]   Page 2: 10 on page | 0 new | 30 queued total
2026-03-14 18:06:58,157 [INFO]   Page 3: 10 on page | 0 new | 30 queued total
2026-03-14 18:07:15,301 [INFO]   Page 4: 10 on page | 0 new | 30 queued total
2026-03-14 18:07:30,753 [INFO]   Page 5: 10 on page | 0 new | 30 queued total
2026-03-14 18:07:46,682 [INFO]   Page 6: 10 on page | 0 new | 30 queued total
2026-03-14 18:08:03,592 [INFO]   Page 7: 10 on page | 0 new | 30 queued total
2026-03-14 18:08:22,362 [INFO]   Page 8: 10 on page | 0 new | 30 queued total
2026-03-14 18:08:38,778 [INFO]   Page 9: 10 on page | 0 new | 30 queued total
2026-03-14 18:08:45,026 [INFO]   Combination [1132671] → exhausted
2026-03-14 18:08:45,026 [INFO]   Waiting 88 s before next combination (anti-block)…
2026-03-14 18:10:12,762 [INFO] Combination [1132895] (4/20): Austria | Facilities Services | 11-50 employees  (resume page 0)
2026-03-14 18:10:12,775 [INFO]   Navigating to: https://www.linkedin.com/search/results/companies/?origin=FACETED_SEARCH&companySize=["C"]&industryCompanyVertical=["150"]&companyHqGeo=%5B%22103883259%22%5D
2026-03-14 18:10:20,507 [INFO]   ✓ companyHqGeo confirmed in URL.
2026-03-14 18:10:23,138 [INFO]   Page 0: 10 on page | 10 new | 40 queued total
2026-03-14 18:10:38,060 [INFO]   Page 1: 10 on page | 0 new | 40 queued total
2026-03-14 18:10:52,585 [INFO]   Page 2: 10 on page | 0 new | 40 queued total
2026-03-14 18:11:07,749 [INFO]   Page 3: 10 on page | 0 new | 40 queued total
2026-03-14 18:11:20,376 [INFO]   Page 4: 10 on page | 0 new | 40 queued total
2026-03-14 18:11:36,176 [INFO]   Page 5: 10 on page | 0 new | 40 queued total
2026-03-14 18:11:54,283 [INFO]   Page 6: 10 on page | 0 new | 40 queued total
2026-03-14 18:12:10,799 [INFO]   Page 7: 10 on page | 0 new | 40 queued total
2026-03-14 18:12:27,089 [INFO]   Page 8: 10 on page | 0 new | 40 queued total
2026-03-14 18:12:46,436 [INFO]   Page 9: 10 on page | 0 new | 40 queued total
2026-03-14 18:12:52,556 [INFO]   Combination [1132895] → exhausted
2026-03-14 18:12:52,557 [INFO]   Waiting 99 s before next combination (anti-block)…
2026-03-14 18:14:31,326 [INFO] Combination [1133266] (5/20): Austria | Technology Information and Media | 11-50 employees  (resume page 0)
2026-03-14 18:14:31,329 [INFO]   Navigating to: https://www.linkedin.com/search/results/companies/?origin=FACETED_SEARCH&companySize=["C"]&industryCompanyVertical=["1594"]&companyHqGeo=%5B%22103883259%22%5D
2026-03-14 18:14:37,691 [INFO]   ✓ companyHqGeo confirmed in URL.
2026-03-14 18:14:40,342 [INFO]   Page 0: 10 on page | 10 new | 50 queued total
2026-03-14 18:14:45,356 [INFO]   Combination [1133266] → in_progress
2026-03-14 18:14:45,449 [INFO] Discovery done: 50 new companies queued.
2026-03-14 18:14:45,449 [INFO] ─── 1 / 50 ───
2026-03-14 18:14:45,449 [INFO] Scraping: https://www.linkedin.com/company/nyrahealth
2026-03-14 18:15:22,258 [INFO]   Domain: nyra.health
2026-03-14 18:15:22,261 [INFO]   Employees for 'nyra health'…
2026-03-14 18:15:39,089 [INFO]   6 employees via DOM.
2026-03-14 18:15:39,103 [INFO]   ✓ nyra health                                   | country: Austria         | domain: nyra.health
2026-03-14 18:15:39,109 [INFO]   ✓ 6 employees saved.
2026-03-14 18:15:52,201 [INFO] ─── 2 / 50 ───
2026-03-14 18:15:52,202 [INFO] Scraping: https://www.linkedin.com/company/cardiovascular-and-interventional-radiological-society-of-europe
2026-03-14 18:16:25,525 [INFO]   Domain: cirse.org
2026-03-14 18:16:25,528 [INFO]   Employees for 'Cardiovascular and Interventional Radiological Society of Europe (CIRSE)'…
2026-03-14 18:16:42,352 [INFO]   10 employees via DOM.
2026-03-14 18:16:42,358 [INFO]   ✓ Cardiovascular and Interventional Radiological Society of Europe (CIRSE) | country: Austria         | domain: cirse.org
2026-03-14 18:16:42,368 [INFO]   ✓ 10 employees saved.
2026-03-14 18:16:57,271 [INFO] ─── 3 / 50 ───
2026-03-14 18:16:57,272 [INFO] Scraping: https://www.linkedin.com/company/imagebiopsy-lab
2026-03-14 18:17:31,832 [INFO]   Domain: imagebiopsy.com
2026-03-14 18:17:31,836 [INFO]   Employees for 'ImageBiopsy Lab'…
2026-03-14 18:17:45,923 [INFO]   9 employees via DOM.
2026-03-14 18:17:45,940 [INFO]   ✓ ImageBiopsy Lab                               | country: Austria         | domain: imagebiopsy.com
2026-03-14 18:17:45,952 [INFO]   ✓ 9 employees saved.
2026-03-14 18:18:00,231 [INFO] ─── 4 / 50 ───
2026-03-14 18:18:00,232 [INFO] Scraping: https://www.linkedin.com/company/eusomii
2026-03-14 18:18:37,010 [INFO]   Domain: eusomii.org
2026-03-14 18:18:37,014 [INFO]   Employees for 'EuSoMII - European Society of Medical Imaging Informatics'…
2026-03-14 18:18:52,965 [INFO]   10 employees via DOM.
2026-03-14 18:18:52,971 [INFO]   ✓ EuSoMII - European Society of Medical Imaging Informatics | country: Austria         | domain: eusomii.org
2026-03-14 18:18:52,981 [INFO]   ✓ 10 employees saved.
2026-03-14 18:19:04,065 [INFO] ─── 5 / 50 ───
2026-03-14 18:19:04,065 [INFO] Scraping: https://www.linkedin.com/company/global-second-opinion
2026-03-14 18:19:38,754 [INFO]   Domain: globalsecondopinion.com
2026-03-14 18:19:38,758 [INFO]   Employees for 'Global Second Opinion'…
2026-03-14 18:19:54,064 [INFO]   6 employees via DOM.
2026-03-14 18:19:54,081 [INFO]   ✓ Global Second Opinion                         | country: Austria         | domain: globalsecondopinion.com
2026-03-14 18:19:54,087 [INFO]   ✓ 6 employees saved.
2026-03-14 18:20:06,301 [INFO] ─── 6 / 50 ───
2026-03-14 18:20:06,302 [INFO] Scraping: https://www.linkedin.com/company/european-academy-of-neurology
2026-03-14 18:20:40,701 [INFO]   Domain: ean.org
2026-03-14 18:20:40,705 [INFO]   Employees for 'European Academy of Neurology'…
2026-03-14 18:20:55,318 [INFO]   8 employees via DOM.
2026-03-14 18:20:55,324 [INFO]   ✓ European Academy of Neurology                 | country: Austria         | domain: ean.org
2026-03-14 18:20:55,336 [INFO]   ✓ 8 employees saved.
2026-03-14 18:21:06,460 [INFO] ─── 7 / 50 ───
2026-03-14 18:21:06,460 [INFO] Scraping: https://www.linkedin.com/company/sindbad-social-business
2026-03-14 18:21:39,746 [INFO]   Domain: sindbad.co.at
2026-03-14 18:21:39,750 [INFO]   Employees for 'Sindbad - Social Business'…
2026-03-14 18:21:55,130 [INFO]   8 employees via DOM.
2026-03-14 18:21:55,136 [INFO]   ✓ Sindbad - Social Business                     | country: Austria         | domain: sindbad.co.at
2026-03-14 18:21:55,145 [INFO]   ✓ 8 employees saved.
2026-03-14 18:22:07,895 [INFO] ─── 8 / 50 ───
2026-03-14 18:22:07,895 [INFO] Scraping: https://www.linkedin.com/company/haelsiat
2026-03-14 18:22:43,455 [INFO]   Domain: haelsi.at
2026-03-14 18:22:43,458 [INFO]   Employees for 'haelsi'…
2026-03-14 18:22:57,057 [INFO]   9 employees via DOM.
2026-03-14 18:22:57,063 [INFO]   ✓ haelsi                                        | country: Austria         | domain: haelsi.at
2026-03-14 18:22:57,072 [INFO]   ✓ 9 employees saved.
2026-03-14 18:23:06,426 [INFO] ─── 9 / 50 ───
2026-03-14 18:23:06,426 [INFO] Scraping: https://www.linkedin.com/company/european-conference-on-interventional-oncology
2026-03-14 18:23:41,742 [INFO]   Domain: ecio.org
2026-03-14 18:23:41,746 [INFO]   Employees for 'European Conference on Interventional Oncology'…
2026-03-14 18:23:55,625 [INFO]   2 employees via DOM.
2026-03-14 18:23:55,632 [INFO]   ✓ European Conference on Interventional Oncology | country: Austria         | domain: ecio.org
2026-03-14 18:23:55,634 [INFO]   ✓ 2 employees saved.
2026-03-14 18:24:04,440 [INFO] ─── 10 / 50 ───
2026-03-14 18:24:04,441 [INFO] Scraping: https://www.linkedin.com/company/cvir-endovascular
2026-03-14 18:24:39,765 [INFO]   Domain: cvirendovascular.org
2026-03-14 18:24:39,769 [INFO]   Employees for 'CVIR Endovascular'…
2026-03-14 18:24:56,435 [INFO]   7 employees via DOM.
2026-03-14 18:24:56,442 [INFO]   ✓ CVIR Endovascular                             | country: Austria         | domain: cvirendovascular.org
2026-03-14 18:24:56,449 [INFO]   ✓ 7 employees saved.
2026-03-14 18:25:06,980 [INFO] ─── 11 / 50 ───
2026-03-14 18:25:06,980 [INFO] Scraping: https://www.linkedin.com/company/makarojewelry
2026-03-14 18:25:39,972 [INFO]   Domain: makarojewelry.com
2026-03-14 18:25:39,976 [INFO]   Employees for 'Makaro Jewelry'…
2026-03-14 18:25:57,999 [INFO]   5 employees via DOM.
2026-03-14 18:25:58,016 [INFO]   ✓ Makaro Jewelry                                | country: Austria         | domain: makarojewelry.com
2026-03-14 18:25:58,021 [INFO]   ✓ 5 employees saved.
2026-03-14 18:26:10,847 [INFO] ─── 12 / 50 ───
2026-03-14 18:26:10,847 [INFO] Scraping: https://www.linkedin.com/company/brunathelabel
2026-03-14 18:26:48,774 [INFO]   Domain: brunathelabel.com
2026-03-14 18:26:48,778 [INFO]   Employees for 'BRUNA'…
2026-03-14 18:27:03,811 [INFO]   5 employees via DOM.
2026-03-14 18:27:03,818 [INFO]   ✓ BRUNA                                         | country: Austria         | domain: brunathelabel.com
2026-03-14 18:27:03,823 [INFO]   ✓ 5 employees saved.
2026-03-14 18:27:13,551 [INFO] ─── 13 / 50 ───
2026-03-14 18:27:13,551 [INFO] Scraping: https://www.linkedin.com/company/uhren-juwelen-winkler
2026-03-14 18:27:49,726 [WARNING]   ⚠ No website found.
2026-03-14 18:27:49,729 [INFO]   Employees for 'Juwelier Winkler'…
2026-03-14 18:28:06,116 [INFO]   2 employees via DOM.
2026-03-14 18:28:06,133 [INFO]   ✓ Juwelier Winkler                              | country: Austria         | domain: — not found —
2026-03-14 18:28:06,135 [INFO]   ✓ 2 employees saved.
2026-03-14 18:28:14,444 [INFO] ─── 14 / 50 ───
2026-03-14 18:28:14,445 [INFO] Scraping: https://www.linkedin.com/company/langer-magnet-austria
2026-03-14 18:28:54,797 [INFO]   Domain: langer-magnet.com
2026-03-14 18:28:54,800 [INFO]   Employees for 'Langer® Magnet Austria'…
2026-03-14 18:29:10,396 [INFO]   5 employees via DOM.
2026-03-14 18:29:10,402 [INFO]   ✓ Langer® Magnet Austria                        | country: Austria         | domain: langer-magnet.com
2026-03-14 18:29:10,407 [INFO]   ✓ 5 employees saved.
2026-03-14 18:29:22,692 [INFO] ─── 15 / 50 ───
2026-03-14 18:29:22,693 [INFO] Scraping: https://www.linkedin.com/company/schullin-wien
2026-03-14 18:29:59,726 [INFO]   Domain: schullin.com
2026-03-14 18:29:59,731 [INFO]   Employees for 'Schullin Wien'…
2026-03-14 18:30:15,037 [INFO]   5 employees via DOM.
2026-03-14 18:30:15,043 [INFO]   ✓ Schullin Wien                                 | country: Austria         | domain: schullin.com
2026-03-14 18:30:15,048 [INFO]   ✓ 5 employees saved.
2026-03-14 18:30:29,740 [INFO] ─── 16 / 50 ───
2026-03-14 18:30:29,740 [INFO] Scraping: https://www.linkedin.com/company/ligre-company
2026-03-14 18:31:06,415 [INFO]   Domain: ligre.com
2026-03-14 18:31:06,420 [INFO]   Employees for 'LIGRE'…
2026-03-14 18:31:22,805 [INFO]   8 employees via DOM.
2026-03-14 18:31:22,812 [INFO]   ✓ LIGRE                                         | country: Austria         | domain: ligre.com
2026-03-14 18:31:22,823 [INFO]   ✓ 8 employees saved.
2026-03-14 18:31:33,151 [INFO] ─── 17 / 50 ───
2026-03-14 18:31:33,152 [INFO] Scraping: https://www.linkedin.com/company/vocier
2026-03-14 18:32:08,602 [INFO]   Domain: vocier.com
2026-03-14 18:32:08,605 [INFO]   Employees for 'VOCIER'…
2026-03-14 18:32:22,478 [INFO]   5 employees via DOM.
2026-03-14 18:32:22,497 [INFO]   ✓ VOCIER                                        | country: Austria         | domain: vocier.com
2026-03-14 18:32:22,501 [INFO]   ✓ 5 employees saved.
2026-03-14 18:32:34,403 [INFO] ─── 18 / 50 ───
2026-03-14 18:32:34,403 [INFO] Scraping: https://www.linkedin.com/company/huber-fine-watches-&-jewellery
2026-03-14 18:33:07,331 [INFO]   Domain: huber.li
2026-03-14 18:33:07,336 [INFO]   Employees for 'Huber Fine Watches & Jewellery'…
2026-03-14 18:33:22,478 [INFO]   9 employees via DOM.
2026-03-14 18:33:22,500 [INFO]   ✓ Huber Fine Watches & Jewellery                | country: Austria         | domain: huber.li
2026-03-14 18:33:22,509 [INFO]   ✓ 9 employees saved.
2026-03-14 18:33:31,580 [INFO] ─── 19 / 50 ───
2026-03-14 18:33:31,581 [INFO] Scraping: https://www.linkedin.com/company/alles-strass
2026-03-14 18:34:09,283 [INFO]   Domain: alles-strass.at
2026-03-14 18:34:09,287 [INFO]   Employees for 'Alles Strass'…
2026-03-14 18:34:22,900 [INFO]   0 employees via DOM.
2026-03-14 18:34:22,907 [INFO]   ✓ Alles Strass                                  | country: Austria         | domain: alles-strass.at
2026-03-14 18:34:37,176 [INFO] ─── 20 / 50 ───
2026-03-14 18:34:37,177 [INFO] Scraping: https://www.linkedin.com/company/sija-schmuck-gmbh
2026-03-14 18:35:16,805 [INFO]   Domain: sija.at
2026-03-14 18:35:16,809 [INFO]   Employees for 'Sija Schmuck GmbH'…
2026-03-14 18:35:30,908 [INFO]   2 employees via DOM.
2026-03-14 18:35:30,915 [INFO]   ✓ Sija Schmuck GmbH                             | country: Austria         | domain: sija.at
2026-03-14 18:35:30,917 [INFO]   ✓ 2 employees saved.
2026-03-14 18:35:43,138 [INFO] ─── 21 / 50 ───
2026-03-14 18:35:43,138 [INFO] Scraping: https://www.linkedin.com/company/gocartken
2026-03-14 18:36:15,661 [INFO]   Domain: cartken.com
2026-03-14 18:36:15,665 [INFO]   Employees for 'Cartken'…
2026-03-14 18:36:31,779 [INFO]   9 employees via DOM.
2026-03-14 18:36:31,785 [INFO]   ✓ Cartken                                       | country: Austria         | domain: cartken.com
2026-03-14 18:36:31,797 [INFO]   ✓ 9 employees saved.
2026-03-14 18:36:42,018 [INFO] ─── 22 / 50 ───
2026-03-14 18:36:42,019 [INFO] Scraping: https://www.linkedin.com/company/airskin-by-blue-danube-robotics
2026-03-14 18:37:15,569 [INFO]   Domain: airskin.io
2026-03-14 18:37:15,573 [INFO]   Employees for 'AIRSKIN'…
2026-03-14 18:37:31,802 [INFO]   9 employees via DOM.
2026-03-14 18:37:31,824 [INFO]   ✓ AIRSKIN                                       | country: Austria         | domain: airskin.io
2026-03-14 18:37:31,833 [INFO]   ✓ 9 employees saved.
2026-03-14 18:37:42,377 [INFO] ─── 23 / 50 ───
2026-03-14 18:37:42,378 [INFO] Scraping: https://www.linkedin.com/company/baubot
2026-03-14 18:38:19,162 [INFO]   Domain: baubot.com
2026-03-14 18:38:19,165 [INFO]   Employees for 'fischer BAUBOT'…
2026-03-14 18:38:36,176 [INFO]   9 employees via DOM.
2026-03-14 18:38:36,182 [INFO]   ✓ fischer BAUBOT                                | country: Austria         | domain: baubot.com
2026-03-14 18:38:36,200 [INFO]   ✓ 9 employees saved.
2026-03-14 18:38:46,703 [INFO] ─── 24 / 50 ───
2026-03-14 18:38:46,703 [INFO] Scraping: https://www.linkedin.com/company/burkert-danmark
2026-03-14 18:39:19,718 [INFO]   Domain: burkert.dk
2026-03-14 18:39:19,723 [INFO]   Employees for 'Burkert Danmark A/S'…
2026-03-14 18:39:36,407 [INFO]   7 employees via DOM.
2026-03-14 18:39:36,422 [INFO]   ✓ Burkert Danmark A/S                           | country: Austria         | domain: burkert.dk
2026-03-14 18:39:36,429 [INFO]   ✓ 7 employees saved.
2026-03-14 18:39:48,809 [INFO] ─── 25 / 50 ───
2026-03-14 18:39:48,810 [INFO] Scraping: https://www.linkedin.com/company/alphagate-hmi-solutions
2026-03-14 18:40:24,511 [INFO]   Domain: alphagate.eu
2026-03-14 18:40:24,514 [INFO]   Employees for 'Alphagate Automatisierungstechnik GmbH'…
2026-03-14 18:40:40,428 [INFO]   7 employees via DOM.
2026-03-14 18:40:40,435 [INFO]   ✓ Alphagate Automatisierungstechnik GmbH        | country: Austria         | domain: alphagate.eu
2026-03-14 18:40:40,443 [INFO]   ✓ 7 employees saved.
2026-03-14 18:40:55,376 [INFO] ─── 26 / 50 ───
2026-03-14 18:40:55,376 [INFO] Scraping: https://www.linkedin.com/company/mechatronik-austria
2026-03-14 18:41:29,169 [INFO]   Domain: mechatronik-austria.at
2026-03-14 18:41:29,172 [INFO]   Employees for 'MECHATRONIK AUSTRIA'…
2026-03-14 18:41:43,489 [INFO]   10 employees via DOM.
2026-03-14 18:41:43,496 [INFO]   ✓ MECHATRONIK AUSTRIA                           | country: Austria         | domain: mechatronik-austria.at
2026-03-14 18:41:43,510 [INFO]   ✓ 10 employees saved.
2026-03-14 18:41:56,952 [INFO] ─── 27 / 50 ───
2026-03-14 18:41:56,953 [INFO] Scraping: https://www.linkedin.com/company/ivii
2026-03-14 18:42:32,143 [INFO]   Domain: ivii.eu
2026-03-14 18:42:32,147 [INFO]   Employees for 'ivii GmbH'…
2026-03-14 18:42:48,930 [INFO]   9 employees via DOM.
2026-03-14 18:42:48,936 [INFO]   ✓ ivii GmbH                                     | country: Austria         | domain: ivii.eu
2026-03-14 18:42:48,944 [INFO]   ✓ 9 employees saved.
2026-03-14 18:43:01,002 [INFO] ─── 28 / 50 ───
2026-03-14 18:43:01,002 [INFO] Scraping: https://www.linkedin.com/company/litesentry-llc
2026-03-14 18:43:33,689 [INFO]   Domain: glassquality.com
2026-03-14 18:43:33,693 [INFO]   Employees for 'LiteSentry - Softsolution - Strainoptics'…
2026-03-14 18:43:49,712 [INFO]   10 employees via DOM.
2026-03-14 18:43:49,718 [INFO]   ✓ LiteSentry - Softsolution - Strainoptics      | country: Austria         | domain: glassquality.com
2026-03-14 18:43:49,727 [INFO]   ✓ 10 employees saved.
2026-03-14 18:44:02,369 [INFO] ─── 29 / 50 ───
2026-03-14 18:44:02,369 [INFO] Scraping: https://www.linkedin.com/company/beckhoff-automation-oesterreich
2026-03-14 18:44:37,610 [INFO]   Domain: beckhoff.at
2026-03-14 18:44:37,613 [INFO]   Employees for 'Beckhoff Automation Österreich'…
2026-03-14 18:44:53,008 [INFO]   10 employees via DOM.
2026-03-14 18:44:53,014 [INFO]   ✓ Beckhoff Automation Österreich                | country: Austria         | domain: beckhoff.at
2026-03-14 18:44:53,024 [INFO]   ✓ 10 employees saved.
2026-03-14 18:45:04,985 [INFO] ─── 30 / 50 ───
2026-03-14 18:45:04,985 [INFO] Scraping: https://www.linkedin.com/company/taurob-gmbh
2026-03-14 18:45:40,137 [INFO]   Domain: taurob.com
2026-03-14 18:45:40,143 [INFO]   Employees for 'Taurob'…
2026-03-14 18:45:55,763 [INFO]   10 employees via DOM.
2026-03-14 18:45:55,770 [INFO]   ✓ Taurob                                        | country: Austria         | domain: taurob.com
2026-03-14 18:45:55,780 [INFO]   ✓ 10 employees saved.
2026-03-14 18:46:09,132 [INFO] ─── 31 / 50 ───
2026-03-14 18:46:09,133 [INFO] Scraping: https://www.linkedin.com/company/garten-eder
2026-03-14 18:46:41,707 [INFO]   Domain: garten-eder.at
2026-03-14 18:46:41,711 [INFO]   Employees for 'Eder Gartenarchitektur'…
2026-03-14 18:46:56,172 [INFO]   4 employees via DOM.
2026-03-14 18:46:56,189 [INFO]   ✓ Eder Gartenarchitektur                        | country: Austria         | domain: garten-eder.at
2026-03-14 18:46:56,194 [INFO]   ✓ 4 employees saved.
2026-03-14 18:47:04,613 [INFO] ─── 32 / 50 ───
2026-03-14 18:47:04,614 [INFO] Scraping: https://www.linkedin.com/company/florissa
2026-03-14 18:47:36,527 [INFO]   Domain: florissa.at
2026-03-14 18:47:36,532 [INFO]   Employees for 'Florissa GmbH'…
2026-03-14 18:47:53,688 [INFO]   4 employees via DOM.
2026-03-14 18:47:53,706 [INFO]   ✓ Florissa GmbH                                 | country: Austria         | domain: florissa.at
2026-03-14 18:47:53,709 [INFO]   ✓ 4 employees saved.
2026-03-14 18:48:03,347 [INFO] ─── 33 / 50 ───
2026-03-14 18:48:03,348 [INFO] Scraping: https://www.linkedin.com/company/terre-suisse
2026-03-14 18:48:44,198 [INFO]   Domain: terresuisse.com
2026-03-14 18:48:44,202 [INFO]   Employees for 'Terre Suisse AG'…
2026-03-14 18:49:01,850 [INFO]   2 employees via DOM.
2026-03-14 18:49:01,867 [INFO]   ✓ Terre Suisse AG                               | country: Austria         | domain: terresuisse.com
2026-03-14 18:49:01,870 [INFO]   ✓ 2 employees saved.
2026-03-14 18:49:15,502 [INFO] ─── 34 / 50 ───
2026-03-14 18:49:15,502 [INFO] Scraping: https://www.linkedin.com/company/gartenhoedl
2026-03-14 18:49:52,841 [INFO]   Domain: garten-hoedl.at
2026-03-14 18:49:52,844 [INFO]   Employees for 'Garten Hödl GmbH'…
2026-03-14 18:50:09,108 [INFO]   1 employees via DOM.
2026-03-14 18:50:09,115 [INFO]   ✓ Garten Hödl GmbH                              | country: Austria         | domain: garten-hoedl.at
2026-03-14 18:50:09,117 [INFO]   ✓ 1 employees saved.
2026-03-14 18:50:19,312 [INFO] ─── 35 / 50 ───
2026-03-14 18:50:19,313 [INFO] Scraping: https://www.linkedin.com/company/ausserbrunner-gmbh
2026-03-14 18:50:52,776 [INFO]   Domain: ausserbrunner.at
2026-03-14 18:50:52,779 [INFO]   Employees for 'Ausserbrunner GmbH'…
2026-03-14 18:51:07,226 [INFO]   1 employees via DOM.
2026-03-14 18:51:07,233 [INFO]   ✓ Ausserbrunner GmbH                            | country: Austria         | domain: ausserbrunner.at
2026-03-14 18:51:07,234 [INFO]   ✓ 1 employees saved.
2026-03-14 18:51:19,379 [INFO] ─── 36 / 50 ───
2026-03-14 18:51:19,379 [INFO] Scraping: https://www.linkedin.com/company/sanlight-solution
2026-03-14 18:51:54,201 [INFO]   Domain: sansol.eu
2026-03-14 18:51:54,205 [INFO]   Employees for 'SANSOL GmbH'…
2026-03-14 18:52:07,728 [INFO]   1 employees via DOM.
2026-03-14 18:52:07,734 [INFO]   ✓ SANSOL GmbH                                   | country: Austria         | domain: sansol.eu
2026-03-14 18:52:07,736 [INFO]   ✓ 1 employees saved.
2026-03-14 18:52:17,512 [INFO] ─── 37 / 50 ───
2026-03-14 18:52:17,513 [INFO] Scraping: https://www.linkedin.com/company/freiraum-gartenarchitektur-gmbh
2026-03-14 18:52:53,650 [INFO]   Domain: freiraum.cc
2026-03-14 18:52:53,653 [INFO]   Employees for 'Freiraum Gartenarchitektur GmbH'…
2026-03-14 18:53:07,510 [INFO]   1 employees via DOM.
2026-03-14 18:53:07,517 [INFO]   ✓ Freiraum Gartenarchitektur GmbH               | country: Austria         | domain: freiraum.cc
2026-03-14 18:53:07,518 [INFO]   ✓ 1 employees saved.
2026-03-14 18:53:22,359 [INFO] ─── 38 / 50 ───
2026-03-14 18:53:22,359 [INFO] Scraping: https://www.linkedin.com/company/garten-reinisch
2026-03-14 18:53:55,892 [INFO]   Domain: garten-reinisch.at
2026-03-14 18:53:55,896 [INFO]   Employees for 'Gartengestaltung Reinisch'…
2026-03-14 18:54:11,577 [INFO]   1 employees via DOM.
2026-03-14 18:54:11,584 [INFO]   ✓ Gartengestaltung Reinisch                     | country: Austria         | domain: garten-reinisch.at
2026-03-14 18:54:11,585 [INFO]   ✓ 1 employees saved.
2026-03-14 18:54:25,504 [INFO] ─── 39 / 50 ───
2026-03-14 18:54:25,504 [INFO] Scraping: https://www.linkedin.com/company/harmonie-im-garten
2026-03-14 18:55:00,180 [INFO]   Domain: harmonie-im-garten.at
2026-03-14 18:55:00,184 [INFO]   Employees for 'Harmonie im Garten'…
2026-03-14 18:55:17,861 [INFO]   1 employees via DOM.
2026-03-14 18:55:17,878 [INFO]   ✓ Harmonie im Garten                            | country: Austria         | domain: harmonie-im-garten.at
2026-03-14 18:55:17,883 [INFO]   ✓ 1 employees saved.
2026-03-14 18:55:29,227 [INFO] ─── 40 / 50 ───
2026-03-14 18:55:29,227 [INFO] Scraping: https://www.linkedin.com/company/gruber-s%C3%B6hne-gmbh
2026-03-14 18:56:06,021 [INFO]   Domain: grubersoehne.at
2026-03-14 18:56:06,024 [INFO]   Employees for 'Gruber & Söhne GmbH'…
2026-03-14 18:56:20,876 [INFO]   2 employees via DOM.
2026-03-14 18:56:20,895 [INFO]   ✓ Gruber & Söhne GmbH                           | country: Austria         | domain: grubersoehne.at
2026-03-14 18:56:20,898 [INFO]   ✓ 2 employees saved.
2026-03-14 18:56:31,821 [INFO] ─── 41 / 50 ───
2026-03-14 18:56:31,822 [INFO] Scraping: https://www.linkedin.com/company/womentech-network
2026-03-14 18:57:06,496 [INFO]   Domain: womentech.net
2026-03-14 18:57:06,499 [INFO]   Employees for 'WomenTech Network'…
2026-03-14 18:57:25,236 [INFO]   10 employees via DOM.
2026-03-14 18:57:25,253 [INFO]   ✓ WomenTech Network                             | country: Austria         | domain: womentech.net
2026-03-14 18:57:25,263 [INFO]   ✓ 10 employees saved.
2026-03-14 18:57:37,816 [INFO] ─── 42 / 50 ───
2026-03-14 18:57:37,817 [INFO] Scraping: https://www.linkedin.com/company/mostlyai
2026-03-14 18:58:12,866 [INFO]   Domain: mostly.ai
2026-03-14 18:58:12,869 [INFO]   Employees for 'MOSTLY AI'…
2026-03-14 18:58:30,998 [INFO]   4 employees via DOM.
2026-03-14 18:58:31,016 [INFO]   ✓ MOSTLY AI                                     | country: Austria         | domain: mostly.ai
2026-03-14 18:58:31,020 [INFO]   ✓ 4 employees saved.
2026-03-14 18:58:45,550 [INFO] ─── 43 / 50 ───
2026-03-14 18:58:45,550 [INFO] Scraping: https://www.linkedin.com/company/innovationauthority
2026-03-14 18:59:24,092 [INFO]   Domain: innovationauthority.com
2026-03-14 18:59:24,096 [INFO]   Employees for 'Innovation Authority'…
2026-03-14 18:59:41,049 [INFO]   9 employees via DOM.
2026-03-14 18:59:41,055 [INFO]   ✓ Innovation Authority                          | country: Austria         | domain: innovationauthority.com
2026-03-14 18:59:41,064 [INFO]   ✓ 9 employees saved.
2026-03-14 18:59:54,111 [INFO] ─── 44 / 50 ───
2026-03-14 18:59:54,111 [INFO] Scraping: https://www.linkedin.com/company/brutkasten-com
2026-03-14 19:00:28,966 [INFO]   Domain: brutkasten.com
2026-03-14 19:00:28,970 [INFO]   Employees for 'brutkasten'…
2026-03-14 19:00:43,187 [INFO]   4 employees via DOM.
2026-03-14 19:00:43,193 [INFO]   ✓ brutkasten                                    | country: Austria         | domain: brutkasten.com
2026-03-14 19:00:43,201 [INFO]   ✓ 4 employees saved.
2026-03-14 19:00:52,341 [INFO] ─── 45 / 50 ───
2026-03-14 19:00:52,342 [INFO] Scraping: https://www.linkedin.com/company/whimsical
2026-03-14 19:01:28,354 [INFO]   Domain: whimsical.com
2026-03-14 19:01:28,358 [INFO]   Employees for 'Whimsical'…
2026-03-14 19:01:45,188 [INFO]   6 employees via DOM.
2026-03-14 19:01:45,195 [INFO]   ✓ Whimsical                                     | country: Austria         | domain: whimsical.com
2026-03-14 19:01:45,201 [INFO]   ✓ 6 employees saved.
2026-03-14 19:01:53,237 [INFO] ─── 46 / 50 ───
2026-03-14 19:01:53,237 [INFO] Scraping: https://www.linkedin.com/company/forbesat
2026-03-14 19:02:26,682 [INFO]   Domain: forbes.at
2026-03-14 19:02:26,686 [INFO]   Employees for 'Forbes Austria'…
2026-03-14 19:02:42,298 [INFO]   9 employees via DOM.
2026-03-14 19:02:42,316 [INFO]   ✓ Forbes Austria                                | country: Austria         | domain: forbes.at
2026-03-14 19:02:42,326 [INFO]   ✓ 9 employees saved.
2026-03-14 19:02:56,738 [INFO] ─── 47 / 50 ───
2026-03-14 19:02:56,739 [INFO] Scraping: https://www.linkedin.com/company/sheconomy-wirtschaftsmagazin
2026-03-14 19:03:31,613 [INFO]   Domain: sheconomy.media
2026-03-14 19:03:31,617 [INFO]   Employees for 'sheconomy'…
2026-03-14 19:03:47,896 [INFO]   5 employees via DOM.
2026-03-14 19:03:47,903 [INFO]   ✓ sheconomy                                     | country: Austria         | domain: sheconomy.media
2026-03-14 19:03:47,908 [INFO]   ✓ 5 employees saved.
2026-03-14 19:03:57,018 [INFO] ─── 48 / 50 ───
2026-03-14 19:03:57,019 [INFO] Scraping: https://www.linkedin.com/company/lightcast
2026-03-14 19:04:30,496 [INFO]   Domain: lightcast.com
2026-03-14 19:04:30,500 [INFO]   Employees for 'Lightcast.com'…
2026-03-14 19:04:47,943 [INFO]   6 employees via DOM.
2026-03-14 19:04:47,954 [INFO]   ✓ Lightcast.com                                 | country: Austria         | domain: lightcast.com
2026-03-14 19:04:47,968 [INFO]   ✓ 6 employees saved.
2026-03-14 19:04:58,741 [INFO] ─── 49 / 50 ───
2026-03-14 19:04:58,742 [INFO] Scraping: https://www.linkedin.com/company/trendingtopics-eu
2026-03-14 19:05:34,673 [INFO]   Domain: trendingtopics.eu
2026-03-14 19:05:34,677 [INFO]   Employees for 'Trending Topics by newsrooms'…
2026-03-14 19:05:48,656 [INFO]   7 employees via DOM.
2026-03-14 19:05:48,662 [INFO]   ✓ Trending Topics by newsrooms                  | country: Austria         | domain: trendingtopics.eu
2026-03-14 19:05:48,669 [INFO]   ✓ 7 employees saved.
2026-03-14 19:05:59,457 [INFO] ─── 50 / 50 ───
2026-03-14 19:05:59,458 [INFO] Scraping: https://www.linkedin.com/company/crateio
2026-03-14 19:06:33,556 [INFO]   Domain: cratedb.com
2026-03-14 19:06:33,560 [INFO]   Employees for 'CrateDB'…
2026-03-14 19:06:51,353 [INFO]   10 employees via DOM.
2026-03-14 19:06:51,360 [INFO]   ✓ CrateDB                                       | country: Austria         | domain: cratedb.com
2026-03-14 19:06:51,378 [INFO]   ✓ 10 employees saved.
2026-03-14 19:07:06,233 [INFO] CSV: criteria_countries.csv               47 rows
2026-03-14 19:07:06,234 [INFO] CSV: criteria_industries.csv              168 rows
2026-03-14 19:07:06,235 [INFO] CSV: criteria_sizes.csv                   8 rows
2026-03-14 19:07:06,519 [INFO] CSV: search_combinations.csv              27412 rows
2026-03-14 19:07:06,527 [INFO] CSV: companies.csv                        50 rows
2026-03-14 19:07:06,531 [INFO] CSV: employees.csv                        299 rows
2026-03-14 19:07:06,542 [INFO] === Done ===
2026-03-15 22:05:44,119 [INFO] === LinkedIn Scraper v4.1 ===
2026-03-15 22:05:44,128 [INFO] Database ready: linkedin_data.db
2026-03-15 22:05:44,131 [INFO] Criteria tables: {'countries': 47, 'industries': 168, 'sizes': 8}
2026-03-15 22:05:44,178 [INFO] Cleared 27304 pending combinations — rebuilding with current sort order.
2026-03-15 22:05:44,532 [INFO] search_combinations: 27304 new rows added | 27412 total in queue
2026-03-15 22:05:44,534 [INFO] Queue: exhausted: 107 | in_progress: 1 | pending: 27304
2026-03-15 22:05:53,292 [INFO] Cookies copied → C:\Users\sandeep\AppData\Local\linkedin_scraper_profile
2026-03-15 22:06:04,474 [INFO] LinkedIn session active — no login needed.
2026-03-15 22:06:04,491 [INFO] Companies already in DB: 50 (will be skipped)
2026-03-15 22:06:05,478 [INFO] Combination [1133266] (1/20): Austria | Technology Information and Media | 11-50 employees  (resume page 1)
2026-03-15 22:06:05,481 [INFO]   Navigating to: https://www.linkedin.com/search/results/companies/?origin=FACETED_SEARCH&companySize=["C"]&industryCompanyVertical=["1594"]&companyHqGeo=%5B%22103883259%22%5D
2026-03-15 22:06:14,056 [INFO]   ✓ companyHqGeo confirmed in URL.
2026-03-15 22:06:28,035 [INFO]   Page 1: 10 on page | 0 new | 0 queued total
2026-03-15 22:06:44,682 [INFO]   Page 2: 10 on page | 0 new | 0 queued total
2026-03-15 22:07:00,207 [INFO]   Page 3: 10 on page | 0 new | 0 queued total
2026-03-15 22:07:19,034 [INFO]   Page 4: 10 on page | 0 new | 0 queued total
2026-03-15 22:07:38,058 [INFO]   Page 5: 10 on page | 0 new | 0 queued total
2026-03-15 22:07:53,461 [INFO]   Page 6: 10 on page | 0 new | 0 queued total
2026-03-15 22:08:11,103 [INFO]   Page 7: 10 on page | 0 new | 0 queued total
2026-03-15 22:08:29,116 [INFO]   Page 8: 10 on page | 0 new | 0 queued total
2026-03-15 22:08:50,798 [INFO]   Page 9: 10 on page | 0 new | 0 queued total
2026-03-15 22:08:57,996 [INFO]   Combination [1133266] → exhausted
2026-03-15 22:08:57,996 [INFO]   Waiting 90 s before next combination (anti-block)…
2026-03-15 22:10:28,147 [INFO] Combination [1164332] (2/20): Austria | Defense and Space Manufacturing | 11-50 employees  (resume page 0)
2026-03-15 22:10:28,160 [INFO]   Navigating to: https://www.linkedin.com/search/results/companies/?origin=FACETED_SEARCH&companySize=["C"]&industryCompanyVertical=["19"]&companyHqGeo=%5B%22103883259%22%5D
2026-03-15 22:10:37,038 [INFO]   ✓ companyHqGeo confirmed in URL.
2026-03-15 22:10:40,522 [INFO]   Page 0: 10 on page | 10 new | 10 queued total
2026-03-15 22:10:56,748 [INFO]   Page 1: 10 on page | 0 new | 10 queued total
2026-03-15 22:11:15,527 [INFO]   Page 2: 10 on page | 0 new | 10 queued total
2026-03-15 22:11:29,788 [INFO]   Page 3: 10 on page | 0 new | 10 queued total
2026-03-15 22:11:46,144 [INFO]   Page 4: 10 on page | 0 new | 10 queued total
2026-03-15 22:12:06,027 [INFO]   Page 5: 10 on page | 0 new | 10 queued total
2026-03-15 22:12:26,334 [INFO]   Page 6: 10 on page | 0 new | 10 queued total
2026-03-15 22:12:45,935 [INFO]   Page 7: 10 on page | 0 new | 10 queued total
2026-03-15 22:13:02,739 [INFO]   Page 8: 10 on page | 0 new | 10 queued total
2026-03-15 22:13:22,381 [INFO]   Page 9: 10 on page | 0 new | 10 queued total
2026-03-15 22:13:27,347 [INFO]   Combination [1164332] → exhausted
2026-03-15 22:13:27,348 [INFO]   Waiting 65 s before next combination (anti-block)…
2026-03-15 22:14:32,774 [INFO] Combination [1164157] (3/20): Austria | Artificial Intelligence | 11-50 employees  (resume page 0)
2026-03-15 22:14:32,790 [INFO]   Navigating to: https://www.linkedin.com/search/results/companies/?origin=FACETED_SEARCH&companySize=["C"]&industryCompanyVertical=["1990"]&companyHqGeo=%5B%22103883259%22%5D
2026-03-15 22:14:38,998 [INFO]   ✓ companyHqGeo confirmed in URL.
2026-03-15 22:14:41,975 [INFO]   Page 0: 0 results — combination exhausted.
2026-03-15 22:14:41,977 [INFO]   Combination [1164157] → exhausted
2026-03-15 22:14:41,977 [INFO]   Waiting 61 s before next combination (anti-block)…
2026-03-15 22:15:42,997 [INFO] Combination [1164213] (4/20): Austria | Business Consulting and Services | 11-50 employees  (resume page 0)
2026-03-15 22:15:42,999 [INFO]   Navigating to: https://www.linkedin.com/search/results/companies/?origin=FACETED_SEARCH&companySize=["C"]&industryCompanyVertical=["2190"]&companyHqGeo=%5B%22103883259%22%5D
2026-03-15 22:15:49,546 [INFO]   ✓ companyHqGeo confirmed in URL.
2026-03-15 22:15:53,735 [INFO]   Page 0: 10 on page | 10 new | 20 queued total
2026-03-15 22:16:10,215 [INFO]   Page 1: 10 on page | 0 new | 20 queued total
2026-03-15 22:16:27,897 [INFO]   Page 2: 10 on page | 0 new | 20 queued total
2026-03-15 22:16:46,282 [INFO]   Page 3: 10 on page | 0 new | 20 queued total
2026-03-15 22:17:01,179 [INFO]   Page 4: 10 on page | 0 new | 20 queued total
2026-03-15 22:17:19,191 [INFO]   Page 5: 10 on page | 0 new | 20 queued total
2026-03-15 22:17:37,698 [INFO]   Page 6: 10 on page | 0 new | 20 queued total
2026-03-15 22:17:56,585 [INFO]   Page 7: 10 on page | 0 new | 20 queued total
2026-03-15 22:18:13,712 [INFO]   Page 8: 10 on page | 0 new | 20 queued total
2026-03-15 22:18:31,039 [INFO]   Page 9: 10 on page | 0 new | 20 queued total
2026-03-15 22:18:37,986 [INFO]   Combination [1164213] → exhausted
2026-03-15 22:18:37,986 [INFO]   Waiting 66 s before next combination (anti-block)…
2026-03-15 22:19:44,034 [INFO] Combination [1164612] (5/20): Austria | Manufacturing | 11-50 employees  (resume page 0)
2026-03-15 22:19:44,039 [INFO]   Navigating to: https://www.linkedin.com/search/results/companies/?origin=FACETED_SEARCH&companySize=["C"]&industryCompanyVertical=["22"]&companyHqGeo=%5B%22103883259%22%5D
2026-03-15 22:19:52,836 [INFO]   ✓ companyHqGeo confirmed in URL.
2026-03-15 22:19:55,933 [INFO]   Page 0: 10 on page | 10 new | 30 queued total
2026-03-15 22:20:09,255 [INFO]   Page 1: 10 on page | 0 new | 30 queued total
2026-03-15 22:20:25,969 [INFO]   Page 2: 10 on page | 0 new | 30 queued total
2026-03-15 22:20:42,001 [INFO]   Page 3: 10 on page | 0 new | 30 queued total
2026-03-15 22:21:03,893 [INFO]   Page 4: 10 on page | 0 new | 30 queued total
2026-03-15 22:21:19,190 [INFO]   Page 5: 10 on page | 0 new | 30 queued total
2026-03-15 22:21:33,165 [INFO]   Page 6: 10 on page | 0 new | 30 queued total
2026-03-15 22:21:50,106 [INFO]   Page 7: 10 on page | 0 new | 30 queued total
2026-03-15 22:22:04,018 [INFO]   Page 8: 10 on page | 0 new | 30 queued total
2026-03-15 22:22:18,821 [INFO]   Page 9: 10 on page | 0 new | 30 queued total
2026-03-15 22:22:25,298 [INFO]   Combination [1164612] → exhausted
2026-03-15 22:22:25,298 [INFO]   Extended rest 183 s after 5 combinations…
2026-03-15 22:25:28,445 [INFO] Combination [1164346] (6/20): Austria | Digital Marketing | 11-50 employees  (resume page 0)
2026-03-15 22:25:28,447 [INFO]   Navigating to: https://www.linkedin.com/search/results/companies/?origin=FACETED_SEARCH&companySize=["C"]&industryCompanyVertical=["2272"]&companyHqGeo=%5B%22103883259%22%5D
2026-03-15 22:25:37,545 [INFO]   ✓ companyHqGeo confirmed in URL.
2026-03-15 22:25:39,770 [INFO]   Page 0: 2 on page | 2 new | 32 queued total
2026-03-15 22:25:56,131 [INFO]   Page 1: 2 on page | 0 new | 32 queued total
2026-03-15 22:26:12,945 [INFO]   Page 2: 2 on page | 0 new | 32 queued total
2026-03-15 22:26:25,582 [INFO]   Page 3: 2 on page | 0 new | 32 queued total
2026-03-15 22:26:45,435 [INFO]   Page 4: 2 on page | 0 new | 32 queued total
2026-03-15 22:27:00,149 [INFO]   Page 5: 2 on page | 0 new | 32 queued total
2026-03-15 22:27:16,543 [INFO]   Page 6: 2 on page | 0 new | 32 queued total
2026-03-15 22:27:30,678 [INFO]   Page 7: 2 on page | 0 new | 32 queued total
2026-03-15 22:27:49,400 [INFO]   Page 8: 2 on page | 0 new | 32 queued total
2026-03-15 22:28:02,929 [INFO]   Page 9: 2 on page | 0 new | 32 queued total
2026-03-15 22:28:06,967 [INFO]   Combination [1164346] → exhausted
2026-03-15 22:28:06,967 [INFO]   Waiting 94 s before next combination (anti-block)…
2026-03-15 22:29:40,671 [INFO] Combination [1164353] (7/20): Austria | E-learning Providers | 11-50 employees  (resume page 0)
2026-03-15 22:29:40,673 [INFO]   Navigating to: https://www.linkedin.com/search/results/companies/?origin=FACETED_SEARCH&companySize=["C"]&industryCompanyVertical=["2379"]&companyHqGeo=%5B%22103883259%22%5D
2026-03-15 22:29:48,812 [INFO]   ✓ companyHqGeo confirmed in URL.
2026-03-15 22:29:51,627 [INFO]   Page 0: 0 results — combination exhausted.
2026-03-15 22:29:51,630 [INFO]   Combination [1164353] → exhausted
2026-03-15 22:29:51,631 [INFO]   Waiting 120 s before next combination (anti-block)…
2026-03-15 22:31:51,381 [INFO] Combination [1164710] (8/20): Austria | Retail | 11-50 employees  (resume page 0)
2026-03-15 22:31:51,384 [INFO]   Navigating to: https://www.linkedin.com/search/results/companies/?origin=FACETED_SEARCH&companySize=["C"]&industryCompanyVertical=["27"]&companyHqGeo=%5B%22103883259%22%5D
2026-03-15 22:31:58,583 [INFO]   ✓ companyHqGeo confirmed in URL.
2026-03-15 22:32:01,751 [INFO]   Page 0: 10 on page | 5 new | 37 queued total
2026-03-15 22:32:19,805 [INFO]   Page 1: 10 on page | 0 new | 37 queued total
2026-03-15 22:32:39,385 [INFO]   Page 2: 10 on page | 0 new | 37 queued total
2026-03-15 22:32:56,040 [INFO]   Page 3: 10 on page | 0 new | 37 queued total
2026-03-15 22:33:16,206 [INFO]   Page 4: 10 on page | 0 new | 37 queued total
2026-03-15 22:33:33,596 [INFO]   Page 5: 10 on page | 0 new | 37 queued total
2026-03-15 22:33:51,360 [INFO]   Page 6: 10 on page | 0 new | 37 queued total
2026-03-15 22:34:08,985 [INFO]   Page 7: 10 on page | 0 new | 37 queued total
2026-03-15 22:34:25,245 [INFO]   Page 8: 10 on page | 0 new | 37 queued total
2026-03-15 22:34:39,392 [INFO]   Page 9: 10 on page | 0 new | 37 queued total
2026-03-15 22:34:47,349 [INFO]   Combination [1164710] → exhausted
2026-03-15 22:34:47,350 [INFO]   Waiting 105 s before next combination (anti-block)…
2026-03-15 22:36:32,847 [INFO] Combination [1164430] (9/20): Austria | Food and Beverage Services | 11-50 employees  (resume page 0)
2026-03-15 22:36:32,850 [INFO]   Navigating to: https://www.linkedin.com/search/results/companies/?origin=FACETED_SEARCH&companySize=["C"]&industryCompanyVertical=["2939"]&companyHqGeo=%5B%22103883259%22%5D
2026-03-15 22:36:38,496 [INFO]   ✓ companyHqGeo confirmed in URL.
2026-03-15 22:36:41,294 [INFO]   Page 0: 0 results — combination exhausted.
2026-03-15 22:36:41,308 [INFO]   Combination [1164430] → exhausted
2026-03-15 22:36:41,308 [INFO]   Waiting 105 s before next combination (anti-block)…
2026-03-15 22:38:26,403 [INFO] Combination [1164318] (10/20): Austria | Cybersecurity | 11-50 employees  (resume page 0)
2026-03-15 22:38:26,406 [INFO]   Navigating to: https://www.linkedin.com/search/results/companies/?origin=FACETED_SEARCH&companySize=["C"]&industryCompanyVertical=["2996"]&companyHqGeo=%5B%22103883259%22%5D
2026-03-15 22:38:32,826 [INFO]   ✓ companyHqGeo confirmed in URL.
2026-03-15 22:38:35,889 [INFO]   Page 0: 0 results — combination exhausted.
2026-03-15 22:38:35,894 [INFO]   Combination [1164318] → exhausted
2026-03-15 22:38:35,894 [INFO]   Extended rest 234 s after 10 combinations…
2026-03-15 22:42:30,268 [INFO] Combination [1164423] (11/20): Austria | Food and Beverage Manufacturing | 11-50 employees  (resume page 0)
2026-03-15 22:42:30,280 [INFO]   Navigating to: https://www.linkedin.com/search/results/companies/?origin=FACETED_SEARCH&companySize=["C"]&industryCompanyVertical=["3"]&companyHqGeo=%5B%22103883259%22%5D
2026-03-15 22:42:36,569 [INFO]   ✓ companyHqGeo confirmed in URL.
2026-03-15 22:42:39,107 [INFO]   Page 0: 10 on page | 10 new | 47 queued total
2026-03-15 22:42:54,858 [INFO]   Page 1: 10 on page | 0 new | 47 queued total
2026-03-15 22:43:17,156 [INFO]   Page 2: 10 on page | 0 new | 47 queued total
2026-03-15 22:43:34,635 [INFO]   Page 3: 10 on page | 0 new | 47 queued total
2026-03-15 22:43:50,327 [INFO]   Page 4: 10 on page | 0 new | 47 queued total
2026-03-15 22:44:06,731 [INFO]   Page 5: 10 on page | 0 new | 47 queued total
2026-03-15 22:44:23,047 [INFO]   Page 6: 10 on page | 0 new | 47 queued total
2026-03-15 22:44:41,487 [INFO]   Page 7: 10 on page | 0 new | 47 queued total
2026-03-15 22:44:56,090 [INFO]   Page 8: 10 on page | 0 new | 47 queued total
2026-03-15 22:45:16,428 [INFO]   Page 9: 10 on page | 0 new | 47 queued total
2026-03-15 22:45:23,620 [INFO]   Combination [1164423] → exhausted
2026-03-15 22:45:23,621 [INFO]   Waiting 79 s before next combination (anti-block)…
2026-03-15 22:46:42,488 [INFO] Combination [1164598] (12/20): Austria | Machinery Manufacturing | 11-50 employees  (resume page 0)
2026-03-15 22:46:42,501 [INFO]   Navigating to: https://www.linkedin.com/search/results/companies/?origin=FACETED_SEARCH&companySize=["C"]&industryCompanyVertical=["30"]&companyHqGeo=%5B%22103883259%22%5D
2026-03-15 22:46:51,254 [INFO]   ✓ companyHqGeo confirmed in URL.
2026-03-15 22:46:54,077 [INFO]   Page 0: 10 on page | 3 new | 50 queued total
2026-03-15 22:47:01,930 [INFO]   Combination [1164598] → in_progress
2026-03-15 22:47:02,027 [INFO] Discovery done: 50 new companies queued.
2026-03-15 22:47:02,028 [INFO] ─── 1 / 50 ───
2026-03-15 22:47:02,028 [INFO] Scraping: https://www.linkedin.com/company/prime-shoes-gmbh
2026-03-15 22:47:35,230 [INFO]   Domain: prime-shoes.com
2026-03-15 22:47:35,235 [INFO]   Employees for 'PRIME SHOES GmbH'…
2026-03-15 22:47:50,743 [INFO]   6 employees via DOM.
2026-03-15 22:47:50,751 [INFO]   ✓ PRIME SHOES GmbH                              | country: Austria         | domain: prime-shoes.com
2026-03-15 22:47:50,761 [INFO]   ✓ 6 employees saved.
2026-03-15 22:48:00,037 [INFO] ─── 2 / 50 ───
2026-03-15 22:48:00,038 [INFO] Scraping: https://www.linkedin.com/company/pfanner-austria-schutzbekleidung
2026-03-15 22:48:33,170 [INFO]   Domain: pfanner-austria.at
2026-03-15 22:48:33,174 [INFO]   Employees for 'Pfanner Austria Schutzbekleidung'…
2026-03-15 22:48:49,689 [INFO]   5 employees via DOM.
2026-03-15 22:48:49,700 [INFO]   ✓ Pfanner Austria Schutzbekleidung              | country: Austria         | domain: pfanner-austria.at
2026-03-15 22:48:49,707 [INFO]   ✓ 5 employees saved.
2026-03-15 22:49:03,886 [INFO] ─── 3 / 50 ───
2026-03-15 22:49:03,886 [INFO] Scraping: https://www.linkedin.com/company/phil-petter
2026-03-15 22:49:41,241 [INFO]   Domain: shop.philpetter.com
2026-03-15 22:49:41,247 [INFO]   Employees for 'Phil Petter Knitwear GmbH & Co KG'…
2026-03-15 22:49:57,531 [INFO]   4 employees via DOM.
2026-03-15 22:49:57,539 [INFO]   ✓ Phil Petter Knitwear GmbH & Co KG             | country: Austria         | domain: shop.philpetter.com
2026-03-15 22:49:57,544 [INFO]   ✓ 4 employees saved.
2026-03-15 22:50:05,583 [INFO] ─── 4 / 50 ───
2026-03-15 22:50:05,583 [INFO] Scraping: https://www.linkedin.com/company/eska-lederhandschuhfabrik-gesmbh-co-kg
2026-03-15 22:50:42,089 [INFO]   Domain: eskagloves.com
2026-03-15 22:50:42,093 [INFO]   Employees for 'Eska Gloves'…
2026-03-15 22:50:56,467 [INFO]   8 employees via DOM.
2026-03-15 22:50:56,473 [INFO]   ✓ Eska Gloves                                   | country: Austria         | domain: eskagloves.com
2026-03-15 22:50:56,482 [INFO]   ✓ 8 employees saved.
2026-03-15 22:51:07,997 [INFO] ─── 5 / 50 ───
2026-03-15 22:51:07,997 [INFO] Scraping: https://www.linkedin.com/company/oberhofer-uniform
2026-03-15 22:51:43,115 [INFO]   Domain: airlineuniform.com
2026-03-15 22:51:43,119 [INFO]   Employees for 'OBERHOFER GmbH & Co KG'…
2026-03-15 22:51:59,128 [INFO]   2 employees via DOM.
2026-03-15 22:51:59,134 [INFO]   ✓ OBERHOFER GmbH & Co KG                        | country: Austria         | domain: airlineuniform.com
2026-03-15 22:51:59,137 [INFO]   ✓ 2 employees saved.
2026-03-15 22:52:08,976 [INFO] ─── 6 / 50 ───
2026-03-15 22:52:08,977 [INFO] Scraping: https://www.linkedin.com/company/mond-of-copenhagen
2026-03-15 22:52:43,972 [INFO]   Domain: mond.com
2026-03-15 22:52:43,976 [INFO]   Employees for 'Mond.com'…
2026-03-15 22:53:00,140 [INFO]   7 employees via DOM.
2026-03-15 22:53:00,149 [INFO]   ✓ Mond.com                                      | country: Austria         | domain: mond.com
2026-03-15 22:53:00,157 [INFO]   ✓ 7 employees saved.
2026-03-15 22:53:10,844 [INFO] ─── 7 / 50 ───
2026-03-15 22:53:10,844 [INFO] Scraping: https://www.linkedin.com/company/spect-eyewear
2026-03-15 22:53:45,735 [INFO]   Domain: specteyewear.com
2026-03-15 22:53:45,739 [INFO]   Employees for 'Red Bull SPECT EYEWEAR'…
2026-03-15 22:54:00,584 [INFO]   8 employees via DOM.
2026-03-15 22:54:00,592 [INFO]   ✓ Red Bull SPECT EYEWEAR                        | country: Austria         | domain: specteyewear.com
2026-03-15 22:54:00,601 [INFO]   ✓ 8 employees saved.
2026-03-15 22:54:12,271 [INFO] ─── 8 / 50 ───
2026-03-15 22:54:12,271 [INFO] Scraping: https://www.linkedin.com/company/fristadsaustria
2026-03-15 22:54:47,841 [INFO]   Domain: fristads.com
2026-03-15 22:54:47,847 [INFO]   Employees for 'FRISTADS Alpine'…
2026-03-15 22:55:03,609 [INFO]   4 employees via DOM.
2026-03-15 22:55:03,615 [INFO]   ✓ FRISTADS Alpine                               | country: Austria         | domain: fristads.com
2026-03-15 22:55:03,619 [INFO]   ✓ 4 employees saved.
2026-03-15 22:55:14,356 [INFO] ─── 9 / 50 ───
2026-03-15 22:55:14,357 [INFO] Scraping: https://www.linkedin.com/company/qwstionthenorm
2026-03-15 22:55:50,943 [INFO]   Domain: qwstion.com
2026-03-15 22:55:50,948 [INFO]   Employees for 'QWSTION'…
2026-03-15 22:56:09,222 [INFO]   7 employees via DOM.
2026-03-15 22:56:09,239 [INFO]   ✓ QWSTION                                       | country: Austria         | domain: qwstion.com
2026-03-15 22:56:09,246 [INFO]   ✓ 7 employees saved.
2026-03-15 22:56:18,150 [INFO] ─── 10 / 50 ───
2026-03-15 22:56:18,150 [INFO] Scraping: https://www.linkedin.com/company/hypeneedz
2026-03-15 22:56:51,631 [INFO]   Domain: hypeneedz.com
2026-03-15 22:56:51,635 [INFO]   Employees for 'HYPENEEDZ'…
2026-03-15 22:57:07,349 [INFO]   4 employees via DOM.
2026-03-15 22:57:07,358 [INFO]   ✓ HYPENEEDZ                                     | country: Austria         | domain: hypeneedz.com
2026-03-15 22:57:07,362 [INFO]   ✓ 4 employees saved.
2026-03-15 22:57:20,683 [INFO] ─── 11 / 50 ───
2026-03-15 22:57:20,683 [INFO] Scraping: https://www.linkedin.com/company/am-hof-8
2026-03-15 22:57:56,765 [INFO]   Domain: amhof8.com
2026-03-15 22:57:56,769 [INFO]   Employees for 'Am Hof 8 - Private Members Club'…
2026-03-15 22:58:10,558 [INFO]   7 employees via DOM.
2026-03-15 22:58:10,564 [INFO]   ✓ Am Hof 8 - Private Members Club               | country: Austria         | domain: amhof8.com
2026-03-15 22:58:10,572 [INFO]   ✓ 7 employees saved.
2026-03-15 22:58:24,061 [INFO] ─── 12 / 50 ───
2026-03-15 22:58:24,062 [INFO] Scraping: https://www.linkedin.com/company/dessertmanufaktur-goettinger
2026-03-15 22:59:01,183 [INFO]   Domain: goettinger.com
2026-03-15 22:59:01,188 [INFO]   Employees for 'Dessertmanufaktur Göttinger'…
2026-03-15 22:59:19,564 [INFO]   3 employees via DOM.
2026-03-15 22:59:19,582 [INFO]   ✓ Dessertmanufaktur Göttinger                   | country: Austria         | domain: goettinger.com
2026-03-15 22:59:19,588 [INFO]   ✓ 3 employees saved.
2026-03-15 22:59:34,135 [INFO] ─── 13 / 50 ───
2026-03-15 22:59:34,135 [INFO] Scraping: https://www.linkedin.com/company/schrankerl
2026-03-15 23:00:09,605 [INFO]   Domain: schrankerl.at
2026-03-15 23:00:09,610 [INFO]   Employees for 'Schrankerl'…
2026-03-15 23:00:25,086 [INFO]   8 employees via DOM.
2026-03-15 23:00:25,092 [INFO]   ✓ Schrankerl                                    | country: Austria         | domain: schrankerl.at
2026-03-15 23:00:25,104 [INFO]   ✓ 8 employees saved.
2026-03-15 23:00:36,114 [INFO] ─── 14 / 50 ───
2026-03-15 23:00:36,114 [INFO] Scraping: https://www.linkedin.com/company/lifestylehotels
2026-03-15 23:01:07,956 [INFO]   Domain: lifestylehotels.net
2026-03-15 23:01:07,960 [INFO]   Employees for 'Lifestylehotels™'…
2026-03-15 23:01:25,445 [INFO]   4 employees via DOM.
2026-03-15 23:01:25,461 [INFO]   ✓ Lifestylehotels™                              | country: Austria         | domain: lifestylehotels.net
2026-03-15 23:01:25,465 [INFO]   ✓ 4 employees saved.
2026-03-15 23:01:34,194 [INFO] ─── 15 / 50 ───
2026-03-15 23:01:34,194 [INFO] Scraping: https://www.linkedin.com/company/koncepthotels
2026-03-15 23:02:11,393 [INFO]   Domain: koncepthotels.com
2026-03-15 23:02:11,397 [INFO]   Employees for 'KONCEPT HOTELS'…
2026-03-15 23:02:27,362 [INFO]   8 employees via DOM.
2026-03-15 23:02:27,368 [INFO]   ✓ KONCEPT HOTELS                                | country: Austria         | domain: koncepthotels.com
2026-03-15 23:02:27,380 [INFO]   ✓ 8 employees saved.
2026-03-15 23:02:39,462 [INFO] ─── 16 / 50 ───
2026-03-15 23:02:39,463 [INFO] Scraping: https://www.linkedin.com/company/iseki-food
2026-03-15 23:03:13,391 [INFO]   Domain: iseki-food.net
2026-03-15 23:03:13,394 [INFO]   Employees for 'ISEKI-Food Association'…
2026-03-15 23:03:28,939 [INFO]   7 employees via DOM.
2026-03-15 23:03:28,948 [INFO]   ✓ ISEKI-Food Association                        | country: Austria         | domain: iseki-food.net
2026-03-15 23:03:28,959 [INFO]   ✓ 7 employees saved.
2026-03-15 23:03:43,954 [INFO] ─── 17 / 50 ───
2026-03-15 23:03:43,954 [INFO] Scraping: https://www.linkedin.com/company/ham-hospitality-advisors
2026-03-15 23:04:21,372 [INFO]   Domain: h-a-m.at
2026-03-15 23:04:21,377 [INFO]   Employees for 'HAM independent hospitality & tourism advisors'…
2026-03-15 23:04:38,439 [INFO]   6 employees via DOM.
2026-03-15 23:04:38,446 [INFO]   ✓ HAM independent hospitality & tourism advisors | country: Austria         | domain: h-a-m.at
2026-03-15 23:04:38,455 [INFO]   ✓ 6 employees saved.
2026-03-15 23:04:47,371 [INFO] ─── 18 / 50 ───
2026-03-15 23:04:47,372 [INFO] Scraping: https://www.linkedin.com/company/gransier-associates
2026-03-15 23:05:21,815 [INFO]   Domain: gransier.com
2026-03-15 23:05:21,819 [INFO]   Employees for 'G&A • Gransier & Associates'…
2026-03-15 23:05:35,363 [INFO]   2 employees via DOM.
2026-03-15 23:05:35,371 [INFO]   ✓ G&A • Gransier & Associates                   | country: Austria         | domain: gransier.com
2026-03-15 23:05:35,373 [INFO]   ✓ 2 employees saved.
2026-03-15 23:05:48,609 [INFO] ─── 19 / 50 ───
2026-03-15 23:05:48,609 [INFO] Scraping: https://www.linkedin.com/company/arena-international-events-group
2026-03-15 23:06:23,314 [INFO]   Domain: arena-international.com
2026-03-15 23:06:23,320 [INFO]   Employees for 'Arena International Events Group'…
2026-03-15 23:06:39,188 [INFO]   10 employees via DOM.
2026-03-15 23:06:39,205 [INFO]   ✓ Arena International Events Group              | country: Austria         | domain: arena-international.com
2026-03-15 23:06:39,221 [INFO]   ✓ 10 employees saved.
2026-03-15 23:06:52,812 [INFO] ─── 20 / 50 ───
2026-03-15 23:06:52,812 [INFO] Scraping: https://www.linkedin.com/company/oesterreichische-hotelvereinigung
2026-03-15 23:07:29,262 [INFO]   Domain: oehv.at
2026-03-15 23:07:29,266 [INFO]   Employees for 'Austrian Hotel Association'…
2026-03-15 23:07:42,469 [INFO]   8 employees via DOM.
2026-03-15 23:07:42,475 [INFO]   ✓ Austrian Hotel Association                    | country: Austria         | domain: oehv.at
2026-03-15 23:07:42,491 [INFO]   ✓ 8 employees saved.
2026-03-15 23:07:53,032 [INFO] ─── 21 / 50 ───
2026-03-15 23:07:53,032 [INFO] Scraping: https://www.linkedin.com/company/stayspiced
2026-03-15 23:08:30,345 [INFO]   Domain: stayspiced.com
2026-03-15 23:08:30,350 [INFO]   Employees for 'STAY SPICED !'…
2026-03-15 23:08:47,453 [INFO]   7 employees via DOM.
2026-03-15 23:08:47,472 [INFO]   ✓ STAY SPICED !                                 | country: Austria         | domain: stayspiced.com
2026-03-15 23:08:47,480 [INFO]   ✓ 7 employees saved.
2026-03-15 23:08:56,632 [INFO] ─── 22 / 50 ───
2026-03-15 23:08:56,632 [INFO] Scraping: https://www.linkedin.com/company/unverschwendet
2026-03-15 23:09:33,052 [INFO]   Domain: unverschwendet.at
2026-03-15 23:09:33,057 [INFO]   Employees for 'Unverschwendet'…
2026-03-15 23:09:47,793 [INFO]   8 employees via DOM.
2026-03-15 23:09:47,800 [INFO]   ✓ Unverschwendet                                | country: Austria         | domain: unverschwendet.at
2026-03-15 23:09:47,808 [INFO]   ✓ 8 employees saved.
2026-03-15 23:10:01,229 [INFO] ─── 23 / 50 ───
2026-03-15 23:10:01,230 [INFO] Scraping: https://www.linkedin.com/company/neohinternational
2026-03-15 23:10:36,440 [INFO]   Domain: neoh.com
2026-03-15 23:10:36,445 [INFO]   Employees for 'NEOH'…
2026-03-15 23:10:52,783 [INFO]   8 employees via DOM.
2026-03-15 23:10:52,799 [INFO]   ✓ NEOH                                          | country: Austria         | domain: neoh.com
2026-03-15 23:10:52,810 [INFO]   ✓ 8 employees saved.
2026-03-15 23:11:03,665 [INFO] ─── 24 / 50 ───
2026-03-15 23:11:03,666 [INFO] Scraping: https://www.linkedin.com/company/markta-at
2026-03-15 23:11:39,233 [INFO]   Domain: markta.at
2026-03-15 23:11:39,237 [INFO]   Employees for 'markta.at'…
2026-03-15 23:12:01,192 [INFO]   4 employees via DOM.
2026-03-15 23:12:01,198 [INFO]   ✓ markta.at                                     | country: Austria         | domain: markta.at
2026-03-15 23:12:01,206 [INFO]   ✓ 4 employees saved.
2026-03-15 23:12:15,462 [INFO] ─── 25 / 50 ───
2026-03-15 23:12:15,463 [INFO] Scraping: https://www.linkedin.com/company/miind-gmbh
2026-03-15 23:12:50,121 [INFO]   Domain: miind.at
2026-03-15 23:12:50,125 [INFO]   Employees for 'MIIND GmbH'…
2026-03-15 23:13:08,163 [INFO]   3 employees via DOM.
2026-03-15 23:13:08,170 [INFO]   ✓ MIIND GmbH                                    | country: Austria         | domain: miind.at
2026-03-15 23:13:08,174 [INFO]   ✓ 3 employees saved.
2026-03-15 23:13:20,121 [INFO] ─── 26 / 50 ───
2026-03-15 23:13:20,121 [INFO] Scraping: https://www.linkedin.com/company/originalkalea
2026-03-15 23:13:54,170 [INFO]   Domain: kalea.com
2026-03-15 23:13:54,174 [INFO]   Employees for 'Kalea'…
2026-03-15 23:14:09,633 [INFO]   3 employees via DOM.
2026-03-15 23:14:09,642 [INFO]   ✓ Kalea                                         | country: Austria         | domain: kalea.com
2026-03-15 23:14:09,649 [INFO]   ✓ 3 employees saved.
2026-03-15 23:14:17,987 [INFO] ─── 27 / 50 ───
2026-03-15 23:14:17,988 [INFO] Scraping: https://www.linkedin.com/company/%C3%B6lm%C3%BChle-fandler-gmbh
2026-03-15 23:14:53,062 [INFO]   Domain: fandler.at
2026-03-15 23:14:53,066 [INFO]   Employees for 'Ölmühle Fandler GmbH'…
2026-03-15 23:15:10,535 [INFO]   7 employees via DOM.
2026-03-15 23:15:10,552 [INFO]   ✓ Ölmühle Fandler GmbH                          | country: Austria         | domain: fandler.at
2026-03-15 23:15:10,564 [INFO]   ✓ 7 employees saved.
2026-03-15 23:15:23,024 [INFO] ─── 28 / 50 ───
2026-03-15 23:15:23,024 [INFO] Scraping: https://www.linkedin.com/company/erber-edelbrand-brennh%C3%A4usl
2026-03-15 23:15:58,536 [INFO]   Domain: erber-edelbrand.com
2026-03-15 23:15:58,539 [INFO]   Employees for 'Erber Edelbrand | Brennhäusl'…
2026-03-15 23:16:13,477 [INFO]   0 employees via DOM.
2026-03-15 23:16:13,487 [INFO]   ✓ Erber Edelbrand | Brennhäusl                  | country: Austria         | domain: erber-edelbrand.com
2026-03-15 23:16:22,275 [INFO] ─── 29 / 50 ───
2026-03-15 23:16:22,275 [INFO] Scraping: https://www.linkedin.com/company/afreshed
2026-03-15 23:16:57,631 [INFO]   Domain: afreshed.at
2026-03-15 23:16:57,634 [INFO]   Employees for 'afreshed®'…
2026-03-15 23:17:14,548 [INFO]   5 employees via DOM.
2026-03-15 23:17:14,565 [INFO]   ✓ afreshed®                                     | country: Austria         | domain: afreshed.at
2026-03-15 23:17:14,576 [INFO]   ✓ 5 employees saved.
2026-03-15 23:17:23,076 [INFO] ─── 30 / 50 ───
2026-03-15 23:17:23,076 [INFO] Scraping: https://www.linkedin.com/company/deli-dip
2026-03-15 23:17:58,740 [INFO]   Domain: delidip.com
2026-03-15 23:17:58,744 [INFO]   Employees for 'deli dip'…
2026-03-15 23:18:16,214 [INFO]   2 employees via DOM.
2026-03-15 23:18:16,234 [INFO]   ✓ deli dip                                      | country: Austria         | domain: delidip.com
2026-03-15 23:18:16,237 [INFO]   ✓ 2 employees saved.
2026-03-15 23:18:26,485 [INFO] ─── 31 / 50 ───
2026-03-15 23:18:26,485 [INFO] Scraping: https://www.linkedin.com/company/adriana-reinigungsservice-eu
2026-03-15 23:18:59,884 [INFO]   Domain: adriana-reinigungsservice.at
2026-03-15 23:18:59,889 [INFO]   Employees for 'Adriana Reinigungsservice e.U.'…
2026-03-15 23:19:15,067 [INFO]   2 employees via DOM.
2026-03-15 23:19:15,074 [INFO]   ✓ Adriana Reinigungsservice e.U.                | country: Austria         | domain: adriana-reinigungsservice.at
2026-03-15 23:19:15,077 [INFO]   ✓ 2 employees saved.
2026-03-15 23:19:25,521 [INFO] ─── 32 / 50 ───
2026-03-15 23:19:25,522 [INFO] Scraping: https://www.linkedin.com/company/putzerei-klaus
2026-03-15 23:20:02,276 [INFO]   Domain: putzerei-klaus.at
2026-03-15 23:20:02,280 [INFO]   Employees for 'Putzerei Klaus'…
2026-03-15 23:20:16,389 [INFO]   2 employees via DOM.
2026-03-15 23:20:16,407 [INFO]   ✓ Putzerei Klaus                                | country: Austria         | domain: putzerei-klaus.at
2026-03-15 23:20:16,410 [INFO]   ✓ 2 employees saved.
2026-03-15 23:20:26,903 [INFO] ─── 33 / 50 ───
2026-03-15 23:20:26,904 [INFO] Scraping: https://www.linkedin.com/company/reiter-design-gmbh
2026-03-15 23:21:02,418 [INFO]   Domain: reiter.design
2026-03-15 23:21:02,421 [INFO]   Employees for 'reiter design gmbh'…
2026-03-15 23:21:17,926 [INFO]   10 employees via DOM.
2026-03-15 23:21:17,936 [INFO]   ✓ reiter design gmbh                            | country: Austria         | domain: reiter.design
2026-03-15 23:21:17,947 [INFO]   ✓ 10 employees saved.
2026-03-15 23:21:29,767 [INFO] ─── 34 / 50 ───
2026-03-15 23:21:29,768 [INFO] Scraping: https://www.linkedin.com/company/orderman
2026-03-15 23:22:04,935 [INFO]   Domain: orderman.com
2026-03-15 23:22:04,940 [INFO]   Employees for 'Orderman'…
2026-03-15 23:22:21,290 [INFO]   10 employees via DOM.
2026-03-15 23:22:21,299 [INFO]   ✓ Orderman                                      | country: Austria         | domain: orderman.com
2026-03-15 23:22:21,314 [INFO]   ✓ 10 employees saved.
2026-03-15 23:22:31,610 [INFO] ─── 35 / 50 ───
2026-03-15 23:22:31,610 [INFO] Scraping: https://www.linkedin.com/company/meavo
2026-03-15 23:23:07,754 [INFO]   Domain: meavo.com
2026-03-15 23:23:07,759 [INFO]   Employees for 'MEAVO Office Phone Booths'…
2026-03-15 23:23:25,664 [INFO]   9 employees via DOM.
2026-03-15 23:23:25,673 [INFO]   ✓ MEAVO Office Phone Booths                     | country: Austria         | domain: meavo.com
2026-03-15 23:23:25,683 [INFO]   ✓ 9 employees saved.
2026-03-15 23:23:38,302 [INFO] ─── 36 / 50 ───
2026-03-15 23:23:38,302 [INFO] Scraping: https://www.linkedin.com/company/vibemovesyou
2026-03-15 23:24:14,127 [INFO]   Domain: vibemovesyou.com
2026-03-15 23:24:14,131 [INFO]   Employees for 'vibe moves you'…
2026-03-15 23:24:28,758 [INFO]   10 employees via DOM.
2026-03-15 23:24:28,765 [INFO]   ✓ vibe moves you                                | country: Austria         | domain: vibemovesyou.com
2026-03-15 23:24:28,779 [INFO]   ✓ 10 employees saved.
2026-03-15 23:24:37,053 [INFO] ─── 37 / 50 ───
2026-03-15 23:24:37,053 [INFO] Scraping: https://www.linkedin.com/company/3dmensionals
2026-03-15 23:25:12,637 [INFO]   Domain: 3dmensionals.de
2026-03-15 23:25:12,641 [INFO]   Employees for '3Dmensionals'…
2026-03-15 23:25:30,586 [INFO]   10 employees via DOM.
2026-03-15 23:25:30,592 [INFO]   ✓ 3Dmensionals                                  | country: Austria         | domain: 3dmensionals.de
2026-03-15 23:25:30,603 [INFO]   ✓ 10 employees saved.
2026-03-15 23:25:41,762 [INFO] ─── 38 / 50 ───
2026-03-15 23:25:41,762 [INFO] Scraping: https://www.linkedin.com/company/mikka-gmbh
2026-03-15 23:26:19,258 [INFO]   Domain: mikka.com
2026-03-15 23:26:19,262 [INFO]   Employees for 'MIKKA GmbH'…
2026-03-15 23:26:36,201 [INFO]   7 employees via DOM.
2026-03-15 23:26:36,207 [INFO]   ✓ MIKKA GmbH                                    | country: Austria         | domain: mikka.com
2026-03-15 23:26:36,215 [INFO]   ✓ 7 employees saved.
2026-03-15 23:26:44,519 [INFO] ─── 39 / 50 ───
2026-03-15 23:26:44,519 [INFO] Scraping: https://www.linkedin.com/company/alpine-quantum-technologies-gmbh
2026-03-15 23:27:26,476 [INFO]   Domain: aqt.eu
2026-03-15 23:27:26,480 [INFO]   Employees for 'AQT'…
2026-03-15 23:27:41,352 [INFO]   6 employees via DOM.
2026-03-15 23:27:41,370 [INFO]   ✓ AQT                                           | country: Austria         | domain: aqt.eu
2026-03-15 23:27:41,381 [INFO]   ✓ 6 employees saved.
2026-03-15 23:27:52,939 [INFO] ─── 40 / 50 ───
2026-03-15 23:27:52,940 [INFO] Scraping: https://www.linkedin.com/company/tl-electronic-gmbh
2026-03-15 23:28:27,412 [INFO]   Domain: tl-electronic.de
2026-03-15 23:28:27,416 [INFO]   Employees for 'TL Electronic GmbH'…
2026-03-15 23:28:44,863 [INFO]   9 employees via DOM.
2026-03-15 23:28:44,869 [INFO]   ✓ TL Electronic GmbH                            | country: Austria         | domain: tl-electronic.de
2026-03-15 23:28:44,879 [INFO]   ✓ 9 employees saved.
2026-03-15 23:28:54,818 [INFO] ─── 41 / 50 ───
2026-03-15 23:28:54,818 [INFO] Scraping: https://www.linkedin.com/company/fragmentix-storage-solutions-gmbh
2026-03-15 23:29:31,041 [INFO]   Domain: fragmentix.com
2026-03-15 23:29:31,045 [INFO]   Employees for 'fragmentiX'…
2026-03-15 23:29:48,841 [INFO]   8 employees via DOM.
2026-03-15 23:29:48,849 [INFO]   ✓ fragmentiX                                    | country: Austria         | domain: fragmentix.com
2026-03-15 23:29:48,859 [INFO]   ✓ 8 employees saved.
2026-03-15 23:29:57,023 [INFO] ─── 42 / 50 ───
2026-03-15 23:29:57,024 [INFO] Scraping: https://www.linkedin.com/company/backbone-io
2026-03-15 23:30:34,188 [INFO]   Domain: backbone.io
2026-03-15 23:30:34,191 [INFO]   Employees for 'BACKBONE'…
2026-03-15 23:30:53,987 [INFO]   10 employees via DOM.
2026-03-15 23:30:54,005 [INFO]   ✓ BACKBONE                                      | country: Austria         | domain: backbone.io
2026-03-15 23:30:54,019 [INFO]   ✓ 10 employees saved.
2026-03-15 23:31:05,589 [INFO] ─── 43 / 50 ───
2026-03-15 23:31:05,589 [INFO] Scraping: https://www.linkedin.com/company/extoll
2026-03-15 23:31:39,350 [INFO]   Domain: extoll.com
2026-03-15 23:31:39,354 [INFO]   Employees for 'EXTOLL GmbH'…
2026-03-15 23:31:54,363 [INFO]   9 employees via DOM.
2026-03-15 23:31:54,370 [INFO]   ✓ EXTOLL GmbH                                   | country: Austria         | domain: extoll.com
2026-03-15 23:31:54,388 [INFO]   ✓ 9 employees saved.
2026-03-15 23:32:09,217 [INFO] ─── 44 / 50 ───
2026-03-15 23:32:09,218 [INFO] Scraping: https://www.linkedin.com/company/benq-business
2026-03-15 23:32:43,251 [INFO]   Domain: benq.eu
2026-03-15 23:32:43,255 [INFO]   Employees for 'BenQ DACH'…
2026-03-15 23:33:00,914 [INFO]   10 employees via DOM.
2026-03-15 23:33:00,921 [INFO]   ✓ BenQ DACH                                     | country: Austria         | domain: benq.eu
2026-03-15 23:33:00,932 [INFO]   ✓ 10 employees saved.
2026-03-15 23:33:10,369 [INFO] ─── 45 / 50 ───
2026-03-15 23:33:10,369 [INFO] Scraping: https://www.linkedin.com/company/beetronics
2026-03-15 23:33:47,263 [INFO]   Domain: beetronics.com
2026-03-15 23:33:47,266 [INFO]   Employees for 'Beetronics'…
2026-03-15 23:34:04,463 [INFO]   9 employees via DOM.
2026-03-15 23:34:04,480 [INFO]   ✓ Beetronics                                    | country: Austria         | domain: beetronics.com
2026-03-15 23:34:04,492 [INFO]   ✓ 9 employees saved.
2026-03-15 23:34:15,147 [INFO] ─── 46 / 50 ───
2026-03-15 23:34:15,148 [INFO] Scraping: https://www.linkedin.com/company/cyberith
2026-03-15 23:34:51,148 [INFO]   Domain: cyberith.com
2026-03-15 23:34:51,153 [INFO]   Employees for 'Cyberith'…
2026-03-15 23:35:06,467 [INFO]   4 employees via DOM.
2026-03-15 23:35:06,474 [INFO]   ✓ Cyberith                                      | country: Austria         | domain: cyberith.com
2026-03-15 23:35:06,479 [INFO]   ✓ 4 employees saved.
2026-03-15 23:35:17,008 [INFO] ─── 47 / 50 ───
2026-03-15 23:35:17,008 [INFO] Scraping: https://www.linkedin.com/company/novarion
2026-03-15 23:35:51,727 [INFO]   Domain: novarion.systems
2026-03-15 23:35:51,731 [INFO]   Employees for 'Novarion Systems'…
2026-03-15 23:36:08,421 [INFO]   7 employees via DOM.
2026-03-15 23:36:08,438 [INFO]   ✓ Novarion Systems                              | country: Austria         | domain: novarion.systems
2026-03-15 23:36:08,446 [INFO]   ✓ 7 employees saved.
2026-03-15 23:36:18,151 [INFO] ─── 48 / 50 ───
2026-03-15 23:36:18,152 [INFO] Scraping: https://www.linkedin.com/company/lueftner-cruises
2026-03-15 23:36:53,091 [INFO]   Domain: lueftner-cruises.com
2026-03-15 23:36:53,094 [INFO]   Employees for 'Lueftner Cruises'…
2026-03-15 23:37:08,196 [INFO]   5 employees via DOM.
2026-03-15 23:37:08,203 [INFO]   ✓ Lueftner Cruises                              | country: Austria         | domain: lueftner-cruises.com
2026-03-15 23:37:08,209 [INFO]   ✓ 5 employees saved.
2026-03-15 23:37:19,146 [INFO] ─── 49 / 50 ───
2026-03-15 23:37:19,147 [INFO] Scraping: https://www.linkedin.com/company/seilbahn-net-ropeways-net
2026-03-15 23:37:54,083 [INFO]   Domain: seilbahn.net
2026-03-15 23:37:54,086 [INFO]   Employees for 'Ropeways.net'…
2026-03-15 23:38:09,882 [INFO]   1 employees via DOM.
2026-03-15 23:38:09,905 [INFO]   ✓ Ropeways.net                                  | country: Austria         | domain: seilbahn.net
2026-03-15 23:38:09,906 [INFO]   ✓ 1 employees saved.
2026-03-15 23:38:19,748 [INFO] ─── 50 / 50 ───
2026-03-15 23:38:19,749 [INFO] Scraping: https://www.linkedin.com/company/amazedm
2026-03-15 23:38:55,422 [INFO]   Domain: amazedm.com
2026-03-15 23:38:55,426 [INFO]   Employees for 'Amaze - Destination managed'…
2026-03-15 23:39:10,834 [INFO]   10 employees via DOM.
2026-03-15 23:39:10,841 [INFO]   ✓ Amaze - Destination managed                   | country: Austria         | domain: amazedm.com
2026-03-15 23:39:10,856 [INFO]   ✓ 10 employees saved.
2026-03-15 23:39:20,989 [INFO] CSV: criteria_countries.csv               47 rows
2026-03-15 23:39:20,990 [INFO] CSV: criteria_industries.csv              168 rows
2026-03-15 23:39:20,991 [INFO] CSV: criteria_sizes.csv                   8 rows
2026-03-15 23:39:21,306 [INFO] CSV: search_combinations.csv              27412 rows
2026-03-15 23:39:21,315 [INFO] CSV: companies.csv                        100 rows
2026-03-15 23:39:21,326 [INFO] CSV: employees.csv                        612 rows
2026-03-15 23:39:21,341 [INFO] === Done ===
2026-03-21 19:04:57,620 [INFO] === LinkedIn Scraper v4.1 ===
2026-03-21 19:04:57,638 [INFO] Database ready: linkedin_data.db
2026-03-21 19:04:57,640 [INFO] Criteria tables: {'countries': 47, 'industries': 168, 'sizes': 8}
2026-03-21 19:04:57,864 [INFO] Cleared 27293 pending combinations — rebuilding with current sort order.
2026-03-21 19:04:58,134 [INFO] search_combinations: 27293 new rows added | 27412 total in queue
2026-03-21 19:04:58,141 [INFO] Queue: exhausted: 118 | in_progress: 1 | pending: 27293
2026-03-21 19:05:07,211 [INFO] Cookies copied → C:\Users\sandeep\AppData\Local\linkedin_scraper_profile
2026-03-21 19:05:16,988 [INFO] LinkedIn session active — no login needed.
2026-03-21 19:05:17,002 [INFO] Companies already in DB: 100 (will be skipped)
2026-03-21 19:05:17,763 [INFO] Combination [1164598] (1/20): Austria | Machinery Manufacturing | 11-50 employees  (resume page 1)
2026-03-21 19:05:17,766 [INFO]   Navigating to: https://www.linkedin.com/search/results/companies/?origin=FACETED_SEARCH&companySize=["C"]&industryCompanyVertical=["30"]&companyHqGeo=%5B%22103883259%22%5D
2026-03-21 19:05:27,181 [INFO]   ✓ companyHqGeo confirmed in URL.
2026-03-21 19:05:39,477 [INFO]   Page 1: 10 on page | 7 new | 7 queued total
2026-03-21 19:05:57,293 [INFO]   Page 2: 10 on page | 0 new | 7 queued total
2026-03-21 19:06:13,783 [INFO]   Page 3: 10 on page | 0 new | 7 queued total
2026-03-21 19:06:30,800 [INFO]   Page 4: 10 on page | 0 new | 7 queued total
2026-03-21 19:06:44,059 [INFO]   Page 5: 10 on page | 0 new | 7 queued total
2026-03-21 19:07:01,669 [INFO]   Page 6: 10 on page | 0 new | 7 queued total
2026-03-21 19:07:19,968 [INFO]   Page 7: 10 on page | 0 new | 7 queued total
2026-03-21 19:07:35,559 [INFO]   Page 8: 10 on page | 0 new | 7 queued total
2026-03-21 19:07:50,802 [INFO]   Page 9: 10 on page | 0 new | 7 queued total
2026-03-21 19:07:55,095 [INFO]   Combination [1164598] → exhausted
2026-03-21 19:07:55,096 [INFO]   Waiting 74 s before next combination (anti-block)…
2026-03-21 19:09:09,274 [INFO] Combination [1195811] (2/20): Austria | Cosmetics | 11-50 employees  (resume page 0)
2026-03-21 19:09:09,277 [INFO]   Navigating to: https://www.linkedin.com/search/results/companies/?origin=FACETED_SEARCH&companySize=["C"]&industryCompanyVertical=["31"]&companyHqGeo=%5B%22103883259%22%5D
2026-03-21 19:09:15,262 [INFO]   ✓ companyHqGeo confirmed in URL.
2026-03-21 19:09:17,623 [INFO]   Page 0: 10 on page | 3 new | 10 queued total
2026-03-21 19:09:32,287 [INFO]   Page 1: 10 on page | 0 new | 10 queued total
2026-03-21 19:09:47,246 [INFO]   Page 2: 10 on page | 0 new | 10 queued total
2026-03-21 19:10:04,469 [INFO]   Page 3: 10 on page | 0 new | 10 queued total
2026-03-21 19:10:21,536 [INFO]   Page 4: 10 on page | 0 new | 10 queued total
2026-03-21 19:10:39,599 [INFO]   Page 5: 10 on page | 0 new | 10 queued total
2026-03-21 19:10:56,632 [INFO]   Page 6: 10 on page | 0 new | 10 queued total
2026-03-21 19:11:16,082 [INFO]   Page 7: 10 on page | 0 new | 10 queued total
2026-03-21 19:11:33,310 [INFO]   Page 8: 10 on page | 0 new | 10 queued total
2026-03-21 19:11:49,381 [INFO]   Page 9: 10 on page | 0 new | 10 queued total
2026-03-21 19:11:54,400 [INFO]   Combination [1195811] → exhausted
2026-03-21 19:11:54,401 [INFO]   Waiting 102 s before next combination (anti-block)…
2026-03-21 19:13:36,826 [INFO] Combination [1195692] (3/20): Austria | Blockchain Services | 11-50 employees  (resume page 0)
2026-03-21 19:13:36,828 [INFO]   Navigating to: https://www.linkedin.com/search/results/companies/?origin=FACETED_SEARCH&companySize=["C"]&industryCompanyVertical=["3130"]&companyHqGeo=%5B%22103883259%22%5D
2026-03-21 19:13:45,649 [INFO]   ✓ companyHqGeo confirmed in URL.
2026-03-21 19:13:48,666 [INFO]   Page 0: 3 on page | 3 new | 13 queued total
2026-03-21 19:14:03,155 [INFO]   Page 1: 3 on page | 0 new | 13 queued total
2026-03-21 19:14:18,130 [INFO]   Page 2: 3 on page | 0 new | 13 queued total
2026-03-21 19:14:31,587 [INFO]   Page 3: 3 on page | 0 new | 13 queued total
2026-03-21 19:14:49,363 [INFO]   Page 4: 3 on page | 0 new | 13 queued total
2026-03-21 19:15:02,794 [INFO]   Page 5: 3 on page | 0 new | 13 queued total
2026-03-21 19:15:16,982 [INFO]   Page 6: 3 on page | 0 new | 13 queued total
2026-03-21 19:15:35,972 [INFO]   Page 7: 3 on page | 0 new | 13 queued total
2026-03-21 19:15:55,282 [INFO]   Page 8: 3 on page | 0 new | 13 queued total
2026-03-21 19:16:11,334 [INFO]   Page 9: 3 on page | 0 new | 13 queued total
2026-03-21 19:16:16,093 [INFO]   Combination [1195692] → exhausted
2026-03-21 19:16:16,093 [INFO]   Waiting 116 s before next combination (anti-block)…
2026-03-21 19:18:12,520 [INFO] Combination [1195972] (4/20): Austria | Hospitality | 11-50 employees  (resume page 0)
2026-03-21 19:18:12,521 [INFO]   Navigating to: https://www.linkedin.com/search/results/companies/?origin=FACETED_SEARCH&companySize=["C"]&industryCompanyVertical=["32"]&companyHqGeo=%5B%22103883259%22%5D
2026-03-21 19:18:21,551 [INFO]   ✓ companyHqGeo confirmed in URL.
2026-03-21 19:18:24,038 [INFO]   Page 0: 10 on page | 10 new | 23 queued total
2026-03-21 19:18:37,982 [INFO]   Page 1: 10 on page | 0 new | 23 queued total
2026-03-21 19:18:54,117 [INFO]   Page 2: 10 on page | 0 new | 23 queued total
2026-03-21 19:19:10,831 [INFO]   Page 3: 10 on page | 0 new | 23 queued total
2026-03-21 19:19:28,213 [INFO]   Page 4: 10 on page | 0 new | 23 queued total
2026-03-21 19:19:43,478 [INFO]   Page 5: 10 on page | 0 new | 23 queued total
2026-03-21 19:20:01,493 [INFO]   Page 6: 10 on page | 0 new | 23 queued total
2026-03-21 19:20:18,286 [INFO]   Page 7: 10 on page | 0 new | 23 queued total
2026-03-21 19:20:34,200 [INFO]   Page 8: 10 on page | 0 new | 23 queued total
2026-03-21 19:20:49,508 [INFO]   Page 9: 10 on page | 0 new | 23 queued total
2026-03-21 19:20:54,430 [INFO]   Combination [1195972] → exhausted
2026-03-21 19:20:54,431 [INFO]   Waiting 64 s before next combination (anti-block)…
2026-03-21 19:21:58,522 [INFO] Combination [1196126] (5/20): Austria | Media Production | 11-50 employees  (resume page 0)
2026-03-21 19:21:58,524 [INFO]   Navigating to: https://www.linkedin.com/search/results/companies/?origin=FACETED_SEARCH&companySize=["C"]&industryCompanyVertical=["33"]&companyHqGeo=%5B%22103883259%22%5D
2026-03-21 19:22:05,358 [INFO]   ✓ companyHqGeo confirmed in URL.
2026-03-21 19:22:08,257 [INFO]   Page 0: 10 on page | 10 new | 33 queued total
2026-03-21 19:22:26,744 [INFO]   Page 1: 10 on page | 0 new | 33 queued total
2026-03-21 19:22:44,387 [INFO]   Page 2: 10 on page | 0 new | 33 queued total
2026-03-21 19:23:02,612 [INFO]   Page 3: 10 on page | 0 new | 33 queued total
2026-03-21 19:23:16,582 [INFO]   Page 4: 10 on page | 0 new | 33 queued total
2026-03-21 19:23:32,066 [INFO]   Page 5: 10 on page | 0 new | 33 queued total
2026-03-21 19:23:46,479 [INFO]   Page 6: 10 on page | 0 new | 33 queued total
2026-03-21 19:24:03,672 [INFO]   Page 7: 10 on page | 0 new | 33 queued total
2026-03-21 19:24:19,369 [INFO]   Page 8: 10 on page | 0 new | 33 queued total
2026-03-21 19:24:33,384 [INFO]   Page 9: 10 on page | 0 new | 33 queued total
2026-03-21 19:24:37,742 [INFO]   Combination [1196126] → exhausted
2026-03-21 19:24:37,742 [INFO]   Extended rest 240 s after 5 combinations…
2026-03-21 19:28:37,855 [INFO] Combination [1196077] (6/20): Austria | Leisure Travel and Tourism | 11-50 employees  (resume page 0)
2026-03-21 19:28:37,856 [INFO]   Navigating to: https://www.linkedin.com/search/results/companies/?origin=FACETED_SEARCH&companySize=["C"]&industryCompanyVertical=["34"]&companyHqGeo=%5B%22103883259%22%5D
2026-03-21 19:28:47,616 [INFO]   ✓ companyHqGeo confirmed in URL.
2026-03-21 19:28:50,560 [INFO]   Page 0: 10 on page | 6 new | 39 queued total
2026-03-21 19:29:05,614 [INFO]   Page 1: 10 on page | 0 new | 39 queued total
2026-03-21 19:29:24,154 [INFO]   Page 2: 10 on page | 0 new | 39 queued total
2026-03-21 19:29:41,586 [INFO]   Page 3: 10 on page | 0 new | 39 queued total
2026-03-21 19:29:59,729 [INFO]   Page 4: 10 on page | 0 new | 39 queued total
2026-03-21 19:30:19,612 [INFO]   Page 5: 10 on page | 0 new | 39 queued total
2026-03-21 19:30:36,434 [INFO]   Page 6: 10 on page | 0 new | 39 queued total
2026-03-21 19:30:51,321 [INFO]   Page 7: 10 on page | 0 new | 39 queued total
2026-03-21 19:31:09,810 [INFO]   Page 8: 10 on page | 0 new | 39 queued total
2026-03-21 19:31:27,368 [INFO]   Page 9: 10 on page | 0 new | 39 queued total
2026-03-21 19:31:34,924 [INFO]   Combination [1196077] → exhausted
2026-03-21 19:31:34,924 [INFO]   Waiting 62 s before next combination (anti-block)…
2026-03-21 19:32:36,986 [INFO] Combination [1196203] (7/20): Austria | Restaurants | 11-50 employees  (resume page 0)
2026-03-21 19:32:36,988 [INFO]   Navigating to: https://www.linkedin.com/search/results/companies/?origin=FACETED_SEARCH&companySize=["C"]&industryCompanyVertical=["35"]&companyHqGeo=%5B%22103883259%22%5D
2026-03-21 19:32:45,494 [INFO]   ✓ companyHqGeo confirmed in URL.
2026-03-21 19:32:48,596 [INFO]   Page 0: 10 on page | 9 new | 48 queued total
2026-03-21 19:33:05,968 [INFO]   Page 1: 10 on page | 0 new | 48 queued total
2026-03-21 19:33:23,697 [INFO]   Page 2: 10 on page | 0 new | 48 queued total
2026-03-21 19:33:40,735 [INFO]   Page 3: 10 on page | 0 new | 48 queued total
2026-03-21 19:33:55,898 [INFO]   Page 4: 10 on page | 0 new | 48 queued total
2026-03-21 19:34:11,676 [INFO]   Page 5: 10 on page | 0 new | 48 queued total
2026-03-21 19:34:29,084 [INFO]   Page 6: 10 on page | 0 new | 48 queued total
2026-03-21 19:34:47,566 [INFO]   Page 7: 10 on page | 0 new | 48 queued total
2026-03-21 19:35:06,582 [INFO]   Page 8: 10 on page | 0 new | 48 queued total
2026-03-21 19:35:23,447 [INFO]   Page 9: 10 on page | 0 new | 48 queued total
2026-03-21 19:35:28,096 [INFO]   Combination [1196203] → exhausted
2026-03-21 19:35:28,097 [INFO]   Waiting 111 s before next combination (anti-block)…
2026-03-21 19:37:19,357 [INFO] Combination [1196140] (8/20): Austria | Mining | 11-50 employees  (resume page 0)
2026-03-21 19:37:19,359 [INFO]   Navigating to: https://www.linkedin.com/search/results/companies/?origin=FACETED_SEARCH&companySize=["C"]&industryCompanyVertical=["36"]&companyHqGeo=%5B%22103883259%22%5D
2026-03-21 19:37:27,097 [INFO]   ✓ companyHqGeo confirmed in URL.
2026-03-21 19:37:30,239 [INFO]   Page 0: 10 on page | 2 new | 50 queued total
2026-03-21 19:37:36,938 [INFO]   Combination [1196140] → in_progress
2026-03-21 19:37:37,081 [INFO] Discovery done: 50 new companies queued.
2026-03-21 19:37:37,081 [INFO] ─── 1 / 50 ───
2026-03-21 19:37:37,081 [INFO] Scraping: https://www.linkedin.com/company/asi-reisen-alpinschule-innsbruck-gmbh
2026-03-21 19:38:11,173 [INFO]   Domain: asi.at
2026-03-21 19:38:11,178 [INFO]   Employees for 'ASI Reisen'…
2026-03-21 19:38:26,511 [INFO]   10 employees via DOM.
2026-03-21 19:38:26,518 [INFO]   ✓ ASI Reisen                                    | country: Austria         | domain: asi.at
2026-03-21 19:38:26,529 [INFO]   ✓ 10 employees saved.
2026-03-21 19:38:35,754 [INFO] ─── 2 / 50 ───
2026-03-21 19:38:35,755 [INFO] Scraping: https://www.linkedin.com/company/zellamsee-kaprun
2026-03-21 19:39:11,141 [INFO]   Domain: zellamsee-kaprun.com
2026-03-21 19:39:11,145 [INFO]   Employees for 'Zell am See-Kaprun'…
2026-03-21 19:39:27,377 [INFO]   7 employees via DOM.
2026-03-21 19:39:27,383 [INFO]   ✓ Zell am See-Kaprun                            | country: Austria         | domain: zellamsee-kaprun.com
2026-03-21 19:39:27,390 [INFO]   ✓ 7 employees saved.
2026-03-21 19:39:41,135 [INFO] ─── 3 / 50 ───
2026-03-21 19:39:41,136 [INFO] Scraping: https://www.linkedin.com/company/maxlux-travel
2026-03-21 19:40:19,668 [INFO]   Domain: maxlux-travel.com
2026-03-21 19:40:19,672 [INFO]   Employees for 'MAX LUX TRAVEL'…
2026-03-21 19:40:35,204 [INFO]   2 employees via DOM.
2026-03-21 19:40:35,210 [INFO]   ✓ MAX LUX TRAVEL                                | country: Austria         | domain: maxlux-travel.com
2026-03-21 19:40:35,213 [INFO]   ✓ 2 employees saved.
2026-03-21 19:40:49,345 [INFO] ─── 4 / 50 ───
2026-03-21 19:40:49,346 [INFO] Scraping: https://www.linkedin.com/company/linz-tourismus
2026-03-21 19:41:26,365 [INFO]   Domain: linztourismus.at
2026-03-21 19:41:26,368 [INFO]   Employees for 'Linz Tourismus'…
2026-03-21 19:41:42,052 [INFO]   7 employees via DOM.
2026-03-21 19:41:42,058 [INFO]   ✓ Linz Tourismus                                | country: Austria         | domain: linztourismus.at
2026-03-21 19:41:42,065 [INFO]   ✓ 7 employees saved.
2026-03-21 19:41:55,521 [INFO] ─── 5 / 50 ───
2026-03-21 19:41:55,521 [INFO] Scraping: https://www.linkedin.com/company/edel-&-stark-ag---luxury-car-hire-switzerland-germany-france-and-italy
2026-03-21 19:42:31,768 [INFO]   Domain: edelstark.com
2026-03-21 19:42:31,772 [INFO]   Employees for 'Edel & Stark Group - Luxury Car Hire in Europe and UAE'…
2026-03-21 19:42:47,992 [INFO]   7 employees via DOM.
2026-03-21 19:42:48,010 [INFO]   ✓ Edel & Stark Group - Luxury Car Hire in Europe and UAE | country: Austria         | domain: edelstark.com
2026-03-21 19:42:48,017 [INFO]   ✓ 7 employees saved.
2026-03-21 19:42:57,696 [INFO] ─── 6 / 50 ───
2026-03-21 19:42:57,696 [INFO] Scraping: https://www.linkedin.com/company/niederoesterreich-werbung
2026-03-21 19:43:32,566 [INFO]   Domain: tourismus.niederoesterreich.at
2026-03-21 19:43:32,570 [INFO]   Employees for 'Niederösterreich-Werbung GmbH'…
2026-03-21 19:43:51,103 [INFO]   7 employees via DOM.
2026-03-21 19:43:51,109 [INFO]   ✓ Niederösterreich-Werbung GmbH                 | country: Austria         | domain: tourismus.niederoesterreich.at
2026-03-21 19:43:51,116 [INFO]   ✓ 7 employees saved.
2026-03-21 19:44:04,991 [INFO] ─── 7 / 50 ───
2026-03-21 19:44:04,991 [INFO] Scraping: https://www.linkedin.com/company/ober%C3%B6sterreich-tourismus
2026-03-21 19:44:40,937 [INFO]   Domain: oberoesterreich-tourismus.at
2026-03-21 19:44:40,941 [INFO]   Employees for 'Oberösterreich Tourismus'…
2026-03-21 19:44:57,979 [INFO]   9 employees via DOM.
2026-03-21 19:44:57,996 [INFO]   ✓ Oberösterreich Tourismus                      | country: Austria         | domain: oberoesterreich-tourismus.at
2026-03-21 19:44:58,005 [INFO]   ✓ 9 employees saved.
2026-03-21 19:45:11,893 [INFO] ─── 8 / 50 ───
2026-03-21 19:45:11,893 [INFO] Scraping: https://www.linkedin.com/company/seminargo-gmbh
2026-03-21 19:45:50,891 [INFO]   Domain: seminargo.com
2026-03-21 19:45:50,894 [INFO]   Employees for 'seminargo'…
2026-03-21 19:46:05,618 [INFO]   8 employees via DOM.
2026-03-21 19:46:05,635 [INFO]   ✓ seminargo                                     | country: Austria         | domain: seminargo.com
2026-03-21 19:46:05,647 [INFO]   ✓ 8 employees saved.
2026-03-21 19:46:13,976 [INFO] ─── 9 / 50 ───
2026-03-21 19:46:13,976 [INFO] Scraping: https://www.linkedin.com/company/konen-&-lorenzen-recruitment-consultants
2026-03-21 19:46:54,065 [INFO]   Domain: konen-lorenzen.com
2026-03-21 19:46:54,070 [INFO]   Employees for 'Konen & Lorenzen Recruitment Consultants'…
2026-03-21 19:47:09,097 [INFO]   10 employees via DOM.
2026-03-21 19:47:09,107 [INFO]   ✓ Konen & Lorenzen Recruitment Consultants      | country: Austria         | domain: konen-lorenzen.com
2026-03-21 19:47:09,119 [INFO]   ✓ 10 employees saved.
2026-03-21 19:47:21,572 [INFO] ─── 10 / 50 ───
2026-03-21 19:47:21,572 [INFO] Scraping: https://www.linkedin.com/company/urban-vintage-experiences
2026-03-21 19:47:58,483 [INFO]   Domain: drcemkinay.com
2026-03-21 19:47:58,489 [INFO]   Employees for 'Obruk Kervansaray Museum | Hotel by CK Legacy Hotels Vienna'…
2026-03-21 19:48:16,503 [INFO]   4 employees via DOM.
2026-03-21 19:48:16,510 [INFO]   ✓ Obruk Kervansaray Museum | Hotel by CK Legacy Hotels Vienna | country: Austria         | domain: drcemkinay.com
2026-03-21 19:48:16,515 [INFO]   ✓ 4 employees saved.
2026-03-21 19:48:24,763 [INFO] ─── 11 / 50 ───
2026-03-21 19:48:24,764 [INFO] Scraping: https://www.linkedin.com/company/securaze
2026-03-21 19:49:00,888 [INFO]   Domain: securaze.com
2026-03-21 19:49:00,891 [INFO]   Employees for 'Securaze'…
2026-03-21 19:49:16,264 [INFO]   10 employees via DOM.
2026-03-21 19:49:16,271 [INFO]   ✓ Securaze                                      | country: Austria         | domain: securaze.com
2026-03-21 19:49:16,284 [INFO]   ✓ 10 employees saved.
2026-03-21 19:49:30,844 [INFO] ─── 12 / 50 ───
2026-03-21 19:49:30,844 [INFO] Scraping: https://www.linkedin.com/company/prighter
2026-03-21 19:50:06,965 [INFO]   Domain: prighter.com
2026-03-21 19:50:06,969 [INFO]   Employees for 'Prighter'…
2026-03-21 19:50:21,615 [INFO]   10 employees via DOM.
2026-03-21 19:50:21,621 [INFO]   ✓ Prighter                                      | country: Austria         | domain: prighter.com
2026-03-21 19:50:21,631 [INFO]   ✓ 10 employees saved.
2026-03-21 19:50:30,986 [INFO] ─── 13 / 50 ───
2026-03-21 19:50:30,986 [INFO] Scraping: https://www.linkedin.com/company/spixnet-gmbh
2026-03-21 19:51:07,977 [INFO]   Domain: spixnet.com
2026-03-21 19:51:07,980 [INFO]   Employees for 'spixnet gmbh'…
2026-03-21 19:51:23,827 [INFO]   5 employees via DOM.
2026-03-21 19:51:23,845 [INFO]   ✓ spixnet gmbh                                  | country: Austria         | domain: spixnet.com
2026-03-21 19:51:23,850 [INFO]   ✓ 5 employees saved.
2026-03-21 19:51:32,866 [INFO] ─── 14 / 50 ───
2026-03-21 19:51:32,866 [INFO] Scraping: https://www.linkedin.com/company/motto-am-fluss
2026-03-21 19:52:11,265 [INFO]   Domain: mottoamfluss.at
2026-03-21 19:52:11,269 [INFO]   Employees for 'Motto am Fluss'…
2026-03-21 19:52:26,584 [INFO]   2 employees via DOM.
2026-03-21 19:52:26,591 [INFO]   ✓ Motto am Fluss                                | country: Austria         | domain: mottoamfluss.at
2026-03-21 19:52:26,594 [INFO]   ✓ 2 employees saved.
2026-03-21 19:52:39,957 [INFO] ─── 15 / 50 ───
2026-03-21 19:52:39,958 [INFO] Scraping: https://www.linkedin.com/company/st-peter-stiftskulinarium
2026-03-21 19:53:13,833 [INFO]   Domain: stpeter.at
2026-03-21 19:53:13,837 [INFO]   Employees for 'St. Peter Stiftskulinarium'…
2026-03-21 19:53:29,120 [INFO]   8 employees via DOM.
2026-03-21 19:53:29,137 [INFO]   ✓ St. Peter Stiftskulinarium                    | country: Austria         | domain: stpeter.at
2026-03-21 19:53:29,149 [INFO]   ✓ 8 employees saved.
2026-03-21 19:53:42,821 [INFO] ─── 16 / 50 ───
2026-03-21 19:53:42,822 [INFO] Scraping: https://www.linkedin.com/company/kelsen-parlament-%C3%B6sterreich
2026-03-21 19:54:21,776 [INFO]   Domain: kelsen.at
2026-03-21 19:54:21,779 [INFO]   Employees for 'Kelsen im Parlament'…
2026-03-21 19:54:36,835 [INFO]   3 employees via DOM.
2026-03-21 19:54:36,843 [INFO]   ✓ Kelsen im Parlament                           | country: Austria         | domain: kelsen.at
2026-03-21 19:54:36,846 [INFO]   ✓ 3 employees saved.
2026-03-21 19:54:47,979 [INFO] ─── 17 / 50 ───
2026-03-21 19:54:47,979 [INFO] Scraping: https://www.linkedin.com/company/webrestaurant
2026-03-21 19:55:23,578 [INFO]   Domain: webrestaurant.at
2026-03-21 19:55:23,582 [INFO]   Employees for 'WebRestaurant'…
2026-03-21 19:55:38,200 [INFO]   1 employees via DOM.
2026-03-21 19:55:38,208 [INFO]   ✓ WebRestaurant                                 | country: Austria         | domain: webrestaurant.at
2026-03-21 19:55:38,209 [INFO]   ✓ 1 employees saved.
2026-03-21 19:55:46,461 [INFO] ─── 18 / 50 ───
2026-03-21 19:55:46,462 [INFO] Scraping: https://www.linkedin.com/company/marcosimonistheartofpassion
2026-03-21 19:56:22,929 [INFO]   Domain: marcosimonis.com
2026-03-21 19:56:22,933 [INFO]   Employees for 'Marco Simonis Urban Appetite'…
2026-03-21 19:56:41,813 [INFO]   2 employees via DOM.
2026-03-21 19:56:41,830 [INFO]   ✓ Marco Simonis Urban Appetite                  | country: Austria         | domain: marcosimonis.com
2026-03-21 19:56:41,832 [INFO]   ✓ 2 employees saved.
2026-03-21 19:56:56,101 [INFO] ─── 19 / 50 ───
2026-03-21 19:56:56,102 [INFO] Scraping: https://www.linkedin.com/company/wrapstars
2026-03-21 19:57:33,769 [INFO]   Domain: wrapstars.at
2026-03-21 19:57:33,773 [INFO]   Employees for 'Wrapstars'…
2026-03-21 19:57:51,352 [INFO]   3 employees via DOM.
2026-03-21 19:57:51,370 [INFO]   ✓ Wrapstars                                     | country: Austria         | domain: wrapstars.at
2026-03-21 19:57:51,373 [INFO]   ✓ 3 employees saved.
2026-03-21 19:58:04,784 [INFO] ─── 20 / 50 ───
2026-03-21 19:58:04,784 [INFO] Scraping: https://www.linkedin.com/company/tuya-restaurant-bar
2026-03-21 19:58:39,818 [INFO]   Domain: tuya.rest
2026-03-21 19:58:39,822 [INFO]   Employees for 'TUYA Restaurant & Bar'…
2026-03-21 19:58:54,440 [INFO]   4 employees via DOM.
2026-03-21 19:58:54,447 [INFO]   ✓ TUYA Restaurant & Bar                         | country: Austria         | domain: tuya.rest
2026-03-21 19:58:54,458 [INFO]   ✓ 4 employees saved.
2026-03-21 19:59:06,592 [INFO] ─── 21 / 50 ───
2026-03-21 19:59:06,592 [INFO] Scraping: https://www.linkedin.com/company/genusscatering-berner-monitzer
2026-03-21 19:59:42,269 [INFO]   Domain: genuss-catering.net
2026-03-21 19:59:42,273 [INFO]   Employees for 'Genusscatering Berner&Monitzer'…
2026-03-21 19:59:58,526 [INFO]   1 employees via DOM.
2026-03-21 19:59:58,546 [INFO]   ✓ Genusscatering Berner&Monitzer                | country: Austria         | domain: genuss-catering.net
2026-03-21 19:59:58,548 [INFO]   ✓ 1 employees saved.
2026-03-21 20:00:11,277 [INFO] ─── 22 / 50 ───
2026-03-21 20:00:11,278 [INFO] Scraping: https://www.linkedin.com/company/thegreengarden
2026-03-21 20:00:50,005 [INFO]   Domain: thegreengarden.at
2026-03-21 20:00:50,008 [INFO]   Employees for 'TheGreenGarden'…
2026-03-21 20:01:05,469 [INFO]   1 employees via DOM.
2026-03-21 20:01:05,486 [INFO]   ✓ TheGreenGarden                                | country: Austria         | domain: thegreengarden.at
2026-03-21 20:01:05,488 [INFO]   ✓ 1 employees saved.
2026-03-21 20:01:16,925 [INFO] ─── 23 / 50 ───
2026-03-21 20:01:16,926 [INFO] Scraping: https://www.linkedin.com/company/151-restaurant-bar
2026-03-21 20:01:53,951 [INFO]   Domain: 151.at
2026-03-21 20:01:53,955 [INFO]   Employees for '151 Restaurant Bar'…
2026-03-21 20:02:09,433 [INFO]   3 employees via DOM.
2026-03-21 20:02:09,439 [INFO]   ✓ 151 Restaurant Bar                            | country: Austria         | domain: 151.at
2026-03-21 20:02:09,448 [INFO]   ✓ 3 employees saved.
2026-03-21 20:02:18,762 [INFO] ─── 24 / 50 ───
2026-03-21 20:02:18,763 [INFO] Scraping: https://www.linkedin.com/company/e-motion-group
2026-03-21 20:02:54,167 [INFO]   Domain: emotiongroup.com
2026-03-21 20:02:54,170 [INFO]   Employees for 'emotion group'…
2026-03-21 20:03:09,966 [INFO]   9 employees via DOM.
2026-03-21 20:03:09,984 [INFO]   ✓ emotion group                                 | country: Austria         | domain: emotiongroup.com
2026-03-21 20:03:09,998 [INFO]   ✓ 9 employees saved.
2026-03-21 20:03:18,891 [INFO] ─── 25 / 50 ───
2026-03-21 20:03:18,891 [INFO] Scraping: https://www.linkedin.com/company/oeoc
2026-03-21 20:03:54,069 [INFO]   Domain: olympia.at
2026-03-21 20:03:54,073 [INFO]   Employees for 'Austrian Olympic Committee'…
2026-03-21 20:04:11,047 [INFO]   10 employees via DOM.
2026-03-21 20:04:11,054 [INFO]   ✓ Austrian Olympic Committee                    | country: Austria         | domain: olympia.at
2026-03-21 20:04:11,068 [INFO]   ✓ 10 employees saved.
2026-03-21 20:04:24,411 [INFO] ─── 26 / 50 ───
2026-03-21 20:04:24,411 [INFO] Scraping: https://www.linkedin.com/company/ehf-marketing
2026-03-21 20:05:00,425 [INFO]   Domain: eurohandball.com
2026-03-21 20:05:00,430 [INFO]   Employees for 'EHF Marketing'…
2026-03-21 20:05:16,402 [INFO]   6 employees via DOM.
2026-03-21 20:05:16,409 [INFO]   ✓ EHF Marketing                                 | country: Austria         | domain: eurohandball.com
2026-03-21 20:05:16,415 [INFO]   ✓ 6 employees saved.
2026-03-21 20:05:29,436 [INFO] ─── 27 / 50 ───
2026-03-21 20:05:29,436 [INFO] Scraping: https://www.linkedin.com/company/strykerlabs
2026-03-21 20:06:07,006 [INFO]   Domain: strykerlabs.io
2026-03-21 20:06:07,010 [INFO]   Employees for 'Strykerlabs'…
2026-03-21 20:06:22,653 [INFO]   8 employees via DOM.
2026-03-21 20:06:22,661 [INFO]   ✓ Strykerlabs                                   | country: Austria         | domain: strykerlabs.io
2026-03-21 20:06:22,673 [INFO]   ✓ 8 employees saved.
2026-03-21 20:06:36,003 [INFO] ─── 28 / 50 ───
2026-03-21 20:06:36,003 [INFO] Scraping: https://www.linkedin.com/company/ibsfsliding
2026-03-21 20:07:12,653 [INFO]   Domain: ibsf.org
2026-03-21 20:07:12,657 [INFO]   Employees for 'International Bobsleigh & Skeleton Federation (IBSF)'…
2026-03-21 20:07:31,203 [INFO]   6 employees via DOM.
2026-03-21 20:07:31,221 [INFO]   ✓ International Bobsleigh & Skeleton Federation (IBSF) | country: Austria         | domain: ibsf.org
2026-03-21 20:07:31,231 [INFO]   ✓ 6 employees saved.
2026-03-21 20:07:45,346 [INFO] ─── 29 / 50 ───
2026-03-21 20:07:45,347 [INFO] Scraping: https://www.linkedin.com/company/playerhunter
2026-03-21 20:08:20,858 [INFO]   Domain: playerhunter.com
2026-03-21 20:08:20,863 [INFO]   Employees for 'PLAYERHUNTER'…
2026-03-21 20:08:38,119 [INFO]   8 employees via DOM.
2026-03-21 20:08:38,125 [INFO]   ✓ PLAYERHUNTER                                  | country: Austria         | domain: playerhunter.com
2026-03-21 20:08:38,133 [INFO]   ✓ 8 employees saved.
2026-03-21 20:08:47,831 [INFO] ─── 30 / 50 ───
2026-03-21 20:08:47,831 [INFO] Scraping: https://www.linkedin.com/company/first-vienna-f.c.
2026-03-21 20:09:24,501 [INFO]   Domain: 1894.at
2026-03-21 20:09:24,506 [INFO]   Employees for 'First Vienna FC 1894'…
2026-03-21 20:09:42,055 [INFO]   6 employees via DOM.
2026-03-21 20:09:42,060 [INFO]   ✓ First Vienna FC 1894                          | country: Austria         | domain: 1894.at
2026-03-21 20:09:42,069 [INFO]   ✓ 6 employees saved.
2026-03-21 20:09:53,390 [INFO] ─── 31 / 50 ───
2026-03-21 20:09:53,391 [INFO] Scraping: https://www.linkedin.com/company/international-biathlon-union
2026-03-21 20:10:30,417 [INFO]   Domain: biathlonworld.com
2026-03-21 20:10:30,420 [INFO]   Employees for 'International Biathlon Union'…
2026-03-21 20:10:45,328 [INFO]   9 employees via DOM.
2026-03-21 20:10:45,335 [INFO]   ✓ International Biathlon Union                  | country: Austria         | domain: biathlonworld.com
2026-03-21 20:10:45,348 [INFO]   ✓ 9 employees saved.
2026-03-21 20:10:59,947 [INFO] ─── 32 / 50 ───
2026-03-21 20:10:59,947 [INFO] Scraping: https://www.linkedin.com/company/lask-gmbh
2026-03-21 20:11:35,458 [INFO]   Domain: lask.at
2026-03-21 20:11:35,462 [INFO]   Employees for 'LASK'…
2026-03-21 20:11:50,313 [INFO]   7 employees via DOM.
2026-03-21 20:11:50,319 [INFO]   ✓ LASK                                          | country: Austria         | domain: lask.at
2026-03-21 20:11:50,327 [INFO]   ✓ 7 employees saved.
2026-03-21 20:12:03,143 [INFO] ─── 33 / 50 ───
2026-03-21 20:12:03,143 [INFO] Scraping: https://www.linkedin.com/company/oefbl
2026-03-21 20:12:43,974 [INFO]   Domain: oefbl.at
2026-03-21 20:12:43,979 [INFO]   Employees for 'Österreichische Fußball-Bundesliga'…
2026-03-21 20:12:58,416 [INFO]   8 employees via DOM.
2026-03-21 20:12:58,427 [INFO]   ✓ Österreichische Fußball-Bundesliga            | country: Austria         | domain: oefbl.at
2026-03-21 20:12:58,436 [INFO]   ✓ 8 employees saved.
2026-03-21 20:13:13,427 [INFO] ─── 34 / 50 ───
2026-03-21 20:13:13,427 [INFO] Scraping: https://www.linkedin.com/company/basenbox
2026-03-21 20:13:51,180 [INFO]   Domain: basenbox.life
2026-03-21 20:13:51,185 [INFO]   Employees for 'Basenbox'…
2026-03-21 20:14:09,092 [INFO]   5 employees via DOM.
2026-03-21 20:14:09,098 [INFO]   ✓ Basenbox                                      | country: Austria         | domain: basenbox.life
2026-03-21 20:14:09,104 [INFO]   ✓ 5 employees saved.
2026-03-21 20:14:20,323 [INFO] ─── 35 / 50 ───
2026-03-21 20:14:20,323 [INFO] Scraping: https://www.linkedin.com/company/kissa-tea
2026-03-21 20:14:58,980 [INFO]   Domain: kissatea.com
2026-03-21 20:14:58,984 [INFO]   Employees for 'KISSA Tea - part of AIYA Europe GmbH'…
2026-03-21 20:15:14,145 [INFO]   4 employees via DOM.
2026-03-21 20:15:14,163 [INFO]   ✓ KISSA Tea - part of AIYA Europe GmbH          | country: Austria         | domain: kissatea.com
2026-03-21 20:15:14,167 [INFO]   ✓ 4 employees saved.
2026-03-21 20:15:23,636 [INFO] ─── 36 / 50 ───
2026-03-21 20:15:23,636 [INFO] Scraping: https://www.linkedin.com/company/curtice-brothers
2026-03-21 20:16:01,490 [INFO]   Domain: curticebrothers.co
2026-03-21 20:16:01,494 [INFO]   Employees for 'Curtice Brothers'…
2026-03-21 20:16:16,080 [INFO]   1 employees via DOM.
2026-03-21 20:16:16,087 [INFO]   ✓ Curtice Brothers                              | country: Austria         | domain: curticebrothers.co
2026-03-21 20:16:16,088 [INFO]   ✓ 1 employees saved.
2026-03-21 20:16:24,824 [INFO] ─── 37 / 50 ───
2026-03-21 20:16:24,825 [INFO] Scraping: https://www.linkedin.com/company/hoellersolutions
2026-03-21 20:17:01,310 [INFO]   Domain: hoeller-solutions.com
2026-03-21 20:17:01,314 [INFO]   Employees for 'Hoeller Solutions'…
2026-03-21 20:17:16,790 [INFO]   7 employees via DOM.
2026-03-21 20:17:16,796 [INFO]   ✓ Hoeller Solutions                             | country: Austria         | domain: hoeller-solutions.com
2026-03-21 20:17:16,803 [INFO]   ✓ 7 employees saved.
2026-03-21 20:17:30,185 [INFO] ─── 38 / 50 ───
2026-03-21 20:17:30,186 [INFO] Scraping: https://www.linkedin.com/company/ims-h-llinger-gmbh
2026-03-21 20:18:06,446 [INFO]   Domain: hoellinger-juice.at
2026-03-21 20:18:06,450 [INFO]   Employees for 'IMS Hollinger GmbH'…
2026-03-21 20:18:22,703 [INFO]   8 employees via DOM.
2026-03-21 20:18:22,720 [INFO]   ✓ IMS Hollinger GmbH                            | country: Austria         | domain: hoellinger-juice.at
2026-03-21 20:18:22,729 [INFO]   ✓ 8 employees saved.
2026-03-21 20:18:30,982 [INFO] ─── 39 / 50 ───
2026-03-21 20:18:30,982 [INFO] Scraping: https://www.linkedin.com/company/purora
2026-03-21 20:19:14,523 [INFO]   Domain: purora.at
2026-03-21 20:19:14,527 [INFO]   Employees for 'Purora'…
2026-03-21 20:19:30,956 [INFO]   4 employees via DOM.
2026-03-21 20:19:30,972 [INFO]   ✓ Purora                                        | country: Austria         | domain: purora.at
2026-03-21 20:19:30,980 [INFO]   ✓ 4 employees saved.
2026-03-21 20:19:44,211 [INFO] ─── 40 / 50 ───
2026-03-21 20:19:44,211 [INFO] Scraping: https://www.linkedin.com/company/timber-online-net
2026-03-21 20:20:21,074 [INFO]   Domain: timber-online.net
2026-03-21 20:20:21,080 [INFO]   Employees for 'TIMBER-ONLINE.net'…
2026-03-21 20:20:36,085 [INFO]   0 employees via DOM.
2026-03-21 20:20:36,093 [INFO]   ✓ TIMBER-ONLINE.net                             | country: Austria         | domain: timber-online.net
2026-03-21 20:20:50,271 [INFO] ─── 41 / 50 ───
2026-03-21 20:20:50,272 [INFO] Scraping: https://www.linkedin.com/company/holzkurier
2026-03-21 20:21:26,152 [INFO]   Domain: holzkurier.com
2026-03-21 20:21:26,155 [INFO]   Employees for 'HOLZKURIER'…
2026-03-21 20:21:40,184 [INFO]   6 employees via DOM.
2026-03-21 20:21:40,190 [INFO]   ✓ HOLZKURIER                                    | country: Austria         | domain: holzkurier.com
2026-03-21 20:21:40,196 [INFO]   ✓ 6 employees saved.
2026-03-21 20:21:48,895 [INFO] ─── 42 / 50 ───
2026-03-21 20:21:48,895 [INFO] Scraping: https://www.linkedin.com/company/gastro-news
2026-03-21 20:22:24,783 [INFO]   Domain: gastro.news
2026-03-21 20:22:24,788 [INFO]   Employees for 'Gastro.News'…
2026-03-21 20:22:41,496 [INFO]   2 employees via DOM.
2026-03-21 20:22:41,502 [INFO]   ✓ Gastro.News                                   | country: Austria         | domain: gastro.news
2026-03-21 20:22:41,504 [INFO]   ✓ 2 employees saved.
2026-03-21 20:22:55,373 [INFO] ─── 43 / 50 ───
2026-03-21 20:22:55,373 [INFO] Scraping: https://www.linkedin.com/company/top-tirol
2026-03-21 20:23:29,521 [INFO]   Domain: top.tirol
2026-03-21 20:23:29,524 [INFO]   Employees for 'top.tirol – Die Plattform für Tirols Wirtschaft'…
2026-03-21 20:23:47,457 [INFO]   4 employees via DOM.
2026-03-21 20:23:47,463 [INFO]   ✓ top.tirol – Die Plattform für Tirols Wirtschaft | country: Austria         | domain: top.tirol
2026-03-21 20:23:47,468 [INFO]   ✓ 4 employees saved.
2026-03-21 20:23:57,034 [INFO] ─── 44 / 50 ───
2026-03-21 20:23:57,034 [INFO] Scraping: https://www.linkedin.com/company/tirolerin
2026-03-21 20:24:34,502 [INFO]   Domain: tirolerin.at
2026-03-21 20:24:34,506 [INFO]   Employees for 'TIROLERIN'…
2026-03-21 20:24:50,110 [INFO]   9 employees via DOM.
2026-03-21 20:24:50,117 [INFO]   ✓ TIROLERIN                                     | country: Austria         | domain: tirolerin.at
2026-03-21 20:24:50,131 [INFO]   ✓ 9 employees saved.
2026-03-21 20:25:00,633 [INFO] ─── 45 / 50 ───
2026-03-21 20:25:00,634 [INFO] Scraping: https://www.linkedin.com/company/diemacher
2026-03-21 20:25:38,859 [INFO]   Domain: diemacher.at
2026-03-21 20:25:38,863 [INFO]   Employees for 'DIE MACHER - Wirtschafts- & Lifestylemagazin'…
2026-03-21 20:25:54,568 [INFO]   6 employees via DOM.
2026-03-21 20:25:54,587 [INFO]   ✓ DIE MACHER - Wirtschafts- & Lifestylemagazin  | country: Austria         | domain: diemacher.at
2026-03-21 20:25:54,593 [INFO]   ✓ 6 employees saved.
2026-03-21 20:26:08,642 [INFO] ─── 46 / 50 ───
2026-03-21 20:26:08,642 [INFO] Scraping: https://www.linkedin.com/company/napalmrecords
2026-03-21 20:26:50,671 [INFO]   Domain: label.napalmrecords.com
2026-03-21 20:26:50,675 [INFO]   Employees for 'Napalm Records'…
2026-03-21 20:27:08,205 [INFO]   1 employees via DOM.
2026-03-21 20:27:08,210 [INFO]   ✓ Napalm Records                                | country: Austria         | domain: label.napalmrecords.com
2026-03-21 20:27:08,212 [INFO]   ✓ 1 employees saved.
2026-03-21 20:27:20,819 [INFO] ─── 47 / 50 ───
2026-03-21 20:27:20,819 [INFO] Scraping: https://www.linkedin.com/company/moment-magazin
2026-03-21 20:27:55,819 [INFO]   Domain: moment.at
2026-03-21 20:27:55,824 [INFO]   Employees for 'Moment Magazin'…
2026-03-21 20:28:13,358 [INFO]   7 employees via DOM.
2026-03-21 20:28:13,364 [INFO]   ✓ Moment Magazin                                | country: Austria         | domain: moment.at
2026-03-21 20:28:13,380 [INFO]   ✓ 7 employees saved.
2026-03-21 20:28:22,325 [INFO] ─── 48 / 50 ───
2026-03-21 20:28:22,325 [INFO] Scraping: https://www.linkedin.com/company/regal-verlagsges-m-b-h
2026-03-21 20:29:01,723 [INFO]   Domain: regal.at
2026-03-21 20:29:01,727 [INFO]   Employees for 'Regal Verlagsges.m.b.H'…
2026-03-21 20:29:18,959 [INFO]   9 employees via DOM.
2026-03-21 20:29:18,966 [INFO]   ✓ Regal Verlagsges.m.b.H                        | country: Austria         | domain: regal.at
2026-03-21 20:29:18,978 [INFO]   ✓ 9 employees saved.
2026-03-21 20:29:30,994 [INFO] ─── 49 / 50 ───
2026-03-21 20:29:30,994 [INFO] Scraping: https://www.linkedin.com/company/toolsonair-broadcast-engineering-gmbh
2026-03-21 20:30:14,565 [INFO]   Domain: toolsonair.com
2026-03-21 20:30:14,568 [INFO]   Employees for 'ToolsOnAir Broadcast Engineering GmbH'…
2026-03-21 20:30:30,397 [INFO]   8 employees via DOM.
2026-03-21 20:30:30,415 [INFO]   ✓ ToolsOnAir Broadcast Engineering GmbH         | country: Austria         | domain: toolsonair.com
2026-03-21 20:30:30,423 [INFO]   ✓ 8 employees saved.
2026-03-21 20:30:42,142 [INFO] ─── 50 / 50 ───
2026-03-21 20:30:42,143 [INFO] Scraping: https://www.linkedin.com/company/simpliat
2026-03-21 20:31:19,691 [INFO]   Domain: simpli.at
2026-03-21 20:31:19,695 [INFO]   Employees for 'simpliTV'…
2026-03-21 20:31:36,548 [INFO]   7 employees via DOM.
2026-03-21 20:31:36,556 [INFO]   ✓ simpliTV                                      | country: Austria         | domain: simpli.at
2026-03-21 20:31:36,568 [INFO]   ✓ 7 employees saved.
2026-03-21 20:31:54,015 [INFO] CSV: criteria_countries.csv               47 rows
2026-03-21 20:31:54,017 [INFO] CSV: criteria_industries.csv              168 rows
2026-03-21 20:31:54,018 [INFO] CSV: criteria_sizes.csv                   8 rows
2026-03-21 20:31:54,531 [INFO] CSV: search_combinations.csv              27412 rows
2026-03-21 20:31:54,545 [INFO] CSV: companies.csv                        150 rows
2026-03-21 20:31:54,563 [INFO] CSV: employees.csv                        901 rows
2026-03-21 20:31:54,585 [INFO] === Done ===
2026-03-27 21:48:17,030 [INFO] === LinkedIn Scraper v4.1 ===
2026-03-27 21:48:17,039 [INFO] Database ready: linkedin_data.db
2026-03-27 21:48:17,042 [INFO] Criteria tables: {'countries': 47, 'industries': 168, 'sizes': 8}
2026-03-27 21:48:17,162 [INFO] Cleared 27286 pending combinations — rebuilding with current sort order.
2026-03-27 21:48:17,427 [INFO] search_combinations: 27286 new rows added | 27412 total in queue
2026-03-27 21:48:17,429 [INFO] Queue: exhausted: 125 | in_progress: 1 | pending: 27286
2026-03-27 21:48:26,019 [INFO] Cookies copied → C:\Users\sandeep\AppData\Local\linkedin_scraper_profile
2026-03-27 21:48:37,907 [INFO] LinkedIn session active — no login needed.
2026-03-27 21:48:37,944 [INFO] Companies already in DB: 150 (will be skipped)
2026-03-27 21:48:38,580 [INFO] Combination [1196140] (1/20): Austria | Mining | 11-50 employees  (resume page 1)
2026-03-27 21:48:38,584 [INFO]   Navigating to: https://www.linkedin.com/search/results/companies/?origin=FACETED_SEARCH&companySize=["C"]&industryCompanyVertical=["36"]&companyHqGeo=%5B%22103883259%22%5D
2026-03-27 21:48:46,510 [INFO]   ✓ companyHqGeo confirmed in URL.
2026-03-27 21:48:59,802 [INFO]   Page 1: 10 on page | 8 new | 8 queued total
2026-03-27 21:49:13,839 [INFO]   Page 2: 10 on page | 0 new | 8 queued total
2026-03-27 21:49:31,574 [INFO]   Page 3: 10 on page | 0 new | 8 queued total
2026-03-27 21:49:49,159 [INFO]   Page 4: 10 on page | 0 new | 8 queued total
2026-03-27 21:50:05,233 [INFO]   Page 5: 10 on page | 0 new | 8 queued total
2026-03-27 21:50:19,716 [INFO]   Page 6: 10 on page | 0 new | 8 queued total
2026-03-27 21:50:36,063 [INFO]   Page 7: 10 on page | 0 new | 8 queued total
2026-03-27 21:50:53,145 [INFO]   Page 8: 10 on page | 0 new | 8 queued total
2026-03-27 21:51:10,385 [INFO]   Page 9: 10 on page | 0 new | 8 queued total
2026-03-27 21:51:16,927 [INFO]   Combination [1196140] → exhausted
2026-03-27 21:51:16,928 [INFO]   Waiting 90 s before next combination (anti-block)…
2026-03-27 21:52:47,300 [INFO] Combination [1227661] (2/20): Austria | Oil and Gas | 11-50 employees  (resume page 0)
2026-03-27 21:52:47,313 [INFO]   Navigating to: https://www.linkedin.com/search/results/companies/?origin=FACETED_SEARCH&companySize=["C"]&industryCompanyVertical=["37"]&companyHqGeo=%5B%22103883259%22%5D
2026-03-27 21:52:55,845 [INFO]   ✓ companyHqGeo confirmed in URL.
2026-03-27 21:52:58,740 [INFO]   Page 0: 10 on page | 10 new | 18 queued total
2026-03-27 21:53:14,098 [INFO]   Page 1: 10 on page | 0 new | 18 queued total
2026-03-27 21:53:29,331 [INFO]   Page 2: 10 on page | 0 new | 18 queued total
2026-03-27 21:53:44,818 [INFO]   Page 3: 10 on page | 0 new | 18 queued total
2026-03-27 21:54:00,851 [INFO]   Page 4: 10 on page | 0 new | 18 queued total
2026-03-27 21:54:17,304 [INFO]   Page 5: 10 on page | 0 new | 18 queued total
2026-03-27 21:54:33,805 [INFO]   Page 6: 10 on page | 0 new | 18 queued total
2026-03-27 21:54:48,108 [INFO]   Page 7: 10 on page | 0 new | 18 queued total
2026-03-27 21:55:03,412 [INFO]   Page 8: 10 on page | 0 new | 18 queued total
2026-03-27 21:55:21,490 [INFO]   Page 9: 10 on page | 0 new | 18 queued total
2026-03-27 21:55:28,321 [INFO]   Combination [1227661] → exhausted
2026-03-27 21:55:28,322 [INFO]   Waiting 78 s before next combination (anti-block)…
2026-03-27 21:56:46,264 [INFO] Combination [1227647] (3/20): Austria | Motion Pictures and Film | 11-50 employees  (resume page 0)
2026-03-27 21:56:46,266 [INFO]   Navigating to: https://www.linkedin.com/search/results/companies/?origin=FACETED_SEARCH&companySize=["C"]&industryCompanyVertical=["38"]&companyHqGeo=%5B%22103883259%22%5D
2026-03-27 21:56:53,991 [INFO]   ✓ companyHqGeo confirmed in URL.
2026-03-27 21:56:58,305 [INFO]   Page 0: 10 on page | 10 new | 28 queued total
2026-03-27 21:57:14,207 [INFO]   Page 1: 10 on page | 0 new | 28 queued total
2026-03-27 21:57:33,178 [INFO]   Page 2: 10 on page | 0 new | 28 queued total
2026-03-27 21:57:48,691 [INFO]   Page 3: 10 on page | 0 new | 28 queued total
2026-03-27 21:58:03,461 [INFO]   Page 4: 10 on page | 0 new | 28 queued total
2026-03-27 21:58:21,057 [INFO]   Page 5: 10 on page | 0 new | 28 queued total
2026-03-27 21:58:38,922 [INFO]   Page 6: 10 on page | 0 new | 28 queued total
2026-03-27 21:58:55,098 [INFO]   Page 7: 10 on page | 0 new | 28 queued total
2026-03-27 21:59:12,518 [INFO]   Page 8: 10 on page | 0 new | 28 queued total
2026-03-27 21:59:30,325 [INFO]   Page 9: 10 on page | 0 new | 28 queued total
2026-03-27 21:59:34,377 [INFO]   Combination [1227647] → exhausted
2026-03-27 21:59:34,377 [INFO]   Waiting 101 s before next combination (anti-block)…
2026-03-27 22:01:15,226 [INFO] Combination [1227717] (4/20): Austria | SaaS | 11-50 employees  (resume page 0)
2026-03-27 22:01:15,239 [INFO]   Navigating to: https://www.linkedin.com/search/results/companies/?origin=FACETED_SEARCH&companySize=["C"]&industryCompanyVertical=["4"]&companyHqGeo=%5B%22103883259%22%5D
2026-03-27 22:01:24,547 [INFO]   ✓ companyHqGeo confirmed in URL.
2026-03-27 22:01:28,263 [INFO]   Page 0: 10 on page | 7 new | 35 queued total
2026-03-27 22:01:43,048 [INFO]   Page 1: 10 on page | 0 new | 35 queued total
2026-03-27 22:01:59,574 [INFO]   Page 2: 10 on page | 0 new | 35 queued total
2026-03-27 22:02:15,702 [INFO]   Page 3: 10 on page | 0 new | 35 queued total
2026-03-27 22:02:34,375 [INFO]   Page 4: 10 on page | 0 new | 35 queued total
2026-03-27 22:02:52,524 [INFO]   Page 5: 10 on page | 0 new | 35 queued total
2026-03-27 22:03:08,191 [INFO]   Page 6: 10 on page | 0 new | 35 queued total
2026-03-27 22:03:23,309 [INFO]   Page 7: 10 on page | 0 new | 35 queued total
2026-03-27 22:03:43,284 [INFO]   Page 8: 10 on page | 0 new | 35 queued total
2026-03-27 22:04:02,958 [INFO]   Page 9: 10 on page | 0 new | 35 queued total
2026-03-27 22:04:08,995 [INFO]   Combination [1227717] → exhausted
2026-03-27 22:04:08,995 [INFO]   Waiting 81 s before next combination (anti-block)…
2026-03-27 22:05:30,246 [INFO] Combination [1227514] (5/20): Austria | Insurance | 11-50 employees  (resume page 0)
2026-03-27 22:05:30,248 [INFO]   Navigating to: https://www.linkedin.com/search/results/companies/?origin=FACETED_SEARCH&companySize=["C"]&industryCompanyVertical=["42"]&companyHqGeo=%5B%22103883259%22%5D
2026-03-27 22:05:36,827 [INFO]   ✓ companyHqGeo confirmed in URL.
2026-03-27 22:05:39,792 [INFO]   Page 0: 10 on page | 10 new | 45 queued total
2026-03-27 22:05:58,550 [INFO]   Page 1: 10 on page | 0 new | 45 queued total
2026-03-27 22:06:14,102 [INFO]   Page 2: 10 on page | 0 new | 45 queued total
2026-03-27 22:06:32,730 [INFO]   Page 3: 10 on page | 0 new | 45 queued total
2026-03-27 22:06:51,097 [INFO]   Page 4: 10 on page | 0 new | 45 queued total
2026-03-27 22:07:07,149 [INFO]   Page 5: 10 on page | 0 new | 45 queued total
2026-03-27 22:07:26,231 [INFO]   Page 6: 10 on page | 0 new | 45 queued total
2026-03-27 22:07:42,631 [INFO]   Page 7: 10 on page | 0 new | 45 queued total
2026-03-27 22:08:00,070 [INFO]   Page 8: 10 on page | 0 new | 45 queued total
2026-03-27 22:08:16,422 [INFO]   Page 9: 10 on page | 0 new | 45 queued total
2026-03-27 22:08:21,429 [INFO]   Combination [1227514] → exhausted
2026-03-27 22:08:21,430 [INFO]   Extended rest 298 s after 5 combinations…
2026-03-27 22:13:19,522 [INFO] Combination [1227178] (6/20): Austria | Banking | 11-50 employees  (resume page 0)
2026-03-27 22:13:19,524 [INFO]   Navigating to: https://www.linkedin.com/search/results/companies/?origin=FACETED_SEARCH&companySize=["C"]&industryCompanyVertical=["43"]&companyHqGeo=%5B%22103883259%22%5D
2026-03-27 22:13:27,965 [INFO]   ✓ companyHqGeo confirmed in URL.
2026-03-27 22:13:31,405 [INFO]   Page 0: 10 on page | 5 new | 50 queued total
2026-03-27 22:13:37,928 [INFO]   Combination [1227178] → in_progress
2026-03-27 22:13:38,012 [INFO] Discovery done: 50 new companies queued.
2026-03-27 22:13:38,012 [INFO] ─── 1 / 50 ───
2026-03-27 22:13:38,013 [INFO] Scraping: https://www.linkedin.com/company/your-family-entertainment
2026-03-27 22:14:09,148 [INFO]   Domain: yfe.tv
2026-03-27 22:14:09,153 [INFO]   Employees for 'Your Family Entertainment AG'…
2026-03-27 22:14:24,736 [INFO]   5 employees via DOM.
2026-03-27 22:14:24,743 [INFO]   ✓ Your Family Entertainment AG                  | country: Austria         | domain: yfe.tv
2026-03-27 22:14:24,752 [INFO]   ✓ 5 employees saved.
2026-03-27 22:14:37,984 [INFO] ─── 2 / 50 ───
2026-03-27 22:14:37,985 [INFO] Scraping: https://www.linkedin.com/company/tvstartupswomen
2026-03-27 22:15:08,983 [INFO]   Domain: nordic.thewhitecross.org
2026-03-27 22:15:08,986 [INFO]   Employees for 'DirectorsTV24 / Female Founders TV'…
2026-03-27 22:15:21,629 [INFO]   0 employees via DOM.
2026-03-27 22:15:21,637 [INFO]   ✓ DirectorsTV24 / Female Founders TV            | country: Austria         | domain: nordic.thewhitecross.org
2026-03-27 22:15:33,628 [INFO] ─── 3 / 50 ───
2026-03-27 22:15:33,629 [INFO] Scraping: https://www.linkedin.com/company/spidercam-ross
2026-03-27 22:16:09,311 [INFO]   Domain: rossvideo.com
2026-03-27 22:16:09,315 [INFO]   Employees for 'spidercam'…
2026-03-27 22:16:26,424 [INFO]   10 employees via DOM.
2026-03-27 22:16:26,431 [INFO]   ✓ spidercam                                     | country: Austria         | domain: rossvideo.com
2026-03-27 22:16:26,441 [INFO]   ✓ 10 employees saved.
2026-03-27 22:16:38,051 [INFO] ─── 4 / 50 ───
2026-03-27 22:16:38,052 [INFO] Scraping: https://www.linkedin.com/company/rts-regional-tv-salzburg
2026-03-27 22:17:15,104 [INFO]   Domain: rts-salzburg.at
2026-03-27 22:17:15,109 [INFO]   Employees for 'RTS - Regional TV Salzburg'…
2026-03-27 22:17:27,713 [INFO]   9 employees via DOM.
2026-03-27 22:17:27,718 [INFO]   ✓ RTS - Regional TV Salzburg                    | country: Austria         | domain: rts-salzburg.at
2026-03-27 22:17:27,731 [INFO]   ✓ 9 employees saved.
2026-03-27 22:17:37,532 [INFO] ─── 5 / 50 ───
2026-03-27 22:17:37,533 [INFO] Scraping: https://www.linkedin.com/company/radiosuperfly
2026-03-27 22:18:08,960 [INFO]   Domain: superfly.fm
2026-03-27 22:18:08,964 [INFO]   Employees for 'Radio Superfly'…
2026-03-27 22:18:22,443 [INFO]   7 employees via DOM.
2026-03-27 22:18:22,448 [INFO]   ✓ Radio Superfly                                | country: Austria         | domain: superfly.fm
2026-03-27 22:18:22,455 [INFO]   ✓ 7 employees saved.
2026-03-27 22:18:36,609 [INFO] ─── 6 / 50 ───
2026-03-27 22:18:36,609 [INFO] Scraping: https://www.linkedin.com/company/liferadio
2026-03-27 22:19:09,577 [INFO]   Domain: liferadio.at
2026-03-27 22:19:09,581 [INFO]   Employees for 'Life Radio'…
2026-03-27 22:19:23,547 [INFO]   5 employees via DOM.
2026-03-27 22:19:23,554 [INFO]   ✓ Life Radio                                    | country: Austria         | domain: liferadio.at
2026-03-27 22:19:23,559 [INFO]   ✓ 5 employees saved.
2026-03-27 22:19:35,666 [INFO] ─── 7 / 50 ───
2026-03-27 22:19:35,667 [INFO] Scraping: https://www.linkedin.com/company/radio886
2026-03-27 22:20:08,523 [INFO]   Domain: radio886.at
2026-03-27 22:20:08,527 [INFO]   Employees for 'Radio 88.6'…
2026-03-27 22:20:24,144 [INFO]   10 employees via DOM.
2026-03-27 22:20:24,151 [INFO]   ✓ Radio 88.6                                    | country: Austria         | domain: radio886.at
2026-03-27 22:20:24,163 [INFO]   ✓ 10 employees saved.
2026-03-27 22:20:34,618 [INFO] ─── 8 / 50 ───
2026-03-27 22:20:34,619 [INFO] Scraping: https://www.linkedin.com/company/radio-arabella-gmbh
2026-03-27 22:21:07,890 [INFO]   Domain: arabella.at
2026-03-27 22:21:07,894 [INFO]   Employees for 'Radio Arabella GmbH'…
2026-03-27 22:21:27,232 [INFO]   5 employees via DOM.
2026-03-27 22:21:27,238 [INFO]   ✓ Radio Arabella GmbH                           | country: Austria         | domain: arabella.at
2026-03-27 22:21:27,243 [INFO]   ✓ 5 employees saved.
2026-03-27 22:21:42,105 [INFO] ─── 9 / 50 ───
2026-03-27 22:21:42,106 [INFO] Scraping: https://www.linkedin.com/company/architekturzentrumwien
2026-03-27 22:22:17,607 [INFO]   Domain: azw.at
2026-03-27 22:22:17,610 [INFO]   Employees for 'Architekturzentrum Wien'…
2026-03-27 22:22:33,854 [INFO]   5 employees via DOM.
2026-03-27 22:22:33,861 [INFO]   ✓ Architekturzentrum Wien                       | country: Austria         | domain: azw.at
2026-03-27 22:22:33,870 [INFO]   ✓ 5 employees saved.
2026-03-27 22:22:47,111 [INFO] ─── 10 / 50 ───
2026-03-27 22:22:47,112 [INFO] Scraping: https://www.linkedin.com/company/volkskundemuseum-wien
2026-03-27 22:23:20,562 [INFO]   Domain: volkskundemuseum.at
2026-03-27 22:23:20,566 [INFO]   Employees for 'Volkskundemuseum Wien'…
2026-03-27 22:23:37,546 [INFO]   7 employees via DOM.
2026-03-27 22:23:37,556 [INFO]   ✓ Volkskundemuseum Wien                         | country: Austria         | domain: volkskundemuseum.at
2026-03-27 22:23:37,563 [INFO]   ✓ 7 employees saved.
2026-03-27 22:23:51,543 [INFO] ─── 11 / 50 ───
2026-03-27 22:23:51,544 [INFO] Scraping: https://www.linkedin.com/company/kunsthalle-wien-swk
2026-03-27 22:24:24,156 [INFO]   Domain: kunsthallewien.at
2026-03-27 22:24:24,160 [INFO]   Employees for 'Kunsthalle Wien'…
2026-03-27 22:24:40,348 [INFO]   2 employees via DOM.
2026-03-27 22:24:40,355 [INFO]   ✓ Kunsthalle Wien                               | country: Austria         | domain: kunsthallewien.at
2026-03-27 22:24:40,357 [INFO]   ✓ 2 employees saved.
2026-03-27 22:24:51,257 [INFO] ─── 12 / 50 ───
2026-03-27 22:24:51,258 [INFO] Scraping: https://www.linkedin.com/company/sigmund-freud-museum
2026-03-27 22:25:25,099 [INFO]   Domain: freud-museum.at
2026-03-27 22:25:25,103 [INFO]   Employees for 'Sigmund Freud Museum'…
2026-03-27 22:25:38,626 [INFO]   9 employees via DOM.
2026-03-27 22:25:38,643 [INFO]   ✓ Sigmund Freud Museum                          | country: Austria         | domain: freud-museum.at
2026-03-27 22:25:38,656 [INFO]   ✓ 9 employees saved.
2026-03-27 22:25:51,675 [INFO] ─── 13 / 50 ───
2026-03-27 22:25:51,676 [INFO] Scraping: https://www.linkedin.com/company/mythosmozart
2026-03-27 22:26:24,966 [INFO]   Domain: mythos-mozart.com
2026-03-27 22:26:24,970 [INFO]   Employees for 'MYTHOS MOZART'…
2026-03-27 22:26:42,207 [INFO]   4 employees via DOM.
2026-03-27 22:26:42,214 [INFO]   ✓ MYTHOS MOZART                                 | country: Austria         | domain: mythos-mozart.com
2026-03-27 22:26:42,218 [INFO]   ✓ 4 employees saved.
2026-03-27 22:26:51,685 [INFO] ─── 14 / 50 ───
2026-03-27 22:26:51,686 [INFO] Scraping: https://www.linkedin.com/company/tba21-academy
2026-03-27 22:27:25,267 [INFO]   Domain: tba21.org
2026-03-27 22:27:25,272 [INFO]   Employees for 'TBA21'…
2026-03-27 22:27:41,766 [INFO]   6 employees via DOM.
2026-03-27 22:27:41,773 [INFO]   ✓ TBA21                                         | country: Austria         | domain: tba21.org
2026-03-27 22:27:41,783 [INFO]   ✓ 6 employees saved.
2026-03-27 22:27:50,305 [INFO] ─── 15 / 50 ───
2026-03-27 22:27:50,305 [INFO] Scraping: https://www.linkedin.com/company/orpheo-group
2026-03-27 22:28:25,383 [INFO]   Domain: orpheogroup.com
2026-03-27 22:28:25,386 [INFO]   Employees for 'Orpheo'…
2026-03-27 22:28:39,961 [INFO]   5 employees via DOM.
2026-03-27 22:28:39,978 [INFO]   ✓ Orpheo                                        | country: Austria         | domain: orpheogroup.com
2026-03-27 22:28:39,983 [INFO]   ✓ 5 employees saved.
2026-03-27 22:28:49,232 [INFO] ─── 16 / 50 ───
2026-03-27 22:28:49,233 [INFO] Scraping: https://www.linkedin.com/company/creartive-group-vienna
2026-03-27 22:29:25,795 [INFO]   Domain: creartive-group.com
2026-03-27 22:29:25,801 [INFO]   Employees for 'CreARTive Group Vienna'…
2026-03-27 22:29:43,638 [INFO]   1 employees via DOM.
2026-03-27 22:29:43,644 [INFO]   ✓ CreARTive Group Vienna                        | country: Austria         | domain: creartive-group.com
2026-03-27 22:29:43,646 [INFO]   ✓ 1 employees saved.
2026-03-27 22:29:56,181 [INFO] ─── 17 / 50 ───
2026-03-27 22:29:56,183 [INFO] Scraping: https://www.linkedin.com/company/bota-art-gallery
2026-03-27 22:30:29,366 [INFO]   Domain: botaartgallery.com
2026-03-27 22:30:29,369 [INFO]   Employees for 'Bota Art Gallery'…
2026-03-27 22:30:45,624 [INFO]   0 employees via DOM.
2026-03-27 22:30:45,631 [INFO]   ✓ Bota Art Gallery                              | country: Austria         | domain: botaartgallery.com
2026-03-27 22:30:54,449 [INFO] ─── 18 / 50 ───
2026-03-27 22:30:54,450 [INFO] Scraping: https://www.linkedin.com/company/kinderkunstlabor
2026-03-27 22:31:25,091 [INFO]   Domain: kinderkunstlabor.at
2026-03-27 22:31:25,097 [INFO]   Employees for 'KinderKunstLabor'…
2026-03-27 22:31:39,735 [INFO]   3 employees via DOM.
2026-03-27 22:31:39,742 [INFO]   ✓ KinderKunstLabor                              | country: Austria         | domain: kinderkunstlabor.at
2026-03-27 22:31:39,745 [INFO]   ✓ 3 employees saved.
2026-03-27 22:31:53,098 [INFO] ─── 19 / 50 ───
2026-03-27 22:31:53,098 [INFO] Scraping: https://www.linkedin.com/company/vienna-digital-lab
2026-03-27 22:32:27,647 [INFO]   Domain: vdl.art
2026-03-27 22:32:27,650 [INFO]   Employees for 'Vienna Digital Lab'…
2026-03-27 22:32:41,656 [INFO]   2 employees via DOM.
2026-03-27 22:32:41,666 [INFO]   ✓ Vienna Digital Lab                            | country: Austria         | domain: vdl.art
2026-03-27 22:32:41,668 [INFO]   ✓ 2 employees saved.
2026-03-27 22:32:51,857 [INFO] ─── 20 / 50 ───
2026-03-27 22:32:51,857 [INFO] Scraping: https://www.linkedin.com/company/viennacontemporary
2026-03-27 22:33:26,666 [INFO]   Domain: viennacontemporary.at
2026-03-27 22:33:26,670 [INFO]   Employees for 'viennacontemporary'…
2026-03-27 22:33:43,068 [INFO]   4 employees via DOM.
2026-03-27 22:33:43,076 [INFO]   ✓ viennacontemporary                            | country: Austria         | domain: viennacontemporary.at
2026-03-27 22:33:43,080 [INFO]   ✓ 4 employees saved.
2026-03-27 22:33:54,875 [INFO] ─── 21 / 50 ───
2026-03-27 22:33:54,876 [INFO] Scraping: https://www.linkedin.com/company/kurdisches-kulturinstitut-wien
2026-03-27 22:34:35,979 [INFO]   Domain: kurdischeskulturinstitut.at
2026-03-27 22:34:35,983 [INFO]   Employees for 'Kurdisches Kulturinstitut Wien'…
2026-03-27 22:42:45,724 [INFO]   1 employees via DOM.
2026-03-27 22:42:45,731 [INFO]   ✓ Kurdisches Kulturinstitut Wien                | country: Austria         | domain: kurdischeskulturinstitut.at
2026-03-27 22:42:45,733 [INFO]   ✓ 1 employees saved.
2026-03-27 22:42:55,107 [INFO] ─── 22 / 50 ───
2026-03-27 22:42:55,108 [INFO] Scraping: https://www.linkedin.com/company/wendy-network
2026-03-27 22:43:28,623 [INFO]   Domain: wendy.network
2026-03-27 22:43:28,626 [INFO]   Employees for 'wendy.network'…
2026-03-27 22:43:44,215 [INFO]   1 employees via DOM.
2026-03-27 22:43:44,232 [INFO]   ✓ wendy.network                                 | country: Austria         | domain: wendy.network
2026-03-27 22:43:44,234 [INFO]   ✓ 1 employees saved.
2026-03-27 22:43:57,680 [INFO] ─── 23 / 50 ───
2026-03-27 22:43:57,681 [INFO] Scraping: https://www.linkedin.com/company/steirischerherbst
2026-03-27 22:44:32,698 [INFO]   Domain: steirischerherbst.at
2026-03-27 22:44:32,702 [INFO]   Employees for 'steirischerherbst festival gmbh'…
2026-03-27 22:44:50,554 [INFO]   6 employees via DOM.
2026-03-27 22:44:50,561 [INFO]   ✓ steirischerherbst festival gmbh               | country: Austria         | domain: steirischerherbst.at
2026-03-27 22:44:50,567 [INFO]   ✓ 6 employees saved.
2026-03-27 22:45:01,920 [INFO] ─── 24 / 50 ───
2026-03-27 22:45:01,920 [INFO] Scraping: https://www.linkedin.com/company/anasaea
2026-03-27 22:45:37,545 [INFO]   Domain: anasaea.com
2026-03-27 22:45:37,549 [INFO]   Employees for 'ANASAEA'…
2026-03-27 22:45:52,979 [INFO]   8 employees via DOM.
2026-03-27 22:45:52,985 [INFO]   ✓ ANASAEA                                       | country: Austria         | domain: anasaea.com
2026-03-27 22:45:52,994 [INFO]   ✓ 8 employees saved.
2026-03-27 22:46:06,431 [INFO] ─── 25 / 50 ───
2026-03-27 22:46:06,431 [INFO] Scraping: https://www.linkedin.com/company/beck-&-eggeling
2026-03-27 22:46:40,644 [INFO]   Domain: beck-eggeling.de
2026-03-27 22:46:40,648 [INFO]   Employees for 'Beck & Eggeling · International Fine Art'…
2026-03-27 22:46:53,850 [INFO]   5 employees via DOM.
2026-03-27 22:46:53,856 [INFO]   ✓ Beck & Eggeling · International Fine Art      | country: Austria         | domain: beck-eggeling.de
2026-03-27 22:46:53,872 [INFO]   ✓ 5 employees saved.
2026-03-27 22:47:05,351 [INFO] ─── 26 / 50 ───
2026-03-27 22:47:05,352 [INFO] Scraping: https://www.linkedin.com/company/around-culture-s-p-a-
2026-03-27 22:47:38,634 [INFO]   Domain: aroundculture.com
2026-03-27 22:47:38,638 [INFO]   Employees for 'Around Culture'…
2026-03-27 22:47:54,174 [INFO]   7 employees via DOM.
2026-03-27 22:47:54,180 [INFO]   ✓ Around Culture                                | country: Austria         | domain: aroundculture.com
2026-03-27 22:47:54,188 [INFO]   ✓ 7 employees saved.
2026-03-27 22:48:08,394 [INFO] ─── 27 / 50 ───
2026-03-27 22:48:08,395 [INFO] Scraping: https://www.linkedin.com/company/galerie-eva-presenhuber
2026-03-27 22:48:40,559 [INFO]   Domain: presenhuber.com
2026-03-27 22:48:40,563 [INFO]   Employees for 'Galerie Eva Presenhuber'…
2026-03-27 22:48:55,118 [INFO]   8 employees via DOM.
2026-03-27 22:48:55,125 [INFO]   ✓ Galerie Eva Presenhuber                       | country: Austria         | domain: presenhuber.com
2026-03-27 22:48:55,133 [INFO]   ✓ 8 employees saved.
2026-03-27 22:49:06,094 [INFO] ─── 28 / 50 ───
2026-03-27 22:49:06,094 [INFO] Scraping: https://www.linkedin.com/company/salzburger-kunstverein
2026-03-27 22:49:48,320 [INFO]   Domain: salzburger-kunstverein.at
2026-03-27 22:49:48,323 [INFO]   Employees for 'Salzburger Kunstverein'…
2026-03-27 22:50:04,092 [INFO]   3 employees via DOM.
2026-03-27 22:50:04,109 [INFO]   ✓ Salzburger Kunstverein                        | country: Austria         | domain: salzburger-kunstverein.at
2026-03-27 22:50:04,112 [INFO]   ✓ 3 employees saved.
2026-03-27 22:50:18,935 [INFO] ─── 29 / 50 ───
2026-03-27 22:50:18,936 [INFO] Scraping: https://www.linkedin.com/company/linbit
2026-03-27 22:50:53,545 [INFO]   Domain: linbit.com
2026-03-27 22:50:53,549 [INFO]   Employees for 'LINBIT'…
2026-03-27 22:51:07,125 [INFO]   10 employees via DOM.
2026-03-27 22:51:07,132 [INFO]   ✓ LINBIT                                        | country: Austria         | domain: linbit.com
2026-03-27 22:51:07,142 [INFO]   ✓ 10 employees saved.
2026-03-27 22:51:21,369 [INFO] ─── 30 / 50 ───
2026-03-27 22:51:21,370 [INFO] Scraping: https://www.linkedin.com/company/kickscale
2026-03-27 22:51:53,763 [INFO]   Domain: kickscale.com
2026-03-27 22:51:53,768 [INFO]   Employees for 'Kickscale'…
2026-03-27 22:52:10,123 [INFO]   10 employees via DOM.
2026-03-27 22:52:10,130 [INFO]   ✓ Kickscale                                     | country: Austria         | domain: kickscale.com
2026-03-27 22:52:10,144 [INFO]   ✓ 10 employees saved.
2026-03-27 22:52:24,352 [INFO] ─── 31 / 50 ───
2026-03-27 22:52:24,353 [INFO] Scraping: https://www.linkedin.com/company/avataris
2026-03-27 22:52:55,515 [INFO]   Domain: avataris.io
2026-03-27 22:52:55,519 [INFO]   Employees for 'Avataris'…
2026-03-27 22:53:12,131 [INFO]   7 employees via DOM.
2026-03-27 22:53:12,149 [INFO]   ✓ Avataris                                      | country: Austria         | domain: avataris.io
2026-03-27 22:53:12,157 [INFO]   ✓ 7 employees saved.
2026-03-27 22:53:20,491 [INFO] ─── 32 / 50 ───
2026-03-27 22:53:20,492 [INFO] Scraping: https://www.linkedin.com/company/data-science-conference
2026-03-27 22:53:54,873 [INFO]   Domain: datasciconference.com
2026-03-27 22:53:54,878 [INFO]   Employees for 'Data Science Conference'…
2026-03-27 22:54:08,511 [INFO]   6 employees via DOM.
2026-03-27 22:54:08,517 [INFO]   ✓ Data Science Conference                       | country: Austria         | domain: datasciconference.com
2026-03-27 22:54:08,523 [INFO]   ✓ 6 employees saved.
2026-03-27 22:54:18,404 [INFO] ─── 33 / 50 ───
2026-03-27 22:54:18,405 [INFO] Scraping: https://www.linkedin.com/company/monkifyai
2026-03-27 22:54:52,608 [INFO]   Domain: wiloo.io
2026-03-27 22:54:52,612 [INFO]   Employees for 'wiloo.io'…
2026-03-27 22:55:06,360 [INFO]   6 employees via DOM.
2026-03-27 22:55:06,366 [INFO]   ✓ wiloo.io                                      | country: Austria         | domain: wiloo.io
2026-03-27 22:55:06,372 [INFO]   ✓ 6 employees saved.
2026-03-27 22:55:20,168 [INFO] ─── 34 / 50 ───
2026-03-27 22:55:20,168 [INFO] Scraping: https://www.linkedin.com/company/ibmtxture
2026-03-27 22:55:53,740 [INFO]   Domain: txture.io
2026-03-27 22:55:53,744 [INFO]   Employees for 'IBM Txture'…
2026-03-27 22:56:07,698 [INFO]   9 employees via DOM.
2026-03-27 22:56:07,705 [INFO]   ✓ IBM Txture                                    | country: Austria         | domain: txture.io
2026-03-27 22:56:07,715 [INFO]   ✓ 9 employees saved.
2026-03-27 22:56:18,573 [INFO] ─── 35 / 50 ───
2026-03-27 22:56:18,574 [INFO] Scraping: https://www.linkedin.com/company/glaciereco
2026-03-27 22:56:51,936 [INFO]   Domain: glacier.eco
2026-03-27 22:56:51,940 [INFO]   Employees for 'Glacier'…
2026-03-27 22:57:06,783 [INFO]   8 employees via DOM.
2026-03-27 22:57:06,791 [INFO]   ✓ Glacier                                       | country: Austria         | domain: glacier.eco
2026-03-27 22:57:06,799 [INFO]   ✓ 8 employees saved.
2026-03-27 22:57:17,365 [INFO] ─── 36 / 50 ───
2026-03-27 22:57:17,366 [INFO] Scraping: https://www.linkedin.com/company/asko-assekuranzmakler-gmbh-at
2026-03-27 22:57:51,052 [INFO]   Domain: asko24.com
2026-03-27 22:57:51,057 [INFO]   Employees for 'asko assekuranzmakler GmbH Austria'…
2026-03-27 22:58:07,106 [INFO]   7 employees via DOM.
2026-03-27 22:58:07,113 [INFO]   ✓ asko assekuranzmakler GmbH Austria            | country: Austria         | domain: asko24.com
2026-03-27 22:58:07,125 [INFO]   ✓ 7 employees saved.
2026-03-27 22:58:21,544 [INFO] ─── 37 / 50 ───
2026-03-27 22:58:21,544 [INFO] Scraping: https://www.linkedin.com/company/i-r-h-tschrepitsch-versicherungsmakler
2026-03-27 22:58:55,934 [INFO]   Domain: tschrepitsch.at
2026-03-27 22:58:55,938 [INFO]   Employees for 'I R H Tschrepitsch Versicherungsmakler'…
2026-03-27 22:59:10,184 [INFO]   4 employees via DOM.
2026-03-27 22:59:10,191 [INFO]   ✓ I R H Tschrepitsch Versicherungsmakler        | country: Austria         | domain: tschrepitsch.at
2026-03-27 22:59:10,198 [INFO]   ✓ 4 employees saved.
2026-03-27 22:59:19,905 [INFO] ─── 38 / 50 ───
2026-03-27 22:59:19,906 [INFO] Scraping: https://www.linkedin.com/company/hidothealth
2026-03-27 22:59:51,540 [INFO]   Domain: hi.health
2026-03-27 22:59:51,544 [INFO]   Employees for 'hi.health'…
2026-03-27 23:00:08,375 [INFO]   5 employees via DOM.
2026-03-27 23:00:08,382 [INFO]   ✓ hi.health                                     | country: Austria         | domain: hi.health
2026-03-27 23:00:08,391 [INFO]   ✓ 5 employees saved.
2026-03-27 23:00:22,377 [INFO] ─── 39 / 50 ───
2026-03-27 23:00:22,378 [INFO] Scraping: https://www.linkedin.com/company/bsurance
2026-03-27 23:00:57,384 [INFO]   Domain: bsurance.com
2026-03-27 23:00:57,389 [INFO]   Employees for 'bsurance'…
2026-03-27 23:01:11,372 [INFO]   6 employees via DOM.
2026-03-27 23:01:11,379 [INFO]   ✓ bsurance                                      | country: Austria         | domain: bsurance.com
2026-03-27 23:01:11,390 [INFO]   ✓ 6 employees saved.
2026-03-27 23:01:25,504 [INFO] ─── 40 / 50 ───
2026-03-27 23:01:25,505 [INFO] Scraping: https://www.linkedin.com/company/schinasi-insurance-brokers
2026-03-27 23:01:59,799 [INFO]   Domain: schinasi.it
2026-03-27 23:01:59,803 [INFO]   Employees for 'Schinasi Insurance Brokers Srl'…
2026-03-27 23:02:21,705 [INFO]   9 employees via DOM.
2026-03-27 23:02:21,713 [INFO]   ✓ Schinasi Insurance Brokers Srl                | country: Austria         | domain: schinasi.it
2026-03-27 23:02:21,723 [INFO]   ✓ 9 employees saved.
2026-03-27 23:02:31,401 [INFO] ─── 41 / 50 ───
2026-03-27 23:02:31,402 [INFO] Scraping: https://www.linkedin.com/company/r-v-%C3%B6sterreich
2026-03-27 23:03:03,957 [INFO]   Domain: ruv.at
2026-03-27 23:03:03,963 [INFO]   Employees for 'R+V Versicherung Österreich'…
2026-03-27 23:03:20,417 [INFO]   9 employees via DOM.
2026-03-27 23:03:20,424 [INFO]   ✓ R+V Versicherung Österreich                   | country: Austria         | domain: ruv.at
2026-03-27 23:03:20,438 [INFO]   ✓ 9 employees saved.
2026-03-27 23:03:34,897 [INFO] ─── 42 / 50 ───
2026-03-27 23:03:34,898 [INFO] Scraping: https://www.linkedin.com/company/verag
2026-03-27 23:04:10,776 [INFO]   Domain: verag.at
2026-03-27 23:04:10,780 [INFO]   Employees for 'VERAG Versicherungsmakler GmbH'…
2026-03-27 23:04:25,601 [INFO]   6 employees via DOM.
2026-03-27 23:04:25,607 [INFO]   ✓ VERAG Versicherungsmakler GmbH                | country: Austria         | domain: verag.at
2026-03-27 23:04:25,613 [INFO]   ✓ 6 employees saved.
2026-03-27 23:04:38,845 [INFO] ─── 43 / 50 ───
2026-03-27 23:04:38,846 [INFO] Scraping: https://www.linkedin.com/company/ck-versicherungsmakler-gmbh
2026-03-27 23:05:13,302 [INFO]   Domain: klausner-versichert.at
2026-03-27 23:05:13,306 [INFO]   Employees for 'CK Versicherungsmakler GmbH'…
2026-03-27 23:05:26,284 [INFO]   10 employees via DOM.
2026-03-27 23:05:26,301 [INFO]   ✓ CK Versicherungsmakler GmbH                   | country: Austria         | domain: klausner-versichert.at
2026-03-27 23:05:26,311 [INFO]   ✓ 10 employees saved.
2026-03-27 23:05:36,064 [INFO] ─── 44 / 50 ───
2026-03-27 23:05:36,064 [INFO] Scraping: https://www.linkedin.com/company/ccc-comcreditcontor
2026-03-27 23:06:09,553 [INFO]   Domain: comcredit.de
2026-03-27 23:06:09,556 [INFO]   Employees for 'CCC Com Credit Contor Maklergesellschaft mbH & Co. KG'…
2026-03-27 23:06:26,209 [INFO]   8 employees via DOM.
2026-03-27 23:06:26,216 [INFO]   ✓ CCC Com Credit Contor Maklergesellschaft mbH & Co. KG | country: Austria         | domain: comcredit.de
2026-03-27 23:06:26,224 [INFO]   ✓ 8 employees saved.
2026-03-27 23:06:37,058 [INFO] ─── 45 / 50 ───
2026-03-27 23:06:37,060 [INFO] Scraping: https://www.linkedin.com/company/austrion-life
2026-03-27 23:07:10,270 [INFO]   Domain: austrionlife.at
2026-03-27 23:07:10,274 [INFO]   Employees for 'austrion Life'…
2026-03-27 23:07:25,269 [INFO]   5 employees via DOM.
2026-03-27 23:07:25,277 [INFO]   ✓ austrion Life                                 | country: Austria         | domain: austrionlife.at
2026-03-27 23:07:25,283 [INFO]   ✓ 5 employees saved.
2026-03-27 23:07:34,362 [INFO] ─── 46 / 50 ───
2026-03-27 23:07:34,363 [INFO] Scraping: https://www.linkedin.com/company/miete24
2026-03-27 23:08:11,125 [INFO]   Domain: miete24.com
2026-03-27 23:08:11,128 [INFO]   Employees for 'miete24.com'…
2026-03-27 23:08:25,515 [INFO]   5 employees via DOM.
2026-03-27 23:08:25,521 [INFO]   ✓ miete24.com                                   | country: Austria         | domain: miete24.com
2026-03-27 23:08:25,534 [INFO]   ✓ 5 employees saved.
2026-03-27 23:08:34,973 [INFO] ─── 47 / 50 ───
2026-03-27 23:08:34,975 [INFO] Scraping: https://www.linkedin.com/company/cyclopsinc
2026-03-27 23:09:09,332 [INFO]   Domain: cyclops.io
2026-03-27 23:09:09,336 [INFO]   Employees for 'Cyclops'…
2026-03-27 23:09:23,798 [INFO]   10 employees via DOM.
2026-03-27 23:09:23,805 [INFO]   ✓ Cyclops                                       | country: Austria         | domain: cyclops.io
2026-03-27 23:09:23,819 [INFO]   ✓ 10 employees saved.
2026-03-27 23:09:37,356 [INFO] ─── 48 / 50 ───
2026-03-27 23:09:37,357 [INFO] Scraping: https://www.linkedin.com/company/massar-capital-management-lp
2026-03-27 23:10:10,097 [INFO]   Domain: massarcapital.com
2026-03-27 23:10:10,101 [INFO]   Employees for 'Massar Capital Management, LP'…
2026-03-27 23:10:24,823 [INFO]   8 employees via DOM.
2026-03-27 23:10:24,830 [INFO]   ✓ Massar Capital Management, LP                 | country: Austria         | domain: massarcapital.com
2026-03-27 23:10:24,841 [INFO]   ✓ 8 employees saved.
2026-03-27 23:10:38,341 [INFO] ─── 49 / 50 ───
2026-03-27 23:10:38,341 [INFO] Scraping: https://www.linkedin.com/company/inmotion-tech-distribution
2026-03-27 23:11:11,025 [INFO]   Domain: inmotion.global
2026-03-27 23:11:11,029 [INFO]   Employees for 'Inmotion | USA Tech Sales Partner'…
2026-03-27 23:11:26,612 [INFO]   4 employees via DOM.
2026-03-27 23:11:26,630 [INFO]   ✓ Inmotion | USA Tech Sales Partner             | country: Austria         | domain: inmotion.global
2026-03-27 23:11:26,634 [INFO]   ✓ 4 employees saved.
2026-03-27 23:11:41,276 [INFO] ─── 50 / 50 ───
2026-03-27 23:11:41,277 [INFO] Scraping: https://www.linkedin.com/company/seedblink
2026-03-27 23:12:15,118 [INFO]   Domain: seedblink.com
2026-03-27 23:12:15,122 [INFO]   Employees for 'SeedBlink'…
2026-03-27 23:12:32,134 [INFO]   9 employees via DOM.
2026-03-27 23:12:32,152 [INFO]   ✓ SeedBlink                                     | country: Austria         | domain: seedblink.com
2026-03-27 23:12:32,165 [INFO]   ✓ 9 employees saved.
2026-03-27 23:12:42,944 [INFO] CSV: criteria_countries.csv               47 rows
2026-03-27 23:12:42,946 [INFO] CSV: criteria_industries.csv              168 rows
2026-03-27 23:12:42,947 [INFO] CSV: criteria_sizes.csv                   8 rows
2026-03-27 23:12:43,218 [INFO] CSV: search_combinations.csv              27412 rows
2026-03-27 23:12:43,227 [INFO] CSV: companies.csv                        200 rows
2026-03-27 23:12:43,243 [INFO] CSV: employees.csv                        1200 rows
2026-03-27 23:12:43,255 [INFO] === Done ===
2026-04-05 20:49:37,449 [INFO] === LinkedIn Scraper v4.1 ===
2026-04-05 20:49:37,466 [INFO] Database ready: linkedin_data.db
2026-04-05 20:49:37,468 [INFO] Criteria tables: {'countries': 47, 'industries': 168, 'sizes': 8}
2026-04-05 20:49:37,525 [INFO] Cleared 27281 pending combinations — rebuilding with current sort order.
2026-04-05 20:49:37,821 [INFO] search_combinations: 27281 new rows added | 27412 total in queue
2026-04-05 20:49:37,823 [INFO] Queue: exhausted: 130 | in_progress: 1 | pending: 27281
2026-04-05 20:49:46,435 [INFO] Cookies copied → C:\Users\sandeep\AppData\Local\linkedin_scraper_profile
2026-04-05 20:49:56,198 [INFO] LinkedIn session active — no login needed.
2026-04-05 20:49:56,218 [INFO] Companies already in DB: 200 (will be skipped)
2026-04-05 20:49:56,617 [INFO] Combination [1227178] (1/20): Austria | Banking | 11-50 employees  (resume page 1)
2026-04-05 20:49:56,622 [INFO]   Navigating to: https://www.linkedin.com/search/results/companies/?origin=FACETED_SEARCH&companySize=["C"]&industryCompanyVertical=["43"]&companyHqGeo=%5B%22103883259%22%5D
2026-04-05 20:50:04,987 [INFO]   ✓ companyHqGeo confirmed in URL.
2026-04-05 20:50:14,352 [INFO]   Page 1: 10 on page | 5 new | 5 queued total
2026-04-05 20:50:30,991 [INFO]   Page 2: 10 on page | 0 new | 5 queued total
2026-04-05 20:50:48,177 [INFO]   Page 3: 10 on page | 0 new | 5 queued total
2026-04-05 20:51:02,529 [INFO]   Page 4: 10 on page | 0 new | 5 queued total
2026-04-05 20:51:20,738 [INFO]   Page 5: 10 on page | 0 new | 5 queued total
2026-04-05 20:51:38,351 [INFO]   Page 6: 10 on page | 0 new | 5 queued total
2026-04-05 20:51:53,482 [INFO]   Page 7: 10 on page | 0 new | 5 queued total
2026-04-05 20:52:10,906 [INFO]   Page 8: 10 on page | 0 new | 5 queued total
2026-04-05 20:52:27,267 [INFO]   Page 9: 10 on page | 0 new | 5 queued total
2026-04-05 20:52:33,357 [INFO]   Combination [1227178] → exhausted
2026-04-05 20:52:33,357 [INFO]   Waiting 67 s before next combination (anti-block)…
2026-04-05 20:53:40,480 [INFO] Combination [1258755] (2/20): Austria | Commercial Real Estate | 11-50 employees  (resume page 0)
2026-04-05 20:53:40,483 [INFO]   Navigating to: https://www.linkedin.com/search/results/companies/?origin=FACETED_SEARCH&companySize=["C"]&industryCompanyVertical=["44"]&companyHqGeo=%5B%22103883259%22%5D
2026-04-05 20:53:49,112 [INFO]   ✓ companyHqGeo confirmed in URL.
2026-04-05 20:53:52,271 [INFO]   Page 0: 10 on page | 10 new | 15 queued total
2026-04-05 20:54:10,425 [INFO]   Page 1: 10 on page | 0 new | 15 queued total
2026-04-05 20:54:27,126 [INFO]   Page 2: 10 on page | 0 new | 15 queued total
2026-04-05 20:54:46,080 [INFO]   Page 3: 10 on page | 0 new | 15 queued total
2026-04-05 20:55:02,372 [INFO]   Page 4: 10 on page | 0 new | 15 queued total
2026-04-05 20:55:18,575 [INFO]   Page 5: 10 on page | 0 new | 15 queued total
2026-04-05 20:55:39,690 [INFO]   Page 6: 10 on page | 0 new | 15 queued total
2026-04-05 20:55:53,076 [INFO]   Page 7: 10 on page | 0 new | 15 queued total
2026-04-05 20:56:09,450 [INFO]   Page 8: 10 on page | 0 new | 15 queued total
2026-04-05 20:56:27,179 [INFO]   Page 9: 10 on page | 0 new | 15 queued total
2026-04-05 20:56:34,730 [INFO]   Combination [1258755] → exhausted
2026-04-05 20:56:34,731 [INFO]   Waiting 89 s before next combination (anti-block)…
2026-04-05 20:58:03,622 [INFO] Combination [1258839] (3/20): Austria | Design Services | 11-50 employees  (resume page 0)
2026-04-05 20:58:03,625 [INFO]   Navigating to: https://www.linkedin.com/search/results/companies/?origin=FACETED_SEARCH&companySize=["C"]&industryCompanyVertical=["45"]&companyHqGeo=%5B%22103883259%22%5D
2026-04-05 20:58:09,955 [INFO]   ✓ companyHqGeo confirmed in URL.
2026-04-05 20:58:12,551 [INFO]   Page 0: 8 on page | 8 new | 23 queued total
2026-04-05 20:58:29,516 [INFO]   Page 1: 8 on page | 0 new | 23 queued total
2026-04-05 20:58:44,473 [INFO]   Page 2: 8 on page | 0 new | 23 queued total
2026-04-05 20:58:59,531 [INFO]   Page 3: 8 on page | 0 new | 23 queued total
2026-04-05 20:59:16,744 [INFO]   Page 4: 8 on page | 0 new | 23 queued total
2026-04-05 20:59:31,997 [INFO]   Page 5: 8 on page | 0 new | 23 queued total
2026-04-05 20:59:46,205 [INFO]   Page 6: 8 on page | 0 new | 23 queued total
2026-04-05 21:00:01,455 [INFO]   Page 7: 8 on page | 0 new | 23 queued total
2026-04-05 21:00:18,314 [INFO]   Page 8: 8 on page | 0 new | 23 queued total
2026-04-05 21:00:34,414 [INFO]   Page 9: 8 on page | 0 new | 23 queued total
2026-04-05 21:00:41,576 [INFO]   Combination [1258839] → exhausted
2026-04-05 21:00:41,576 [INFO]   Waiting 103 s before next combination (anti-block)…
2026-04-05 21:02:24,119 [INFO] Combination [1258783] (4/20): Austria | Construction | 11-50 employees  (resume page 0)
2026-04-05 21:02:24,125 [INFO]   Navigating to: https://www.linkedin.com/search/results/companies/?origin=FACETED_SEARCH&companySize=["C"]&industryCompanyVertical=["48"]&companyHqGeo=%5B%22103883259%22%5D
2026-04-05 21:02:31,884 [INFO]   ✓ companyHqGeo confirmed in URL.
2026-04-05 21:02:34,459 [INFO]   Page 0: 10 on page | 10 new | 33 queued total
2026-04-05 21:02:51,494 [INFO]   Page 1: 10 on page | 0 new | 33 queued total
2026-04-05 21:03:09,774 [INFO]   Page 2: 10 on page | 0 new | 33 queued total
2026-04-05 21:03:27,985 [INFO]   Page 3: 10 on page | 0 new | 33 queued total
2026-04-05 21:03:44,099 [INFO]   Page 4: 10 on page | 0 new | 33 queued total
2026-04-05 21:03:59,939 [INFO]   Page 5: 10 on page | 0 new | 33 queued total
2026-04-05 21:04:17,761 [INFO]   Page 6: 10 on page | 0 new | 33 queued total
2026-04-05 21:04:33,595 [INFO]   Page 7: 10 on page | 0 new | 33 queued total
2026-04-05 21:04:53,996 [INFO]   Page 8: 10 on page | 0 new | 33 queued total
2026-04-05 21:05:11,896 [INFO]   Page 9: 10 on page | 0 new | 33 queued total
2026-04-05 21:05:18,135 [INFO]   Combination [1258783] → exhausted
2026-04-05 21:05:18,136 [INFO]   Waiting 69 s before next combination (anti-block)…
2026-04-05 21:06:27,300 [INFO] Combination [1259280] (5/20): Austria | Utilities | 11-50 employees  (resume page 0)
2026-04-05 21:06:27,315 [INFO]   Navigating to: https://www.linkedin.com/search/results/companies/?origin=FACETED_SEARCH&companySize=["C"]&industryCompanyVertical=["49"]&companyHqGeo=%5B%22103883259%22%5D
2026-04-05 21:06:35,369 [INFO]   ✓ companyHqGeo confirmed in URL.
2026-04-05 21:06:38,256 [INFO]   Page 0: 10 on page | 10 new | 43 queued total
2026-04-05 21:06:58,897 [INFO]   Page 1: 10 on page | 0 new | 43 queued total
2026-04-05 21:07:15,308 [INFO]   Page 2: 10 on page | 0 new | 43 queued total
2026-04-05 21:07:29,685 [INFO]   Page 3: 10 on page | 0 new | 43 queued total
2026-04-05 21:07:45,879 [INFO]   Page 4: 10 on page | 0 new | 43 queued total
2026-04-05 21:08:02,692 [INFO]   Page 5: 10 on page | 0 new | 43 queued total
2026-04-05 21:08:18,724 [INFO]   Page 6: 10 on page | 0 new | 43 queued total
2026-04-05 21:08:38,042 [INFO]   Page 7: 10 on page | 0 new | 43 queued total
2026-04-05 21:08:54,164 [INFO]   Page 8: 10 on page | 0 new | 43 queued total
2026-04-05 21:09:08,876 [INFO]   Page 9: 10 on page | 0 new | 43 queued total
2026-04-05 21:09:16,320 [INFO]   Combination [1259280] → exhausted
2026-04-05 21:09:16,320 [INFO]   Extended rest 291 s after 5 combinations…
2026-04-05 21:14:07,196 [INFO] Combination [1258790] (6/20): Austria | Consumer Electronics | 11-50 employees  (resume page 0)
2026-04-05 21:14:07,206 [INFO]   Navigating to: https://www.linkedin.com/search/results/companies/?origin=FACETED_SEARCH&companySize=["C"]&industryCompanyVertical=["5"]&companyHqGeo=%5B%22103883259%22%5D
2026-04-05 21:14:14,276 [INFO]   ✓ companyHqGeo confirmed in URL.
2026-04-05 21:14:16,412 [INFO]   Page 0: 9 on page | 7 new | 50 queued total
2026-04-05 21:14:20,820 [INFO]   Combination [1258790] → in_progress
2026-04-05 21:14:20,896 [INFO] Discovery done: 50 new companies queued.
2026-04-05 21:14:20,897 [INFO] ─── 1 / 50 ───
2026-04-05 21:14:20,897 [INFO] Scraping: https://www.linkedin.com/company/coinpanion
2026-04-05 21:14:56,573 [INFO]   Domain: coinpanion.com
2026-04-05 21:14:56,577 [INFO]   Employees for 'Coinpanion'…
2026-04-05 21:15:12,359 [INFO]   4 employees via DOM.
2026-04-05 21:15:12,368 [INFO]   ✓ Coinpanion                                    | country: Austria         | domain: coinpanion.com
2026-04-05 21:15:12,376 [INFO]   ✓ 4 employees saved.
2026-04-05 21:15:26,626 [INFO] ─── 2 / 50 ───
2026-04-05 21:15:26,627 [INFO] Scraping: https://www.linkedin.com/company/marco-polo-institute
2026-04-05 21:16:01,305 [INFO]   Domain: mpinstitute.eu
2026-04-05 21:16:01,309 [INFO]   Employees for 'Marco Polo Institute'…
2026-04-05 21:16:16,511 [INFO]   2 employees via DOM.
2026-04-05 21:16:16,519 [INFO]   ✓ Marco Polo Institute                          | country: Austria         | domain: mpinstitute.eu
2026-04-05 21:16:16,523 [INFO]   ✓ 2 employees saved.
2026-04-05 21:16:30,882 [INFO] ─── 3 / 50 ───
2026-04-05 21:16:30,883 [INFO] Scraping: https://www.linkedin.com/company/joint-vienna-institute
2026-04-05 21:17:07,858 [INFO]   Domain: jvi.org
2026-04-05 21:17:07,862 [INFO]   Employees for 'Joint Vienna Institute'…
2026-04-05 21:17:23,408 [INFO]   10 employees via DOM.
2026-04-05 21:17:23,415 [INFO]   ✓ Joint Vienna Institute                        | country: Austria         | domain: jvi.org
2026-04-05 21:17:23,429 [INFO]   ✓ 10 employees saved.
2026-04-05 21:17:33,913 [INFO] ─── 4 / 50 ───
2026-04-05 21:17:33,913 [INFO] Scraping: https://www.linkedin.com/company/i5growth
2026-04-05 21:18:08,520 [INFO]   Domain: i5growth.com
2026-04-05 21:18:08,525 [INFO]   Employees for 'i5growth'…
2026-04-05 21:18:24,448 [INFO]   10 employees via DOM.
2026-04-05 21:18:24,465 [INFO]   ✓ i5growth                                      | country: Austria         | domain: i5growth.com
2026-04-05 21:18:24,478 [INFO]   ✓ 10 employees saved.
2026-04-05 21:18:38,216 [INFO] ─── 5 / 50 ───
2026-04-05 21:18:38,216 [INFO] Scraping: https://www.linkedin.com/company/investinbavaria
2026-04-05 21:19:15,380 [INFO]   Domain: invest-in-bavaria.com
2026-04-05 21:19:15,383 [INFO]   Employees for 'Invest in Bavaria - The Business Promotion Agency of the State of Bavaria'…
2026-04-05 21:19:33,462 [INFO]   10 employees via DOM.
2026-04-05 21:19:33,470 [INFO]   ✓ Invest in Bavaria - The Business Promotion Agency of the State of Bavaria | country: Austria         | domain: invest-in-bavaria.com
2026-04-05 21:19:33,491 [INFO]   ✓ 10 employees saved.
2026-04-05 21:19:41,616 [INFO] ─── 6 / 50 ───
2026-04-05 21:19:41,616 [INFO] Scraping: https://www.linkedin.com/company/galcap-europe
2026-04-05 21:20:16,085 [INFO]   Domain: galcap-europe.com
2026-04-05 21:20:16,088 [INFO]   Employees for 'GalCap Europe'…
2026-04-05 21:20:32,075 [INFO]   10 employees via DOM.
2026-04-05 21:20:32,086 [INFO]   ✓ GalCap Europe                                 | country: Austria         | domain: galcap-europe.com
2026-04-05 21:20:32,108 [INFO]   ✓ 10 employees saved.
2026-04-05 21:20:46,055 [INFO] ─── 7 / 50 ───
2026-04-05 21:20:46,056 [INFO] Scraping: https://www.linkedin.com/company/technopark-raaba
2026-04-05 21:21:21,284 [INFO]   Domain: technopark-raaba.com
2026-04-05 21:21:21,288 [INFO]   Employees for 'Technopark Raaba Holding'…
2026-04-05 21:21:36,046 [INFO]   6 employees via DOM.
2026-04-05 21:21:36,053 [INFO]   ✓ Technopark Raaba Holding                      | country: Austria         | domain: technopark-raaba.com
2026-04-05 21:21:36,064 [INFO]   ✓ 6 employees saved.
2026-04-05 21:21:44,173 [INFO] ─── 8 / 50 ───
2026-04-05 21:21:44,173 [INFO] Scraping: https://www.linkedin.com/company/viennaestate-immobilien-ag
2026-04-05 21:22:18,048 [INFO]   Domain: viennaestate.com
2026-04-05 21:22:18,052 [INFO]   Employees for 'ViennaEstate Immobilien AG'…
2026-04-05 21:22:34,800 [INFO]   7 employees via DOM.
2026-04-05 21:22:34,806 [INFO]   ✓ ViennaEstate Immobilien AG                    | country: Austria         | domain: viennaestate.com
2026-04-05 21:22:34,813 [INFO]   ✓ 7 employees saved.
2026-04-05 21:22:48,247 [INFO] ─── 9 / 50 ───
2026-04-05 21:22:48,248 [INFO] Scraping: https://www.linkedin.com/company/winegg-realit%C3%A4ten-gmbh
2026-04-05 21:23:20,932 [INFO]   Domain: winegg.at
2026-04-05 21:23:20,936 [INFO]   Employees for 'WINEGG Realitäten GmbH'…
2026-04-05 21:23:38,831 [INFO]   8 employees via DOM.
2026-04-05 21:23:38,848 [INFO]   ✓ WINEGG Realitäten GmbH                        | country: Austria         | domain: winegg.at
2026-04-05 21:23:38,855 [INFO]   ✓ 8 employees saved.
2026-04-05 21:23:47,623 [INFO] ─── 10 / 50 ───
2026-04-05 21:23:47,624 [INFO] Scraping: https://www.linkedin.com/company/valueone
2026-04-05 21:24:22,885 [INFO]   Domain: value-one.com
2026-04-05 21:24:22,888 [INFO]   Employees for 'Value One'…
2026-04-05 21:24:39,012 [INFO]   8 employees via DOM.
2026-04-05 21:24:39,023 [INFO]   ✓ Value One                                     | country: Austria         | domain: value-one.com
2026-04-05 21:24:39,051 [INFO]   ✓ 8 employees saved.
2026-04-05 21:24:50,388 [INFO] ─── 11 / 50 ───
2026-04-05 21:24:50,388 [INFO] Scraping: https://www.linkedin.com/company/mrp-hotels
2026-04-05 21:25:27,204 [INFO]   Domain: mrp-hotels.com
2026-04-05 21:25:27,208 [INFO]   Employees for 'mrp hotels'…
2026-04-05 21:25:43,088 [INFO]   8 employees via DOM.
2026-04-05 21:25:43,105 [INFO]   ✓ mrp hotels                                    | country: Austria         | domain: mrp-hotels.com
2026-04-05 21:25:43,115 [INFO]   ✓ 8 employees saved.
2026-04-05 21:25:57,315 [INFO] ─── 12 / 50 ───
2026-04-05 21:25:57,316 [INFO] Scraping: https://www.linkedin.com/company/c&p-immobilien-ag
2026-04-05 21:26:32,831 [INFO]   Domain: cp-ag.at
2026-04-05 21:26:32,834 [INFO]   Employees for 'C&P Immobilien GmbH'…
2026-04-05 21:26:49,948 [INFO]   9 employees via DOM.
2026-04-05 21:26:49,969 [INFO]   ✓ C&P Immobilien GmbH                           | country: Austria         | domain: cp-ag.at
2026-04-05 21:26:49,978 [INFO]   ✓ 9 employees saved.
2026-04-05 21:27:02,760 [INFO] ─── 13 / 50 ───
2026-04-05 21:27:02,760 [INFO] Scraping: https://www.linkedin.com/company/falcon-real-estate
2026-04-05 21:27:35,946 [INFO]   Domain: falconreal.com
2026-04-05 21:27:35,949 [INFO]   Employees for 'Falcon Real Estate Investment Management'…
2026-04-05 21:27:51,162 [INFO]   6 employees via DOM.
2026-04-05 21:27:51,167 [INFO]   ✓ Falcon Real Estate Investment Management      | country: Austria         | domain: falconreal.com
2026-04-05 21:27:51,174 [INFO]   ✓ 6 employees saved.
2026-04-05 21:28:05,776 [INFO] ─── 14 / 50 ───
2026-04-05 21:28:05,777 [INFO] Scraping: https://www.linkedin.com/company/payuca-gmbh
2026-04-05 21:28:43,047 [INFO]   Domain: payuca.com
2026-04-05 21:28:43,050 [INFO]   Employees for 'PAYUCA Park & Charge'…
2026-04-05 21:29:00,271 [INFO]   9 employees via DOM.
2026-04-05 21:29:00,284 [INFO]   ✓ PAYUCA Park & Charge                          | country: Austria         | domain: payuca.com
2026-04-05 21:29:00,297 [INFO]   ✓ 9 employees saved.
2026-04-05 21:29:12,138 [INFO] ─── 15 / 50 ───
2026-04-05 21:29:12,139 [INFO] Scraping: https://www.linkedin.com/company/tabakfabrik-linz
2026-04-05 21:29:45,914 [INFO]   Domain: tabakfabrik-linz.at
2026-04-05 21:29:45,917 [INFO]   Employees for 'Tabakfabrik Linz'…
2026-04-05 21:30:04,143 [INFO]   9 employees via DOM.
2026-04-05 21:30:04,149 [INFO]   ✓ Tabakfabrik Linz                              | country: Austria         | domain: tabakfabrik-linz.at
2026-04-05 21:30:04,159 [INFO]   ✓ 9 employees saved.
2026-04-05 21:30:18,359 [INFO] ─── 16 / 50 ───
2026-04-05 21:30:18,360 [INFO] Scraping: https://www.linkedin.com/company/techipadvisory
2026-04-05 21:30:54,373 [INFO]   Domain: techip.ai
2026-04-05 21:30:54,376 [INFO]   Employees for 'Tech+IP Advisory'…
2026-04-05 21:31:10,569 [INFO]   8 employees via DOM.
2026-04-05 21:31:10,581 [INFO]   ✓ Tech+IP Advisory                              | country: Austria         | domain: techip.ai
2026-04-05 21:31:10,591 [INFO]   ✓ 8 employees saved.
2026-04-05 21:31:24,828 [INFO] ─── 17 / 50 ───
2026-04-05 21:31:24,828 [INFO] Scraping: https://www.linkedin.com/company/sazun
2026-04-05 21:31:58,893 [INFO]   Domain: sazun.net
2026-04-05 21:31:58,896 [INFO]   Employees for 'Sazun GmbH - m&a PLUS®'…
2026-04-05 21:32:15,577 [INFO]   4 employees via DOM.
2026-04-05 21:32:15,598 [INFO]   ✓ Sazun GmbH - m&a PLUS®                        | country: Austria         | domain: sazun.net
2026-04-05 21:32:15,619 [INFO]   ✓ 4 employees saved.
2026-04-05 21:32:29,591 [INFO] ─── 18 / 50 ───
2026-04-05 21:32:29,592 [INFO] Scraping: https://www.linkedin.com/company/vienna-capital-partners
2026-04-05 21:33:04,201 [INFO]   Domain: vcpag.com
2026-04-05 21:33:04,204 [INFO]   Employees for 'Vienna Capital Partners'…
2026-04-05 21:33:18,565 [INFO]   9 employees via DOM.
2026-04-05 21:33:18,572 [INFO]   ✓ Vienna Capital Partners                       | country: Austria         | domain: vcpag.com
2026-04-05 21:33:18,584 [INFO]   ✓ 9 employees saved.
2026-04-05 21:33:28,641 [INFO] ─── 19 / 50 ───
2026-04-05 21:33:28,642 [INFO] Scraping: https://www.linkedin.com/company/ithuba-capital-ag
2026-04-05 21:34:04,409 [INFO]   Domain: ithubacapital.com
2026-04-05 21:34:04,412 [INFO]   Employees for 'Ithuba Capital AG'…
2026-04-05 21:34:21,352 [INFO]   8 employees via DOM.
2026-04-05 21:34:21,369 [INFO]   ✓ Ithuba Capital AG                             | country: Austria         | domain: ithubacapital.com
2026-04-05 21:34:21,376 [INFO]   ✓ 8 employees saved.
2026-04-05 21:34:32,302 [INFO] ─── 20 / 50 ───
2026-04-05 21:34:32,302 [INFO] Scraping: https://www.linkedin.com/company/bestincapital
2026-04-05 21:35:10,269 [INFO]   Domain: bestin.capital
2026-04-05 21:35:10,273 [INFO]   Employees for 'bestin.capital'…
2026-04-05 21:35:28,651 [INFO]   9 employees via DOM.
2026-04-05 21:35:28,658 [INFO]   ✓ bestin.capital                                | country: Austria         | domain: bestin.capital
2026-04-05 21:35:28,671 [INFO]   ✓ 9 employees saved.
2026-04-05 21:35:42,815 [INFO] ─── 21 / 50 ───
2026-04-05 21:35:42,815 [INFO] Scraping: https://www.linkedin.com/company/vinc-healthcare
2026-04-05 21:36:16,902 [INFO]   Domain: vinc-healthcare.com
2026-04-05 21:36:16,905 [INFO]   Employees for 'VINC - Healthcare Advisory'…
2026-04-05 21:36:33,721 [INFO]   6 employees via DOM.
2026-04-05 21:36:33,731 [INFO]   ✓ VINC - Healthcare Advisory                    | country: Austria         | domain: vinc-healthcare.com
2026-04-05 21:36:33,737 [INFO]   ✓ 6 employees saved.
2026-04-05 21:36:46,004 [INFO] ─── 22 / 50 ───
2026-04-05 21:36:46,004 [INFO] Scraping: https://www.linkedin.com/company/acuityadvisors
2026-04-05 21:37:19,611 [INFO]   Domain: acuity.co.uk
2026-04-05 21:37:19,615 [INFO]   Employees for 'Acuity Advisors'…
2026-04-05 21:37:34,071 [INFO]   10 employees via DOM.
2026-04-05 21:37:34,078 [INFO]   ✓ Acuity Advisors                               | country: Austria         | domain: acuity.co.uk
2026-04-05 21:37:34,088 [INFO]   ✓ 10 employees saved.
2026-04-05 21:37:43,837 [INFO] ─── 23 / 50 ───
2026-04-05 21:37:43,838 [INFO] Scraping: https://www.linkedin.com/company/strotbek-capital-ag-investment-banking
2026-04-05 21:38:17,374 [INFO]   Domain: strotbek.ch
2026-04-05 21:38:17,378 [INFO]   Employees for 'STROTBEK Capital Partners AG'…
2026-04-05 21:38:33,206 [INFO]   7 employees via DOM.
2026-04-05 21:38:33,212 [INFO]   ✓ STROTBEK Capital Partners AG                  | country: Austria         | domain: strotbek.ch
2026-04-05 21:38:33,219 [INFO]   ✓ 7 employees saved.
2026-04-05 21:38:46,216 [INFO] ─── 24 / 50 ───
2026-04-05 21:38:46,216 [INFO] Scraping: https://www.linkedin.com/company/digital-findet-stadt
2026-04-05 21:39:21,287 [INFO]   Domain: digitalfindetstadt.at
2026-04-05 21:39:21,290 [INFO]   Employees for 'Digital Findet Stadt'…
2026-04-05 21:39:35,193 [INFO]   9 employees via DOM.
2026-04-05 21:39:35,200 [INFO]   ✓ Digital Findet Stadt                          | country: Austria         | domain: digitalfindetstadt.at
2026-04-05 21:39:35,209 [INFO]   ✓ 9 employees saved.
2026-04-05 21:39:47,077 [INFO] ─── 25 / 50 ───
2026-04-05 21:39:47,078 [INFO] Scraping: https://www.linkedin.com/company/rubapro
2026-04-05 21:40:20,717 [INFO]   Domain: instagram.com
2026-04-05 21:40:20,720 [INFO]   Employees for 'Rubapro - New Generation Rubber'…
2026-04-05 21:40:37,025 [INFO]   0 employees via DOM.
2026-04-05 21:40:37,032 [INFO]   ✓ Rubapro - New Generation Rubber               | country: Austria         | domain: instagram.com
2026-04-05 21:40:51,515 [INFO] ─── 26 / 50 ───
2026-04-05 21:40:51,516 [INFO] Scraping: https://www.linkedin.com/company/bauconsult-group
2026-04-05 21:41:26,556 [INFO]   Domain: bauconsult.com
2026-04-05 21:41:26,560 [INFO]   Employees for 'BauConsult Group'…
2026-04-05 21:41:40,937 [INFO]   8 employees via DOM.
2026-04-05 21:41:40,945 [INFO]   ✓ BauConsult Group                              | country: Austria         | domain: bauconsult.com
2026-04-05 21:41:40,953 [INFO]   ✓ 8 employees saved.
2026-04-05 21:41:54,702 [INFO] ─── 27 / 50 ───
2026-04-05 21:41:54,703 [INFO] Scraping: https://www.linkedin.com/company/form-on
2026-04-05 21:42:28,874 [INFO]   Domain: form-on.com
2026-04-05 21:42:28,878 [INFO]   Employees for 'Form-on'…
2026-04-05 21:42:46,905 [INFO]   9 employees via DOM.
2026-04-05 21:42:46,922 [INFO]   ✓ Form-on                                       | country: Austria         | domain: form-on.com
2026-04-05 21:42:46,931 [INFO]   ✓ 9 employees saved.
2026-04-05 21:43:00,929 [INFO] ─── 28 / 50 ───
2026-04-05 21:43:00,930 [INFO] Scraping: https://www.linkedin.com/company/woodrocks
2026-04-05 21:43:36,495 [INFO]   Domain: wood-rocks.com
2026-04-05 21:43:36,499 [INFO]   Employees for 'WoodRocks Bau GmbH'…
2026-04-05 21:43:52,652 [INFO]   8 employees via DOM.
2026-04-05 21:43:52,658 [INFO]   ✓ WoodRocks Bau GmbH                            | country: Austria         | domain: wood-rocks.com
2026-04-05 21:43:52,666 [INFO]   ✓ 8 employees saved.
2026-04-05 21:44:02,674 [INFO] ─── 29 / 50 ───
2026-04-05 21:44:02,676 [INFO] Scraping: https://www.linkedin.com/company/neumayer-projektmanagement-gmbh
2026-04-05 21:44:35,750 [INFO]   Domain: neumayer-pm.at
2026-04-05 21:44:35,753 [INFO]   Employees for 'Neumayer Projektmanagement GmbH'…
2026-04-05 21:44:51,346 [INFO]   8 employees via DOM.
2026-04-05 21:44:51,352 [INFO]   ✓ Neumayer Projektmanagement GmbH               | country: Austria         | domain: neumayer-pm.at
2026-04-05 21:44:51,364 [INFO]   ✓ 8 employees saved.
2026-04-05 21:45:00,051 [INFO] ─── 30 / 50 ───
2026-04-05 21:45:00,052 [INFO] Scraping: https://www.linkedin.com/company/gft-fassaden
2026-04-05 21:45:31,498 [INFO]   Domain: gft-fassaden.swiss
2026-04-05 21:45:31,501 [INFO]   Employees for 'GFT Fassaden AG'…
2026-04-05 21:45:46,575 [INFO]   10 employees via DOM.
2026-04-05 21:45:46,581 [INFO]   ✓ GFT Fassaden AG                               | country: Austria         | domain: gft-fassaden.swiss
2026-04-05 21:45:46,592 [INFO]   ✓ 10 employees saved.
2026-04-05 21:45:56,679 [INFO] ─── 31 / 50 ───
2026-04-05 21:45:56,680 [INFO] Scraping: https://www.linkedin.com/company/renowate
2026-04-05 21:46:33,238 [INFO]   Domain: renowate.earth
2026-04-05 21:46:33,241 [INFO]   Employees for 'RENOWATE'…
2026-04-05 21:46:49,967 [INFO]   9 employees via DOM.
2026-04-05 21:46:49,973 [INFO]   ✓ RENOWATE                                      | country: Austria         | domain: renowate.earth
2026-04-05 21:46:49,983 [INFO]   ✓ 9 employees saved.
2026-04-05 21:46:59,187 [INFO] ─── 32 / 50 ───
2026-04-05 21:46:59,188 [INFO] Scraping: https://www.linkedin.com/company/sodex-innovations
2026-04-05 21:47:33,130 [INFO]   Domain: sodex-innovations.com
2026-04-05 21:47:33,133 [INFO]   Employees for 'Sodex Innovations'…
2026-04-05 21:47:48,873 [INFO]   4 employees via DOM.
2026-04-05 21:47:48,880 [INFO]   ✓ Sodex Innovations                             | country: Austria         | domain: sodex-innovations.com
2026-04-05 21:47:48,884 [INFO]   ✓ 4 employees saved.
2026-04-05 21:48:01,514 [INFO] ─── 33 / 50 ───
2026-04-05 21:48:01,515 [INFO] Scraping: https://www.linkedin.com/company/creebuildings
2026-04-05 21:48:35,498 [INFO]   Domain: creebuildings.com
2026-04-05 21:48:35,502 [INFO]   Employees for 'CREE BUILDINGS'…
2026-04-05 21:48:53,567 [INFO]   9 employees via DOM.
2026-04-05 21:48:53,584 [INFO]   ✓ CREE BUILDINGS                                | country: Austria         | domain: creebuildings.com
2026-04-05 21:48:53,593 [INFO]   ✓ 9 employees saved.
2026-04-05 21:49:03,171 [INFO] ─── 34 / 50 ───
2026-04-05 21:49:03,171 [INFO] Scraping: https://www.linkedin.com/company/zmp-holzbausysteme
2026-04-05 21:49:39,936 [INFO]   Domain: massivholzsystem.at
2026-04-05 21:49:39,939 [INFO]   Employees for 'ZMP Holzbausysteme'…
2026-04-05 21:49:56,586 [INFO]   7 employees via DOM.
2026-04-05 21:49:56,591 [INFO]   ✓ ZMP Holzbausysteme                            | country: Austria         | domain: massivholzsystem.at
2026-04-05 21:49:56,598 [INFO]   ✓ 7 employees saved.
2026-04-05 21:50:08,579 [INFO] ─── 35 / 50 ───
2026-04-05 21:50:08,580 [INFO] Scraping: https://www.linkedin.com/company/organoid-gmbh
2026-04-05 21:50:40,275 [INFO]   Domain: organoids.com
2026-04-05 21:50:40,278 [INFO]   Employees for 'ORGANOID'…
2026-04-05 21:50:57,952 [INFO]   8 employees via DOM.
2026-04-05 21:50:57,959 [INFO]   ✓ ORGANOID                                      | country: Austria         | domain: organoids.com
2026-04-05 21:50:57,970 [INFO]   ✓ 8 employees saved.
2026-04-05 21:51:08,641 [INFO] ─── 36 / 50 ───
2026-04-05 21:51:08,642 [INFO] Scraping: https://www.linkedin.com/company/overtec
2026-04-05 21:51:44,991 [INFO]   Domain: overtec.com
2026-04-05 21:51:44,994 [INFO]   Employees for 'overtec GmbH'…
2026-04-05 21:52:00,993 [INFO]   5 employees via DOM.
2026-04-05 21:52:01,002 [INFO]   ✓ overtec GmbH                                  | country: Austria         | domain: overtec.com
2026-04-05 21:52:01,015 [INFO]   ✓ 5 employees saved.
2026-04-05 21:52:14,680 [INFO] ─── 37 / 50 ───
2026-04-05 21:52:14,681 [INFO] Scraping: https://www.linkedin.com/company/ertex-solar
2026-04-05 21:52:51,900 [INFO]   Domain: ertex-solar.at
2026-04-05 21:52:51,903 [INFO]   Employees for 'ertex solar'…
2026-04-05 21:53:07,941 [INFO]   3 employees via DOM.
2026-04-05 21:53:07,948 [INFO]   ✓ ertex solar                                   | country: Austria         | domain: ertex-solar.at
2026-04-05 21:53:07,951 [INFO]   ✓ 3 employees saved.
2026-04-05 21:53:18,429 [INFO] ─── 38 / 50 ───
2026-04-05 21:53:18,429 [INFO] Scraping: https://www.linkedin.com/company/kenda-abwassertechnik
2026-04-05 21:53:51,407 [INFO]   Domain: kendaabwassertechnik.at
2026-04-05 21:53:51,410 [INFO]   Employees for 'Kenda Abwassertechnik GmbH'…
2026-04-05 21:54:08,791 [INFO]   2 employees via DOM.
2026-04-05 21:54:08,797 [INFO]   ✓ Kenda Abwassertechnik GmbH                    | country: Austria         | domain: kendaabwassertechnik.at
2026-04-05 21:54:08,803 [INFO]   ✓ 2 employees saved.
2026-04-05 21:54:16,937 [INFO] ─── 39 / 50 ───
2026-04-05 21:54:16,938 [INFO] Scraping: https://www.linkedin.com/company/inndata-datentechnik-gmbh
2026-04-05 21:54:49,854 [INFO]   Domain: inndata.at
2026-04-05 21:54:49,857 [INFO]   Employees for 'Inndata Datentechnik GmbH'…
2026-04-05 21:55:07,546 [INFO]   3 employees via DOM.
2026-04-05 21:55:07,552 [INFO]   ✓ Inndata Datentechnik GmbH                     | country: Austria         | domain: inndata.at
2026-04-05 21:55:07,556 [INFO]   ✓ 3 employees saved.
2026-04-05 21:55:19,060 [INFO] ─── 40 / 50 ───
2026-04-05 21:55:19,060 [INFO] Scraping: https://www.linkedin.com/company/airfiretech
2026-04-05 21:55:52,934 [INFO]   Domain: airfiretech.at
2026-04-05 21:55:52,937 [INFO]   Employees for 'Air Fire Tech'…
2026-04-05 21:56:09,908 [INFO]   4 employees via DOM.
2026-04-05 21:56:09,914 [INFO]   ✓ Air Fire Tech                                 | country: Austria         | domain: airfiretech.at
2026-04-05 21:56:09,918 [INFO]   ✓ 4 employees saved.
2026-04-05 21:56:23,791 [INFO] ─── 41 / 50 ───
2026-04-05 21:56:23,792 [INFO] Scraping: https://www.linkedin.com/company/soprema-gmbh-%C3%B6sterreich
2026-04-05 21:56:57,451 [INFO]   Domain: soprema.at
2026-04-05 21:56:57,454 [INFO]   Employees for 'Soprema GmbH, Österreich'…
2026-04-05 21:57:15,501 [INFO]   6 employees via DOM.
2026-04-05 21:57:15,507 [INFO]   ✓ Soprema GmbH, Österreich                      | country: Austria         | domain: soprema.at
2026-04-05 21:57:15,513 [INFO]   ✓ 6 employees saved.
2026-04-05 21:57:30,321 [INFO] ─── 42 / 50 ───
2026-04-05 21:57:30,322 [INFO] Scraping: https://www.linkedin.com/company/paneelpartner-gmbh
2026-04-05 21:58:06,275 [INFO]   Domain: paneelpartner.at
2026-04-05 21:58:06,279 [INFO]   Employees for 'PANEELPARTNER GmbH'…
2026-04-05 21:58:22,048 [INFO]   7 employees via DOM.
2026-04-05 21:58:22,056 [INFO]   ✓ PANEELPARTNER GmbH                            | country: Austria         | domain: paneelpartner.at
2026-04-05 21:58:22,063 [INFO]   ✓ 7 employees saved.
2026-04-05 21:58:36,349 [INFO] ─── 43 / 50 ───
2026-04-05 21:58:36,350 [INFO] Scraping: https://www.linkedin.com/company/hirnb%C3%B6ck-stabau
2026-04-05 21:59:12,635 [INFO]   Domain: spundbohle.at
2026-04-05 21:59:12,638 [INFO]   Employees for 'Hirnböck Stabau'…
2026-04-05 21:59:31,501 [INFO]   6 employees via DOM.
2026-04-05 21:59:31,517 [INFO]   ✓ Hirnböck Stabau                               | country: Austria         | domain: spundbohle.at
2026-04-05 21:59:31,523 [INFO]   ✓ 6 employees saved.
2026-04-05 21:59:43,920 [INFO] ─── 44 / 50 ───
2026-04-05 21:59:43,921 [INFO] Scraping: https://www.linkedin.com/company/ant-handels--und-dienstleistungs-gmbh
2026-04-05 22:00:16,845 [INFO]   Domain: ant.co.at
2026-04-05 22:00:16,848 [INFO]   Employees for 'ANT Handels- und Dienstleistungs GmbH'…
2026-04-05 22:00:34,822 [INFO]   5 employees via DOM.
2026-04-05 22:00:34,830 [INFO]   ✓ ANT Handels- und Dienstleistungs GmbH         | country: Austria         | domain: ant.co.at
2026-04-05 22:00:34,835 [INFO]   ✓ 5 employees saved.
2026-04-05 22:00:47,800 [INFO] ─── 45 / 50 ───
2026-04-05 22:00:47,801 [INFO] Scraping: https://www.linkedin.com/company/wyconn
2026-04-05 22:01:20,799 [INFO]   Domain: wyconn.com
2026-04-05 22:01:20,802 [INFO]   Employees for 'Wyconn'…
2026-04-05 22:01:34,831 [INFO]   2 employees via DOM.
2026-04-05 22:01:34,837 [INFO]   ✓ Wyconn                                        | country: Austria         | domain: wyconn.com
2026-04-05 22:01:34,839 [INFO]   ✓ 2 employees saved.
2026-04-05 22:01:48,850 [INFO] ─── 46 / 50 ───
2026-04-05 22:01:48,850 [INFO] Scraping: https://www.linkedin.com/company/mdvsoft-
2026-04-05 22:02:22,998 [INFO]   Domain: mdvsoft.eu
2026-04-05 22:02:23,001 [INFO]   Employees for 'MDVsoft®'…
2026-04-05 22:02:39,133 [INFO]   4 employees via DOM.
2026-04-05 22:02:39,139 [INFO]   ✓ MDVsoft®                                      | country: Austria         | domain: mdvsoft.eu
2026-04-05 22:02:39,143 [INFO]   ✓ 4 employees saved.
2026-04-05 22:02:52,924 [INFO] ─── 47 / 50 ───
2026-04-05 22:02:52,924 [INFO] Scraping: https://www.linkedin.com/company/wi-fi-uk
2026-04-05 22:03:28,620 [WARNING]   ⚠ No website found.
2026-04-05 22:03:28,623 [INFO]   Employees for 'SmartConnectUK'…
2026-04-05 22:03:44,812 [INFO]   1 employees via DOM.
2026-04-05 22:03:44,819 [INFO]   ✓ SmartConnectUK                                | country: Austria         | domain: — not found —
2026-04-05 22:03:44,820 [INFO]   ✓ 1 employees saved.
2026-04-05 22:03:54,886 [INFO] ─── 48 / 50 ───
2026-04-05 22:03:54,886 [INFO] Scraping: https://www.linkedin.com/company/sophron-engineering
2026-04-05 22:04:29,542 [INFO]   Domain: sophron.ai
2026-04-05 22:04:29,545 [INFO]   Employees for 'Sophron Engineering'…
2026-04-05 22:04:44,130 [INFO]   4 employees via DOM.
2026-04-05 22:04:44,136 [INFO]   ✓ Sophron Engineering                           | country: Austria         | domain: sophron.ai
2026-04-05 22:04:44,141 [INFO]   ✓ 4 employees saved.
2026-04-05 22:04:53,653 [INFO] ─── 49 / 50 ───
2026-04-05 22:04:53,653 [INFO] Scraping: https://www.linkedin.com/company/niederoesterreichische-glasfaserinfrastrukturgesellschaft
2026-04-05 22:05:27,828 [INFO]   Domain: noegig.at
2026-04-05 22:05:27,831 [INFO]   Employees for 'nöGIG Service GmbH'…
2026-04-05 22:05:46,013 [INFO]   10 employees via DOM.
2026-04-05 22:05:46,032 [INFO]   ✓ nöGIG Service GmbH                            | country: Austria         | domain: noegig.at
2026-04-05 22:05:46,041 [INFO]   ✓ 10 employees saved.
2026-04-05 22:05:57,677 [INFO] ─── 50 / 50 ───
2026-04-05 22:05:57,678 [INFO] Scraping: https://www.linkedin.com/company/tttech-labs
2026-04-05 22:06:31,151 [INFO]   Domain: labs.tttech.com
2026-04-05 22:06:31,154 [INFO]   Employees for 'TTTech Labs'…
2026-04-05 22:06:46,204 [INFO]   1 employees via DOM.
2026-04-05 22:06:46,212 [INFO]   ✓ TTTech Labs                                   | country: Austria         | domain: labs.tttech.com
2026-04-05 22:06:46,214 [INFO]   ✓ 1 employees saved.
2026-04-05 22:06:55,748 [INFO] CSV: criteria_countries.csv               47 rows
2026-04-05 22:06:55,749 [INFO] CSV: criteria_industries.csv              168 rows
2026-04-05 22:06:55,750 [INFO] CSV: criteria_sizes.csv                   8 rows
2026-04-05 22:06:56,037 [INFO] CSV: search_combinations.csv              27412 rows
2026-04-05 22:06:56,048 [INFO] CSV: companies.csv                        250 rows
2026-04-05 22:06:56,066 [INFO] CSV: employees.csv                        1528 rows
2026-04-05 22:06:56,097 [INFO] === Done ===
2026-04-10 20:10:28,144 [INFO] === LinkedIn Scraper v4.1 ===
2026-04-10 20:10:28,158 [INFO] Database ready: linkedin_data.db
2026-04-10 20:10:28,161 [INFO] Criteria tables: {'countries': 47, 'industries': 168, 'sizes': 8}
2026-04-10 20:10:28,216 [INFO] Cleared 27276 pending combinations — rebuilding with current sort order.
2026-04-10 20:10:28,475 [INFO] search_combinations: 27276 new rows added | 27412 total in queue
2026-04-10 20:10:28,477 [INFO] Queue: exhausted: 135 | in_progress: 1 | pending: 27276
2026-04-10 20:10:37,088 [INFO] Cookies copied → C:\Users\sandeep\AppData\Local\linkedin_scraper_profile
2026-04-10 20:10:49,466 [INFO] LinkedIn session active — no login needed.
2026-04-10 20:10:49,476 [INFO] Companies already in DB: 250 (will be skipped)
2026-04-10 20:10:50,151 [INFO] Combination [1258790] (1/20): Austria | Consumer Electronics | 11-50 employees  (resume page 1)
2026-04-10 20:10:50,154 [INFO]   Navigating to: https://www.linkedin.com/search/results/companies/?origin=FACETED_SEARCH&companySize=["C"]&industryCompanyVertical=["5"]&companyHqGeo=%5B%22103883259%22%5D
2026-04-10 20:10:59,311 [INFO]   ✓ companyHqGeo confirmed in URL.
2026-04-10 20:11:11,445 [INFO]   Page 1: 9 on page | 2 new | 2 queued total
2026-04-10 20:11:26,986 [INFO]   Page 2: 9 on page | 0 new | 2 queued total
2026-04-10 20:11:46,418 [INFO]   Page 3: 9 on page | 0 new | 2 queued total
2026-04-10 20:12:03,183 [INFO]   Page 4: 9 on page | 0 new | 2 queued total
2026-04-10 20:12:18,631 [INFO]   Page 5: 9 on page | 0 new | 2 queued total
2026-04-10 20:12:36,509 [INFO]   Page 6: 9 on page | 0 new | 2 queued total
2026-04-10 20:12:52,348 [INFO]   Page 7: 9 on page | 0 new | 2 queued total
2026-04-10 20:13:10,532 [INFO]   Page 8: 9 on page | 0 new | 2 queued total
2026-04-10 20:13:25,520 [INFO]   Page 9: 9 on page | 0 new | 2 queued total
2026-04-10 20:13:32,330 [INFO]   Combination [1258790] → exhausted
2026-04-10 20:13:32,331 [INFO]   Waiting 85 s before next combination (anti-block)…
2026-04-10 20:14:57,166 [INFO] Combination [1290794] (2/20): Austria | Wholesale | 11-50 employees  (resume page 0)
2026-04-10 20:14:57,179 [INFO]   Navigating to: https://www.linkedin.com/search/results/companies/?origin=FACETED_SEARCH&companySize=["C"]&industryCompanyVertical=["50"]&companyHqGeo=%5B%22103883259%22%5D
2026-04-10 20:15:05,590 [INFO]   ✓ companyHqGeo confirmed in URL.
2026-04-10 20:15:08,700 [INFO]   Page 0: 10 on page | 10 new | 12 queued total
2026-04-10 20:15:23,027 [INFO]   Page 1: 10 on page | 0 new | 12 queued total
2026-04-10 20:15:37,581 [INFO]   Page 2: 10 on page | 0 new | 12 queued total
2026-04-10 20:15:56,144 [INFO]   Page 3: 10 on page | 0 new | 12 queued total
2026-04-10 20:16:13,669 [INFO]   Page 4: 10 on page | 0 new | 12 queued total
2026-04-10 20:16:31,196 [INFO]   Page 5: 10 on page | 0 new | 12 queued total
2026-04-10 20:16:48,984 [INFO]   Page 6: 10 on page | 0 new | 12 queued total
2026-04-10 20:17:04,230 [INFO]   Page 7: 10 on page | 0 new | 12 queued total
2026-04-10 20:17:23,255 [INFO]   Page 8: 10 on page | 0 new | 12 queued total
2026-04-10 20:17:37,667 [INFO]   Page 9: 10 on page | 0 new | 12 queued total
2026-04-10 20:17:44,230 [INFO]   Combination [1290794] → exhausted
2026-04-10 20:17:44,231 [INFO]   Waiting 75 s before next combination (anti-block)…
2026-04-10 20:18:59,154 [INFO] Combination [1290724] (3/20): Austria | Security and Investigations | 11-50 employees  (resume page 0)
2026-04-10 20:18:59,168 [INFO]   Navigating to: https://www.linkedin.com/search/results/companies/?origin=FACETED_SEARCH&companySize=["C"]&industryCompanyVertical=["52"]&companyHqGeo=%5B%22103883259%22%5D
2026-04-10 20:19:08,511 [INFO]   ✓ companyHqGeo confirmed in URL.
2026-04-10 20:19:11,077 [INFO]   Page 0: 10 on page | 10 new | 22 queued total
2026-04-10 20:21:02,600 [INFO]   Page 1: 10 on page | 0 new | 22 queued total
2026-04-10 20:21:18,141 [INFO]   Page 2: 10 on page | 0 new | 22 queued total
2026-04-10 20:21:34,029 [INFO]   Page 3: 10 on page | 0 new | 22 queued total
2026-04-10 20:21:49,477 [INFO]   Page 4: 10 on page | 0 new | 22 queued total
2026-04-10 20:22:06,169 [INFO]   Page 5: 10 on page | 0 new | 22 queued total
2026-04-10 20:22:21,841 [INFO]   Page 6: 10 on page | 0 new | 22 queued total
2026-04-10 20:22:38,282 [INFO]   Page 7: 10 on page | 0 new | 22 queued total
2026-04-10 20:22:53,116 [INFO]   Page 8: 10 on page | 0 new | 22 queued total
2026-04-10 20:23:07,540 [INFO]   Page 9: 10 on page | 0 new | 22 queued total
2026-04-10 20:23:13,626 [INFO]   Combination [1290724] → exhausted
2026-04-10 20:23:13,626 [INFO]   Waiting 108 s before next combination (anti-block)…
2026-04-10 20:25:01,244 [INFO] Combination [1290164] (4/20): Austria | Automotive | 11-50 employees  (resume page 0)
2026-04-10 20:25:01,246 [INFO]   Navigating to: https://www.linkedin.com/search/results/companies/?origin=FACETED_SEARCH&companySize=["C"]&industryCompanyVertical=["53"]&companyHqGeo=%5B%22103883259%22%5D
2026-04-10 20:25:09,396 [INFO]   ✓ companyHqGeo confirmed in URL.
2026-04-10 20:25:12,471 [INFO]   Page 0: 10 on page | 10 new | 32 queued total
2026-04-10 20:25:29,842 [INFO]   Page 1: 10 on page | 0 new | 32 queued total
2026-04-10 20:25:45,377 [INFO]   Page 2: 10 on page | 0 new | 32 queued total
2026-04-10 20:26:02,206 [INFO]   Page 3: 10 on page | 0 new | 32 queued total
2026-04-10 20:26:20,144 [INFO]   Page 4: 10 on page | 0 new | 32 queued total
2026-04-10 20:26:35,260 [INFO]   Page 5: 10 on page | 0 new | 32 queued total
2026-04-10 20:26:49,481 [INFO]   Page 6: 10 on page | 0 new | 32 queued total
2026-04-10 20:27:04,884 [INFO]   Page 7: 10 on page | 0 new | 32 queued total
2026-04-10 20:27:21,821 [INFO]   Page 8: 10 on page | 0 new | 32 queued total
2026-04-10 20:27:37,014 [INFO]   Page 9: 10 on page | 0 new | 32 queued total
2026-04-10 20:27:42,587 [INFO]   Combination [1290164] → exhausted
2026-04-10 20:27:42,588 [INFO]   Waiting 87 s before next combination (anti-block)…
2026-04-10 20:29:09,259 [INFO] Combination [1290227] (5/20): Austria | Chemical Manufacturing | 11-50 employees  (resume page 0)
2026-04-10 20:29:09,273 [INFO]   Navigating to: https://www.linkedin.com/search/results/companies/?origin=FACETED_SEARCH&companySize=["C"]&industryCompanyVertical=["54"]&companyHqGeo=%5B%22103883259%22%5D
2026-04-10 20:29:18,068 [INFO]   ✓ companyHqGeo confirmed in URL.
2026-04-10 20:29:20,927 [INFO]   Page 0: 10 on page | 10 new | 42 queued total
2026-04-10 20:29:36,698 [INFO]   Page 1: 10 on page | 0 new | 42 queued total
2026-04-10 20:29:57,322 [INFO]   Page 2: 10 on page | 0 new | 42 queued total
2026-04-10 20:30:14,387 [INFO]   Page 3: 10 on page | 0 new | 42 queued total
2026-04-10 20:30:31,999 [INFO]   Page 4: 10 on page | 0 new | 42 queued total
2026-04-10 20:30:48,922 [INFO]   Page 5: 10 on page | 0 new | 42 queued total
2026-04-10 20:31:04,953 [INFO]   Page 6: 10 on page | 0 new | 42 queued total
2026-04-10 20:31:24,013 [INFO]   Page 7: 10 on page | 0 new | 42 queued total
2026-04-10 20:31:38,504 [INFO]   Page 8: 10 on page | 0 new | 42 queued total
2026-04-10 20:31:57,218 [INFO]   Page 9: 10 on page | 0 new | 42 queued total
2026-04-10 20:32:03,032 [INFO]   Combination [1290227] → exhausted
2026-04-10 20:32:03,032 [INFO]   Extended rest 227 s after 5 combinations…
2026-04-10 20:35:49,645 [INFO] Combination [1290591] (6/20): Austria | Luxury Goods and Jewelry | 11-50 employees  (resume page 0)
2026-04-10 20:35:49,648 [INFO]   Navigating to: https://www.linkedin.com/search/results/companies/?origin=FACETED_SEARCH&companySize=["C"]&industryCompanyVertical=["57"]&companyHqGeo=%5B%22103883259%22%5D
2026-04-10 20:35:59,155 [INFO]   ✓ companyHqGeo confirmed in URL.
2026-04-10 20:36:02,174 [INFO]   Page 0: 10 on page | 8 new | 50 queued total
2026-04-10 20:36:08,408 [INFO]   Combination [1290591] → in_progress
2026-04-10 20:36:08,471 [INFO] Discovery done: 50 new companies queued.
2026-04-10 20:36:08,471 [INFO] ─── 1 / 50 ───
2026-04-10 20:36:08,472 [INFO] Scraping: https://www.linkedin.com/company/itguards
2026-04-10 20:36:43,534 [INFO]   Domain: computer-koeck.at
2026-04-10 20:36:43,539 [INFO]   Employees for 'IT Guards- eine Marke der Gerald Köck GmbH'…
2026-04-10 20:37:01,595 [INFO]   5 employees via DOM.
2026-04-10 20:37:01,601 [INFO]   ✓ IT Guards- eine Marke der Gerald Köck GmbH    | country: Austria         | domain: computer-koeck.at
2026-04-10 20:37:01,607 [INFO]   ✓ 5 employees saved.
2026-04-10 20:37:12,833 [INFO] ─── 2 / 50 ───
2026-04-10 20:37:12,834 [INFO] Scraping: https://www.linkedin.com/company/bucher-netzwerke-gmbh
2026-04-10 20:37:47,273 [INFO]   Domain: bucher-netzwerke.de
2026-04-10 20:37:47,277 [INFO]   Employees for 'Bucher Netzwerke GmbH - IT FOR ENGINEERS'…
2026-04-10 20:38:01,605 [INFO]   6 employees via DOM.
2026-04-10 20:38:01,624 [INFO]   ✓ Bucher Netzwerke GmbH - IT FOR ENGINEERS      | country: Austria         | domain: bucher-netzwerke.de
2026-04-10 20:38:01,630 [INFO]   ✓ 6 employees saved.
2026-04-10 20:38:13,688 [INFO] ─── 3 / 50 ───
2026-04-10 20:38:13,689 [INFO] Scraping: https://www.linkedin.com/company/dmaa-at
2026-04-10 20:38:50,641 [INFO]   Domain: dmaa.at
2026-04-10 20:38:50,645 [INFO]   Employees for 'DMAA | Delugan Meissl Associated Architects'…
2026-04-10 20:39:07,743 [INFO]   8 employees via DOM.
2026-04-10 20:39:07,750 [INFO]   ✓ DMAA | Delugan Meissl Associated Architects   | country: Austria         | domain: dmaa.at
2026-04-10 20:39:07,760 [INFO]   ✓ 8 employees saved.
2026-04-10 20:39:17,368 [INFO] ─── 4 / 50 ───
2026-04-10 20:39:17,369 [INFO] Scraping: https://www.linkedin.com/company/megatabs
2026-04-10 20:39:49,587 [INFO]   Domain: megatabs.com
2026-04-10 20:39:49,591 [INFO]   Employees for '.MEGATABS architekten'…
2026-04-10 20:40:06,287 [INFO]   8 employees via DOM.
2026-04-10 20:40:06,293 [INFO]   ✓ .MEGATABS architekten                         | country: Austria         | domain: megatabs.com
2026-04-10 20:40:06,304 [INFO]   ✓ 8 employees saved.
2026-04-10 20:40:16,058 [INFO] ─── 5 / 50 ───
2026-04-10 20:40:16,058 [INFO] Scraping: https://www.linkedin.com/company/voepe
2026-04-10 20:40:51,427 [INFO]   Domain: voepe.at
2026-04-10 20:40:51,430 [INFO]   Employees for 'VÖPE - Vereinigung Österreichischer Projektentwickler'…
2026-04-10 20:41:07,468 [INFO]   5 employees via DOM.
2026-04-10 20:41:07,481 [INFO]   ✓ VÖPE - Vereinigung Österreichischer Projektentwickler | country: Austria         | domain: voepe.at
2026-04-10 20:41:07,488 [INFO]   ✓ 5 employees saved.
2026-04-10 20:41:21,526 [INFO] ─── 6 / 50 ───
2026-04-10 20:41:21,526 [INFO] Scraping: https://www.linkedin.com/company/coco-architecture
2026-04-10 20:41:54,551 [INFO]   Domain: cocoarchitecture.fr
2026-04-10 20:41:54,555 [INFO]   Employees for 'CoCo Architecture'…
2026-04-10 20:42:09,005 [INFO]   8 employees via DOM.
2026-04-10 20:42:09,011 [INFO]   ✓ CoCo Architecture                             | country: Austria         | domain: cocoarchitecture.fr
2026-04-10 20:42:09,019 [INFO]   ✓ 8 employees saved.
2026-04-10 20:42:22,612 [INFO] ─── 7 / 50 ───
2026-04-10 20:42:22,613 [INFO] Scraping: https://www.linkedin.com/company/querkraftarchitektur
2026-04-10 20:42:57,005 [INFO]   Domain: querkraft.at
2026-04-10 20:42:57,009 [INFO]   Employees for 'querkraft'…
2026-04-10 20:43:14,494 [INFO]   5 employees via DOM.
2026-04-10 20:43:14,511 [INFO]   ✓ querkraft                                     | country: Austria         | domain: querkraft.at
2026-04-10 20:43:14,517 [INFO]   ✓ 5 employees saved.
2026-04-10 20:43:23,379 [INFO] ─── 8 / 50 ───
2026-04-10 20:43:23,379 [INFO] Scraping: https://www.linkedin.com/company/bwm-architekten
2026-04-10 20:43:59,316 [INFO]   Domain: bwm.at
2026-04-10 20:43:59,320 [INFO]   Employees for 'BWM Architekten und Partner ZT GmbH'…
2026-04-10 20:44:13,079 [INFO]   6 employees via DOM.
2026-04-10 20:44:13,099 [INFO]   ✓ BWM Architekten und Partner ZT GmbH           | country: Austria         | domain: bwm.at
2026-04-10 20:44:13,107 [INFO]   ✓ 6 employees saved.
2026-04-10 20:44:24,198 [INFO] ─── 9 / 50 ───
2026-04-10 20:44:24,200 [INFO] Scraping: https://www.linkedin.com/company/love-architecture-and-urbanism-zt-gmbh
2026-04-10 20:44:58,660 [INFO]   Domain: love-architecture.com
2026-04-10 20:44:58,663 [INFO]   Employees for 'LOVE architecture and urbanism'…
2026-04-10 20:45:17,104 [INFO]   9 employees via DOM.
2026-04-10 20:45:17,110 [INFO]   ✓ LOVE architecture and urbanism                | country: Austria         | domain: love-architecture.com
2026-04-10 20:45:17,124 [INFO]   ✓ 9 employees saved.
2026-04-10 20:45:27,154 [INFO] ─── 10 / 50 ───
2026-04-10 20:45:27,155 [INFO] Scraping: https://www.linkedin.com/company/raumposition
2026-04-10 20:46:03,329 [INFO]   Domain: raumposition.at
2026-04-10 20:46:03,332 [INFO]   Employees for 'Raumposition. GmbH'…
2026-04-10 20:46:20,163 [INFO]   7 employees via DOM.
2026-04-10 20:46:20,170 [INFO]   ✓ Raumposition. GmbH                            | country: Austria         | domain: raumposition.at
2026-04-10 20:46:20,177 [INFO]   ✓ 7 employees saved.
2026-04-10 20:46:30,019 [INFO] ─── 11 / 50 ───
2026-04-10 20:46:30,020 [INFO] Scraping: https://www.linkedin.com/company/domus-vivendi-prime
2026-04-10 20:47:04,852 [INFO]   Domain: dv-group.de
2026-04-10 20:47:04,856 [INFO]   Employees for 'Domus Vivendi Group'…
2026-04-10 20:47:20,020 [INFO]   9 employees via DOM.
2026-04-10 20:47:20,027 [INFO]   ✓ Domus Vivendi Group                           | country: Austria         | domain: dv-group.de
2026-04-10 20:47:20,039 [INFO]   ✓ 9 employees saved.
2026-04-10 20:47:34,244 [INFO] ─── 12 / 50 ───
2026-04-10 20:47:34,245 [INFO] Scraping: https://www.linkedin.com/company/mkp-ing
2026-04-10 20:48:08,636 [INFO]   Domain: mkp-ing.com
2026-04-10 20:48:08,640 [INFO]   Employees for 'merz kley partner'…
2026-04-10 20:48:23,143 [INFO]   9 employees via DOM.
2026-04-10 20:48:23,149 [INFO]   ✓ merz kley partner                             | country: Austria         | domain: mkp-ing.com
2026-04-10 20:48:23,157 [INFO]   ✓ 9 employees saved.
2026-04-10 20:48:34,870 [INFO] ─── 13 / 50 ───
2026-04-10 20:48:34,870 [INFO] Scraping: https://www.linkedin.com/company/air6-systems
2026-04-10 20:49:09,825 [INFO]   Domain: air6systems.com
2026-04-10 20:49:09,828 [INFO]   Employees for 'AIR6 SYSTEMS | AIRBORNE ROBOTICS'…
2026-04-10 20:49:25,563 [INFO]   7 employees via DOM.
2026-04-10 20:49:25,570 [INFO]   ✓ AIR6 SYSTEMS | AIRBORNE ROBOTICS              | country: Austria         | domain: air6systems.com
2026-04-10 20:49:25,578 [INFO]   ✓ 7 employees saved.
2026-04-10 20:49:38,778 [INFO] ─── 14 / 50 ───
2026-04-10 20:49:38,779 [INFO] Scraping: https://www.linkedin.com/company/gatespace
2026-04-10 20:50:12,452 [INFO]   Domain: gate.space
2026-04-10 20:50:12,456 [INFO]   Employees for 'GATE Space'…
2026-04-10 20:50:28,683 [INFO]   9 employees via DOM.
2026-04-10 20:50:28,689 [INFO]   ✓ GATE Space                                    | country: Austria         | domain: gate.space
2026-04-10 20:50:28,699 [INFO]   ✓ 9 employees saved.
2026-04-10 20:50:39,263 [INFO] ─── 15 / 50 ───
2026-04-10 20:50:39,264 [INFO] Scraping: https://www.linkedin.com/company/heading365
2026-04-10 20:51:10,653 [INFO]   Domain: heading365.com
2026-04-10 20:51:10,657 [INFO]   Employees for 'Heading365'…
2026-04-10 20:51:26,714 [INFO]   9 employees via DOM.
2026-04-10 20:51:26,723 [INFO]   ✓ Heading365                                    | country: Austria         | domain: heading365.com
2026-04-10 20:51:26,733 [INFO]   ✓ 9 employees saved.
2026-04-10 20:51:40,197 [INFO] ─── 16 / 50 ───
2026-04-10 20:51:40,198 [INFO] Scraping: https://www.linkedin.com/company/asgardia
2026-04-10 20:52:12,748 [INFO]   Domain: asgardia.space
2026-04-10 20:52:12,752 [INFO]   Employees for 'Asgardia'…
2026-04-10 20:52:27,694 [INFO]   4 employees via DOM.
2026-04-10 20:52:27,710 [INFO]   ✓ Asgardia                                      | country: Austria         | domain: asgardia.space
2026-04-10 20:52:27,715 [INFO]   ✓ 4 employees saved.
2026-04-10 20:52:38,717 [INFO] ─── 17 / 50 ───
2026-04-10 20:52:38,718 [INFO] Scraping: https://www.linkedin.com/company/lauda-motion
2026-04-10 20:53:11,936 [INFO]   Domain: laudamotion.com
2026-04-10 20:53:11,940 [INFO]   Employees for 'LaudaMotion GmbH'…
2026-04-10 20:53:30,402 [INFO]   1 employees via DOM.
2026-04-10 20:53:30,420 [INFO]   ✓ LaudaMotion GmbH                              | country: Austria         | domain: laudamotion.com
2026-04-10 20:53:30,421 [INFO]   ✓ 1 employees saved.
2026-04-10 20:53:41,135 [INFO] ─── 18 / 50 ───
2026-04-10 20:53:41,135 [INFO] Scraping: https://www.linkedin.com/company/unmannedhelicopters
2026-04-10 20:54:16,735 [INFO]   Domain: unmannedhelicopters.aero
2026-04-10 20:54:16,744 [INFO]   Employees for 'Unmanned Helicopters group of companies'…
2026-04-10 20:54:31,398 [INFO]   2 employees via DOM.
2026-04-10 20:54:31,404 [INFO]   ✓ Unmanned Helicopters group of companies       | country: Austria         | domain: unmannedhelicopters.aero
2026-04-10 20:54:31,407 [INFO]   ✓ 2 employees saved.
2026-04-10 20:54:45,812 [INFO] ─── 19 / 50 ───
2026-04-10 20:54:45,813 [INFO] Scraping: https://www.linkedin.com/company/quantumtechnologylaboratoriesgmbh
2026-04-10 20:55:18,857 [INFO]   Domain: qtlabs.at
2026-04-10 20:55:18,861 [INFO]   Employees for 'qtlabs - Quantum Technology Laboratories GmbH'…
2026-04-10 20:55:32,923 [INFO]   9 employees via DOM.
2026-04-10 20:55:32,930 [INFO]   ✓ qtlabs - Quantum Technology Laboratories GmbH | country: Austria         | domain: qtlabs.at
2026-04-10 20:55:32,948 [INFO]   ✓ 9 employees saved.
2026-04-10 20:55:47,849 [INFO] ─── 20 / 50 ───
2026-04-10 20:55:47,849 [INFO] Scraping: https://www.linkedin.com/company/m&h-cnc-technik-gmbh
2026-04-10 20:56:22,145 [INFO]   Domain: mhcnc.com
2026-04-10 20:56:22,150 [INFO]   Employees for 'M&H CNC Technik GmbH'…
2026-04-10 20:56:38,747 [INFO]   7 employees via DOM.
2026-04-10 20:56:38,753 [INFO]   ✓ M&H CNC Technik GmbH                          | country: Austria         | domain: mhcnc.com
2026-04-10 20:56:38,760 [INFO]   ✓ 7 employees saved.
2026-04-10 20:56:48,541 [INFO] ─── 21 / 50 ───
2026-04-10 20:56:48,542 [INFO] Scraping: https://www.linkedin.com/company/primusavia
2026-04-10 20:57:24,779 [INFO]   Domain: primusavia.com
2026-04-10 20:57:24,782 [INFO]   Employees for 'PRIMUS AVIA'…
2026-04-10 20:57:38,942 [INFO]   6 employees via DOM.
2026-04-10 20:57:38,948 [INFO]   ✓ PRIMUS AVIA                                   | country: Austria         | domain: primusavia.com
2026-04-10 20:57:38,955 [INFO]   ✓ 6 employees saved.
2026-04-10 20:57:47,521 [INFO] ─── 22 / 50 ───
2026-04-10 20:57:47,522 [INFO] Scraping: https://www.linkedin.com/company/skytec-aerospace-gmbh
2026-04-10 20:58:30,171 [INFO]   Domain: skytec-aero.com
2026-04-10 20:58:30,175 [INFO]   Employees for 'Skytec Aerospace GmbH'…
2026-04-10 20:58:47,674 [INFO]   7 employees via DOM.
2026-04-10 20:58:47,681 [INFO]   ✓ Skytec Aerospace GmbH                         | country: Austria         | domain: skytec-aero.com
2026-04-10 20:58:47,688 [INFO]   ✓ 7 employees saved.
2026-04-10 20:58:58,544 [INFO] ─── 23 / 50 ───
2026-04-10 20:58:58,545 [INFO] Scraping: https://www.linkedin.com/company/suzuki-austria-automobil-handels-gesellschaft-m-b-h-
2026-04-10 20:59:34,253 [INFO]   Domain: suzuki.at
2026-04-10 20:59:34,257 [INFO]   Employees for 'Suzuki Austria Automobil Handels Gesellschaft m.b.H.'…
2026-04-10 20:59:51,257 [INFO]   6 employees via DOM.
2026-04-10 20:59:51,276 [INFO]   ✓ Suzuki Austria Automobil Handels Gesellschaft m.b.H. | country: Austria         | domain: suzuki.at
2026-04-10 20:59:51,282 [INFO]   ✓ 6 employees saved.
2026-04-10 21:00:03,406 [INFO] ─── 24 / 50 ───
2026-04-10 21:00:03,407 [INFO] Scraping: https://www.linkedin.com/company/stard-austria
2026-04-10 21:00:37,452 [INFO]   Domain: stard.at
2026-04-10 21:00:37,456 [INFO]   Employees for 'STARD'…
2026-04-10 21:00:54,683 [INFO]   6 employees via DOM.
2026-04-10 21:00:54,688 [INFO]   ✓ STARD                                         | country: Austria         | domain: stard.at
2026-04-10 21:00:54,695 [INFO]   ✓ 6 employees saved.
2026-04-10 21:01:05,268 [INFO] ─── 25 / 50 ───
2026-04-10 21:01:05,269 [INFO] Scraping: https://www.linkedin.com/company/acstyria-autocluster-gmbh
2026-04-10 21:01:39,450 [INFO]   Domain: acstyria.com
2026-04-10 21:01:39,453 [INFO]   Employees for 'ACstyria Mobilitätscluster'…
2026-04-10 21:02:00,429 [INFO]   8 employees via DOM.
2026-04-10 21:02:00,436 [INFO]   ✓ ACstyria Mobilitätscluster                    | country: Austria         | domain: acstyria.com
2026-04-10 21:02:00,446 [INFO]   ✓ 8 employees saved.
2026-04-10 21:02:08,788 [INFO] ─── 26 / 50 ───
2026-04-10 21:02:08,788 [INFO] Scraping: https://www.linkedin.com/company/tu-graz-racing-team
2026-04-10 21:02:44,099 [INFO]   Domain: tugracing.at
2026-04-10 21:02:44,103 [INFO]   Employees for 'TU Graz Racing Team'…
2026-04-10 21:10:58,035 [INFO]   8 employees via DOM.
2026-04-10 21:10:58,053 [INFO]   ✓ TU Graz Racing Team                           | country: Austria         | domain: tugracing.at
2026-04-10 21:10:58,065 [INFO]   ✓ 8 employees saved.
2026-04-10 21:11:06,581 [INFO] ─── 27 / 50 ───
2026-04-10 21:11:06,582 [INFO] Scraping: https://www.linkedin.com/company/green-testing-lab
2026-04-10 21:11:43,735 [INFO]   Domain: greentestinglab.com
2026-04-10 21:11:43,738 [INFO]   Employees for 'Green Testing Lab'…
2026-04-10 21:12:00,391 [INFO]   8 employees via DOM.
2026-04-10 21:12:00,397 [INFO]   ✓ Green Testing Lab                             | country: Austria         | domain: greentestinglab.com
2026-04-10 21:12:00,405 [INFO]   ✓ 8 employees saved.
2026-04-10 21:12:15,180 [INFO] ─── 28 / 50 ───
2026-04-10 21:12:15,181 [INFO] Scraping: https://www.linkedin.com/company/volvocarat
2026-04-10 21:12:49,465 [INFO]   Domain: volvocars.at
2026-04-10 21:12:49,468 [INFO]   Employees for 'Volvo Car Österreich'…
2026-04-10 21:13:04,405 [INFO]   9 employees via DOM.
2026-04-10 21:13:04,414 [INFO]   ✓ Volvo Car Österreich                          | country: Austria         | domain: volvocars.at
2026-04-10 21:13:04,424 [INFO]   ✓ 9 employees saved.
2026-04-10 21:13:13,146 [INFO] ─── 29 / 50 ───
2026-04-10 21:13:13,147 [INFO] Scraping: https://www.linkedin.com/company/ktm-x-bow
2026-04-10 21:13:54,439 [INFO]   Domain: ktm-xbow.com
2026-04-10 21:13:54,443 [INFO]   Employees for 'KTM X-BOW'…
2026-04-10 21:14:08,339 [INFO]   9 employees via DOM.
2026-04-10 21:14:08,346 [INFO]   ✓ KTM X-BOW                                     | country: Austria         | domain: ktm-xbow.com
2026-04-10 21:14:08,358 [INFO]   ✓ 9 employees saved.
2026-04-10 21:14:16,613 [INFO] ─── 30 / 50 ───
2026-04-10 21:14:16,614 [INFO] Scraping: https://www.linkedin.com/company/byd-austria
2026-04-10 21:14:50,409 [INFO]   Domain: bydauto.at
2026-04-10 21:14:50,413 [INFO]   Employees for 'BYD Austria'…
2026-04-10 21:15:07,624 [INFO]   7 employees via DOM.
2026-04-10 21:15:07,630 [INFO]   ✓ BYD Austria                                   | country: Austria         | domain: bydauto.at
2026-04-10 21:15:07,638 [INFO]   ✓ 7 employees saved.
2026-04-10 21:15:20,050 [INFO] ─── 31 / 50 ───
2026-04-10 21:15:20,050 [INFO] Scraping: https://www.linkedin.com/company/hyundai-austria
2026-04-10 21:15:53,919 [INFO]   Domain: hyundai.at
2026-04-10 21:15:53,923 [INFO]   Employees for 'Hyundai Österreich'…
2026-04-10 21:16:08,891 [INFO]   9 employees via DOM.
2026-04-10 21:16:08,897 [INFO]   ✓ Hyundai Österreich                            | country: Austria         | domain: hyundai.at
2026-04-10 21:16:08,907 [INFO]   ✓ 9 employees saved.
2026-04-10 21:16:23,615 [INFO] ─── 32 / 50 ───
2026-04-10 21:16:23,616 [INFO] Scraping: https://www.linkedin.com/company/mg-motor-austria
2026-04-10 21:16:55,654 [INFO]   Domain: mgmotor.eu
2026-04-10 21:16:55,658 [INFO]   Employees for 'MG Motor Austria'…
2026-04-10 21:17:09,714 [INFO]   8 employees via DOM.
2026-04-10 21:17:09,732 [INFO]   ✓ MG Motor Austria                              | country: Austria         | domain: mgmotor.eu
2026-04-10 21:17:09,744 [INFO]   ✓ 8 employees saved.
2026-04-10 21:17:22,022 [INFO] ─── 33 / 50 ───
2026-04-10 21:17:22,024 [INFO] Scraping: https://www.linkedin.com/company/american-chemical-technologies-inc-
2026-04-10 21:17:57,733 [INFO]   Domain: americanchemtech.com
2026-04-10 21:17:57,736 [INFO]   Employees for 'American Chemical Technologies, Inc.'…
2026-04-10 21:18:21,308 [INFO]   8 employees via DOM.
2026-04-10 21:18:21,316 [INFO]   ✓ American Chemical Technologies, Inc.          | country: Austria         | domain: americanchemtech.com
2026-04-10 21:18:21,329 [INFO]   ✓ 8 employees saved.
2026-04-10 21:18:34,021 [INFO] ─── 34 / 50 ───
2026-04-10 21:18:34,021 [INFO] Scraping: https://www.linkedin.com/company/celeristx
2026-04-10 21:19:09,263 [INFO]   Domain: celeristx.com
2026-04-10 21:19:09,267 [INFO]   Employees for 'Celeris Therapeutics'…
2026-04-10 21:19:22,427 [INFO]   0 employees via DOM.
2026-04-10 21:19:22,434 [INFO]   ✓ Celeris Therapeutics                          | country: Austria         | domain: celeristx.com
2026-04-10 21:19:33,784 [INFO] ─── 35 / 50 ───
2026-04-10 21:19:33,785 [INFO] Scraping: https://www.linkedin.com/company/bdi-biolife-science-gmbh
2026-04-10 21:20:08,093 [INFO]   Domain: bdi-biolifescience.com
2026-04-10 21:20:08,098 [INFO]   Employees for 'BDI-BioLife Science'…
2026-04-10 21:20:22,536 [INFO]   6 employees via DOM.
2026-04-10 21:20:22,546 [INFO]   ✓ BDI-BioLife Science                           | country: Austria         | domain: bdi-biolifescience.com
2026-04-10 21:20:22,554 [INFO]   ✓ 6 employees saved.
2026-04-10 21:20:33,453 [INFO] ─── 36 / 50 ───
2026-04-10 21:20:33,455 [INFO] Scraping: https://www.linkedin.com/company/drehm-pharma
2026-04-10 21:21:08,656 [INFO]   Domain: drehm.at
2026-04-10 21:21:08,660 [INFO]   Employees for 'DREHM Pharma GmbH'…
2026-04-10 21:21:25,630 [INFO]   8 employees via DOM.
2026-04-10 21:21:25,637 [INFO]   ✓ DREHM Pharma GmbH                             | country: Austria         | domain: drehm.at
2026-04-10 21:21:25,646 [INFO]   ✓ 8 employees saved.
2026-04-10 21:21:34,843 [INFO] ─── 37 / 50 ───
2026-04-10 21:21:34,843 [INFO] Scraping: https://www.linkedin.com/company/haleon-gebro-consumer-health-gmbh
2026-04-10 21:22:06,907 [INFO]   Domain: haleon-gebro.at
2026-04-10 21:22:06,912 [INFO]   Employees for 'Haleon - Gebro Austria'…
2026-04-10 21:22:21,607 [INFO]   6 employees via DOM.
2026-04-10 21:22:21,625 [INFO]   ✓ Haleon - Gebro Austria                        | country: Austria         | domain: haleon-gebro.at
2026-04-10 21:22:21,631 [INFO]   ✓ 6 employees saved.
2026-04-10 21:22:34,502 [INFO] ─── 38 / 50 ───
2026-04-10 21:22:34,503 [INFO] Scraping: https://www.linkedin.com/company/marinomed-biotech-ag
2026-04-10 21:23:13,771 [INFO]   Domain: marinomed.com
2026-04-10 21:23:13,775 [INFO]   Employees for 'Marinomed Biotech AG'…
2026-04-10 21:23:27,881 [INFO]   6 employees via DOM.
2026-04-10 21:23:27,887 [INFO]   ✓ Marinomed Biotech AG                          | country: Austria         | domain: marinomed.com
2026-04-10 21:23:27,898 [INFO]   ✓ 6 employees saved.
2026-04-10 21:23:36,571 [INFO] ─── 39 / 50 ───
2026-04-10 21:23:36,572 [INFO] Scraping: https://www.linkedin.com/company/flavine-international
2026-04-10 21:24:13,769 [INFO]   Domain: flavine.com
2026-04-10 21:24:13,773 [INFO]   Employees for 'Flavine'…
2026-04-10 21:24:28,455 [INFO]   9 employees via DOM.
2026-04-10 21:24:28,472 [INFO]   ✓ Flavine                                       | country: Austria         | domain: flavine.com
2026-04-10 21:24:28,484 [INFO]   ✓ 9 employees saved.
2026-04-10 21:24:38,849 [INFO] ─── 40 / 50 ───
2026-04-10 21:24:38,850 [INFO] Scraping: https://www.linkedin.com/company/gxp-engaged-services-gmbh
2026-04-10 21:25:18,498 [INFO]   Domain: gxp-auditing.com
2026-04-10 21:25:18,502 [INFO]   Employees for 'GxP Engaged'…
2026-04-10 21:25:34,103 [INFO]   10 employees via DOM.
2026-04-10 21:25:34,110 [INFO]   ✓ GxP Engaged                                   | country: Austria         | domain: gxp-auditing.com
2026-04-10 21:25:34,135 [INFO]   ✓ 10 employees saved.
2026-04-10 21:25:47,084 [INFO] ─── 41 / 50 ───
2026-04-10 21:25:47,084 [INFO] Scraping: https://www.linkedin.com/company/pharmig
2026-04-10 21:26:22,589 [INFO]   Domain: pharmig.at
2026-04-10 21:26:22,594 [INFO]   Employees for 'PHARMIG'…
2026-04-10 21:26:37,239 [INFO]   7 employees via DOM.
2026-04-10 21:26:37,247 [INFO]   ✓ PHARMIG                                       | country: Austria         | domain: pharmig.at
2026-04-10 21:26:37,254 [INFO]   ✓ 7 employees saved.
2026-04-10 21:26:51,488 [INFO] ─── 42 / 50 ───
2026-04-10 21:26:51,489 [INFO] Scraping: https://www.linkedin.com/company/kiorapharma
2026-04-10 21:27:26,733 [INFO]   Domain: kiorapharma.com
2026-04-10 21:27:26,737 [INFO]   Employees for 'Kiora Pharmaceuticals, Inc.'…
2026-04-10 21:27:42,021 [INFO]   10 employees via DOM.
2026-04-10 21:27:42,039 [INFO]   ✓ Kiora Pharmaceuticals, Inc.                   | country: Austria         | domain: kiorapharma.com
2026-04-10 21:27:42,055 [INFO]   ✓ 10 employees saved.
2026-04-10 21:27:55,053 [INFO] ─── 43 / 50 ───
2026-04-10 21:27:55,054 [INFO] Scraping: https://www.linkedin.com/company/biofuel-express
2026-04-10 21:28:27,892 [INFO]   Domain: biofuel-express.com
2026-04-10 21:28:27,897 [INFO]   Employees for 'Biofuel Express'…
2026-04-10 21:28:45,189 [INFO]   6 employees via DOM.
2026-04-10 21:28:45,197 [INFO]   ✓ Biofuel Express                               | country: Austria         | domain: biofuel-express.com
2026-04-10 21:28:45,203 [INFO]   ✓ 6 employees saved.
2026-04-10 21:28:56,777 [INFO] ─── 44 / 50 ───
2026-04-10 21:28:56,777 [INFO] Scraping: https://www.linkedin.com/company/eralytics
2026-04-10 21:30:57,194 [INFO]   Domain: eralytics.com
2026-04-10 21:30:57,197 [INFO]   Employees for 'eralytics GmbH'…
2026-04-10 21:32:19,882 [INFO]   7 employees via DOM.
2026-04-10 21:32:19,899 [INFO]   ✓ eralytics GmbH                                | country: Austria         | domain: eralytics.com
2026-04-10 21:32:19,908 [INFO]   ✓ 7 employees saved.
2026-04-10 21:32:33,348 [INFO] ─── 45 / 50 ───
2026-04-10 21:32:33,349 [INFO] Scraping: https://www.linkedin.com/company/seaway-technologies-gmbh
2026-04-10 21:33:15,765 [INFO]   Domain: seaway.at
2026-04-10 21:33:15,769 [INFO]   Employees for 'SEAWAY Technologies GmbH'…
2026-04-10 21:33:29,685 [INFO]   10 employees via DOM.
2026-04-10 21:33:29,694 [INFO]   ✓ SEAWAY Technologies GmbH                      | country: Austria         | domain: seaway.at
2026-04-10 21:33:29,704 [INFO]   ✓ 10 employees saved.
2026-04-10 21:33:44,492 [INFO] ─── 46 / 50 ───
2026-04-10 21:33:44,493 [INFO] Scraping: https://www.linkedin.com/company/adx-energy
2026-04-10 21:34:24,708 [INFO]   Domain: adxenergy.com.au
2026-04-10 21:34:24,712 [INFO]   Employees for 'ADX Energy Ltd'…
2026-04-10 21:55:12,663 [INFO]   7 employees via DOM.
2026-04-10 21:55:12,670 [INFO]   ✓ ADX Energy Ltd                                | country: Austria         | domain: adxenergy.com.au
2026-04-10 21:55:12,681 [INFO]   ✓ 7 employees saved.
2026-04-10 21:55:22,460 [INFO] ─── 47 / 50 ───
2026-04-10 21:55:22,461 [INFO] Scraping: https://www.linkedin.com/company/cegh
2026-04-10 21:55:58,105 [INFO]   Domain: cegh.at
2026-04-10 21:55:58,108 [INFO]   Employees for 'Central European Gas Hub AG'…
2026-04-10 21:56:11,572 [INFO]   9 employees via DOM.
2026-04-10 21:56:11,579 [INFO]   ✓ Central European Gas Hub AG                   | country: Austria         | domain: cegh.at
2026-04-10 21:56:11,593 [INFO]   ✓ 9 employees saved.
2026-04-10 21:56:22,391 [INFO] ─── 48 / 50 ───
2026-04-10 21:56:22,393 [INFO] Scraping: https://www.linkedin.com/company/interpetrol-sa-switzerland-
2026-04-10 21:56:57,891 [INFO]   Domain: interpetrolgroup.com
2026-04-10 21:56:57,895 [INFO]   Employees for 'Interpetrol GROUP'…
2026-04-10 21:57:14,899 [INFO]   8 employees via DOM.
2026-04-10 21:57:14,906 [INFO]   ✓ Interpetrol GROUP                             | country: Austria         | domain: interpetrolgroup.com
2026-04-10 21:57:14,918 [INFO]   ✓ 8 employees saved.
2026-04-10 21:57:23,352 [INFO] ─── 49 / 50 ───
2026-04-10 21:57:23,353 [INFO] Scraping: https://www.linkedin.com/company/mudozangl
2026-04-10 21:57:59,845 [INFO]   Domain: mudozangl.com
2026-04-10 21:57:59,850 [INFO]   Employees for 'MudoZangl'…
2026-04-10 21:58:15,378 [INFO]   9 employees via DOM.
2026-04-10 21:58:15,393 [INFO]   ✓ MudoZangl                                     | country: Austria         | domain: mudozangl.com
2026-04-10 21:58:15,403 [INFO]   ✓ 9 employees saved.
2026-04-10 21:58:25,862 [INFO] ─── 50 / 50 ───
2026-04-10 21:58:25,863 [INFO] Scraping: https://www.linkedin.com/company/lngcluster
2026-04-10 21:59:02,408 [INFO]   Domain: lngcluster.com
2026-04-10 21:59:02,412 [INFO]   Employees for 'LNG Cluster'…
2026-04-10 21:59:19,367 [INFO]   2 employees via DOM.
2026-04-10 21:59:19,374 [INFO]   ✓ LNG Cluster                                   | country: Austria         | domain: lngcluster.com
2026-04-10 21:59:19,376 [INFO]   ✓ 2 employees saved.
2026-04-10 21:59:35,134 [INFO] CSV: criteria_countries.csv               47 rows
2026-04-10 21:59:35,136 [INFO] CSV: criteria_industries.csv              168 rows
2026-04-10 21:59:35,136 [INFO] CSV: criteria_sizes.csv                   8 rows
2026-04-10 21:59:35,442 [INFO] CSV: search_combinations.csv              27412 rows
2026-04-10 21:59:35,454 [INFO] CSV: companies.csv                        300 rows
2026-04-10 21:59:35,479 [INFO] CSV: employees.csv                        1878 rows
2026-04-10 21:59:35,494 [INFO] === Done ===
2026-04-18 06:03:11,355 [INFO] === LinkedIn Scraper v4.1 ===
2026-04-18 06:03:11,373 [INFO] Database ready: linkedin_data.db
2026-04-18 06:03:11,375 [INFO] Criteria tables: {'countries': 47, 'industries': 168, 'sizes': 8}
2026-04-18 06:03:11,465 [INFO] Cleared 27271 pending combinations — rebuilding with current sort order.
2026-04-18 06:03:11,727 [INFO] search_combinations: 27271 new rows added | 27412 total in queue
2026-04-18 06:03:11,729 [INFO] Queue: exhausted: 140 | in_progress: 1 | pending: 27271
2026-04-18 06:03:19,943 [INFO] Cookies copied → C:\Users\sandeep\AppData\Local\linkedin_scraper_profile
2026-04-18 06:03:29,986 [INFO] LinkedIn session active — no login needed.
2026-04-18 06:03:30,025 [INFO] Companies already in DB: 300 (will be skipped)
2026-04-18 06:03:30,547 [INFO] Combination [1290591] (1/20): Austria | Luxury Goods and Jewelry | 11-50 employees  (resume page 1)
2026-04-18 06:03:30,552 [INFO]   Navigating to: https://www.linkedin.com/search/results/companies/?origin=FACETED_SEARCH&companySize=["C"]&industryCompanyVertical=["57"]&companyHqGeo=%5B%22103883259%22%5D
2026-04-18 06:03:40,073 [INFO]   ✓ companyHqGeo confirmed in URL.
2026-04-18 06:03:49,485 [INFO]   Page 1: 0 results — combination exhausted.
2026-04-18 06:03:49,488 [INFO]   Combination [1290591] → exhausted
2026-04-18 06:03:49,488 [INFO]   Waiting 89 s before next combination (anti-block)…
2026-04-18 06:05:18,035 [INFO] Combination [1322259] (2/20): Austria | Technology Information and Internet | 11-50 employees  (resume page 0)
2026-04-18 06:05:18,037 [INFO]   Navigating to: https://www.linkedin.com/search/results/companies/?origin=FACETED_SEARCH&companySize=["C"]&industryCompanyVertical=["6"]&companyHqGeo=%5B%22103883259%22%5D
2026-04-18 06:05:26,963 [INFO]   ✓ companyHqGeo confirmed in URL.
2026-04-18 06:05:29,318 [INFO]   Page 0: 0 results — combination exhausted.
2026-04-18 06:05:29,334 [INFO]   Combination [1322259] → exhausted
2026-04-18 06:05:29,334 [INFO]   Waiting 107 s before next combination (anti-block)…
2026-04-18 06:07:16,464 [INFO] Combination [1322168] (3/20): Austria | Performing Arts | 11-50 employees  (resume page 0)
2026-04-18 06:07:16,466 [INFO]   Navigating to: https://www.linkedin.com/search/results/companies/?origin=FACETED_SEARCH&companySize=["C"]&industryCompanyVertical=["61"]&companyHqGeo=%5B%22103883259%22%5D
2026-04-18 06:07:21,952 [INFO]   ✓ companyHqGeo confirmed in URL.
2026-04-18 06:07:24,334 [INFO]   Page 0: 0 results — combination exhausted.
2026-04-18 06:07:24,336 [INFO]   Combination [1322168] → exhausted
2026-04-18 06:07:24,336 [INFO]   Waiting 83 s before next combination (anti-block)…
2026-04-18 06:08:47,423 [INFO] Combination [1321699] (4/20): Austria | Broadcast Media Production and Distribution | 11-50 employees  (resume page 0)
2026-04-18 06:08:47,426 [INFO]   Navigating to: https://www.linkedin.com/search/results/companies/?origin=FACETED_SEARCH&companySize=["C"]&industryCompanyVertical=["64"]&companyHqGeo=%5B%22103883259%22%5D
2026-04-18 06:08:55,490 [INFO]   ✓ companyHqGeo confirmed in URL.
2026-04-18 06:08:57,871 [INFO]   Page 0: 0 results — combination exhausted.
2026-04-18 06:08:57,872 [INFO]   Combination [1321699] → exhausted
2026-04-18 06:08:57,872 [INFO]   Waiting 81 s before next combination (anti-block)…
2026-04-18 06:10:18,958 [INFO] Combination [1321993] (5/20): Austria | Import and Export | 11-50 employees  (resume page 0)
2026-04-18 06:10:18,972 [INFO]   Navigating to: https://www.linkedin.com/search/results/companies/?origin=FACETED_SEARCH&companySize=["C"]&industryCompanyVertical=["65"]&companyHqGeo=%5B%22103883259%22%5D
2026-04-18 06:10:26,438 [INFO]   ✓ companyHqGeo confirmed in URL.
2026-04-18 06:10:29,347 [INFO]   Page 0: 0 results — combination exhausted.
2026-04-18 06:10:29,350 [INFO]   Combination [1321993] → exhausted
2026-04-18 06:10:29,350 [INFO]   Extended rest 251 s after 5 combinations…
2026-04-18 06:14:40,645 [INFO] Combination [1322028] (6/20): Austria | International Trade and Development | 11-50 employees  (resume page 0)
2026-04-18 06:14:40,647 [INFO]   Navigating to: https://www.linkedin.com/search/results/companies/?origin=FACETED_SEARCH&companySize=["C"]&industryCompanyVertical=["66"]&companyHqGeo=%5B%22103883259%22%5D
2026-04-18 06:14:48,656 [INFO]   ✓ companyHqGeo confirmed in URL.
2026-04-18 06:14:51,355 [INFO]   Page 0: 0 results — combination exhausted.
2026-04-18 06:14:51,368 [INFO]   Combination [1322028] → exhausted
2026-04-18 06:14:51,368 [INFO]   Waiting 84 s before next combination (anti-block)…
2026-04-18 06:16:15,464 [INFO] Combination [1321860] (7/20): Austria | Education Administration Programs | 11-50 employees  (resume page 0)
2026-04-18 06:16:15,466 [INFO]   Navigating to: https://www.linkedin.com/search/results/companies/?origin=FACETED_SEARCH&companySize=["C"]&industryCompanyVertical=["68"]&companyHqGeo=%5B%22103883259%22%5D
2026-04-18 06:16:23,377 [INFO]   ✓ companyHqGeo confirmed in URL.
2026-04-18 06:16:25,716 [INFO]   Page 0: 0 results — combination exhausted.
2026-04-18 06:16:25,729 [INFO]   Combination [1321860] → exhausted
2026-04-18 06:16:25,729 [INFO]   Waiting 78 s before next combination (anti-block)…
2026-04-18 06:17:44,181 [INFO] Combination [1321965] (8/20): Austria | Higher Education | 11-50 employees  (resume page 0)
2026-04-18 06:17:44,195 [INFO]   Navigating to: https://www.linkedin.com/search/results/companies/?origin=FACETED_SEARCH&companySize=["C"]&industryCompanyVertical=["69"]&companyHqGeo=%5B%22103883259%22%5D
2026-04-18 06:17:51,182 [INFO]   ✓ companyHqGeo confirmed in URL.
2026-04-18 06:17:54,127 [INFO]   Page 0: 0 results — combination exhausted.
2026-04-18 06:17:54,140 [INFO]   Combination [1321965] → exhausted
2026-04-18 06:17:54,141 [INFO]   Waiting 84 s before next combination (anti-block)…
2026-04-18 06:19:18,071 [INFO] Combination [1322231] (9/20): Austria | Semiconductor Manufacturing | 11-50 employees  (resume page 0)
2026-04-18 06:19:18,074 [INFO]   Navigating to: https://www.linkedin.com/search/results/companies/?origin=FACETED_SEARCH&companySize=["C"]&industryCompanyVertical=["7"]&companyHqGeo=%5B%22103883259%22%5D
2026-04-18 06:19:26,627 [INFO]   ✓ companyHqGeo confirmed in URL.
2026-04-18 06:19:29,367 [INFO]   Page 0: 0 results — combination exhausted.
2026-04-18 06:19:29,370 [INFO]   Combination [1322231] → exhausted
2026-04-18 06:19:29,370 [INFO]   Waiting 78 s before next combination (anti-block)…
2026-04-18 06:20:47,047 [INFO] Combination [1321944] (10/20): Austria | Government Administration | 11-50 employees  (resume page 0)
2026-04-18 06:20:47,050 [INFO]   Navigating to: https://www.linkedin.com/search/results/companies/?origin=FACETED_SEARCH&companySize=["C"]&industryCompanyVertical=["75"]&companyHqGeo=%5B%22103883259%22%5D
2026-04-18 06:20:54,501 [INFO]   ✓ companyHqGeo confirmed in URL.
2026-04-18 06:20:57,584 [INFO]   Page 0: 0 results — combination exhausted.
2026-04-18 06:20:57,586 [INFO]   Combination [1321944] → exhausted
2026-04-18 06:20:57,587 [INFO]   Extended rest 234 s after 10 combinations…
2026-04-18 06:24:51,659 [INFO] Combination [1322021] (11/20): Austria | International Affairs | 11-50 employees  (resume page 0)
2026-04-18 06:24:51,661 [INFO]   Navigating to: https://www.linkedin.com/search/results/companies/?origin=FACETED_SEARCH&companySize=["C"]&industryCompanyVertical=["76"]&companyHqGeo=%5B%22103883259%22%5D
2026-04-18 06:25:00,496 [INFO]   ✓ companyHqGeo confirmed in URL.
2026-04-18 06:25:03,228 [INFO]   Page 0: 0 results — combination exhausted.
2026-04-18 06:25:03,230 [INFO]   Combination [1322021] → exhausted
2026-04-18 06:25:03,231 [INFO]   Waiting 92 s before next combination (anti-block)…
2026-04-18 06:26:34,753 [INFO] Combination [1322252] (12/20): Austria | Telecommunications | 11-50 employees  (resume page 0)
2026-04-18 06:26:34,755 [INFO]   Navigating to: https://www.linkedin.com/search/results/companies/?origin=FACETED_SEARCH&companySize=["C"]&industryCompanyVertical=["8"]&companyHqGeo=%5B%22103883259%22%5D
2026-04-18 06:26:40,721 [INFO]   ✓ companyHqGeo confirmed in URL.
2026-04-18 06:26:42,692 [INFO]   Page 0: 0 results — combination exhausted.
2026-04-18 06:26:42,698 [INFO]   Combination [1322252] → exhausted
2026-04-18 06:26:42,698 [INFO]   Waiting 114 s before next combination (anti-block)…
2026-04-18 06:28:36,711 [INFO] Combination [1322007] (13/20): Austria | Information Services | 11-50 employees  (resume page 0)
2026-04-18 06:28:36,715 [INFO]   Navigating to: https://www.linkedin.com/search/results/companies/?origin=FACETED_SEARCH&companySize=["C"]&industryCompanyVertical=["84"]&companyHqGeo=%5B%22103883259%22%5D
2026-04-18 06:28:44,289 [INFO]   ✓ companyHqGeo confirmed in URL.
2026-04-18 06:28:47,488 [INFO]   Page 0: 0 results — combination exhausted.
2026-04-18 06:28:47,491 [INFO]   Combination [1322007] → exhausted
2026-04-18 06:28:47,491 [INFO]   Waiting 77 s before next combination (anti-block)…
2026-04-18 06:30:04,479 [INFO] Combination [1322175] (14/20): Austria | Pharmaceutical Manufacturing | 11-50 employees  (resume page 0)
2026-04-18 06:30:04,482 [INFO]   Navigating to: https://www.linkedin.com/search/results/companies/?origin=FACETED_SEARCH&companySize=["C"]&industryCompanyVertical=["85"]&companyHqGeo=%5B%22103883259%22%5D
2026-04-18 06:30:09,457 [INFO]   ✓ companyHqGeo confirmed in URL.
2026-04-18 06:30:11,370 [INFO]   Page 0: 0 results — combination exhausted.
2026-04-18 06:30:11,372 [INFO]   Combination [1322175] → exhausted
2026-04-18 06:30:11,372 [INFO]   Waiting 85 s before next combination (anti-block)…
2026-04-18 06:31:36,230 [INFO] Combination [1322133] (15/20): Austria | Medical Equipment Manufacturing | 11-50 employees  (resume page 0)
2026-04-18 06:31:36,244 [INFO]   Navigating to: https://www.linkedin.com/search/results/companies/?origin=FACETED_SEARCH&companySize=["C"]&industryCompanyVertical=["86"]&companyHqGeo=%5B%22103883259%22%5D
2026-04-18 06:31:43,116 [INFO]   ✓ companyHqGeo confirmed in URL.
2026-04-18 06:31:45,882 [INFO]   Page 0: 0 results — combination exhausted.
2026-04-18 06:31:45,885 [INFO]   Combination [1322133] → exhausted
2026-04-18 06:31:45,885 [INFO]   Extended rest 207 s after 15 combinations…
2026-04-18 06:35:12,428 [INFO] Combination [1322119] (16/20): Austria | Market Research | 11-50 employees  (resume page 0)
2026-04-18 06:35:12,431 [INFO]   Navigating to: https://www.linkedin.com/search/results/companies/?origin=FACETED_SEARCH&companySize=["C"]&industryCompanyVertical=["87"]&companyHqGeo=%5B%22103883259%22%5D
2026-04-18 06:35:17,792 [INFO]   ✓ companyHqGeo confirmed in URL.
2026-04-18 06:35:20,818 [INFO]   Page 0: 0 results — combination exhausted.
2026-04-18 06:35:20,820 [INFO]   Combination [1322119] → exhausted
2026-04-18 06:35:20,821 [INFO]   Waiting 65 s before next combination (anti-block)…
2026-04-18 06:36:25,741 [INFO] Combination [1321650] (17/20): Austria | Arts and Crafts | 11-50 employees  (resume page 0)
2026-04-18 06:36:25,744 [INFO]   Navigating to: https://www.linkedin.com/search/results/companies/?origin=FACETED_SEARCH&companySize=["C"]&industryCompanyVertical=["90"]&companyHqGeo=%5B%22103883259%22%5D
2026-04-18 06:36:32,724 [INFO]   ✓ companyHqGeo confirmed in URL.
2026-04-18 06:36:35,153 [INFO]   Page 0: 0 results — combination exhausted.
2026-04-18 06:36:35,166 [INFO]   Combination [1321650] → exhausted
2026-04-18 06:36:35,166 [INFO]   Waiting 110 s before next combination (anti-block)…
2026-04-18 06:38:24,820 [INFO] Combination [1321706] (18/20): Austria | Building Materials | 11-50 employees  (resume page 0)
2026-04-18 06:38:24,825 [INFO]   Navigating to: https://www.linkedin.com/search/results/companies/?origin=FACETED_SEARCH&companySize=["C"]&industryCompanyVertical=["91"]&companyHqGeo=%5B%22103883259%22%5D
2026-04-18 06:38:32,051 [INFO]   ✓ companyHqGeo confirmed in URL.
2026-04-18 06:38:34,887 [INFO]   Page 0: 0 results — combination exhausted.
2026-04-18 06:38:34,900 [INFO]   Combination [1321706] → exhausted
2026-04-18 06:38:34,900 [INFO]   Waiting 117 s before next combination (anti-block)…
2026-04-18 06:40:31,495 [INFO] Combination [1321916] (19/20): Austria | Fine Art | 11-50 employees  (resume page 0)
2026-04-18 06:40:31,497 [INFO]   Navigating to: https://www.linkedin.com/search/results/companies/?origin=FACETED_SEARCH&companySize=["C"]&industryCompanyVertical=["93"]&companyHqGeo=%5B%22103883259%22%5D
2026-04-18 06:40:39,962 [INFO]   ✓ companyHqGeo confirmed in URL.
2026-04-18 06:40:42,615 [INFO]   Page 0: 0 results — combination exhausted.
2026-04-18 06:40:42,617 [INFO]   Combination [1321916] → exhausted
2026-04-18 06:40:42,617 [INFO]   Waiting 75 s before next combination (anti-block)…
2026-04-18 06:41:57,226 [INFO] Combination [1321804] (20/20): Austria | Consumer Services | 11-50 employees  (resume page 0)
2026-04-18 06:41:57,240 [INFO]   Navigating to: https://www.linkedin.com/search/results/companies/?origin=FACETED_SEARCH&companySize=["C"]&industryCompanyVertical=["94"]&companyHqGeo=%5B%22103883259%22%5D
2026-04-18 06:42:03,459 [INFO]   ✓ companyHqGeo confirmed in URL.
2026-04-18 06:42:05,714 [INFO]   Page 0: 0 results — combination exhausted.
2026-04-18 06:42:05,727 [INFO]   Combination [1321804] → exhausted
2026-04-18 06:42:05,737 [INFO] Discovery done: 0 new companies queued.
2026-04-18 06:42:05,737 [WARNING] No new companies found.
All combinations may be exhausted, or try activating more criteria in the DB reference tables.
2026-04-23 08:02:47,661 [INFO] === LinkedIn Scraper v4.1 ===
2026-04-23 08:02:47,679 [INFO] Database ready: linkedin_data.db
2026-04-23 08:02:47,681 [INFO] Criteria tables: {'countries': 47, 'industries': 168, 'sizes': 8}
2026-04-23 08:02:47,736 [INFO] Cleared 27252 pending combinations — rebuilding with current sort order.
2026-04-23 08:02:48,047 [INFO] search_combinations: 27252 new rows added | 27412 total in queue
2026-04-23 08:02:48,049 [INFO] Queue: exhausted: 160 | pending: 27252
2026-04-23 08:02:54,883 [INFO] Cookies copied → C:\Users\sandeep\AppData\Local\linkedin_scraper_profile
2026-04-23 08:03:03,619 [WARNING] Cookies expired or Captcha hit — please log in manually. Pausing for 3 minutes...
2026-04-23 08:06:04,338 [INFO] Companies already in DB: 300 (will be skipped)
2026-04-23 08:06:04,821 [INFO] Combination [1353234] (1/20): Austria | Civic and Social Organizations | 11-50 employees  (resume page 0)
2026-04-23 08:06:04,824 [INFO]   Navigating to: https://www.linkedin.com/search/results/companies/?origin=FACETED_SEARCH&companySize=["C"]&industryCompanyVertical=["95"]&companyHqGeo=%5B%22103883259%22%5D
2026-04-23 08:06:13,204 [INFO]   ✓ companyHqGeo confirmed in URL.
2026-04-23 08:06:16,285 [INFO]   Page 0: 7 on page | 7 new | 7 queued total
2026-04-23 08:06:32,447 [INFO]   Page 1: 7 on page | 0 new | 7 queued total
2026-04-23 08:06:48,480 [INFO]   Page 2: 7 on page | 0 new | 7 queued total
2026-04-23 08:07:04,790 [INFO]   Page 3: 7 on page | 0 new | 7 queued total
2026-04-23 08:07:21,442 [INFO]   Page 4: 7 on page | 0 new | 7 queued total
2026-04-23 08:07:38,677 [INFO]   Page 5: 7 on page | 0 new | 7 queued total
2026-04-23 08:07:54,370 [INFO]   Page 6: 7 on page | 0 new | 7 queued total
2026-04-23 08:08:11,196 [INFO]   Page 7: 7 on page | 0 new | 7 queued total
2026-04-23 08:08:29,071 [INFO]   Page 8: 7 on page | 0 new | 7 queued total
2026-04-23 08:08:45,161 [INFO]   Page 9: 7 on page | 0 new | 7 queued total
2026-04-23 08:08:49,657 [INFO]   Combination [1353234] → exhausted
2026-04-23 08:08:49,658 [INFO]   Waiting 74 s before next combination (anti-block)…
2026-04-23 08:10:03,657 [INFO] Combination [1353549] (2/20): Austria | IT Services and IT Consulting | 11-50 employees  (resume page 0)
2026-04-23 08:10:03,663 [INFO]   Navigating to: https://www.linkedin.com/search/results/companies/?origin=FACETED_SEARCH&companySize=["C"]&industryCompanyVertical=["96"]&companyHqGeo=%5B%22103883259%22%5D
2026-04-23 08:10:12,148 [INFO]   ✓ companyHqGeo confirmed in URL.
2026-04-23 08:10:14,586 [INFO]   Page 0: 10 on page | 10 new | 17 queued total
2026-04-23 08:10:29,003 [INFO]   Page 1: 10 on page | 0 new | 17 queued total
2026-04-23 08:10:47,294 [INFO]   Page 2: 10 on page | 0 new | 17 queued total
2026-04-23 08:11:02,158 [INFO]   Page 3: 10 on page | 0 new | 17 queued total
2026-04-23 08:11:21,716 [INFO]   Page 4: 10 on page | 0 new | 17 queued total
2026-04-23 08:11:42,312 [INFO]   Page 5: 10 on page | 0 new | 17 queued total
2026-04-23 08:11:59,066 [INFO]   Page 6: 10 on page | 0 new | 17 queued total
2026-04-23 08:12:15,204 [INFO]   Page 7: 10 on page | 0 new | 17 queued total
2026-04-23 08:12:32,474 [INFO]   Page 8: 10 on page | 0 new | 17 queued total
2026-04-23 08:12:49,751 [INFO]   Page 9: 10 on page | 0 new | 17 queued total
2026-04-23 08:12:57,309 [INFO]   Combination [1353549] → exhausted
2026-04-23 08:12:57,310 [INFO]   Waiting 65 s before next combination (anti-block)…
2026-04-23 08:14:02,461 [INFO] Combination [1353403] (3/20): Austria | Farming | 51-200 employees  (resume page 0)
2026-04-23 08:14:02,473 [INFO]   Navigating to: https://www.linkedin.com/search/results/companies/?origin=FACETED_SEARCH&companySize=["D"]&industryCompanyVertical=["1"]&companyHqGeo=%5B%22103883259%22%5D
2026-04-23 08:14:10,953 [INFO]   ✓ companyHqGeo confirmed in URL.
2026-04-23 08:14:13,982 [INFO]   Page 0: 6 on page | 6 new | 23 queued total
2026-04-23 08:14:30,404 [INFO]   Page 1: 6 on page | 0 new | 23 queued total
2026-04-23 08:14:45,112 [INFO]   Page 2: 6 on page | 0 new | 23 queued total
2026-04-23 08:15:02,949 [INFO]   Page 3: 6 on page | 0 new | 23 queued total
2026-04-23 08:15:15,931 [INFO]   Page 4: 6 on page | 0 new | 23 queued total
2026-04-23 08:15:33,598 [INFO]   Page 5: 6 on page | 0 new | 23 queued total
2026-04-23 08:15:48,655 [INFO]   Page 6: 6 on page | 0 new | 23 queued total
2026-04-23 08:16:02,843 [INFO]   Page 7: 6 on page | 0 new | 23 queued total
2026-04-23 08:16:17,090 [INFO]   Page 8: 6 on page | 0 new | 23 queued total
2026-04-23 08:16:35,545 [INFO]   Page 9: 6 on page | 0 new | 23 queued total
2026-04-23 08:16:40,879 [INFO]   Combination [1353403] → exhausted
2026-04-23 08:16:40,880 [INFO]   Waiting 111 s before next combination (anti-block)…
2026-04-23 08:18:31,445 [INFO] Combination [1353683] (4/20): Austria | Professional Training and Coaching | 51-200 employees  (resume page 0)
2026-04-23 08:18:31,459 [INFO]   Navigating to: https://www.linkedin.com/search/results/companies/?origin=FACETED_SEARCH&companySize=["D"]&industryCompanyVertical=["100"]&companyHqGeo=%5B%22103883259%22%5D
2026-04-23 08:18:37,521 [INFO]   ✓ companyHqGeo confirmed in URL.
2026-04-23 08:18:41,484 [INFO]   Page 0: 10 on page | 10 new | 33 queued total
2026-04-23 08:18:57,566 [INFO]   Page 1: 10 on page | 0 new | 33 queued total
2026-04-23 08:19:14,319 [INFO]   Page 2: 10 on page | 0 new | 33 queued total
2026-04-23 08:19:32,366 [INFO]   Page 3: 10 on page | 0 new | 33 queued total
2026-04-23 08:19:51,413 [INFO]   Page 4: 10 on page | 0 new | 33 queued total
2026-04-23 08:20:10,763 [INFO]   Page 5: 10 on page | 0 new | 33 queued total
2026-04-23 08:20:27,144 [INFO]   Page 6: 10 on page | 0 new | 33 queued total
2026-04-23 08:20:43,259 [INFO]   Page 7: 10 on page | 0 new | 33 queued total
2026-04-23 08:21:00,204 [INFO]   Page 8: 10 on page | 0 new | 33 queued total
2026-04-23 08:21:14,573 [INFO]   Page 9: 10 on page | 0 new | 33 queued total
2026-04-23 08:21:21,345 [INFO]   Combination [1353683] → exhausted
2026-04-23 08:21:21,346 [INFO]   Waiting 75 s before next combination (anti-block)…
2026-04-23 08:22:36,802 [INFO] Combination [1353690] (5/20): Austria | Public Relations and Communications Services | 51-200 employees  (resume page 0)
2026-04-23 08:22:36,805 [INFO]   Navigating to: https://www.linkedin.com/search/results/companies/?origin=FACETED_SEARCH&companySize=["D"]&industryCompanyVertical=["1028"]&companyHqGeo=%5B%22103883259%22%5D
2026-04-23 08:22:43,827 [INFO]   ✓ companyHqGeo confirmed in URL.
2026-04-23 08:22:46,502 [INFO]   Page 0: 0 results — combination exhausted.
2026-04-23 08:22:46,504 [INFO]   Combination [1353690] → exhausted
2026-04-23 08:22:46,504 [INFO]   Extended rest 194 s after 5 combinations…
2026-04-23 08:26:00,617 [INFO] Combination [1353249] (6/20): Austria | Cloud Computing | 51-200 employees  (resume page 0)
2026-04-23 08:26:00,629 [INFO]   Navigating to: https://www.linkedin.com/search/results/companies/?origin=FACETED_SEARCH&companySize=["D"]&industryCompanyVertical=["104"]&companyHqGeo=%5B%22103883259%22%5D
2026-04-23 08:26:08,808 [INFO]   ✓ companyHqGeo confirmed in URL.
2026-04-23 08:26:11,609 [INFO]   Page 0: 10 on page | 10 new | 43 queued total
2026-04-23 08:26:30,126 [INFO]   Page 1: 10 on page | 0 new | 43 queued total
2026-04-23 08:26:43,889 [INFO]   Page 2: 10 on page | 0 new | 43 queued total
2026-04-23 08:27:00,874 [INFO]   Page 3: 10 on page | 0 new | 43 queued total
2026-04-23 08:27:15,783 [INFO]   Page 4: 10 on page | 0 new | 43 queued total
2026-04-23 08:27:32,767 [INFO]   Page 5: 10 on page | 0 new | 43 queued total
2026-04-23 08:27:47,394 [INFO]   Page 6: 10 on page | 0 new | 43 queued total
2026-04-23 08:28:05,351 [INFO]   Page 7: 10 on page | 0 new | 43 queued total
2026-04-23 08:28:22,320 [INFO]   Page 8: 10 on page | 0 new | 43 queued total
2026-04-23 08:28:36,281 [INFO]   Page 9: 10 on page | 0 new | 43 queued total
2026-04-23 08:28:41,555 [INFO]   Combination [1353249] → exhausted
2026-04-23 08:28:41,555 [INFO]   Waiting 88 s before next combination (anti-block)…
2026-04-23 08:30:09,590 [INFO] Combination [1353655] (7/20): Austria | Newspaper Publishing | 51-200 employees  (resume page 0)
2026-04-23 08:30:09,593 [INFO]   Navigating to: https://www.linkedin.com/search/results/companies/?origin=FACETED_SEARCH&companySize=["D"]&industryCompanyVertical=["105"]&companyHqGeo=%5B%22103883259%22%5D
2026-04-23 08:30:19,027 [INFO]   ✓ companyHqGeo confirmed in URL.
2026-04-23 08:30:21,975 [INFO]   Page 0: 8 on page | 7 new | 50 queued total
2026-04-23 08:30:29,949 [INFO]   Combination [1353655] → in_progress
2026-04-23 08:30:30,034 [INFO] Discovery done: 50 new companies queued.
2026-04-23 08:30:30,035 [INFO] ─── 1 / 50 ───
2026-04-23 08:30:30,035 [INFO] Scraping: https://www.linkedin.com/company/princess-yachts-%C3%B6sterreich
2026-04-23 08:31:04,540 [INFO]   Domain: princessyachtsaustria.at
2026-04-23 08:31:04,545 [INFO]   Employees for 'Princess Yachts Österreich'…
2026-04-23 08:31:19,924 [INFO]   1 employees via DOM.
2026-04-23 08:31:19,930 [INFO]   ✓ Princess Yachts Österreich                    | country: Austria         | domain: princessyachtsaustria.at
2026-04-23 08:31:19,932 [INFO]   ✓ 1 employees saved.
2026-04-23 08:31:34,166 [INFO] ─── 2 / 50 ───
2026-04-23 08:31:34,167 [INFO] Scraping: https://www.linkedin.com/company/mco-sailing
2026-04-23 08:32:07,865 [INFO]   Domain: mco-sailing.com
2026-04-23 08:32:07,869 [INFO]   Employees for 'MCO Sailing'…
2026-04-23 08:32:24,321 [INFO]   2 employees via DOM.
2026-04-23 08:32:24,338 [INFO]   ✓ MCO Sailing                                   | country: Austria         | domain: mco-sailing.com
2026-04-23 08:32:24,341 [INFO]   ✓ 2 employees saved.
2026-04-23 08:32:36,404 [INFO] ─── 3 / 50 ───
2026-04-23 08:32:36,405 [INFO] Scraping: https://www.linkedin.com/company/fuelsome-eu-project
2026-04-23 08:33:10,124 [WARNING]   ⚠ No website found.
2026-04-23 08:33:10,128 [INFO]   Employees for 'FuelSOME project'…
2026-04-23 08:33:25,717 [INFO]   0 employees via DOM.
2026-04-23 08:33:25,724 [INFO]   ✓ FuelSOME project                              | country: Austria         | domain: — not found —
2026-04-23 08:33:34,092 [INFO] ─── 4 / 50 ───
2026-04-23 08:33:34,092 [INFO] Scraping: https://www.linkedin.com/company/avcon-yacht
2026-04-23 08:34:07,526 [INFO]   Domain: avconyacht.at
2026-04-23 08:34:07,530 [INFO]   Employees for 'Avcon Yacht'…
2026-04-23 08:34:23,431 [INFO]   2 employees via DOM.
2026-04-23 08:34:23,437 [INFO]   ✓ Avcon Yacht                                   | country: Austria         | domain: avconyacht.at
2026-04-23 08:34:23,439 [INFO]   ✓ 2 employees saved.
2026-04-23 08:34:32,919 [INFO] ─── 5 / 50 ───
2026-04-23 08:34:32,921 [INFO] Scraping: https://www.linkedin.com/company/masteryachting
2026-04-23 08:35:09,671 [INFO]   Domain: masteryachting.com
2026-04-23 08:35:09,675 [INFO]   Employees for 'MASTER YACHTING'…
2026-04-23 08:35:23,452 [INFO]   9 employees via DOM.
2026-04-23 08:35:23,458 [INFO]   ✓ MASTER YACHTING                               | country: Austria         | domain: masteryachting.com
2026-04-23 08:35:23,467 [INFO]   ✓ 9 employees saved.
2026-04-23 08:35:35,169 [INFO] ─── 6 / 50 ───
2026-04-23 08:35:35,169 [INFO] Scraping: https://www.linkedin.com/company/mega-yacht-transport
2026-04-23 08:36:09,662 [INFO]   Domain: megayachttransport.com
2026-04-23 08:36:09,665 [INFO]   Employees for 'Mega Yacht Transport'…
2026-04-23 08:36:26,611 [INFO]   6 employees via DOM.
2026-04-23 08:36:26,618 [INFO]   ✓ Mega Yacht Transport                          | country: Austria         | domain: megayachttransport.com
2026-04-23 08:36:26,624 [INFO]   ✓ 6 employees saved.
2026-04-23 08:36:36,403 [INFO] ─── 7 / 50 ───
2026-04-23 08:36:36,404 [INFO] Scraping: https://www.linkedin.com/company/aquamot-electric-motors-gmbh
2026-04-23 08:37:12,126 [INFO]   Domain: aquamot.com
2026-04-23 08:37:12,130 [INFO]   Employees for 'Aquamot Electric Motors GmbH'…
2026-04-23 08:37:27,114 [INFO]   2 employees via DOM.
2026-04-23 08:37:27,120 [INFO]   ✓ Aquamot Electric Motors GmbH                  | country: Austria         | domain: aquamot.com
2026-04-23 08:37:27,123 [INFO]   ✓ 2 employees saved.
2026-04-23 08:37:36,845 [INFO] ─── 8 / 50 ───
2026-04-23 08:37:36,845 [INFO] Scraping: https://www.linkedin.com/company/bluplanet-digital
2026-04-23 08:38:14,256 [INFO]   Domain: bluplanet-ai.com
2026-04-23 08:38:14,260 [INFO]   Employees for 'bluplanet'…
2026-04-23 08:38:28,164 [INFO]   8 employees via DOM.
2026-04-23 08:38:28,169 [INFO]   ✓ bluplanet                                     | country: Austria         | domain: bluplanet-ai.com
2026-04-23 08:38:28,177 [INFO]   ✓ 8 employees saved.
2026-04-23 08:38:38,653 [INFO] ─── 9 / 50 ───
2026-04-23 08:38:38,654 [INFO] Scraping: https://www.linkedin.com/company/codeship
2026-04-23 08:39:13,448 [INFO]   Domain: codeship.com
2026-04-23 08:39:13,452 [INFO]   Employees for 'CodeShip (acquired by CloudBees)'…
2026-04-23 08:39:26,971 [INFO]   1 employees via DOM.
2026-04-23 08:39:26,989 [INFO]   ✓ CodeShip (acquired by CloudBees)              | country: Austria         | domain: codeship.com
2026-04-23 08:39:26,994 [INFO]   ✓ 1 employees saved.
2026-04-23 08:39:38,125 [INFO] ─── 10 / 50 ───
2026-04-23 08:39:38,125 [INFO] Scraping: https://www.linkedin.com/company/tems-gmbh
2026-04-23 08:40:13,272 [INFO]   Domain: tems.at
2026-04-23 08:40:13,276 [INFO]   Employees for 'TEMS Ltd.'…
2026-04-23 08:40:27,645 [INFO]   9 employees via DOM.
2026-04-23 08:40:27,652 [INFO]   ✓ TEMS Ltd.                                     | country: Austria         | domain: tems.at
2026-04-23 08:40:27,661 [INFO]   ✓ 9 employees saved.
2026-04-23 08:40:41,049 [INFO] ─── 11 / 50 ───
2026-04-23 08:40:41,049 [INFO] Scraping: https://www.linkedin.com/company/tenfold-software-gmbh
2026-04-23 08:41:16,151 [INFO]   Domain: tenfold-security.com
2026-04-23 08:41:16,156 [INFO]   Employees for 'tenfold Software'…
2026-04-23 08:41:31,752 [INFO]   10 employees via DOM.
2026-04-23 08:41:31,758 [INFO]   ✓ tenfold Software                              | country: Austria         | domain: tenfold-security.com
2026-04-23 08:41:31,772 [INFO]   ✓ 10 employees saved.
2026-04-23 08:41:42,065 [INFO] ─── 12 / 50 ───
2026-04-23 08:41:42,066 [INFO] Scraping: https://www.linkedin.com/company/sproof
2026-04-23 08:42:17,624 [INFO]   Domain: sproof.com
2026-04-23 08:42:17,628 [INFO]   Employees for 'sproof'…
2026-04-23 08:42:36,122 [INFO]   9 employees via DOM.
2026-04-23 08:42:36,140 [INFO]   ✓ sproof                                        | country: Austria         | domain: sproof.com
2026-04-23 08:42:36,149 [INFO]   ✓ 9 employees saved.
2026-04-23 08:42:50,853 [INFO] ─── 13 / 50 ───
2026-04-23 08:42:50,853 [INFO] Scraping: https://www.linkedin.com/company/jennifersoft
2026-04-23 08:43:24,878 [INFO]   Domain: jennifersoft.com
2026-04-23 08:43:24,882 [INFO]   Employees for 'JENNIFERSOFT'…
2026-04-23 08:43:42,117 [INFO]   5 employees via DOM.
2026-04-23 08:43:42,124 [INFO]   ✓ JENNIFERSOFT                                  | country: Austria         | domain: jennifersoft.com
2026-04-23 08:43:42,132 [INFO]   ✓ 5 employees saved.
2026-04-23 08:43:53,602 [INFO] ─── 14 / 50 ───
2026-04-23 08:43:53,603 [INFO] Scraping: https://www.linkedin.com/company/fundsenseio
2026-04-23 08:44:26,043 [INFO]   Domain: fundsense.io
2026-04-23 08:44:26,047 [INFO]   Employees for 'FundSense'…
2026-04-23 08:44:41,463 [INFO]   10 employees via DOM.
2026-04-23 08:44:41,469 [INFO]   ✓ FundSense                                     | country: Austria         | domain: fundsense.io
2026-04-23 08:44:41,482 [INFO]   ✓ 10 employees saved.
2026-04-23 08:44:50,389 [INFO] ─── 15 / 50 ───
2026-04-23 08:44:50,390 [INFO] Scraping: https://www.linkedin.com/company/kinosec
2026-04-23 08:45:24,988 [INFO]   Domain: kinosec.ai
2026-04-23 08:45:24,992 [INFO]   Employees for 'KinoSec.ai'…
2026-04-23 08:45:39,802 [INFO]   5 employees via DOM.
2026-04-23 08:45:39,809 [INFO]   ✓ KinoSec.ai                                    | country: Austria         | domain: kinosec.ai
2026-04-23 08:45:39,814 [INFO]   ✓ 5 employees saved.
2026-04-23 08:45:48,988 [INFO] ─── 16 / 50 ───
2026-04-23 08:45:48,989 [INFO] Scraping: https://www.linkedin.com/company/parityqc
2026-04-23 08:46:21,940 [INFO]   Domain: parityqc.com
2026-04-23 08:46:21,944 [INFO]   Employees for 'ParityQC'…
2026-04-23 08:46:40,413 [INFO]   10 employees via DOM.
2026-04-23 08:46:40,430 [INFO]   ✓ ParityQC                                      | country: Austria         | domain: parityqc.com
2026-04-23 08:46:40,443 [INFO]   ✓ 10 employees saved.
2026-04-23 08:46:55,205 [INFO] ─── 17 / 50 ───
2026-04-23 08:46:55,206 [INFO] Scraping: https://www.linkedin.com/company/av-comparatives
2026-04-23 08:47:29,221 [INFO]   Domain: av-comparatives.org
2026-04-23 08:47:29,227 [INFO]   Employees for 'AV-Comparatives'…
2026-04-23 08:47:43,960 [INFO]   9 employees via DOM.
2026-04-23 08:47:43,968 [INFO]   ✓ AV-Comparatives                               | country: Austria         | domain: av-comparatives.org
2026-04-23 08:47:43,980 [INFO]   ✓ 9 employees saved.
2026-04-23 08:47:57,409 [INFO] ─── 18 / 50 ───
2026-04-23 08:47:57,409 [INFO] Scraping: https://www.linkedin.com/company/enpulsion
2026-04-23 08:48:33,412 [INFO]   Domain: enpulsion.com
2026-04-23 08:48:33,418 [INFO]   Employees for 'ENPULSION'…
2026-04-23 08:48:48,084 [INFO]   10 employees via DOM.
2026-04-23 08:48:48,090 [INFO]   ✓ ENPULSION                                     | country: Austria         | domain: enpulsion.com
2026-04-23 08:48:48,101 [INFO]   ✓ 10 employees saved.
2026-04-23 08:49:01,757 [INFO] ─── 19 / 50 ───
2026-04-23 08:49:01,757 [INFO] Scraping: https://www.linkedin.com/company/underpearl
2026-04-23 08:49:35,674 [INFO]   Domain: underpearl.com
2026-04-23 08:49:35,678 [INFO]   Employees for 'UnderPearl'…
2026-04-23 08:49:50,965 [INFO]   2 employees via DOM.
2026-04-23 08:49:50,982 [INFO]   ✓ UnderPearl                                    | country: Austria         | domain: underpearl.com
2026-04-23 08:49:50,984 [INFO]   ✓ 2 employees saved.
2026-04-23 08:50:01,743 [INFO] ─── 20 / 50 ───
2026-04-23 08:50:01,744 [INFO] Scraping: https://www.linkedin.com/company/raytech-vertriebsgmbh
2026-04-23 08:50:37,395 [INFO]   Domain: raytech-group.com
2026-04-23 08:50:37,398 [INFO]   Employees for 'Raytech VertriebsgmbH'…
2026-04-23 08:50:51,800 [INFO]   7 employees via DOM.
2026-04-23 08:50:51,808 [INFO]   ✓ Raytech VertriebsgmbH                         | country: Austria         | domain: raytech-group.com
2026-04-23 08:50:51,838 [INFO]   ✓ 7 employees saved.
2026-04-23 08:51:04,343 [INFO] ─── 21 / 50 ───
2026-04-23 08:51:04,344 [INFO] Scraping: https://www.linkedin.com/company/dhruvaspace
2026-04-23 08:51:38,766 [INFO]   Domain: dhruvaspace.com
2026-04-23 08:51:38,769 [INFO]   Employees for 'Dhruva Space'…
2026-04-23 08:51:53,971 [INFO]   10 employees via DOM.
2026-04-23 08:51:53,978 [INFO]   ✓ Dhruva Space                                  | country: Austria         | domain: dhruvaspace.com
2026-04-23 08:51:53,988 [INFO]   ✓ 10 employees saved.
2026-04-23 08:52:02,265 [INFO] ─── 22 / 50 ───
2026-04-23 08:52:02,266 [INFO] Scraping: https://www.linkedin.com/company/hirtenberger-defence-systems
2026-04-23 08:52:38,890 [INFO]   Domain: hds.hirtenberger.com
2026-04-23 08:52:38,896 [INFO]   Employees for 'Hirtenberger Defence Systems'…
2026-04-23 08:52:53,800 [INFO]   9 employees via DOM.
2026-04-23 08:52:53,807 [INFO]   ✓ Hirtenberger Defence Systems                  | country: Austria         | domain: hds.hirtenberger.com
2026-04-23 08:52:53,815 [INFO]   ✓ 9 employees saved.
2026-04-23 08:53:02,403 [INFO] ─── 23 / 50 ───
2026-04-23 08:53:02,404 [INFO] Scraping: https://www.linkedin.com/company/pik-as-austria
2026-04-23 08:53:35,210 [INFO]   Domain: pikas.at
2026-04-23 08:53:35,214 [INFO]   Employees for 'PIK-AS Austria GmbH'…
2026-04-23 08:53:48,677 [INFO]   9 employees via DOM.
2026-04-23 08:53:48,684 [INFO]   ✓ PIK-AS Austria GmbH                           | country: Austria         | domain: pikas.at
2026-04-23 08:53:48,695 [INFO]   ✓ 9 employees saved.
2026-04-23 08:53:57,654 [INFO] ─── 24 / 50 ───
2026-04-23 08:53:57,655 [INFO] Scraping: https://www.linkedin.com/company/foodwatch
2026-04-23 08:54:30,630 [INFO]   Domain: foodwatch.org
2026-04-23 08:54:30,633 [INFO]   Employees for 'foodwatch International'…
2026-04-23 08:54:46,625 [INFO]   10 employees via DOM.
2026-04-23 08:54:46,631 [INFO]   ✓ foodwatch International                       | country: Austria         | domain: foodwatch.org
2026-04-23 08:54:46,641 [INFO]   ✓ 10 employees saved.
2026-04-23 08:54:59,988 [INFO] ─── 25 / 50 ───
2026-04-23 08:54:59,989 [INFO] Scraping: https://www.linkedin.com/company/the-global-initiative-against-transnational-organized-crime
2026-04-23 08:55:34,400 [INFO]   Domain: globalinitiative.net
2026-04-23 08:55:34,404 [INFO]   Employees for 'Global Initiative against Transnational Organized Crime'…
2026-04-23 08:55:52,184 [INFO]   8 employees via DOM.
2026-04-23 08:55:52,190 [INFO]   ✓ Global Initiative against Transnational Organized Crime | country: Austria         | domain: globalinitiative.net
2026-04-23 08:55:52,198 [INFO]   ✓ 8 employees saved.
2026-04-23 08:56:02,990 [INFO] ─── 26 / 50 ───
2026-04-23 08:56:02,991 [INFO] Scraping: https://www.linkedin.com/company/aerzte-ohne-grenzen-oesterreich
2026-04-23 08:56:36,961 [INFO]   Domain: aerzte-ohne-grenzen.at
2026-04-23 08:56:36,965 [INFO]   Employees for 'Ärzte ohne Grenzen Österreich'…
2026-04-23 08:56:51,704 [INFO]   6 employees via DOM.
2026-04-23 08:56:51,711 [INFO]   ✓ Ärzte ohne Grenzen Österreich                 | country: Austria         | domain: aerzte-ohne-grenzen.at
2026-04-23 08:56:51,717 [INFO]   ✓ 6 employees saved.
2026-04-23 08:57:05,245 [INFO] ─── 27 / 50 ───
2026-04-23 08:57:05,245 [INFO] Scraping: https://www.linkedin.com/company/esr-journals
2026-04-23 08:57:41,761 [INFO]   Domain: journals.myesr.org
2026-04-23 08:57:41,767 [INFO]   Employees for 'ESR Journals'…
2026-04-23 08:57:58,835 [INFO]   9 employees via DOM.
2026-04-23 08:57:58,841 [INFO]   ✓ ESR Journals                                  | country: Austria         | domain: journals.myesr.org
2026-04-23 08:57:58,853 [INFO]   ✓ 9 employees saved.
2026-04-23 08:58:11,316 [INFO] ─── 28 / 50 ───
2026-04-23 08:58:11,317 [INFO] Scraping: https://www.linkedin.com/company/climatalk
2026-04-23 08:58:43,912 [INFO]   Domain: climatalk.org
2026-04-23 08:58:43,915 [INFO]   Employees for 'ClimaTalk'…
2026-04-23 08:59:01,103 [INFO]   9 employees via DOM.
2026-04-23 08:59:01,120 [INFO]   ✓ ClimaTalk                                     | country: Austria         | domain: climatalk.org
2026-04-23 08:59:01,132 [INFO]   ✓ 9 employees saved.
2026-04-23 08:59:14,326 [INFO] ─── 29 / 50 ───
2026-04-23 08:59:14,327 [INFO] Scraping: https://www.linkedin.com/company/ackercommunity
2026-04-23 08:59:46,757 [INFO]   Domain: acker.co
2026-04-23 08:59:46,761 [INFO]   Employees for 'Acker'…
2026-04-23 09:00:01,133 [INFO]   8 employees via DOM.
2026-04-23 09:00:01,140 [INFO]   ✓ Acker                                         | country: Austria         | domain: acker.co
2026-04-23 09:00:01,148 [INFO]   ✓ 8 employees saved.
2026-04-23 09:00:10,174 [INFO] ─── 30 / 50 ───
2026-04-23 09:00:10,175 [INFO] Scraping: https://www.linkedin.com/company/esr-european-society-of-radiology
2026-04-23 09:00:44,920 [INFO]   Domain: myesr.org
2026-04-23 09:00:44,924 [INFO]   Employees for 'European Society of Radiology'…
2026-04-23 09:01:01,497 [INFO]   8 employees via DOM.
2026-04-23 09:01:01,503 [INFO]   ✓ European Society of Radiology                 | country: Austria         | domain: myesr.org
2026-04-23 09:01:01,515 [INFO]   ✓ 8 employees saved.
2026-04-23 09:01:15,394 [INFO] ─── 31 / 50 ───
2026-04-23 09:01:15,395 [INFO] Scraping: https://www.linkedin.com/company/seforall
2026-04-23 09:01:51,888 [INFO]   Domain: seforall.org
2026-04-23 09:01:51,891 [INFO]   Employees for 'Sustainable Energy for All (SEforALL)'…
2026-04-23 09:02:07,385 [INFO]   8 employees via DOM.
2026-04-23 09:02:07,392 [INFO]   ✓ Sustainable Energy for All (SEforALL)         | country: Austria         | domain: seforall.org
2026-04-23 09:02:07,400 [INFO]   ✓ 8 employees saved.
2026-04-23 09:02:17,976 [INFO] ─── 32 / 50 ───
2026-04-23 09:02:17,977 [INFO] Scraping: https://www.linkedin.com/company/industriellenvereinigung
2026-04-23 09:02:51,867 [INFO]   Domain: iv.at
2026-04-23 09:02:51,872 [INFO]   Employees for 'Federation of Austrian Industries'…
2026-04-23 09:03:08,464 [INFO]   10 employees via DOM.
2026-04-23 09:03:08,489 [INFO]   ✓ Federation of Austrian Industries             | country: Austria         | domain: iv.at
2026-04-23 09:03:08,499 [INFO]   ✓ 10 employees saved.
2026-04-23 09:03:21,395 [INFO] ─── 33 / 50 ───
2026-04-23 09:03:21,396 [INFO] Scraping: https://www.linkedin.com/company/alpenverein-at
2026-04-23 09:03:53,850 [INFO]   Domain: alpenverein.at
2026-04-23 09:03:53,854 [INFO]   Employees for 'Österreichischer Alpenverein'…
2026-04-23 09:04:07,689 [INFO]   8 employees via DOM.
2026-04-23 09:04:07,706 [INFO]   ✓ Österreichischer Alpenverein                  | country: Austria         | domain: alpenverein.at
2026-04-23 09:04:07,715 [INFO]   ✓ 8 employees saved.
2026-04-23 09:04:22,044 [INFO] ─── 34 / 50 ───
2026-04-23 09:04:22,044 [INFO] Scraping: https://www.linkedin.com/company/capus
2026-04-23 09:04:57,645 [INFO]   Domain: capus.no
2026-04-23 09:04:57,649 [INFO]   Employees for 'Capus AS'…
2026-04-23 09:05:14,236 [INFO]   7 employees via DOM.
2026-04-23 09:05:14,243 [INFO]   ✓ Capus AS                                      | country: Austria         | domain: capus.no
2026-04-23 09:05:14,250 [INFO]   ✓ 7 employees saved.
2026-04-23 09:05:26,370 [INFO] ─── 35 / 50 ───
2026-04-23 09:05:26,371 [INFO] Scraping: https://www.linkedin.com/company/ratbacher-gmbh
2026-04-23 09:06:02,495 [INFO]   Domain: ratbacher.com
2026-04-23 09:06:02,499 [INFO]   Employees for 'Ratbacher GmbH'…
2026-04-23 09:06:19,887 [INFO]   10 employees via DOM.
2026-04-23 09:06:19,893 [INFO]   ✓ Ratbacher GmbH                                | country: Austria         | domain: ratbacher.com
2026-04-23 09:06:19,906 [INFO]   ✓ 10 employees saved.
2026-04-23 09:06:33,655 [INFO] ─── 36 / 50 ───
2026-04-23 09:06:33,656 [INFO] Scraping: https://www.linkedin.com/company/eo-executive-search-austria
2026-04-23 09:07:06,761 [INFO]   Domain: eoexecutives.at
2026-04-23 09:07:06,766 [INFO]   Employees for 'EO Executives Austria'…
2026-04-23 09:07:24,100 [INFO]   4 employees via DOM.
2026-04-23 09:07:24,116 [INFO]   ✓ EO Executives Austria                         | country: Austria         | domain: eoexecutives.at
2026-04-23 09:07:24,124 [INFO]   ✓ 4 employees saved.
2026-04-23 09:07:35,216 [INFO] ─── 37 / 50 ───
2026-04-23 09:07:35,217 [INFO] Scraping: https://www.linkedin.com/company/chapmancg
2026-04-23 09:08:07,503 [INFO]   Domain: chapmancg.com
2026-04-23 09:08:07,507 [INFO]   Employees for 'ChapmanCG'…
2026-04-23 09:08:22,248 [INFO]   10 employees via DOM.
2026-04-23 09:08:22,254 [INFO]   ✓ ChapmanCG                                     | country: Austria         | domain: chapmancg.com
2026-04-23 09:08:22,273 [INFO]   ✓ 10 employees saved.
2026-04-23 09:08:30,508 [INFO] ─── 38 / 50 ───
2026-04-23 09:08:30,508 [INFO] Scraping: https://www.linkedin.com/company/michael-bailey-associates
2026-04-23 09:09:03,909 [INFO]   Domain: michaelbaileyassociates.com
2026-04-23 09:09:03,913 [INFO]   Employees for 'Michael Bailey Associates'…
2026-04-23 09:09:18,426 [INFO]   9 employees via DOM.
2026-04-23 09:09:18,443 [INFO]   ✓ Michael Bailey Associates                     | country: Austria         | domain: michaelbaileyassociates.com
2026-04-23 09:09:18,452 [INFO]   ✓ 9 employees saved.
2026-04-23 09:09:29,882 [INFO] ─── 39 / 50 ───
2026-04-23 09:09:29,883 [INFO] Scraping: https://www.linkedin.com/company/hapeko-hanseatisches-personalkontor
2026-04-23 09:10:06,242 [INFO]   Domain: hapeko.de
2026-04-23 09:10:06,245 [INFO]   Employees for 'HAPEKO Deutschland'…
2026-04-23 09:10:20,444 [INFO]   10 employees via DOM.
2026-04-23 09:10:20,452 [INFO]   ✓ HAPEKO Deutschland                            | country: Austria         | domain: hapeko.de
2026-04-23 09:10:20,462 [INFO]   ✓ 10 employees saved.
2026-04-23 09:10:29,526 [INFO] ─── 40 / 50 ───
2026-04-23 09:10:29,527 [INFO] Scraping: https://www.linkedin.com/company/aristogroup
2026-04-23 09:11:05,551 [INFO]   Domain: aristo-group.com
2026-04-23 09:11:05,554 [INFO]   Employees for 'Aristo Group'…
2026-04-23 09:11:22,291 [INFO]   2 employees via DOM.
2026-04-23 09:11:22,297 [INFO]   ✓ Aristo Group                                  | country: Austria         | domain: aristo-group.com
2026-04-23 09:11:22,300 [INFO]   ✓ 2 employees saved.
2026-04-23 09:11:34,876 [INFO] ─── 41 / 50 ───
2026-04-23 09:11:34,876 [INFO] Scraping: https://www.linkedin.com/company/eoexecutives
2026-04-23 09:12:09,185 [INFO]   Domain: eoexecutives.com
2026-04-23 09:12:09,189 [INFO]   Employees for 'EO Executives - Results through people'…
2026-04-23 09:12:23,820 [INFO]   10 employees via DOM.
2026-04-23 09:12:23,826 [INFO]   ✓ EO Executives - Results through people        | country: Austria         | domain: eoexecutives.com
2026-04-23 09:12:23,836 [INFO]   ✓ 10 employees saved.
2026-04-23 09:12:37,825 [INFO] ─── 42 / 50 ───
2026-04-23 09:12:37,825 [INFO] Scraping: https://www.linkedin.com/company/bluebird-international
2026-04-23 09:13:12,098 [INFO]   Domain: bluebird.hu
2026-04-23 09:13:12,102 [INFO]   Employees for 'Bluebird'…
2026-04-23 09:13:26,867 [INFO]   6 employees via DOM.
2026-04-23 09:13:26,876 [INFO]   ✓ Bluebird                                      | country: Austria         | domain: bluebird.hu
2026-04-23 09:13:26,882 [INFO]   ✓ 6 employees saved.
2026-04-23 09:13:40,629 [INFO] ─── 43 / 50 ───
2026-04-23 09:13:40,630 [INFO] Scraping: https://www.linkedin.com/company/schulmeister-management-consulting
2026-04-23 09:14:16,018 [INFO]   Domain: schulmeister-consulting.com
2026-04-23 09:14:16,022 [INFO]   Employees for 'Schulmeister Management Consulting'…
2026-04-23 09:14:30,842 [INFO]   9 employees via DOM.
2026-04-23 09:14:30,849 [INFO]   ✓ Schulmeister Management Consulting            | country: Austria         | domain: schulmeister-consulting.com
2026-04-23 09:14:30,858 [INFO]   ✓ 9 employees saved.
2026-04-23 09:14:43,289 [INFO] ─── 44 / 50 ───
2026-04-23 09:14:43,290 [INFO] Scraping: https://www.linkedin.com/company/janek-performance-group
2026-04-23 09:15:17,594 [INFO]   Domain: janek.com
2026-04-23 09:15:17,597 [INFO]   Employees for 'Janek Performance Group'…
2026-04-23 09:15:33,833 [INFO]   8 employees via DOM.
2026-04-23 09:15:33,843 [INFO]   ✓ Janek Performance Group                       | country: Austria         | domain: janek.com
2026-04-23 09:15:33,851 [INFO]   ✓ 8 employees saved.
2026-04-23 09:15:43,860 [INFO] ─── 45 / 50 ───
2026-04-23 09:15:43,860 [INFO] Scraping: https://www.linkedin.com/company/ti-communication
2026-04-23 09:16:19,463 [INFO]   Domain: ticommunication.eu
2026-04-23 09:16:19,467 [INFO]   Employees for 'ti communication worldwide'…
2026-04-23 09:16:35,332 [INFO]   8 employees via DOM.
2026-04-23 09:16:35,338 [INFO]   ✓ ti communication worldwide                    | country: Austria         | domain: ticommunication.eu
2026-04-23 09:16:35,346 [INFO]   ✓ 8 employees saved.
2026-04-23 09:16:49,915 [INFO] ─── 46 / 50 ───
2026-04-23 09:16:49,916 [INFO] Scraping: https://www.linkedin.com/company/digitall360
2026-04-23 09:17:25,313 [INFO]   Domain: digitall360.com
2026-04-23 09:17:25,317 [INFO]   Employees for 'DigitAll360'…
2026-04-23 09:17:42,319 [INFO]   3 employees via DOM.
2026-04-23 09:17:42,336 [INFO]   ✓ DigitAll360                                   | country: Austria         | domain: digitall360.com
2026-04-23 09:17:42,339 [INFO]   ✓ 3 employees saved.
2026-04-23 09:17:51,768 [INFO] ─── 47 / 50 ───
2026-04-23 09:17:51,768 [INFO] Scraping: https://www.linkedin.com/company/hansen-beck
2026-04-23 09:18:26,295 [INFO]   Domain: hansenbeck.com
2026-04-23 09:18:26,299 [INFO]   Employees for 'Hansen Beck'…
2026-04-23 09:18:43,871 [INFO]   10 employees via DOM.
2026-04-23 09:18:43,877 [INFO]   ✓ Hansen Beck                                   | country: Austria         | domain: hansenbeck.com
2026-04-23 09:18:43,887 [INFO]   ✓ 10 employees saved.
2026-04-23 09:18:53,044 [INFO] ─── 48 / 50 ───
2026-04-23 09:18:53,044 [INFO] Scraping: https://www.linkedin.com/company/deutschakademie-gruppe-gmbh
2026-04-23 09:19:29,834 [INFO]   Domain: deutschakademie.de
2026-04-23 09:19:29,837 [INFO]   Employees for 'DeutschAkademie'…
2026-04-23 09:19:43,725 [INFO]   8 employees via DOM.
2026-04-23 09:19:43,732 [INFO]   ✓ DeutschAkademie                               | country: Austria         | domain: deutschakademie.de
2026-04-23 09:19:43,740 [INFO]   ✓ 8 employees saved.
2026-04-23 09:19:52,278 [INFO] ─── 49 / 50 ───
2026-04-23 09:19:52,278 [INFO] Scraping: https://www.linkedin.com/company/ita-cert
2026-04-23 09:20:27,085 [INFO]   Domain: ita-cert.co.uk
2026-04-23 09:20:27,088 [INFO]   Employees for 'Inspection, Testing & Assurance Company'…
2026-04-23 09:20:44,612 [INFO]   5 employees via DOM.
2026-04-23 09:20:44,619 [INFO]   ✓ Inspection, Testing & Assurance Company       | country: Austria         | domain: ita-cert.co.uk
2026-04-23 09:20:44,628 [INFO]   ✓ 5 employees saved.
2026-04-23 09:20:54,581 [INFO] ─── 50 / 50 ───
2026-04-23 09:20:54,582 [INFO] Scraping: https://www.linkedin.com/company/entrepreneurship-avenue
2026-04-23 09:21:29,845 [INFO]   Domain: entrepreneurshipavenue.com
2026-04-23 09:21:29,849 [INFO]   Employees for 'Entrepreneurship Avenue'…
2026-04-23 09:21:46,293 [INFO]   10 employees via DOM.
2026-04-23 09:21:46,311 [INFO]   ✓ Entrepreneurship Avenue                       | country: Austria         | domain: entrepreneurshipavenue.com
2026-04-23 09:21:46,323 [INFO]   ✓ 10 employees saved.
2026-04-23 09:21:59,217 [INFO] CSV: criteria_countries.csv               47 rows
2026-04-23 09:21:59,219 [INFO] CSV: criteria_industries.csv              168 rows
2026-04-23 09:21:59,220 [INFO] CSV: criteria_sizes.csv                   8 rows
2026-04-23 09:21:59,516 [INFO] CSV: search_combinations.csv              27412 rows
2026-04-23 09:21:59,530 [INFO] CSV: companies.csv                        350 rows
2026-04-23 09:21:59,561 [INFO] CSV: employees.csv                        2234 rows
2026-04-23 09:21:59,573 [INFO] === Done ===
2026-04-26 05:54:19,670 [INFO] === LinkedIn Scraper v4.1 ===
2026-04-26 05:54:19,687 [INFO] Database ready: linkedin_data.db
2026-04-26 05:54:19,691 [INFO] Criteria tables: {'countries': 47, 'industries': 168, 'sizes': 8}
2026-04-26 05:54:19,784 [INFO] Cleared 27245 pending combinations — rebuilding with current sort order.
2026-04-26 05:54:20,055 [INFO] search_combinations: 27245 new rows added | 27412 total in queue
2026-04-26 05:54:20,057 [INFO] Queue: exhausted: 166 | in_progress: 1 | pending: 27245
2026-04-26 05:54:28,781 [INFO] Cookies copied → C:\Users\sandeep\AppData\Local\linkedin_scraper_profile
2026-04-26 05:54:37,261 [WARNING] Cookies expired or Captcha hit — please log in manually. Pausing for 3 minutes...
2026-04-26 05:57:37,983 [INFO] Companies already in DB: 350 (will be skipped)
2026-04-26 05:57:38,547 [INFO] Combination [1353655] (1/20): Austria | Newspaper Publishing | 51-200 employees  (resume page 1)
2026-04-26 05:57:38,551 [INFO]   Navigating to: https://www.linkedin.com/search/results/companies/?origin=FACETED_SEARCH&companySize=["D"]&industryCompanyVertical=["105"]&companyHqGeo=%5B%22103883259%22%5D
2026-04-26 05:57:47,627 [INFO]   ✓ companyHqGeo confirmed in URL.
2026-04-26 05:57:59,413 [INFO]   Page 1: 8 on page | 1 new | 1 queued total
2026-04-26 05:58:19,015 [INFO]   Page 2: 8 on page | 0 new | 1 queued total
2026-04-26 05:58:36,429 [INFO]   Page 3: 8 on page | 0 new | 1 queued total
2026-04-26 05:58:53,910 [INFO]   Page 4: 8 on page | 0 new | 1 queued total
2026-04-26 05:59:13,502 [INFO]   Page 5: 8 on page | 0 new | 1 queued total
2026-04-26 05:59:32,980 [INFO]   Page 6: 8 on page | 0 new | 1 queued total
2026-04-26 05:59:49,253 [INFO]   Page 7: 8 on page | 0 new | 1 queued total
2026-04-26 06:00:03,658 [INFO]   Page 8: 8 on page | 0 new | 1 queued total
2026-04-26 06:00:19,011 [INFO]   Page 9: 8 on page | 0 new | 1 queued total
2026-04-26 06:00:26,272 [INFO]   Combination [1353655] → exhausted
2026-04-26 06:00:26,272 [INFO]   Waiting 66 s before next combination (anti-block)…
2026-04-26 06:01:31,879 [INFO] Combination [1385001] (2/20): Austria | Individual and Family Services | 51-200 employees  (resume page 0)
2026-04-26 06:01:31,884 [INFO]   Navigating to: https://www.linkedin.com/search/results/companies/?origin=FACETED_SEARCH&companySize=["D"]&industryCompanyVertical=["107"]&companyHqGeo=%5B%22103883259%22%5D
2026-04-26 06:01:38,384 [INFO]   ✓ companyHqGeo confirmed in URL.
2026-04-26 06:01:41,344 [INFO]   Page 0: 10 on page | 10 new | 11 queued total
2026-04-26 06:02:00,273 [INFO]   Page 1: 10 on page | 0 new | 11 queued total
2026-04-26 06:02:14,944 [INFO]   Page 2: 10 on page | 0 new | 11 queued total
2026-04-26 06:02:31,231 [INFO]   Page 3: 10 on page | 0 new | 11 queued total
2026-04-26 06:02:48,233 [INFO]   Page 4: 10 on page | 0 new | 11 queued total
2026-04-26 06:03:07,144 [INFO]   Page 5: 10 on page | 0 new | 11 queued total
2026-04-26 06:03:23,640 [INFO]   Page 6: 10 on page | 0 new | 11 queued total
2026-04-26 06:03:37,934 [INFO]   Page 7: 10 on page | 0 new | 11 queued total
2026-04-26 06:03:54,386 [INFO]   Page 8: 10 on page | 0 new | 11 queued total
2026-04-26 06:04:12,476 [INFO]   Page 9: 10 on page | 0 new | 11 queued total
2026-04-26 06:04:19,388 [INFO]   Combination [1385001] → exhausted
2026-04-26 06:04:19,388 [INFO]   Waiting 97 s before next combination (anti-block)…
2026-04-26 06:05:56,762 [INFO] Combination [1385064] (3/20): Austria | Law Practice | 51-200 employees  (resume page 0)
2026-04-26 06:05:56,765 [INFO]   Navigating to: https://www.linkedin.com/search/results/companies/?origin=FACETED_SEARCH&companySize=["D"]&industryCompanyVertical=["109"]&companyHqGeo=%5B%22103883259%22%5D
2026-04-26 06:06:03,603 [INFO]   ✓ companyHqGeo confirmed in URL.
2026-04-26 06:06:06,390 [INFO]   Page 0: 6 on page | 6 new | 17 queued total
2026-04-26 06:06:21,212 [INFO]   Page 1: 6 on page | 0 new | 17 queued total
2026-04-26 06:06:34,715 [INFO]   Page 2: 6 on page | 0 new | 17 queued total
2026-04-26 06:06:52,126 [INFO]   Page 3: 6 on page | 0 new | 17 queued total
2026-04-26 06:07:07,079 [INFO]   Page 4: 6 on page | 0 new | 17 queued total
2026-04-26 06:07:23,449 [INFO]   Page 5: 6 on page | 0 new | 17 queued total
2026-04-26 06:07:37,095 [INFO]   Page 6: 6 on page | 0 new | 17 queued total
2026-04-26 06:07:50,630 [INFO]   Page 7: 6 on page | 0 new | 17 queued total
2026-04-26 06:08:06,875 [INFO]   Page 8: 6 on page | 0 new | 17 queued total
2026-04-26 06:08:20,191 [INFO]   Page 9: 6 on page | 0 new | 17 queued total
2026-04-26 06:08:25,553 [INFO]   Combination [1385064] → exhausted
2026-04-26 06:08:25,553 [INFO]   Waiting 101 s before next combination (anti-block)…
2026-04-26 06:10:06,418 [INFO] Combination [1384686] (4/20): Austria | Biotechnology | 51-200 employees  (resume page 0)
2026-04-26 06:10:06,426 [INFO]   Navigating to: https://www.linkedin.com/search/results/companies/?origin=FACETED_SEARCH&companySize=["D"]&industryCompanyVertical=["11"]&companyHqGeo=%5B%22103883259%22%5D
2026-04-26 06:10:15,451 [INFO]   ✓ companyHqGeo confirmed in URL.
2026-04-26 06:10:17,440 [INFO]   Page 0: 10 on page | 10 new | 27 queued total
2026-04-26 06:10:33,106 [INFO]   Page 1: 10 on page | 0 new | 27 queued total
2026-04-26 06:10:51,243 [INFO]   Page 2: 10 on page | 0 new | 27 queued total
2026-04-26 06:11:12,590 [INFO]   Page 3: 10 on page | 0 new | 27 queued total
2026-04-26 06:11:29,347 [INFO]   Page 4: 10 on page | 0 new | 27 queued total
2026-04-26 06:11:49,120 [INFO]   Page 5: 10 on page | 0 new | 27 queued total
2026-04-26 06:12:03,633 [INFO]   Page 6: 10 on page | 0 new | 27 queued total
2026-04-26 06:12:20,040 [INFO]   Page 7: 10 on page | 0 new | 27 queued total
2026-04-26 06:12:36,042 [INFO]   Page 8: 10 on page | 0 new | 27 queued total
2026-04-26 06:12:53,301 [INFO]   Page 9: 10 on page | 0 new | 27 queued total
2026-04-26 06:13:00,512 [INFO]   Combination [1384686] → exhausted
2026-04-26 06:13:00,512 [INFO]   Waiting 83 s before next combination (anti-block)…
2026-04-26 06:14:23,680 [INFO] Combination [1385071] (5/20): Austria | Legal Services | 51-200 employees  (resume page 0)
2026-04-26 06:14:23,683 [INFO]   Navigating to: https://www.linkedin.com/search/results/companies/?origin=FACETED_SEARCH&companySize=["D"]&industryCompanyVertical=["110"]&companyHqGeo=%5B%22103883259%22%5D
2026-04-26 06:14:30,937 [INFO]   ✓ companyHqGeo confirmed in URL.
2026-04-26 06:14:34,131 [INFO]   Page 0: 10 on page | 10 new | 37 queued total
2026-04-26 06:14:49,605 [INFO]   Page 1: 10 on page | 0 new | 37 queued total
2026-04-26 06:15:06,980 [INFO]   Page 2: 10 on page | 0 new | 37 queued total
2026-04-26 06:15:25,272 [INFO]   Page 3: 10 on page | 0 new | 37 queued total
2026-04-26 06:15:43,276 [INFO]   Page 4: 10 on page | 0 new | 37 queued total
2026-04-26 06:15:58,056 [INFO]   Page 5: 10 on page | 0 new | 37 queued total
2026-04-26 06:16:15,135 [INFO]   Page 6: 10 on page | 0 new | 37 queued total
2026-04-26 06:16:30,897 [INFO]   Page 7: 10 on page | 0 new | 37 queued total
2026-04-26 06:16:49,054 [INFO]   Page 8: 10 on page | 0 new | 37 queued total
2026-04-26 06:17:04,216 [INFO]   Page 9: 10 on page | 0 new | 37 queued total
2026-04-26 06:17:10,920 [INFO]   Combination [1385071] → exhausted
2026-04-26 06:17:10,920 [INFO]   Extended rest 187 s after 5 combinations…
2026-04-26 06:20:18,384 [INFO] Combination [1385106] (6/20): Austria | Management Consulting | 51-200 employees  (resume page 0)
2026-04-26 06:20:18,397 [INFO]   Navigating to: https://www.linkedin.com/search/results/companies/?origin=FACETED_SEARCH&companySize=["D"]&industryCompanyVertical=["111"]&companyHqGeo=%5B%22103883259%22%5D
2026-04-26 06:20:25,473 [INFO]   ✓ companyHqGeo confirmed in URL.
2026-04-26 06:20:28,206 [INFO]   Page 0: 2 on page | 2 new | 39 queued total
2026-04-26 06:20:43,859 [INFO]   Page 1: 2 on page | 0 new | 39 queued total
2026-04-26 06:20:58,628 [INFO]   Page 2: 2 on page | 0 new | 39 queued total
2026-04-26 06:21:14,933 [INFO]   Page 3: 2 on page | 0 new | 39 queued total
2026-04-26 06:21:30,078 [INFO]   Page 4: 2 on page | 0 new | 39 queued total
2026-04-26 06:21:48,986 [INFO]   Page 5: 2 on page | 0 new | 39 queued total
2026-04-26 06:22:01,575 [INFO]   Page 6: 2 on page | 0 new | 39 queued total
2026-04-26 06:22:18,109 [INFO]   Page 7: 2 on page | 0 new | 39 queued total
2026-04-26 06:22:35,732 [INFO]   Page 8: 2 on page | 0 new | 39 queued total
2026-04-26 06:22:50,250 [INFO]   Page 9: 2 on page | 0 new | 39 queued total
2026-04-26 06:22:56,513 [INFO]   Combination [1385106] → exhausted
2026-04-26 06:22:56,513 [INFO]   Waiting 71 s before next combination (anti-block)…
2026-04-26 06:24:07,971 [INFO] Combination [1384742] (7/20): Austria | Civil Engineering | 51-200 employees  (resume page 0)
2026-04-26 06:24:07,985 [INFO]   Navigating to: https://www.linkedin.com/search/results/companies/?origin=FACETED_SEARCH&companySize=["D"]&industryCompanyVertical=["112"]&companyHqGeo=%5B%22103883259%22%5D
2026-04-26 06:24:15,447 [INFO]   ✓ companyHqGeo confirmed in URL.
2026-04-26 06:24:18,322 [INFO]   Page 0: 10 on page | 10 new | 49 queued total
2026-04-26 06:24:37,386 [INFO]   Page 1: 10 on page | 0 new | 49 queued total
2026-04-26 06:24:57,647 [INFO]   Page 2: 10 on page | 0 new | 49 queued total
2026-04-26 06:25:13,606 [INFO]   Page 3: 10 on page | 0 new | 49 queued total
2026-04-26 06:25:31,512 [INFO]   Page 4: 10 on page | 0 new | 49 queued total
2026-04-26 06:25:47,528 [INFO]   Page 5: 10 on page | 0 new | 49 queued total
2026-04-26 06:26:03,177 [INFO]   Page 6: 10 on page | 0 new | 49 queued total
2026-04-26 06:26:21,645 [INFO]   Page 7: 10 on page | 0 new | 49 queued total
2026-04-26 06:26:38,190 [INFO]   Page 8: 10 on page | 0 new | 49 queued total
2026-04-26 06:26:54,748 [INFO]   Page 9: 10 on page | 0 new | 49 queued total
2026-04-26 06:27:00,068 [INFO]   Combination [1384742] → exhausted
2026-04-26 06:27:00,068 [INFO]   Waiting 68 s before next combination (anti-block)…
2026-04-26 06:28:07,743 [INFO] Combination [1384875] (8/20): Austria | Environmental Services | 51-200 employees  (resume page 0)
2026-04-26 06:28:07,744 [INFO]   Navigating to: https://www.linkedin.com/search/results/companies/?origin=FACETED_SEARCH&companySize=["D"]&industryCompanyVertical=["115"]&companyHqGeo=%5B%22103883259%22%5D
2026-04-26 06:28:14,397 [INFO]   ✓ companyHqGeo confirmed in URL.
2026-04-26 06:28:17,199 [INFO]   Page 0: 10 on page | 1 new | 50 queued total
2026-04-26 06:28:22,166 [INFO]   Combination [1384875] → in_progress
2026-04-26 06:28:22,256 [INFO] Discovery done: 50 new companies queued.
2026-04-26 06:28:22,256 [INFO] ─── 1 / 50 ───
2026-04-26 06:28:22,256 [INFO] Scraping: https://www.linkedin.com/company/kern-ag-training
2026-04-26 06:28:58,286 [INFO]   Domain: kerntraining.com
2026-04-26 06:28:58,291 [INFO]   Employees for 'KERN Training'…
2026-04-26 06:29:13,098 [INFO]   3 employees via DOM.
2026-04-26 06:29:13,105 [INFO]   ✓ KERN Training                                 | country: Austria         | domain: kerntraining.com
2026-04-26 06:29:13,112 [INFO]   ✓ 3 employees saved.
2026-04-26 06:29:24,026 [INFO] ─── 2 / 50 ───
2026-04-26 06:29:24,027 [INFO] Scraping: https://www.linkedin.com/company/volt-oesterreich
2026-04-26 06:30:00,245 [INFO]   Domain: voltoesterreich.org
2026-04-26 06:30:00,249 [INFO]   Employees for 'Volt Austria'…
2026-04-26 06:30:15,599 [INFO]   2 employees via DOM.
2026-04-26 06:30:15,606 [INFO]   ✓ Volt Austria                                  | country: Austria         | domain: voltoesterreich.org
2026-04-26 06:30:15,608 [INFO]   ✓ 2 employees saved.
2026-04-26 06:30:23,716 [INFO] ─── 3 / 50 ───
2026-04-26 06:30:23,717 [INFO] Scraping: https://www.linkedin.com/company/%C3%B6sterreichische-%C3%A4rztekammer
2026-04-26 06:30:59,173 [INFO]   Domain: aerztekammer.at
2026-04-26 06:30:59,178 [INFO]   Employees for 'Österreichische Ärztekammer'…
2026-04-26 06:31:15,227 [INFO]   2 employees via DOM.
2026-04-26 06:31:15,233 [INFO]   ✓ Österreichische Ärztekammer                   | country: Austria         | domain: aerztekammer.at
2026-04-26 06:31:15,236 [INFO]   ✓ 2 employees saved.
2026-04-26 06:31:25,357 [INFO] ─── 4 / 50 ───
2026-04-26 06:31:25,357 [INFO] Scraping: https://www.linkedin.com/company/sozialdemokratische-partei-%C3%B6sterreichs
2026-04-26 06:31:58,212 [INFO]   Domain: spoe.at
2026-04-26 06:31:58,215 [INFO]   Employees for 'Sozialdemokratische Partei Österreichs (SPÖ)'…
2026-04-26 06:32:15,709 [INFO]   5 employees via DOM.
2026-04-26 06:32:15,716 [INFO]   ✓ Sozialdemokratische Partei Österreichs (SPÖ)  | country: Austria         | domain: spoe.at
2026-04-26 06:32:15,721 [INFO]   ✓ 5 employees saved.
2026-04-26 06:32:29,896 [INFO] ─── 5 / 50 ───
2026-04-26 06:32:29,896 [INFO] Scraping: https://www.linkedin.com/company/european-association-of-political-consultants
2026-04-26 06:33:03,257 [INFO]   Domain: eapc.eu
2026-04-26 06:33:03,261 [INFO]   Employees for 'European Association of Political Consultants (EAPC)'…
2026-04-26 06:33:18,578 [INFO]   6 employees via DOM.
2026-04-26 06:33:18,597 [INFO]   ✓ European Association of Political Consultants (EAPC) | country: Austria         | domain: eapc.eu
2026-04-26 06:33:18,603 [INFO]   ✓ 6 employees saved.
2026-04-26 06:33:28,019 [INFO] ─── 6 / 50 ───
2026-04-26 06:33:28,019 [INFO] Scraping: https://www.linkedin.com/company/neos
2026-04-26 06:34:01,699 [INFO]   Domain: neos.eu
2026-04-26 06:34:01,703 [INFO]   Employees for 'NEOS'…
2026-04-26 06:34:17,637 [INFO]   10 employees via DOM.
2026-04-26 06:34:17,655 [INFO]   ✓ NEOS                                          | country: Austria         | domain: neos.eu
2026-04-26 06:34:17,665 [INFO]   ✓ 10 employees saved.
2026-04-26 06:34:31,952 [INFO] ─── 7 / 50 ───
2026-04-26 06:34:31,953 [INFO] Scraping: https://www.linkedin.com/company/spoe-parlamentsklub
2026-04-26 06:35:08,142 [INFO]   Domain: spoe.at
2026-04-26 06:35:08,146 [INFO]   Employees for 'SPÖ Parlamentsklub'…
2026-04-26 06:35:25,817 [INFO]   9 employees via DOM.
2026-04-26 06:35:25,823 [INFO]   ✓ SPÖ Parlamentsklub                            | country: Austria         | domain: spoe.at
2026-04-26 06:35:25,833 [INFO]   ✓ 9 employees saved.
2026-04-26 06:35:36,061 [INFO] ─── 8 / 50 ───
2026-04-26 06:35:36,061 [INFO] Scraping: https://www.linkedin.com/company/aekwien
2026-04-26 06:36:09,252 [INFO]   Domain: aekwien.at
2026-04-26 06:36:09,256 [INFO]   Employees for 'Kammer für Ärztinnen und Ärzte in Wien'…
2026-04-26 06:36:23,245 [INFO]   9 employees via DOM.
2026-04-26 06:36:23,251 [INFO]   ✓ Kammer für Ärztinnen und Ärzte in Wien        | country: Austria         | domain: aekwien.at
2026-04-26 06:36:23,263 [INFO]   ✓ 9 employees saved.
2026-04-26 06:36:37,187 [INFO] ─── 9 / 50 ───
2026-04-26 06:36:37,189 [INFO] Scraping: https://www.linkedin.com/company/die-gr-nen-im-parlamentsklub
2026-04-26 06:37:13,125 [INFO]   Domain: gruene.at
2026-04-26 06:37:13,129 [INFO]   Employees for 'Die Grünen Österreich'…
2026-04-26 06:37:30,035 [INFO]   6 employees via DOM.
2026-04-26 06:37:30,042 [INFO]   ✓ Die Grünen Österreich                         | country: Austria         | domain: gruene.at
2026-04-26 06:37:30,048 [INFO]   ✓ 6 employees saved.
2026-04-26 06:37:38,362 [INFO] ─── 10 / 50 ───
2026-04-26 06:37:38,363 [INFO] Scraping: https://www.linkedin.com/company/junos-junge-liberale-studierende
2026-04-26 06:38:13,134 [INFO]   Domain: studierende.junos.at
2026-04-26 06:38:13,138 [INFO]   Employees for 'JUNOS - Junge liberale Studierende'…
2026-04-26 06:38:29,664 [INFO]   1 employees via DOM.
2026-04-26 06:38:29,681 [INFO]   ✓ JUNOS - Junge liberale Studierende            | country: Austria         | domain: studierende.junos.at
2026-04-26 06:38:29,683 [INFO]   ✓ 1 employees saved.
2026-04-26 06:38:38,791 [INFO] ─── 11 / 50 ───
2026-04-26 06:38:38,792 [INFO] Scraping: https://www.linkedin.com/company/spooe
2026-04-26 06:39:14,975 [INFO]   Domain: spooe.at
2026-04-26 06:39:14,979 [INFO]   Employees for 'SPÖ Oberösterreich'…
2026-04-26 06:39:32,860 [INFO]   4 employees via DOM.
2026-04-26 06:39:32,867 [INFO]   ✓ SPÖ Oberösterreich                            | country: Austria         | domain: spooe.at
2026-04-26 06:39:32,872 [INFO]   ✓ 4 employees saved.
2026-04-26 06:39:47,312 [INFO] ─── 12 / 50 ───
2026-04-26 06:39:47,312 [INFO] Scraping: https://www.linkedin.com/company/companion-group-ltd
2026-04-26 06:40:22,645 [INFO]   Domain: companiongroup.io
2026-04-26 06:40:22,649 [INFO]   Employees for 'Companion Group'…
2026-04-26 06:40:37,559 [INFO]   6 employees via DOM.
2026-04-26 06:40:37,576 [INFO]   ✓ Companion Group                               | country: Austria         | domain: companiongroup.io
2026-04-26 06:40:37,586 [INFO]   ✓ 6 employees saved.
2026-04-26 06:40:49,979 [INFO] ─── 13 / 50 ───
2026-04-26 06:40:49,979 [INFO] Scraping: https://www.linkedin.com/company/mipumi-games
2026-04-26 06:41:24,755 [INFO]   Domain: mipumi.com
2026-04-26 06:41:24,759 [INFO]   Employees for 'Mi'pu'mi Games'…
2026-04-26 06:41:39,411 [INFO]   9 employees via DOM.
2026-04-26 06:41:39,418 [INFO]   ✓ Mi'pu'mi Games                                | country: Austria         | domain: mipumi.com
2026-04-26 06:41:39,427 [INFO]   ✓ 9 employees saved.
2026-04-26 06:41:53,807 [INFO] ─── 14 / 50 ───
2026-04-26 06:41:53,808 [INFO] Scraping: https://www.linkedin.com/company/funstage
2026-04-26 06:42:26,981 [INFO]   Domain: funstage.com
2026-04-26 06:42:26,985 [INFO]   Employees for 'Funstage'…
2026-04-26 06:42:43,450 [INFO]   9 employees via DOM.
2026-04-26 06:42:43,456 [INFO]   ✓ Funstage                                      | country: Austria         | domain: funstage.com
2026-04-26 06:42:43,464 [INFO]   ✓ 9 employees saved.
2026-04-26 06:42:52,510 [INFO] ─── 15 / 50 ───
2026-04-26 06:42:52,510 [INFO] Scraping: https://www.linkedin.com/company/purple-lamp
2026-04-26 06:43:26,800 [INFO]   Domain: purplelamp.com
2026-04-26 06:43:26,804 [INFO]   Employees for 'Purple Lamp'…
2026-04-26 06:43:44,956 [INFO]   10 employees via DOM.
2026-04-26 06:43:44,962 [INFO]   ✓ Purple Lamp                                   | country: Austria         | domain: purplelamp.com
2026-04-26 06:43:44,977 [INFO]   ✓ 10 employees saved.
2026-04-26 06:43:57,698 [INFO] ─── 16 / 50 ───
2026-04-26 06:43:57,698 [INFO] Scraping: https://www.linkedin.com/company/bongfish-gmbh
2026-04-26 06:44:32,970 [INFO]   Domain: bongfish.com
2026-04-26 06:44:32,974 [INFO]   Employees for 'Bongfish GmbH'…
2026-04-26 06:44:47,394 [INFO]   9 employees via DOM.
2026-04-26 06:44:47,405 [INFO]   ✓ Bongfish GmbH                                 | country: Austria         | domain: bongfish.com
2026-04-26 06:44:47,415 [INFO]   ✓ 9 employees saved.
2026-04-26 06:45:00,975 [INFO] ─── 17 / 50 ───
2026-04-26 06:45:00,975 [INFO] Scraping: https://www.linkedin.com/company/jowood-productions-software-ag
2026-04-26 06:45:33,073 [INFO]   Domain: jowood.com
2026-04-26 06:45:33,077 [INFO]   Employees for 'JoWooD Productions Software AG'…
2026-04-26 06:45:47,537 [INFO]   2 employees via DOM.
2026-04-26 06:45:47,544 [INFO]   ✓ JoWooD Productions Software AG                | country: Austria         | domain: jowood.com
2026-04-26 06:45:47,547 [INFO]   ✓ 2 employees saved.
2026-04-26 06:46:01,244 [INFO] ─── 18 / 50 ───
2026-04-26 06:46:01,244 [INFO] Scraping: https://www.linkedin.com/company/palmhr
2026-04-26 06:46:34,867 [INFO]   Domain: palmhr.net
2026-04-26 06:46:34,871 [INFO]   Employees for 'palm.hr'…
2026-04-26 06:46:50,265 [INFO]   10 employees via DOM.
2026-04-26 06:46:50,272 [INFO]   ✓ palm.hr                                       | country: Austria         | domain: palmhr.net
2026-04-26 06:46:50,286 [INFO]   ✓ 10 employees saved.
2026-04-26 06:47:04,028 [INFO] ─── 19 / 50 ───
2026-04-26 06:47:04,028 [INFO] Scraping: https://www.linkedin.com/company/hubertwartner
2026-04-26 06:47:40,760 [INFO]   Domain: hubertwartner.com
2026-04-26 06:47:40,764 [INFO]   Employees for 'HUBERT WARTNER International Group'…
2026-04-26 06:47:56,166 [INFO]   1 employees via DOM.
2026-04-26 06:47:56,182 [INFO]   ✓ HUBERT WARTNER International Group            | country: Austria         | domain: hubertwartner.com
2026-04-26 06:47:56,184 [INFO]   ✓ 1 employees saved.
2026-04-26 06:48:05,701 [INFO] ─── 20 / 50 ───
2026-04-26 06:48:05,701 [INFO] Scraping: https://www.linkedin.com/company/insuvia
2026-04-26 06:48:38,831 [INFO]   Domain: insuvia.com
2026-04-26 06:48:38,835 [INFO]   Employees for 'Insuvia'…
2026-04-26 06:48:53,455 [INFO]   9 employees via DOM.
2026-04-26 06:48:53,464 [INFO]   ✓ Insuvia                                       | country: Austria         | domain: insuvia.com
2026-04-26 06:48:53,473 [INFO]   ✓ 9 employees saved.
2026-04-26 06:49:03,762 [INFO] ─── 21 / 50 ───
2026-04-26 06:49:03,762 [INFO] Scraping: https://www.linkedin.com/company/ngs-global
2026-04-26 06:49:36,757 [INFO]   Domain: ngs-global.com
2026-04-26 06:49:36,761 [INFO]   Employees for 'NGS Global'…
2026-04-26 06:49:53,997 [INFO]   4 employees via DOM.
2026-04-26 06:49:54,017 [INFO]   ✓ NGS Global                                    | country: Austria         | domain: ngs-global.com
2026-04-26 06:49:54,024 [INFO]   ✓ 4 employees saved.
2026-04-26 06:50:04,986 [INFO] ─── 22 / 50 ───
2026-04-26 06:50:04,986 [INFO] Scraping: https://www.linkedin.com/company/zukunftsinstitut-gmbh
2026-04-26 06:50:41,570 [INFO]   Domain: zukunftsinstitut.de
2026-04-26 06:50:41,574 [INFO]   Employees for 'Zukunftsinstitut GmbH'…
2026-04-26 06:50:56,798 [INFO]   5 employees via DOM.
2026-04-26 06:50:56,804 [INFO]   ✓ Zukunftsinstitut GmbH                         | country: Austria         | domain: zukunftsinstitut.de
2026-04-26 06:50:56,810 [INFO]   ✓ 5 employees saved.
2026-04-26 06:51:11,683 [INFO] ─── 23 / 50 ───
2026-04-26 06:51:11,683 [INFO] Scraping: https://www.linkedin.com/company/nordic-interim
2026-04-26 06:51:47,994 [INFO]   Domain: nordicinterim.com
2026-04-26 06:51:47,997 [INFO]   Employees for 'Nordic Interim SE - A Valtus Company'…
2026-04-26 06:52:04,390 [INFO]   8 employees via DOM.
2026-04-26 06:52:04,397 [INFO]   ✓ Nordic Interim SE - A Valtus Company          | country: Austria         | domain: nordicinterim.com
2026-04-26 06:52:04,405 [INFO]   ✓ 8 employees saved.
2026-04-26 06:52:14,229 [INFO] ─── 24 / 50 ───
2026-04-26 06:52:14,229 [INFO] Scraping: https://www.linkedin.com/company/land
2026-04-26 06:52:47,561 [INFO]   Domain: landsrl.com
2026-04-26 06:52:47,565 [INFO]   Employees for 'LAND'…
2026-04-26 06:53:01,069 [INFO]   2 employees via DOM.
2026-04-26 06:53:01,075 [INFO]   ✓ LAND                                          | country: Austria         | domain: landsrl.com
2026-04-26 06:53:01,078 [INFO]   ✓ 2 employees saved.
2026-04-26 06:53:11,762 [INFO] ─── 25 / 50 ───
2026-04-26 06:53:11,763 [INFO] Scraping: https://www.linkedin.com/company/keyjordan
2026-04-26 06:53:43,957 [INFO]   Domain: keyjordan.com
2026-04-26 06:53:43,961 [INFO]   Employees for 'Key Jordan'…
2026-04-26 06:54:01,244 [INFO]   8 employees via DOM.
2026-04-26 06:54:01,252 [INFO]   ✓ Key Jordan                                    | country: Austria         | domain: keyjordan.com
2026-04-26 06:54:01,261 [INFO]   ✓ 8 employees saved.
2026-04-26 06:54:10,678 [INFO] ─── 26 / 50 ───
2026-04-26 06:54:10,679 [INFO] Scraping: https://www.linkedin.com/company/myclimate
2026-04-26 06:54:44,266 [INFO]   Domain: myclimate.org
2026-04-26 06:54:44,270 [INFO]   Employees for 'myclimate'…
2026-04-26 06:55:00,148 [INFO]   10 employees via DOM.
2026-04-26 06:55:00,155 [INFO]   ✓ myclimate                                     | country: Austria         | domain: myclimate.org
2026-04-26 06:55:00,166 [INFO]   ✓ 10 employees saved.
2026-04-26 06:55:15,115 [INFO] ─── 27 / 50 ───
2026-04-26 06:55:15,115 [INFO] Scraping: https://www.linkedin.com/company/transiris
2026-04-26 06:55:52,528 [INFO]   Domain: transiris.com
2026-04-26 06:55:52,532 [INFO]   Employees for 'Transiris'…
2026-04-26 06:56:09,779 [INFO]   9 employees via DOM.
2026-04-26 06:56:09,786 [INFO]   ✓ Transiris                                     | country: Austria         | domain: transiris.com
2026-04-26 06:56:09,795 [INFO]   ✓ 9 employees saved.
2026-04-26 06:56:18,224 [INFO] ─── 28 / 50 ───
2026-04-26 06:56:18,224 [INFO] Scraping: https://www.linkedin.com/company/time-change
2026-04-26 06:56:51,915 [INFO]   Domain: time-change.com
2026-04-26 06:56:51,918 [INFO]   Employees for 'time change GmbH'…
2026-04-26 06:57:08,291 [INFO]   10 employees via DOM.
2026-04-26 06:57:08,297 [INFO]   ✓ time change GmbH                              | country: Austria         | domain: time-change.com
2026-04-26 06:57:08,310 [INFO]   ✓ 10 employees saved.
2026-04-26 06:57:22,593 [INFO] ─── 29 / 50 ───
2026-04-26 06:57:22,594 [INFO] Scraping: https://www.linkedin.com/company/habegger-ag
2026-04-26 06:57:57,729 [INFO]   Domain: habegger.ch
2026-04-26 06:57:57,733 [INFO]   Employees for 'Habegger AG'…
2026-04-26 06:58:14,978 [INFO]   6 employees via DOM.
2026-04-26 06:58:14,985 [INFO]   ✓ Habegger AG                                   | country: Austria         | domain: habegger.ch
2026-04-26 06:58:14,995 [INFO]   ✓ 6 employees saved.
2026-04-26 06:58:28,896 [INFO] ─── 30 / 50 ───
2026-04-26 06:58:28,897 [INFO] Scraping: https://www.linkedin.com/company/cti-meeting-technology
2026-04-26 06:59:04,232 [INFO]   Domain: ctimeetingtech.com
2026-04-26 06:59:04,238 [INFO]   Employees for 'CTI Meeting Technology'…
2026-04-26 06:59:21,993 [INFO]   8 employees via DOM.
2026-04-26 06:59:22,010 [INFO]   ✓ CTI Meeting Technology                        | country: Austria         | domain: ctimeetingtech.com
2026-04-26 06:59:22,022 [INFO]   ✓ 8 employees saved.
2026-04-26 06:59:37,003 [INFO] ─── 31 / 50 ───
2026-04-26 06:59:37,004 [INFO] Scraping: https://www.linkedin.com/company/196-plus
2026-04-26 07:00:12,522 [INFO]   Domain: 196plus.com
2026-04-26 07:00:12,526 [INFO]   Employees for '196+ events'…
2026-04-26 07:00:30,096 [INFO]   9 employees via DOM.
2026-04-26 07:00:30,102 [INFO]   ✓ 196+ events                                   | country: Austria         | domain: 196plus.com
2026-04-26 07:00:30,116 [INFO]   ✓ 9 employees saved.
2026-04-26 07:00:40,387 [INFO] ─── 32 / 50 ───
2026-04-26 07:00:40,388 [INFO] Scraping: https://www.linkedin.com/company/ics---international-conference-services-ltd-
2026-04-26 07:01:18,016 [INFO]   Domain: icsevents.com
2026-04-26 07:01:18,020 [INFO]   Employees for 'International Conference Services (ICS)'…
2026-04-26 07:01:32,472 [INFO]   9 employees via DOM.
2026-04-26 07:01:32,479 [INFO]   ✓ International Conference Services (ICS)       | country: Austria         | domain: icsevents.com
2026-04-26 07:01:32,492 [INFO]   ✓ 9 employees saved.
2026-04-26 07:01:43,592 [INFO] ─── 33 / 50 ───
2026-04-26 07:01:43,593 [INFO] Scraping: https://www.linkedin.com/company/austriacentervienna
2026-04-26 07:02:17,948 [INFO]   Domain: acv.at
2026-04-26 07:02:17,952 [INFO]   Employees for 'Austria Center Vienna - Internationales Kongresszentrum'…
2026-04-26 07:02:33,871 [INFO]   5 employees via DOM.
2026-04-26 07:02:33,878 [INFO]   ✓ Austria Center Vienna - Internationales Kongresszentrum | country: Austria         | domain: acv.at
2026-04-26 07:02:33,883 [INFO]   ✓ 5 employees saved.
2026-04-26 07:02:44,517 [INFO] ─── 34 / 50 ───
2026-04-26 07:02:44,517 [INFO] Scraping: https://www.linkedin.com/company/messe-wels-gmbh
2026-04-26 07:03:17,627 [INFO]   Domain: messe-wels.at
2026-04-26 07:03:17,631 [INFO]   Employees for 'Messe Wels GmbH'…
2026-04-26 07:03:35,132 [INFO]   7 employees via DOM.
2026-04-26 07:03:35,139 [INFO]   ✓ Messe Wels GmbH                               | country: Austria         | domain: messe-wels.at
2026-04-26 07:03:35,150 [INFO]   ✓ 7 employees saved.
2026-04-26 07:03:45,106 [INFO] ─── 35 / 50 ───
2026-04-26 07:03:45,107 [INFO] Scraping: https://www.linkedin.com/company/b-network
2026-04-26 07:04:17,201 [INFO]   Domain: bnetwork.com
2026-04-26 07:04:17,205 [INFO]   Employees for 'bnetwork'…
2026-04-26 07:04:32,858 [INFO]   9 employees via DOM.
2026-04-26 07:04:32,868 [INFO]   ✓ bnetwork                                      | country: Austria         | domain: bnetwork.com
2026-04-26 07:04:32,877 [INFO]   ✓ 9 employees saved.
2026-04-26 07:04:47,129 [INFO] ─── 36 / 50 ───
2026-04-26 07:04:47,130 [INFO] Scraping: https://www.linkedin.com/company/proske
2026-04-26 07:05:21,680 [INFO]   Domain: proske.com
2026-04-26 07:05:21,684 [INFO]   Employees for 'Proske'…
2026-04-26 07:05:38,495 [INFO]   9 employees via DOM.
2026-04-26 07:05:38,513 [INFO]   ✓ Proske                                        | country: Austria         | domain: proske.com
2026-04-26 07:05:38,523 [INFO]   ✓ 9 employees saved.
2026-04-26 07:05:48,622 [INFO] ─── 37 / 50 ───
2026-04-26 07:05:48,623 [INFO] Scraping: https://www.linkedin.com/company/vieconcenter
2026-04-26 07:06:27,625 [INFO]   Domain: vieconcenter.at
2026-04-26 07:06:27,629 [INFO]   Employees for 'VIECON – Vienna Congress & Convention Center'…
2026-04-26 07:06:43,395 [INFO]   10 employees via DOM.
2026-04-26 07:06:43,402 [INFO]   ✓ VIECON – Vienna Congress & Convention Center  | country: Austria         | domain: vieconcenter.at
2026-04-26 07:06:43,413 [INFO]   ✓ 10 employees saved.
2026-04-26 07:06:56,647 [INFO] ─── 38 / 50 ───
2026-04-26 07:06:56,647 [INFO] Scraping: https://www.linkedin.com/company/s.-sch-sswender-werke-metall--und-schmiedekunst-gmbh
2026-04-26 07:07:31,547 [INFO]   Domain: anras.schoesswender.at
2026-04-26 07:07:31,553 [INFO]   Employees for 'S. Schösswender Werke, Metall- und Schmiedekunst GmbH'…
2026-04-26 07:07:45,518 [INFO]   3 employees via DOM.
2026-04-26 07:07:45,528 [INFO]   ✓ S. Schösswender Werke, Metall- und Schmiedekunst GmbH | country: Austria         | domain: anras.schoesswender.at
2026-04-26 07:07:45,532 [INFO]   ✓ 3 employees saved.
2026-04-26 07:07:58,511 [INFO] ─── 39 / 50 ───
2026-04-26 07:07:58,511 [INFO] Scraping: https://www.linkedin.com/company/didrot
2026-04-26 07:08:34,894 [INFO]   Domain: didrot.com
2026-04-26 07:08:34,898 [INFO]   Employees for 'Didrot'…
2026-04-26 07:08:52,361 [INFO]   0 employees via DOM.
2026-04-26 07:08:52,379 [INFO]   ✓ Didrot                                        | country: Austria         | domain: didrot.com
2026-04-26 07:09:04,039 [INFO] ─── 40 / 50 ───
2026-04-26 07:09:04,039 [INFO] Scraping: https://www.linkedin.com/company/tele-controls-inc
2026-04-26 07:09:38,297 [INFO]   Domain: tele-controls.com
2026-04-26 07:09:38,302 [INFO]   Employees for 'TELE Controls Inc.'…
2026-04-26 07:09:52,549 [INFO]   8 employees via DOM.
2026-04-26 07:09:52,556 [INFO]   ✓ TELE Controls Inc.                            | country: Austria         | domain: tele-controls.com
2026-04-26 07:09:52,583 [INFO]   ✓ 8 employees saved.
2026-04-26 07:10:01,093 [INFO] ─── 41 / 50 ───
2026-04-26 07:10:01,093 [INFO] Scraping: https://www.linkedin.com/company/juniper-systems
2026-04-26 07:10:36,555 [INFO]   Domain: junipersys.com
2026-04-26 07:10:36,558 [INFO]   Employees for 'Juniper Systems'…
2026-04-26 07:10:53,649 [INFO]   8 employees via DOM.
2026-04-26 07:10:53,682 [INFO]   ✓ Juniper Systems                               | country: Austria         | domain: junipersys.com
2026-04-26 07:10:53,691 [INFO]   ✓ 8 employees saved.
2026-04-26 07:11:07,761 [INFO] ─── 42 / 50 ───
2026-04-26 07:11:07,762 [INFO] Scraping: https://www.linkedin.com/company/go-e-gmbh
2026-04-26 07:11:43,454 [INFO]   Domain: go-e.com
2026-04-26 07:11:43,458 [INFO]   Employees for 'go-e'…
2026-04-26 07:11:58,127 [INFO]   7 employees via DOM.
2026-04-26 07:11:58,148 [INFO]   ✓ go-e                                          | country: Austria         | domain: go-e.com
2026-04-26 07:11:58,156 [INFO]   ✓ 7 employees saved.
2026-04-26 07:12:10,941 [INFO] ─── 43 / 50 ───
2026-04-26 07:12:10,942 [INFO] Scraping: https://www.linkedin.com/company/seaelectricev
2026-04-26 07:12:46,543 [INFO]   Domain: exro.com
2026-04-26 07:12:46,546 [INFO]   Employees for 'SEA Electric'…
2026-04-26 07:13:02,309 [INFO]   5 employees via DOM.
2026-04-26 07:13:02,314 [INFO]   ✓ SEA Electric                                  | country: Austria         | domain: exro.com
2026-04-26 07:13:02,319 [INFO]   ✓ 5 employees saved.
2026-04-26 07:13:12,226 [INFO] ─── 44 / 50 ───
2026-04-26 07:13:12,227 [INFO] Scraping: https://www.linkedin.com/company/baur-pruef-und-messtechnik-gmbh
2026-04-26 07:13:46,505 [INFO]   Domain: baur.eu
2026-04-26 07:13:46,508 [INFO]   Employees for 'BAUR GmbH'…
2026-04-26 07:14:01,517 [INFO]   10 employees via DOM.
2026-04-26 07:14:01,531 [INFO]   ✓ BAUR GmbH                                     | country: Austria         | domain: baur.eu
2026-04-26 07:14:01,541 [INFO]   ✓ 10 employees saved.
2026-04-26 07:14:16,521 [INFO] ─── 45 / 50 ───
2026-04-26 07:14:16,521 [INFO] Scraping: https://www.linkedin.com/company/akg-acoustics-gmbh
2026-04-26 07:14:48,842 [INFO]   Domain: akg.com
2026-04-26 07:14:48,845 [INFO]   Employees for 'AKG'…
2026-04-26 07:15:04,771 [INFO]   5 employees via DOM.
2026-04-26 07:15:04,779 [INFO]   ✓ AKG                                           | country: Austria         | domain: akg.com
2026-04-26 07:15:04,784 [INFO]   ✓ 5 employees saved.
2026-04-26 07:15:16,028 [INFO] ─── 46 / 50 ───
2026-04-26 07:15:16,028 [INFO] Scraping: https://www.linkedin.com/company/loytec-electronics-gmbh
2026-04-26 07:15:50,497 [INFO]   Domain: loytec.com
2026-04-26 07:15:50,501 [INFO]   Employees for 'LOYTEC'…
2026-04-26 07:16:07,866 [INFO]   6 employees via DOM.
2026-04-26 07:16:07,874 [INFO]   ✓ LOYTEC                                        | country: Austria         | domain: loytec.com
2026-04-26 07:16:07,884 [INFO]   ✓ 6 employees saved.
2026-04-26 07:16:21,749 [INFO] ─── 47 / 50 ───
2026-04-26 07:16:21,750 [INFO] Scraping: https://www.linkedin.com/company/hitzingergmbh
2026-04-26 07:16:55,132 [INFO]   Domain: hitzinger.at
2026-04-26 07:16:55,136 [INFO]   Employees for 'HITZINGER Power Solutions GmbH'…
2026-04-26 07:17:09,279 [INFO]   8 employees via DOM.
2026-04-26 07:17:09,289 [INFO]   ✓ HITZINGER Power Solutions GmbH                | country: Austria         | domain: hitzinger.at
2026-04-26 07:17:09,296 [INFO]   ✓ 8 employees saved.
2026-04-26 07:17:21,701 [INFO] ─── 48 / 50 ───
2026-04-26 07:17:21,702 [INFO] Scraping: https://www.linkedin.com/company/buck-lighting
2026-04-26 07:17:56,683 [INFO]   Domain: buck.lighting
2026-04-26 07:17:56,687 [INFO]   Employees for 'BUCK Lighting'…
2026-04-26 07:18:10,945 [INFO]   8 employees via DOM.
2026-04-26 07:18:10,962 [INFO]   ✓ BUCK Lighting                                 | country: Austria         | domain: buck.lighting
2026-04-26 07:18:10,970 [INFO]   ✓ 8 employees saved.
2026-04-26 07:18:25,370 [INFO] ─── 49 / 50 ───
2026-04-26 07:18:25,370 [INFO] Scraping: https://www.linkedin.com/company/ewo
2026-04-26 07:19:00,939 [INFO]   Domain: ewo.com
2026-04-26 07:19:00,943 [INFO]   Employees for 'ewo'…
2026-04-26 07:19:16,241 [INFO]   7 employees via DOM.
2026-04-26 07:19:16,247 [INFO]   ✓ ewo                                           | country: Austria         | domain: ewo.com
2026-04-26 07:19:16,254 [INFO]   ✓ 7 employees saved.
2026-04-26 07:19:27,753 [INFO] ─── 50 / 50 ───
2026-04-26 07:19:27,754 [INFO] Scraping: https://www.linkedin.com/company/akm
2026-04-26 07:20:01,084 [INFO]   Domain: akm.at
2026-04-26 07:20:01,088 [INFO]   Employees for 'AKM'…
2026-04-26 07:20:17,927 [INFO]   4 employees via DOM.
2026-04-26 07:20:17,933 [INFO]   ✓ AKM                                           | country: Austria         | domain: akm.at
2026-04-26 07:20:17,941 [INFO]   ✓ 4 employees saved.
2026-04-26 07:20:30,706 [INFO] CSV: criteria_countries.csv               47 rows
2026-04-26 07:20:30,708 [INFO] CSV: criteria_industries.csv              168 rows
2026-04-26 07:20:30,709 [INFO] CSV: criteria_sizes.csv                   8 rows
2026-04-26 07:20:31,051 [INFO] CSV: search_combinations.csv              27412 rows
2026-04-26 07:20:31,063 [INFO] CSV: companies.csv                        400 rows
2026-04-26 07:20:31,099 [INFO] CSV: employees.csv                        2562 rows
2026-04-26 07:20:31,112 [INFO] === Done ===
2026-04-28 09:51:24,582 [INFO] === LinkedIn Scraper v4.1 ===
2026-04-28 09:51:24,612 [INFO] Database ready: linkedin_data.db
2026-04-28 09:51:24,616 [INFO] Criteria tables: {'countries': 47, 'industries': 168, 'sizes': 8}
2026-04-28 09:51:24,718 [INFO] Cleared 27238 pending combinations — rebuilding with current sort order.
2026-04-28 09:51:24,974 [INFO] search_combinations: 27238 new rows added | 27412 total in queue
2026-04-28 09:51:24,975 [INFO] Queue: exhausted: 173 | in_progress: 1 | pending: 27238
2026-04-28 09:51:32,088 [INFO] Cookies copied → C:\Users\sandeep\AppData\Local\linkedin_scraper_profile
2026-04-28 09:51:41,830 [WARNING] Cookies expired or Captcha hit — please log in manually. Pausing for 3 minutes...
2026-04-28 09:54:42,628 [INFO] Companies already in DB: 400 (will be skipped)
2026-04-28 09:54:43,221 [INFO] Combination [1384875] (1/20): Austria | Environmental Services | 51-200 employees  (resume page 1)
2026-04-28 09:54:43,223 [INFO]   Navigating to: https://www.linkedin.com/search/results/companies/?origin=FACETED_SEARCH&companySize=["D"]&industryCompanyVertical=["115"]&companyHqGeo=%5B%22103883259%22%5D
2026-04-28 09:54:52,919 [INFO]   ✓ companyHqGeo confirmed in URL.
2026-04-28 09:55:05,054 [INFO]   Page 1: 10 on page | 9 new | 9 queued total
2026-04-28 09:55:21,551 [INFO]   Page 2: 10 on page | 0 new | 9 queued total
2026-04-28 09:55:38,777 [INFO]   Page 3: 10 on page | 0 new | 9 queued total
2026-04-28 09:55:55,779 [INFO]   Page 4: 10 on page | 0 new | 9 queued total
2026-04-28 09:56:12,085 [INFO]   Page 5: 10 on page | 0 new | 9 queued total
2026-04-28 09:56:30,896 [INFO]   Page 6: 10 on page | 0 new | 9 queued total
2026-04-28 09:56:45,984 [INFO]   Page 7: 10 on page | 0 new | 9 queued total
2026-04-28 09:57:05,365 [INFO]   Page 8: 10 on page | 0 new | 9 queued total
2026-04-28 09:57:21,914 [INFO]   Page 9: 10 on page | 0 new | 9 queued total
2026-04-28 09:57:28,675 [INFO]   Combination [1384875] → exhausted
2026-04-28 09:57:28,675 [INFO]   Waiting 81 s before next combination (anti-block)…
2026-04-28 09:58:49,484 [INFO] Combination [1416585] (2/20): Austria | Logistics and Supply Chain | 51-200 employees  (resume page 0)
2026-04-28 09:58:49,486 [INFO]   Navigating to: https://www.linkedin.com/search/results/companies/?origin=FACETED_SEARCH&companySize=["D"]&industryCompanyVertical=["116"]&companyHqGeo=%5B%22103883259%22%5D
2026-04-28 09:58:58,650 [INFO]   ✓ companyHqGeo confirmed in URL.
2026-04-28 09:59:01,581 [INFO]   Page 0: 10 on page | 10 new | 19 queued total
2026-04-28 09:59:17,931 [INFO]   Page 1: 10 on page | 0 new | 19 queued total
2026-04-28 09:59:35,907 [INFO]   Page 2: 10 on page | 0 new | 19 queued total
2026-04-28 09:59:53,904 [INFO]   Page 3: 10 on page | 0 new | 19 queued total
2026-04-28 10:00:13,364 [INFO]   Page 4: 10 on page | 0 new | 19 queued total
2026-04-28 10:00:29,938 [INFO]   Page 5: 10 on page | 0 new | 19 queued total
2026-04-28 10:00:52,099 [INFO]   Page 6: 10 on page | 0 new | 19 queued total
2026-04-28 10:01:08,866 [INFO]   Page 7: 10 on page | 0 new | 19 queued total
2026-04-28 10:01:23,178 [INFO]   Page 8: 10 on page | 0 new | 19 queued total
2026-04-28 10:01:41,188 [INFO]   Page 9: 10 on page | 0 new | 19 queued total
2026-04-28 10:01:45,459 [INFO]   Combination [1416585] → exhausted
2026-04-28 10:01:45,460 [INFO]   Waiting 63 s before next combination (anti-block)…
2026-04-28 10:02:48,575 [INFO] Combination [1416263] (3/20): Austria | Computer and Network Security | 51-200 employees  (resume page 0)
2026-04-28 10:02:48,579 [INFO]   Navigating to: https://www.linkedin.com/search/results/companies/?origin=FACETED_SEARCH&companySize=["D"]&industryCompanyVertical=["118"]&companyHqGeo=%5B%22103883259%22%5D
2026-04-28 10:02:57,467 [INFO]   ✓ companyHqGeo confirmed in URL.
2026-04-28 10:03:00,163 [INFO]   Page 0: 10 on page | 10 new | 29 queued total
2026-04-28 10:03:15,381 [INFO]   Page 1: 10 on page | 0 new | 29 queued total
2026-04-28 10:03:30,186 [INFO]   Page 2: 10 on page | 0 new | 29 queued total
2026-04-28 10:03:47,856 [INFO]   Page 3: 10 on page | 0 new | 29 queued total
2026-04-28 10:04:07,181 [INFO]   Page 4: 10 on page | 0 new | 29 queued total
2026-04-28 10:04:21,005 [INFO]   Page 5: 10 on page | 0 new | 29 queued total
2026-04-28 10:04:38,302 [INFO]   Page 6: 10 on page | 0 new | 29 queued total
2026-04-28 10:04:55,068 [INFO]   Page 7: 10 on page | 0 new | 29 queued total
2026-04-28 10:05:13,241 [INFO]   Page 8: 10 on page | 0 new | 29 queued total
2026-04-28 10:05:34,309 [INFO]   Page 9: 10 on page | 0 new | 29 queued total
2026-04-28 10:05:38,727 [INFO]   Combination [1416263] → exhausted
2026-04-28 10:05:38,727 [INFO]   Waiting 119 s before next combination (anti-block)…
2026-04-28 10:07:37,882 [INFO] Combination [1416389] (4/20): Austria | Executive Offices | 51-200 employees  (resume page 0)
2026-04-28 10:07:37,884 [INFO]   Navigating to: https://www.linkedin.com/search/results/companies/?origin=FACETED_SEARCH&companySize=["D"]&industryCompanyVertical=["121"]&companyHqGeo=%5B%22103883259%22%5D
2026-04-28 10:07:45,279 [INFO]   ✓ companyHqGeo confirmed in URL.
2026-04-28 10:07:47,984 [INFO]   Page 0: 10 on page | 10 new | 39 queued total
2026-04-28 10:08:05,133 [INFO]   Page 1: 10 on page | 0 new | 39 queued total
2026-04-28 10:08:22,502 [INFO]   Page 2: 10 on page | 0 new | 39 queued total
2026-04-28 10:08:43,292 [INFO]   Page 3: 10 on page | 0 new | 39 queued total
2026-04-28 10:09:00,782 [INFO]   Page 4: 10 on page | 0 new | 39 queued total
2026-04-28 10:09:17,537 [INFO]   Page 5: 10 on page | 0 new | 39 queued total
2026-04-28 10:09:36,386 [INFO]   Page 6: 10 on page | 0 new | 39 queued total
2026-04-28 10:09:54,785 [INFO]   Page 7: 10 on page | 0 new | 39 queued total
2026-04-28 10:10:13,366 [INFO]   Page 8: 10 on page | 0 new | 39 queued total
2026-04-28 10:10:30,223 [INFO]   Page 9: 10 on page | 0 new | 39 queued total
2026-04-28 10:10:34,433 [INFO]   Combination [1416389] → exhausted
2026-04-28 10:10:34,433 [INFO]   Waiting 100 s before next combination (anti-block)…
2026-04-28 10:12:14,925 [INFO] Combination [1416557] (5/20): Austria | Law Enforcement | 51-200 employees  (resume page 0)
2026-04-28 10:12:14,928 [INFO]   Navigating to: https://www.linkedin.com/search/results/companies/?origin=FACETED_SEARCH&companySize=["D"]&industryCompanyVertical=["126"]&companyHqGeo=%5B%22103883259%22%5D
2026-04-28 10:12:24,303 [INFO]   ✓ companyHqGeo confirmed in URL.
2026-04-28 10:12:26,956 [INFO]   Page 0: 10 on page | 10 new | 49 queued total
2026-04-28 10:12:45,093 [INFO]   Page 1: 10 on page | 0 new | 49 queued total
2026-04-28 10:13:00,057 [INFO]   Page 2: 10 on page | 0 new | 49 queued total
2026-04-28 10:13:16,294 [INFO]   Page 3: 10 on page | 0 new | 49 queued total
2026-04-28 10:13:33,817 [INFO]   Page 4: 10 on page | 0 new | 49 queued total
2026-04-28 10:13:49,810 [INFO]   Page 5: 10 on page | 0 new | 49 queued total
2026-04-28 10:14:09,930 [INFO]   Page 6: 10 on page | 0 new | 49 queued total
2026-04-28 10:14:26,273 [INFO]   Page 7: 10 on page | 0 new | 49 queued total
2026-04-28 10:14:43,244 [INFO]   Page 8: 10 on page | 0 new | 49 queued total
2026-04-28 10:14:59,878 [INFO]   Page 9: 10 on page | 0 new | 49 queued total
2026-04-28 10:15:05,520 [INFO]   Combination [1416557] → exhausted
2026-04-28 10:15:05,520 [INFO]   Extended rest 262 s after 5 combinations…
2026-04-28 10:19:27,907 [INFO] Combination [1416536] (6/20): Austria | Investment Banking | 51-200 employees  (resume page 0)
2026-04-28 10:19:27,909 [INFO]   Navigating to: https://www.linkedin.com/search/results/companies/?origin=FACETED_SEARCH&companySize=["D"]&industryCompanyVertical=["127"]&companyHqGeo=%5B%22103883259%22%5D
2026-04-28 10:19:35,865 [INFO]   ✓ companyHqGeo confirmed in URL.
2026-04-28 10:19:38,531 [INFO]   Page 0: 3 on page | 1 new | 50 queued total
2026-04-28 10:19:44,716 [INFO]   Combination [1416536] → in_progress
2026-04-28 10:19:44,801 [INFO] Discovery done: 50 new companies queued.
2026-04-28 10:19:44,801 [INFO] ─── 1 / 50 ───
2026-04-28 10:19:44,801 [INFO] Scraping: https://www.linkedin.com/company/salzburg-voice-festival
2026-04-28 10:20:19,917 [INFO]   Domain: salzburgvoicefestival.com
2026-04-28 10:20:19,921 [INFO]   Employees for 'Salzburg Voice Festival'…
2026-04-28 10:20:33,858 [INFO]   1 employees via DOM.
2026-04-28 10:20:33,867 [INFO]   ✓ Salzburg Voice Festival                       | country: Austria         | domain: salzburgvoicefestival.com
2026-04-28 10:20:33,869 [INFO]   ✓ 1 employees saved.
2026-04-28 10:20:42,482 [INFO] ─── 2 / 50 ───
2026-04-28 10:20:42,483 [INFO] Scraping: https://www.linkedin.com/company/wiener-konzerthausgesellschaft
2026-04-28 10:21:16,063 [INFO]   Domain: konzerthaus.at
2026-04-28 10:21:16,067 [INFO]   Employees for 'Wiener Konzerthausgesellschaft'…
2026-04-28 10:21:30,832 [INFO]   6 employees via DOM.
2026-04-28 10:21:30,839 [INFO]   ✓ Wiener Konzerthausgesellschaft                | country: Austria         | domain: konzerthaus.at
2026-04-28 10:21:30,845 [INFO]   ✓ 6 employees saved.
2026-04-28 10:21:45,611 [INFO] ─── 3 / 50 ───
2026-04-28 10:21:45,612 [INFO] Scraping: https://www.linkedin.com/company/mahler-philharmoniker
2026-04-28 10:22:21,544 [INFO]   Domain: mahlerphil.org
2026-04-28 10:22:21,548 [INFO]   Employees for 'Mahler Philharmoniker'…
2026-04-28 10:22:37,839 [INFO]   3 employees via DOM.
2026-04-28 10:22:37,845 [INFO]   ✓ Mahler Philharmoniker                         | country: Austria         | domain: mahlerphil.org
2026-04-28 10:22:37,849 [INFO]   ✓ 3 employees saved.
2026-04-28 10:22:47,385 [INFO] ─── 4 / 50 ───
2026-04-28 10:22:47,386 [INFO] Scraping: https://www.linkedin.com/company/popchor-wien
2026-04-28 10:23:22,167 [INFO]   Domain: popchor.wien
2026-04-28 10:23:22,171 [INFO]   Employees for 'Popchor Wien'…
2026-04-28 10:23:38,257 [INFO]   0 employees via DOM.
2026-04-28 10:23:38,265 [INFO]   ✓ Popchor Wien                                  | country: Austria         | domain: popchor.wien
2026-04-28 10:23:51,653 [INFO] ─── 5 / 50 ───
2026-04-28 10:23:51,653 [INFO] Scraping: https://www.linkedin.com/company/jam-music-lab-private-university
2026-04-28 10:24:26,282 [INFO]   Domain: jammusiclab.com
2026-04-28 10:24:26,287 [INFO]   Employees for 'JAM MUSIC LAB Private University'…
2026-04-28 10:24:40,499 [INFO]   7 employees via DOM.
2026-04-28 10:24:40,506 [INFO]   ✓ JAM MUSIC LAB Private University              | country: Austria         | domain: jammusiclab.com
2026-04-28 10:24:40,516 [INFO]   ✓ 7 employees saved.
2026-04-28 10:24:50,536 [INFO] ─── 6 / 50 ───
2026-04-28 10:24:50,537 [INFO] Scraping: https://www.linkedin.com/company/boesendorfer
2026-04-28 10:25:24,171 [INFO]   Domain: boesendorfer.com
2026-04-28 10:25:24,175 [INFO]   Employees for 'Bösendorfer'…
2026-04-28 10:25:39,786 [INFO]   5 employees via DOM.
2026-04-28 10:25:39,804 [INFO]   ✓ Bösendorfer                                   | country: Austria         | domain: boesendorfer.com
2026-04-28 10:25:39,809 [INFO]   ✓ 5 employees saved.
2026-04-28 10:25:54,107 [INFO] ─── 7 / 50 ───
2026-04-28 10:25:54,108 [INFO] Scraping: https://www.linkedin.com/company/nowsymphony
2026-04-28 10:26:28,243 [INFO]   Domain: nowsymphony.com
2026-04-28 10:26:28,247 [INFO]   Employees for 'Nova Orchester Wien (NOW!)'…
2026-04-28 10:26:45,934 [INFO]   2 employees via DOM.
2026-04-28 10:26:45,940 [INFO]   ✓ Nova Orchester Wien (NOW!)                    | country: Austria         | domain: nowsymphony.com
2026-04-28 10:26:45,943 [INFO]   ✓ 2 employees saved.
2026-04-28 10:26:54,270 [INFO] ─── 8 / 50 ───
2026-04-28 10:26:54,271 [INFO] Scraping: https://www.linkedin.com/company/wiener-symphoniker
2026-04-28 10:27:30,100 [INFO]   Domain: wienersymphoniker.at
2026-04-28 10:27:30,104 [INFO]   Employees for 'Wiener Symphoniker'…
2026-04-28 10:27:45,441 [INFO]   4 employees via DOM.
2026-04-28 10:27:45,448 [INFO]   ✓ Wiener Symphoniker                            | country: Austria         | domain: wienersymphoniker.at
2026-04-28 10:27:45,454 [INFO]   ✓ 4 employees saved.
2026-04-28 10:27:56,713 [INFO] ─── 9 / 50 ───
2026-04-28 10:27:56,713 [INFO] Scraping: https://www.linkedin.com/company/viennaboyschoir
2026-04-28 10:28:31,043 [INFO]   Domain: wsk.at
2026-04-28 10:28:31,046 [INFO]   Employees for 'Vienna Boys Choir'…
2026-04-28 10:28:47,604 [INFO]   3 employees via DOM.
2026-04-28 10:28:47,610 [INFO]   ✓ Vienna Boys Choir                             | country: Austria         | domain: wsk.at
2026-04-28 10:28:47,614 [INFO]   ✓ 3 employees saved.
2026-04-28 10:28:56,881 [INFO] ─── 10 / 50 ───
2026-04-28 10:28:56,881 [INFO] Scraping: https://www.linkedin.com/company/skysidevienna
2026-04-28 10:29:31,747 [INFO]   Domain: skyside.aero
2026-04-28 10:29:31,751 [INFO]   Employees for 'Skyside Aviation'…
2026-04-28 10:29:49,269 [INFO]   7 employees via DOM.
2026-04-28 10:29:49,275 [INFO]   ✓ Skyside Aviation                              | country: Austria         | domain: skyside.aero
2026-04-28 10:29:49,283 [INFO]   ✓ 7 employees saved.
2026-04-28 10:30:02,570 [INFO] ─── 11 / 50 ───
2026-04-28 10:30:02,571 [INFO] Scraping: https://www.linkedin.com/company/cycle-eco
2026-04-28 10:30:39,205 [INFO]   Domain: cycle.eco
2026-04-28 10:30:39,208 [INFO]   Employees for 'CYCLE'…
2026-04-28 10:30:54,162 [INFO]   2 employees via DOM.
2026-04-28 10:30:54,169 [INFO]   ✓ CYCLE                                         | country: Austria         | domain: cycle.eco
2026-04-28 10:30:54,172 [INFO]   ✓ 2 employees saved.
2026-04-28 10:31:08,981 [INFO] ─── 12 / 50 ───
2026-04-28 10:31:08,981 [INFO] Scraping: https://www.linkedin.com/company/globeair
2026-04-28 10:31:44,166 [INFO]   Domain: linktr.ee
2026-04-28 10:31:44,170 [INFO]   Employees for 'GlobeAir'…
2026-04-28 10:31:57,948 [INFO]   10 employees via DOM.
2026-04-28 10:31:57,966 [INFO]   ✓ GlobeAir                                      | country: Austria         | domain: linktr.ee
2026-04-28 10:31:57,975 [INFO]   ✓ 10 employees saved.
2026-04-28 10:32:11,829 [INFO] ─── 13 / 50 ───
2026-04-28 10:32:11,829 [INFO] Scraping: https://www.linkedin.com/company/sensonic
2026-04-28 10:32:47,494 [INFO]   Domain: sensonic.com
2026-04-28 10:32:47,498 [INFO]   Employees for 'Sensonic'…
2026-04-28 10:33:03,676 [INFO]   10 employees via DOM.
2026-04-28 10:33:03,682 [INFO]   ✓ Sensonic                                      | country: Austria         | domain: sensonic.com
2026-04-28 10:33:03,696 [INFO]   ✓ 10 employees saved.
2026-04-28 10:33:14,888 [INFO] ─── 14 / 50 ───
2026-04-28 10:33:14,888 [INFO] Scraping: https://www.linkedin.com/company/sea-ai
2026-04-28 10:33:52,069 [INFO]   Domain: sea.ai
2026-04-28 10:33:52,073 [INFO]   Employees for 'SEA.AI'…
2026-04-28 10:34:09,391 [INFO]   8 employees via DOM.
2026-04-28 10:34:09,398 [INFO]   ✓ SEA.AI                                        | country: Austria         | domain: sea.ai
2026-04-28 10:34:09,409 [INFO]   ✓ 8 employees saved.
2026-04-28 10:34:21,645 [INFO] ─── 15 / 50 ───
2026-04-28 10:34:21,646 [INFO] Scraping: https://www.linkedin.com/company/stamh
2026-04-28 10:34:57,266 [INFO]   Domain: stamh.com
2026-04-28 10:34:57,270 [INFO]   Employees for 'STAMH Group'…
2026-04-28 10:35:11,960 [INFO]   9 employees via DOM.
2026-04-28 10:35:11,967 [INFO]   ✓ STAMH Group                                   | country: Austria         | domain: stamh.com
2026-04-28 10:35:11,975 [INFO]   ✓ 9 employees saved.
2026-04-28 10:35:22,836 [INFO] ─── 16 / 50 ───
2026-04-28 10:35:22,836 [INFO] Scraping: https://www.linkedin.com/company/galleria-di-base-del-brennero-brenner-basistunnel-bbt-se
2026-04-28 10:35:58,011 [INFO]   Domain: bbt-se.com
2026-04-28 10:35:58,015 [INFO]   Employees for 'GALLERIA DI BASE DEL BRENNERO - BRENNER BASISTUNNEL BBT SE'…
2026-04-28 10:36:12,685 [INFO]   8 employees via DOM.
2026-04-28 10:36:12,694 [INFO]   ✓ GALLERIA DI BASE DEL BRENNERO - BRENNER BASISTUNNEL BBT SE | country: Austria         | domain: bbt-se.com
2026-04-28 10:36:12,702 [INFO]   ✓ 8 employees saved.
2026-04-28 10:36:23,697 [INFO] ─── 17 / 50 ───
2026-04-28 10:36:23,698 [INFO] Scraping: https://www.linkedin.com/company/pjm
2026-04-28 10:36:57,422 [INFO]   Domain: pjm.co.at
2026-04-28 10:36:57,426 [INFO]   Employees for 'PJ Messtechnik GmbH / PJ Monitoring GmbH'…
2026-04-28 10:37:13,875 [INFO]   6 employees via DOM.
2026-04-28 10:37:13,882 [INFO]   ✓ PJ Messtechnik GmbH / PJ Monitoring GmbH      | country: Austria         | domain: pjm.co.at
2026-04-28 10:37:13,888 [INFO]   ✓ 6 employees saved.
2026-04-28 10:37:28,726 [INFO] ─── 18 / 50 ───
2026-04-28 10:37:28,727 [INFO] Scraping: https://www.linkedin.com/company/mjet-gmbh
2026-04-28 10:38:03,525 [INFO]   Domain: mjet.eu
2026-04-28 10:38:03,530 [INFO]   Employees for 'MJET'…
2026-04-28 10:38:20,906 [INFO]   6 employees via DOM.
2026-04-28 10:38:20,914 [INFO]   ✓ MJET                                          | country: Austria         | domain: mjet.eu
2026-04-28 10:38:20,920 [INFO]   ✓ 6 employees saved.
2026-04-28 10:38:31,165 [INFO] ─── 19 / 50 ───
2026-04-28 10:38:31,166 [INFO] Scraping: https://www.linkedin.com/company/fl3xx
2026-04-28 10:39:08,741 [INFO]   Domain: fl3xx.com
2026-04-28 10:39:08,744 [INFO]   Employees for 'FL3XX'…
2026-04-28 10:39:24,328 [INFO]   10 employees via DOM.
2026-04-28 10:39:24,336 [INFO]   ✓ FL3XX                                         | country: Austria         | domain: fl3xx.com
2026-04-28 10:39:24,350 [INFO]   ✓ 10 employees saved.
2026-04-28 10:39:34,326 [INFO] ─── 20 / 50 ───
2026-04-28 10:39:34,327 [INFO] Scraping: https://www.linkedin.com/company/secunia
2026-04-28 10:40:08,904 [INFO]   Domain: secunia.com
2026-04-28 10:40:08,908 [INFO]   Employees for 'Secunia'…
2026-04-28 10:40:25,180 [INFO]   3 employees via DOM.
2026-04-28 10:40:25,187 [INFO]   ✓ Secunia                                       | country: Austria         | domain: secunia.com
2026-04-28 10:40:25,190 [INFO]   ✓ 3 employees saved.
2026-04-28 10:40:33,979 [INFO] ─── 21 / 50 ───
2026-04-28 10:40:33,980 [INFO] Scraping: https://www.linkedin.com/company/secure-business-austria
2026-04-28 10:41:09,347 [INFO]   Domain: sba-research.org
2026-04-28 10:41:09,351 [INFO]   Employees for 'SBA Research'…
2026-04-28 10:41:24,588 [INFO]   10 employees via DOM.
2026-04-28 10:41:24,606 [INFO]   ✓ SBA Research                                  | country: Austria         | domain: sba-research.org
2026-04-28 10:41:24,619 [INFO]   ✓ 10 employees saved.
2026-04-28 10:41:35,956 [INFO] ─── 22 / 50 ───
2026-04-28 10:41:35,957 [INFO] Scraping: https://www.linkedin.com/company/whaleboneio
2026-04-28 10:42:11,454 [INFO]   Domain: whalebone.io
2026-04-28 10:42:11,459 [INFO]   Employees for 'Whalebone'…
2026-04-28 10:42:28,593 [INFO]   9 employees via DOM.
2026-04-28 10:42:28,614 [INFO]   ✓ Whalebone                                     | country: Austria         | domain: whalebone.io
2026-04-28 10:42:28,623 [INFO]   ✓ 9 employees saved.
2026-04-28 10:42:42,550 [INFO] ─── 23 / 50 ───
2026-04-28 10:42:42,550 [INFO] Scraping: https://www.linkedin.com/company/crea-plus
2026-04-28 10:43:18,126 [INFO]   Domain: creaplus.com
2026-04-28 10:43:18,129 [INFO]   Employees for 'CREAPLUS'…
2026-04-28 10:43:33,018 [INFO]   9 employees via DOM.
2026-04-28 10:43:33,025 [INFO]   ✓ CREAPLUS                                      | country: Austria         | domain: creaplus.com
2026-04-28 10:43:33,034 [INFO]   ✓ 9 employees saved.
2026-04-28 10:43:47,776 [INFO] ─── 24 / 50 ───
2026-04-28 10:43:47,776 [INFO] Scraping: https://www.linkedin.com/company/ikarus-security-gmbh
2026-04-28 10:44:23,273 [INFO]   Domain: ikarussecurity.com
2026-04-28 10:44:23,276 [INFO]   Employees for 'IKARUS Security GmbH'…
2026-04-28 10:44:40,126 [INFO]   9 employees via DOM.
2026-04-28 10:44:40,132 [INFO]   ✓ IKARUS Security GmbH                          | country: Austria         | domain: ikarussecurity.com
2026-04-28 10:44:40,141 [INFO]   ✓ 9 employees saved.
2026-04-28 10:44:54,128 [INFO] ─── 25 / 50 ───
2026-04-28 10:44:54,128 [INFO] Scraping: https://www.linkedin.com/company/secutec
2026-04-28 10:45:27,477 [INFO]   Domain: secutec.com
2026-04-28 10:45:27,482 [INFO]   Employees for 'Secutec'…
2026-04-28 10:45:45,202 [INFO]   9 employees via DOM.
2026-04-28 10:45:45,209 [INFO]   ✓ Secutec                                       | country: Austria         | domain: secutec.com
2026-04-28 10:45:45,220 [INFO]   ✓ 9 employees saved.
2026-04-28 10:45:56,106 [INFO] ─── 26 / 50 ───
2026-04-28 10:45:56,107 [INFO] Scraping: https://www.linkedin.com/company/cyandigitalsecurity
2026-04-28 10:46:31,931 [INFO]   Domain: cyansecurity.com
2026-04-28 10:46:31,935 [INFO]   Employees for 'cyan Digital Security'…
2026-04-28 10:46:47,303 [INFO]   8 employees via DOM.
2026-04-28 10:46:47,310 [INFO]   ✓ cyan Digital Security                         | country: Austria         | domain: cyansecurity.com
2026-04-28 10:46:47,318 [INFO]   ✓ 8 employees saved.
2026-04-28 10:47:02,044 [INFO] ─── 27 / 50 ───
2026-04-28 10:47:02,044 [INFO] Scraping: https://www.linkedin.com/company/acronet-handelsgmbh
2026-04-28 10:47:35,651 [INFO]   Domain: cubro.com
2026-04-28 10:47:35,655 [INFO]   Employees for 'Cubro Network Visibility'…
2026-04-28 10:47:53,230 [INFO]   10 employees via DOM.
2026-04-28 10:47:53,238 [INFO]   ✓ Cubro Network Visibility                      | country: Austria         | domain: cubro.com
2026-04-28 10:47:53,250 [INFO]   ✓ 10 employees saved.
2026-04-28 10:48:05,142 [INFO] ─── 28 / 50 ───
2026-04-28 10:48:05,143 [INFO] Scraping: https://www.linkedin.com/company/softpromeurope
2026-04-28 10:48:38,935 [INFO]   Domain: softprom.com
2026-04-28 10:48:38,940 [INFO]   Employees for 'Softprom Europe'…
2026-04-28 10:49:01,474 [INFO]   10 employees via DOM.
2026-04-28 10:49:01,482 [INFO]   ✓ Softprom Europe                               | country: Austria         | domain: softprom.com
2026-04-28 10:49:01,496 [INFO]   ✓ 10 employees saved.
2026-04-28 10:49:13,911 [INFO] ─── 29 / 50 ───
2026-04-28 10:49:13,911 [INFO] Scraping: https://www.linkedin.com/company/advenica
2026-04-28 10:49:48,914 [INFO]   Domain: advenica.com
2026-04-28 10:49:48,920 [INFO]   Employees for 'Advenica'…
2026-04-28 10:50:05,052 [INFO]   10 employees via DOM.
2026-04-28 10:50:05,062 [INFO]   ✓ Advenica                                      | country: Austria         | domain: advenica.com
2026-04-28 10:50:05,073 [INFO]   ✓ 10 employees saved.
2026-04-28 10:50:13,633 [INFO] ─── 30 / 50 ───
2026-04-28 10:50:13,633 [INFO] Scraping: https://www.linkedin.com/company/haus-der-schl%C3%B6sser
2026-04-28 10:50:46,529 [INFO]   Domain: schluessel.at
2026-04-28 10:50:46,534 [INFO]   Employees for 'Haus der Schlösser'…
2026-04-28 10:51:01,974 [INFO]   2 employees via DOM.
2026-04-28 10:51:01,982 [INFO]   ✓ Haus der Schlösser                            | country: Austria         | domain: schluessel.at
2026-04-28 10:51:01,988 [INFO]   ✓ 2 employees saved.
2026-04-28 10:51:15,699 [INFO] ─── 31 / 50 ───
2026-04-28 10:51:15,699 [INFO] Scraping: https://www.linkedin.com/company/kooi-mobile-videoueberwachung
2026-04-28 10:51:51,946 [INFO]   Domain: 247kooi.com
2026-04-28 10:51:51,950 [INFO]   Employees for 'Kooi Mobile Videoüberwachung'…
2026-04-28 10:52:02,691 [ERROR] Future exception was never retrieved
future: <Future finished exception=TargetClosedError('Target page, context or browser has been closed\nBrowser logs:\n\n[pid=49236][err] 73265/bc/<@https://static.licdn.com/aero-v1/sc/h/18jojqmltgzmqumon771ha07q:12475:45\n[pid=49236][err] bc@https://static.licdn.com/aero-v1/sc/h/18jojqmltgzmqumon771ha07q:12475:17\n[pid=49236][err] value@https://static.licdn.com/aero-v1/sc/h/18jojqmltgzmqumon771ha07q:12481:1\n[pid=49236][err] value@https://static.licdn.com/aero-v1/sc/h/18jojqmltgzmqumon771ha07q:12546:825\n[pid=49236][err] e@https://static.licdn.com/aero-v1/sc/h/b7sc5qbzqdyl67s3ui6xtwmq1:22325:35\n[pid=49236][err] transitionEnd/this.rAFIds.outer<@https://static.licdn.com/aero-v1/sc/h/b7sc5qbzqdyl67s3ui6xtwmq1:22335:1\n[pid=49236][err] FrameRequestCallback*transitionEnd@https://static.licdn.com/aero-v1/sc/h/b7sc5qbzqdyl67s3ui6xtwmq1:22331:66\n[pid=49236][err] onAfterRender@https://static.licdn.com/aero-v1/sc/h/b7sc5qbzqdyl67s3ui6xtwmq1:22321:87\n[pid=49236][err] invokeWithOnError@https://static.licdn.com/aero-v1/sc/h/6xit43scc04ns3vx47p7zv81u:6105:189\n[pid=49236][err] flush@https://static.licdn.com/aero-v1/sc/h/6xit43scc04ns3vx47p7zv81u:6089:20\n[pid=49236][err] flush@https://static.licdn.com/aero-v1/sc/h/6xit43scc04ns3vx47p7zv81u:6117:52\n[pid=49236][err] _end@https://static.licdn.com/aero-v1/sc/h/6xit43scc04ns3vx47p7zv81u:6219:9\n[pid=49236][err] B/this._boundAutorunEnd@https://static.licdn.com/aero-v1/sc/h/6xit43scc04ns3vx47p7zv81u:6155:6\n[pid=49236][err] promise callback*n/<@https://static.licdn.com/aero-v1/sc/h/6xit43scc04ns3vx47p7zv81u:6060:13\n[pid=49236][err] flush@https://static.licdn.com/aero-v1/sc/h/6xit43scc04ns3vx47p7zv81u:3447:1\n[pid=49236][err] _scheduleAutorun@https://static.licdn.com/aero-v1/sc/h/6xit43scc04ns3vx47p7zv81u:6250:3\n[pid=49236][err] _end@https://static.licdn.com/aero-v1/sc/h/6xit43scc04ns3vx47p7zv81u:6221:6\n[pid=49236][err] B/this._boundAutorunEnd@https://static.licdn.com/aero-v1/sc/h/6xit43scc04ns3vx47p7zv81u:6155:6\n[pid=49236][err] promise callback*n/<@https://static.licdn.com/aero-v1/sc/h/6xit43scc04ns3vx47p7zv81u:6060:13\n[pid=49236][err] flush@https://static.licdn.com/aero-v1/sc/h/6xit43scc04ns3vx47p7zv81u:3447:1\n[pid=49236][err] _scheduleAutorun@https://static.licdn.com/aero-v1/sc/h/6xit43scc04ns3vx47p7zv81u:6250:3\n[pid=49236][err] _end@https://static.licdn.com/aero-v1/sc/h/6xit43scc04ns3vx47p7zv81u:6221:6\n[pid=49236][err] B/this._boundAutorunEnd@https://static.licdn.com/aero-v1/sc/h/6xit43scc04ns3vx47p7zv81u:6155:6\n[pid=49236][err] promise callback*n/<@https://static.licdn.com/aero-v1/sc/h/6xit43scc04ns3vx47p7zv81u:6060:13\n[pid=49236][err] flush@https://static.licdn.com/aero-v1/sc/h/6xit43scc04ns3vx47p7zv81u:3447:1\n[pid=49236][err] _scheduleAutorun@https://static.licdn.com/aero-v1/sc/h/6xit43scc04ns3vx47p7zv81u:6250:3\n[pid=49236][err] _end@https://static.licdn.com/aero-v1/sc/h/6xit43scc04ns3vx47p7zv81u:6221:6\n[pid=49236][err] B/this._boundAutorunEnd@https://static.licdn.com/aero-v1/sc/h/6xit43scc04ns3vx47p7zv81u:6155:6\n[pid=49236][err] promise callback*n/<@https://static.licdn.com/aero-v1/sc/h/6xit43scc04ns3vx47p7zv81u:6060:13\n[pid=49236][err] flush@https://static.licdn.com/aero-v1/sc/h/6xit43scc04ns3vx47p7zv81u:3447:1\n[pid=49236][err] _scheduleAutorun@https://static.licdn.com/aero-v1/sc/h/6xit43scc04ns3vx47p7zv81u:6250:3\n[pid=49236][err] _end@https://static.licdn.com/aero-v1/sc/h/6xit43scc04ns3vx47p7zv81u:6221:6\n[pid=49236][err] B/this._boundAutorunEnd@https://static.licdn.com/aero-v1/sc/h/6xit43scc04ns3vx47p7zv81u:6155:6\n[pid=49236][err] promise callback*n/<@https://static.licdn.com/aero-v1/sc/h/6xit43scc04ns3vx47p7zv81u:6060:13\n[pid=49236][err] flush@https://static.licdn.com/aero-v1/sc/h/6xit43scc04ns3vx47p7zv81u:3447:1\n[pid=49236][err] _scheduleAutorun@https://static.licdn.com/aero-v1/sc/h/6xit43scc04ns3vx47p7zv81u:6250:3\n[pid=49236][err] _end@https://static.licdn.com/aero-v1/sc/h/6xit43scc04ns3vx47p7zv81u:6221:6\n[pid=49236][err] B/this._boundAutorunEnd@https://static.licdn.com/aero-v1/sc/h/6xit43scc04ns3vx47p7zv81u:6155:6\n[pid=49236][err] promise callback*n/<@https://static.licdn.com/aero-v1/sc/h/6xit43scc04ns3vx47p7zv81u:6060:13\n[pid=49236][err] flush@https://static.licdn.com/aero-v1/sc/h/6xit43scc04ns3vx47p7zv81u:3447:1\n[pid=49236][err] _scheduleAutorun@https://static.licdn.com/aero-v1/sc/h/6xit43scc04ns3vx47p7zv81u:6250:3\n[pid=49236][err] _ensureInstance@https://static.licdn.com/aero-v1/sc/h/6xit43scc04ns3vx47p7zv81u:6248:6\n[pid=49236][err] schedule@https://static.licdn.com/aero-v1/sc/h/6xit43scc04ns3vx47p7zv81u:6183:13\n[pid=49236][err] @https://static.licdn.com/aero-v1/sc/h/6xit43scc04ns3vx47p7zv81u:1358:44\n[pid=49236][err] v@https://static.licdn.com/aero-v1/sc/h/6xit43scc04ns3vx47p7zv81u:7170:60\n[pid=49236][err] p@https://static.licdn.com/aero-v1/sc/h/6xit43scc04ns3vx47p7zv81u:7163:22\n[pid=49236][err] f@https://static.licdn.com/aero-v1/sc/h/6xit43scc04ns3vx47p7zv81u:7167:9\n[pid=49236][err] A/<@https://static.licdn.com/aero-v1/sc/h/6xit43scc04ns3vx47p7zv81u:7226:2\n[pid=49236][err] E/</l.onload@https://static.licdn.com/aero-v1/sc/h/b7sc5qbzqdyl67s3ui6xtwmq1:1614:2\n[pid=49236][err] v/<@https://static.licdn.com/aero-v1/sc/h/ep7lv466vmkjzvje2yk243it4:40:28\n[pid=49236][err] dispatchEvent/<@https://static.licdn.com/aero-v1/sc/h/ep7lv466vmkjzvje2yk243it4:11:86\n[pid=49236][err] dispatchEvent@https://static.licdn.com/aero-v1/sc/h/ep7lv466vmkjzvje2yk243it4:11:50\n[pid=49236][err] stateChange@https://static.licdn.com/aero-v1/sc/h/ep7lv466vmkjzvje2yk243it4:45:548\n[pid=49236][err] body@https://static.licdn.com/aero-v1/sc/h/ep7lv466vmkjzvje2yk243it4:45:787\n[pid=49236][err] fulfill@https://static.licdn.com/aero-v1/sc/h/ep7lv466vmkjzvje2yk243it4:45:36\n[pid=49236][err] fulfillPendingRequestsFor@https://static.licdn.com/aero-v1/sc/h/ep7lv466vmkjzvje2yk243it4:93:90\n[pid=49236][err] response@https://static.licdn.com/aero-v1/sc/h/ep7lv466vmkjzvje2yk243it4:113:72\n[pid=49236][err] t@https://static.licdn.com/aero-v1/sc/h/ep7lv466vmkjzvje2yk243it4:118:84\n[pid=49236][err] EventListener.handleEvent*attachDataletEventListener@https://static.licdn.com/aero-v1/sc/h/ep7lv466vmkjzvje2yk243it4:119:10\n[pid=49236][err] @https://static.licdn.com/aero-v1/sc/h/ep7lv466vmkjzvje2yk243it4:106:66\n[pid=49236][err] create@https://static.licdn.com/aero-v1/sc/h/ep7lv466vmkjzvje2yk243it4:106:118\n[pid=49236][err] @https://static.licdn.com/aero-v1/sc/h/ep7lv466vmkjzvje2yk243it4:122:169\n[pid=49236][err] @https://static.licdn.com/aero-v1/sc/h/ep7lv466vmkjzvje2yk243it4:125:68\n[pid=49236][err] \n[pid=49236][err] JavaScript error: chrome://juggler/content/Helper.js, line 82: NS_ERROR_FAILURE: Component returned failure code: 0x80004005 (NS_ERROR_FAILURE) [nsIWebProgress.removeProgressListener]\n[pid=49236][err] JavaScript warning: https://static.licdn.com/aero-v1/sc/h/b7sc5qbzqdyl67s3ui6xtwmq1, line 25808: unreachable code after return statement\n[pid=49236][err] JavaScript warning: https://static.licdn.com/aero-v1/sc/h/18jojqmltgzmqumon771ha07q, line 12183: WEBGL_debug_renderer_info is deprecated in Firefox and will be removed. Please use RENDERER.\n[pid=49236][err] JavaScript warning: https://static.licdn.com/aero-v1/sc/h/18jojqmltgzmqumon771ha07q, line 12179: WEBGL_debug_renderer_info is deprecated in Firefox and will be removed. Please use RENDERER.\n[pid=49236][out]       console.warn: WindowsJumpLists: "Failed to fetch favicon for " "https://www.linkedin.com/search/results/companies/?origin=FACETED_SEARCH&companyHqGeo=%5B%22103883259%22%5D&companySize=%5B%22D%22%5D&industryCompanyVertical=%5B%22126%22%5D" [Exception... "Failure"  nsresult: "0x80004005 (NS_ERROR_FAILURE)"  location: "<unknown>"  data: no]\n[pid=49236][out] console.warn: WindowsJumpLists: "Failed to fetch favicon for " "https://www.linkedin.com/search/results/companies/?origin=FACETED_SEARCH&companyHqGeo=%5B%22103883259%22%5D&companySize=%5B%22D%22%5D&industryCompanyVertical=%5B%22121%22%5D" [Exception... "Failure"  nsresult: "0x80004005 (NS_ERROR_FAILURE)"  location: "<unknown>"  data: no]\n[pid=49236][out] console.warn: WindowsJumpLists: "Failed to fetch favicon for " "https://www.linkedin.com/search/results/companies/?origin=FACETED_SEARCH&companyHqGeo=%5B%22103883259%22%5D&companySize=%5B%22D%22%5D&industryCompanyVertical=%5B%22118%22%5D" [Exception... "Failure"  nsresult: "0x80004005 (NS_ERROR_FAILURE)"  location: "<unknown>"  data: no]\n[pid=49236][out] console.warn: WindowsJumpLists: "Failed to fetch favicon for " "https://www.linkedin.com/search/results/companies/?origin=FACETED_SEARCH&companyHqGeo=%5B%22103883259%22%5D&companySize=%5B%22D%22%5D&industryCompanyVertical=%5B%22116%22%5D" [Exception... "Failure"  nsresult: "0x80004005 (NS_ERROR_FAILURE)"  location: "<unknown>"  data: no]\n[pid=49236][out] console.warn: WindowsJumpLists: "Failed to fetch favicon for " "https://www.linkedin.com/search/results/companies/?origin=FACETED_SEARCH&companyHqGeo=%5B%22103883259%22%5D&companySize=%5B%22D%22%5D&industryCompanyVertical=%5B%22115%22%5D" [Exception... "Failure"  nsresult: "0x80004005 (NS_ERROR_FAILURE)"  location: "<unknown>"  data: no]\n[pid=49236][out] console.warn: WindowsJumpLists: "Failed to fetch favicon for " "https://www.linkedin.com/feed/" [Exception... "Failure"  nsresult: "0x80004005 (NS_ERROR_FAILURE)"  location: "<unknown>"  data: no]\n[pid=49236][err] JavaScript warning: https://static.licdn.com/aero-v1/sc/h/18jojqmltgzmqumon771ha07q, line 12457: Script terminated by timeout at:\n[pid=49236][err] 73265/Js/<@https://static.licdn.com/aero-v1/sc/h/18jojqmltgzmqumon771ha07q:12457:5\n[pid=49236][err] n@https://static.licdn.com/aero-v1/sc/h/18jojqmltgzmqumon771ha07q:12454:151\n[pid=49236][err] EventListener.handleEvent*Ws@https://static.licdn.com/aero-v1/sc/h/18jojqmltgzmqumon771ha07q:12455:43\n[pid=49236][err] Js@https://static.licdn.com/aero-v1/sc/h/18jojqmltgzmqumon771ha07q:12456:192\n[pid=49236][err] $s@https://static.licdn.com/aero-v1/sc/h/18jojqmltgzmqumon771ha07q:12457:49\n[pid=49236][err] dc@https://static.licdn.com/aero-v1/sc/h/18jojqmltgzmqumon771ha07q:12465:121\n[pid=49236][err] 73265/bc/<@https://static.licdn.com/aero-v1/sc/h/18jojqmltgzmqumon771ha07q:12475:45\n[pid=49236][err] bc@https://static.licdn.com/aero-v1/sc/h/18jojqmltgzmqumon771ha07q:12475:17\n[pid=49236][err] value@https://static.licdn.com/aero-v1/sc/h/18jojqmltgzmqumon771ha07q:12481:1\n[pid=49236][err] value@https://static.licdn.com/aero-v1/sc/h/18jojqmltgzmqumon771ha07q:12546:825\n[pid=49236][err] e@https://static.licdn.com/aero-v1/sc/h/b7sc5qbzqdyl67s3ui6xtwmq1:22325:35\n[pid=49236][err] transitionEnd/this.rAFIds.outer<@https://static.licdn.com/aero-v1/sc/h/b7sc5qbzqdyl67s3ui6xtwmq1:22335:1\n[pid=49236][err] FrameRequestCallback*transitionEnd@https://static.licdn.com/aero-v1/sc/h/b7sc5qbzqdyl67s3ui6xtwmq1:22331:66\n[pid=49236][err] onAfterRender@https://static.licdn.com/aero-v1/sc/h/b7sc5qbzqdyl67s3ui6xtwmq1:22321:87\n[pid=49236][err] invokeWithOnError@https://static.licdn.com/aero-v1/sc/h/6xit43scc04ns3vx47p7zv81u:6105:189\n[pid=49236][err] flush@https://static.licdn.com/aero-v1/sc/h/6xit43scc04ns3vx47p7zv81u:6089:20\n[pid=49236][err] flush@https://static.licdn.com/aero-v1/sc/h/6xit43scc04ns3vx47p7zv81u:6117:52\n[pid=49236][err] _end@https://static.licdn.com/aero-v1/sc/h/6xit43scc04ns3vx47p7zv81u:6219:9\n[pid=49236][err] B/this._boundAutorunEnd@https://static.licdn.com/aero-v1/sc/h/6xit43scc04ns3vx47p7zv81u:6155:6\n[pid=49236][err] promise callback*n/<@https://static.licdn.com/aero-v1/sc/h/6xit43scc04ns3vx47p7zv81u:6060:13\n[pid=49236][err] flush@https://static.licdn.com/aero-v1/sc/h/6xit43scc04ns3vx47p7zv81u:3447:1\n[pid=49236][err] _scheduleAutorun@https://static.licdn.com/aero-v1/sc/h/6xit43scc04ns3vx47p7zv81u:6250:3\n[pid=49236][err] _end@https://static.licdn.com/aero-v1/sc/h/6xit43scc04ns3vx47p7zv81u:6221:6\n[pid=49236][err] B/this._boundAutorunEnd@https://static.licdn.com/aero-v1/sc/h/6xit43scc04ns3vx47p7zv81u:6155:6\n[pid=49236][err] promise callback*n/<@https://static.licdn.com/aero-v1/sc/h/6xit43scc04ns3vx47p7zv81u:6060:13\n[pid=49236][err] flush@https://static.licdn.com/aero-v1/sc/h/6xit43scc04ns3vx47p7zv81u:3447:1\n[pid=49236][err] _scheduleAutorun@https://static.licdn.com/aero-v1/sc/h/6xit43scc04ns3vx47p7zv81u:6250:3\n[pid=49236][err] _end@https://static.licdn.com/aero-v1/sc/h/6xit43scc04ns3vx47p7zv81u:6221:6\n[pid=49236][err] B/this._boundAutorunEnd@https://static.licdn.com/aero-v1/sc/h/6xit43scc04ns3vx47p7zv81u:6155:6\n[pid=49236][err] promise callback*n/<@https://static.licdn.com/aero-v1/sc/h/6xit43scc04ns3vx47p7zv81u:6060:13\n[pid=49236][err] flush@https://static.licdn.com/aero-v1/sc/h/6xit43scc04ns3vx47p7zv81u:3447:1\n[pid=49236][err] _scheduleAutorun@https://static.licdn.com/aero-v1/sc/h/6xit43scc04ns3vx47p7zv81u:6250:3\n[pid=49236][err] _end@https://static.licdn.com/aero-v1/sc/h/6xit43scc04ns3vx47p7zv81u:6221:6\n[pid=49236][err] B/this._boundAutorunEnd@https://static.licdn.com/aero-v1/sc/h/6xit43scc04ns3vx47p7zv81u:6155:6\n[pid=49236][err] promise callback*n/<@https://static.licdn.com/aero-v1/sc/h/6xit43scc04ns3vx47p7zv81u:6060:13\n[pid=49236][err] flush@https://static.licdn.com/aero-v1/sc/h/6xit43scc04ns3vx47p7zv81u:3447:1\n[pid=49236][err] _scheduleAutorun@https://static.licdn.com/aero-v1/sc/h/6xit43scc04ns3vx47p7zv81u:6250:3\n[pid=49236][err] _end@https://static.licdn.com/aero-v1/sc/h/6xit43scc04ns3vx47p7zv81u:6221:6\n[pid=49236][err] B/this._boundAutorunEnd@https://static.licdn.com/aero-v1/sc/h/6xit43scc04ns3vx47p7zv81u:6155:6\n[pid=49236][err] promise callback*n/<@https://static.licdn.com/aero-v1/sc/h/6xit43scc04ns3vx47p7zv81u:6060:13\n[pid=49236][err] flush@https://static.licdn.com/aero-v1/sc/h/6xit43scc04ns3vx47p7zv81u:3447:1\n[pid=49236][err] _scheduleAutorun@https://static.licdn.com/aero-v1/sc/h/6xit43scc04ns3vx47p7zv81u:6250:3\n[pid=49236][err] _end@https://static.licdn.com/aero-v1/sc/h/6xit43scc04ns3vx47p7zv81u:6221:6\n[pid=49236][err] B/this._boundAutorunEnd@https://static.licdn.com/aero-v1/sc/h/6xit43scc04ns3vx47p7zv81u:6155:6\n[pid=49236][err] promise callback*n/<@https://static.licdn.com/aero-v1/sc/h/6xit43scc04ns3vx47p7zv81u:6060:13\n[pid=49236][err] flush@https://static.licdn.com/aero-v1/sc/h/6xit43scc04ns3vx47p7zv81u:3447:1\n[pid=49236][err] _scheduleAutorun@https://static.licdn.com/aero-v1/sc/h/6xit43scc04ns3vx47p7zv81u:6250:3\n[pid=49236][err] _ensureInstance@https://static.licdn.com/aero-v1/sc/h/6xit43scc04ns3vx47p7zv81u:6248:6\n[pid=49236][err] schedule@https://static.licdn.com/aero-v1/sc/h/6xit43scc04ns3vx47p7zv81u:6183:13\n[pid=49236][err] @https://static.licdn.com/aero-v1/sc/h/6xit43scc04ns3vx47p7zv81u:1358:44\n[pid=49236][err] v@https://static.licdn.com/aero-v1/sc/h/6xit43scc04ns3vx47p7zv81u:7170:60\n[pid=49236][err] p@https://static.licdn.com/aero-v1/sc/h/6xit43scc04ns3vx47p7zv81u:7163:22\n[pid=49236][err] f@https://static.licdn.com/aero-v1/sc/h/6xit43scc04ns3vx47p7zv81u:7167:9\n[pid=49236][err] A/<@https://static.licdn.com/aero-v1/sc/h/6xit43scc04ns3vx47p7zv81u:7226:2\n[pid=49236][err] E/</l.onload@https://static.licdn.com/aero-v1/sc/h/b7sc5qbzqdyl67s3ui6xtwmq1:1614:2\n[pid=49236][err] v/<@https://static.licdn.com/aero-v1/sc/h/ep7lv466vmkjzvje2yk243it4:40:28\n[pid=49236][err] dispatchEvent/<@https://static.licdn.com/aero-v1/sc/h/ep7lv466vmkjzvje2yk243it4:11:86\n[pid=49236][err] dispatchEvent@https://static.licdn.com/aero-v1/sc/h/ep7lv466vmkjzvje2yk243it4:11:50\n[pid=49236][err] stateChange@https://static.licdn.com/aero-v1/sc/h/ep7lv466vmkjzvje2yk243it4:45:548\n[pid=49236][err] body@https://static.licdn.com/aero-v1/sc/h/ep7lv466vmkjzvje2yk243it4:45:787\n[pid=49236][err] fulfill@https://static.licdn.com/aero-v1/sc/h/ep7lv466vmkjzvje2yk243it4:45:36\n[pid=49236][err] fulfillPendingRequestsFor@https://static.licdn.com/aero-v1/sc/h/ep7lv466vmkjzvje2yk243it4:93:90\n[pid=49236][err] response@https://static.licdn.com/aero-v1/sc/h/ep7lv466vmkjzvje2yk243it4:113:72\n[pid=49236][err] t@https://static.licdn.com/aero-v1/sc/h/ep7lv466vmkjzvje2yk243it4:118:84\n[pid=49236][err] EventListener.handleEvent*attachDataletEventListener@https://static.licdn.com/aero-v1/sc/h/ep7lv466vmkjzvje2yk243it4:119:10\n[pid=49236][err] @https://static.licdn.com/aero-v1/sc/h/ep7lv466vmkjzvje2yk243it4:106:66\n[pid=49236][err] create@https://static.licdn.com/aero-v1/sc/h/ep7lv466vmkjzvje2yk243it4:106:118\n[pid=49236][err] @https://static.licdn.com/aero-v1/sc/h/ep7lv466vmkjzvje2yk243it4:122:169\n[pid=49236][err] @https://static.licdn.com/aero-v1/sc/h/ep7lv466vmkjzvje2yk243it4:125:68\n[pid=49236][err] \n[pid=49236][err] JavaScript error: chrome://juggler/content/Helper.js, line 82: NS_ERROR_FAILURE: Component returned failure code: 0x80004005 (NS_ERROR_FAILURE) [nsIWebProgress.removeProgressListener]\n[pid=49236][err] JavaScript warning: https://static.licdn.com/aero-v1/sc/h/b7sc5qbzqdyl67s3ui6xtwmq1, line 25808: unreachable code after return statement\n[pid=49236][err] JavaScript warning: https://static.licdn.com/aero-v1/sc/h/18jojqmltgzmqumon771ha07q, line 12183: WEBGL_debug_renderer_info is deprecated in Firefox and will be removed. Please use RENDERER.\n[pid=49236][err] JavaScript warning: https://static.licdn.com/aero-v1/sc/h/18jojqmltgzmqumon771ha07q, line 12179: WEBGL_debug_renderer_info is deprecated in Firefox and will be removed. Please use RENDERER.\n[pid=49236] <gracefully close start>')>
playwright._impl._errors.TargetClosedError: Target page, context or browser has been closed
Browser logs:

[pid=49236][err] 73265/bc/<@https://static.licdn.com/aero-v1/sc/h/18jojqmltgzmqumon771ha07q:12475:45
[pid=49236][err] bc@https://static.licdn.com/aero-v1/sc/h/18jojqmltgzmqumon771ha07q:12475:17
[pid=49236][err] value@https://static.licdn.com/aero-v1/sc/h/18jojqmltgzmqumon771ha07q:12481:1
[pid=49236][err] value@https://static.licdn.com/aero-v1/sc/h/18jojqmltgzmqumon771ha07q:12546:825
[pid=49236][err] e@https://static.licdn.com/aero-v1/sc/h/b7sc5qbzqdyl67s3ui6xtwmq1:22325:35
[pid=49236][err] transitionEnd/this.rAFIds.outer<@https://static.licdn.com/aero-v1/sc/h/b7sc5qbzqdyl67s3ui6xtwmq1:22335:1
[pid=49236][err] FrameRequestCallback*transitionEnd@https://static.licdn.com/aero-v1/sc/h/b7sc5qbzqdyl67s3ui6xtwmq1:22331:66
[pid=49236][err] onAfterRender@https://static.licdn.com/aero-v1/sc/h/b7sc5qbzqdyl67s3ui6xtwmq1:22321:87
[pid=49236][err] invokeWithOnError@https://static.licdn.com/aero-v1/sc/h/6xit43scc04ns3vx47p7zv81u:6105:189
[pid=49236][err] flush@https://static.licdn.com/aero-v1/sc/h/6xit43scc04ns3vx47p7zv81u:6089:20
[pid=49236][err] flush@https://static.licdn.com/aero-v1/sc/h/6xit43scc04ns3vx47p7zv81u:6117:52
[pid=49236][err] _end@https://static.licdn.com/aero-v1/sc/h/6xit43scc04ns3vx47p7zv81u:6219:9
[pid=49236][err] B/this._boundAutorunEnd@https://static.licdn.com/aero-v1/sc/h/6xit43scc04ns3vx47p7zv81u:6155:6
[pid=49236][err] promise callback*n/<@https://static.licdn.com/aero-v1/sc/h/6xit43scc04ns3vx47p7zv81u:6060:13
[pid=49236][err] flush@https://static.licdn.com/aero-v1/sc/h/6xit43scc04ns3vx47p7zv81u:3447:1
[pid=49236][err] _scheduleAutorun@https://static.licdn.com/aero-v1/sc/h/6xit43scc04ns3vx47p7zv81u:6250:3
[pid=49236][err] _end@https://static.licdn.com/aero-v1/sc/h/6xit43scc04ns3vx47p7zv81u:6221:6
[pid=49236][err] B/this._boundAutorunEnd@https://static.licdn.com/aero-v1/sc/h/6xit43scc04ns3vx47p7zv81u:6155:6
[pid=49236][err] promise callback*n/<@https://static.licdn.com/aero-v1/sc/h/6xit43scc04ns3vx47p7zv81u:6060:13
[pid=49236][err] flush@https://static.licdn.com/aero-v1/sc/h/6xit43scc04ns3vx47p7zv81u:3447:1
[pid=49236][err] _scheduleAutorun@https://static.licdn.com/aero-v1/sc/h/6xit43scc04ns3vx47p7zv81u:6250:3
[pid=49236][err] _end@https://static.licdn.com/aero-v1/sc/h/6xit43scc04ns3vx47p7zv81u:6221:6
[pid=49236][err] B/this._boundAutorunEnd@https://static.licdn.com/aero-v1/sc/h/6xit43scc04ns3vx47p7zv81u:6155:6
[pid=49236][err] promise callback*n/<@https://static.licdn.com/aero-v1/sc/h/6xit43scc04ns3vx47p7zv81u:6060:13
[pid=49236][err] flush@https://static.licdn.com/aero-v1/sc/h/6xit43scc04ns3vx47p7zv81u:3447:1
[pid=49236][err] _scheduleAutorun@https://static.licdn.com/aero-v1/sc/h/6xit43scc04ns3vx47p7zv81u:6250:3
[pid=49236][err] _end@https://static.licdn.com/aero-v1/sc/h/6xit43scc04ns3vx47p7zv81u:6221:6
[pid=49236][err] B/this._boundAutorunEnd@https://static.licdn.com/aero-v1/sc/h/6xit43scc04ns3vx47p7zv81u:6155:6
[pid=49236][err] promise callback*n/<@https://static.licdn.com/aero-v1/sc/h/6xit43scc04ns3vx47p7zv81u:6060:13
[pid=49236][err] flush@https://static.licdn.com/aero-v1/sc/h/6xit43scc04ns3vx47p7zv81u:3447:1
[pid=49236][err] _scheduleAutorun@https://static.licdn.com/aero-v1/sc/h/6xit43scc04ns3vx47p7zv81u:6250:3
[pid=49236][err] _end@https://static.licdn.com/aero-v1/sc/h/6xit43scc04ns3vx47p7zv81u:6221:6
[pid=49236][err] B/this._boundAutorunEnd@https://static.licdn.com/aero-v1/sc/h/6xit43scc04ns3vx47p7zv81u:6155:6
[pid=49236][err] promise callback*n/<@https://static.licdn.com/aero-v1/sc/h/6xit43scc04ns3vx47p7zv81u:6060:13
[pid=49236][err] flush@https://static.licdn.com/aero-v1/sc/h/6xit43scc04ns3vx47p7zv81u:3447:1
[pid=49236][err] _scheduleAutorun@https://static.licdn.com/aero-v1/sc/h/6xit43scc04ns3vx47p7zv81u:6250:3
[pid=49236][err] _end@https://static.licdn.com/aero-v1/sc/h/6xit43scc04ns3vx47p7zv81u:6221:6
[pid=49236][err] B/this._boundAutorunEnd@https://static.licdn.com/aero-v1/sc/h/6xit43scc04ns3vx47p7zv81u:6155:6
[pid=49236][err] promise callback*n/<@https://static.licdn.com/aero-v1/sc/h/6xit43scc04ns3vx47p7zv81u:6060:13
[pid=49236][err] flush@https://static.licdn.com/aero-v1/sc/h/6xit43scc04ns3vx47p7zv81u:3447:1
[pid=49236][err] _scheduleAutorun@https://static.licdn.com/aero-v1/sc/h/6xit43scc04ns3vx47p7zv81u:6250:3
[pid=49236][err] _ensureInstance@https://static.licdn.com/aero-v1/sc/h/6xit43scc04ns3vx47p7zv81u:6248:6
[pid=49236][err] schedule@https://static.licdn.com/aero-v1/sc/h/6xit43scc04ns3vx47p7zv81u:6183:13
[pid=49236][err] @https://static.licdn.com/aero-v1/sc/h/6xit43scc04ns3vx47p7zv81u:1358:44
[pid=49236][err] v@https://static.licdn.com/aero-v1/sc/h/6xit43scc04ns3vx47p7zv81u:7170:60
[pid=49236][err] p@https://static.licdn.com/aero-v1/sc/h/6xit43scc04ns3vx47p7zv81u:7163:22
[pid=49236][err] f@https://static.licdn.com/aero-v1/sc/h/6xit43scc04ns3vx47p7zv81u:7167:9
[pid=49236][err] A/<@https://static.licdn.com/aero-v1/sc/h/6xit43scc04ns3vx47p7zv81u:7226:2
[pid=49236][err] E/</l.onload@https://static.licdn.com/aero-v1/sc/h/b7sc5qbzqdyl67s3ui6xtwmq1:1614:2
[pid=49236][err] v/<@https://static.licdn.com/aero-v1/sc/h/ep7lv466vmkjzvje2yk243it4:40:28
[pid=49236][err] dispatchEvent/<@https://static.licdn.com/aero-v1/sc/h/ep7lv466vmkjzvje2yk243it4:11:86
[pid=49236][err] dispatchEvent@https://static.licdn.com/aero-v1/sc/h/ep7lv466vmkjzvje2yk243it4:11:50
[pid=49236][err] stateChange@https://static.licdn.com/aero-v1/sc/h/ep7lv466vmkjzvje2yk243it4:45:548
[pid=49236][err] body@https://static.licdn.com/aero-v1/sc/h/ep7lv466vmkjzvje2yk243it4:45:787
[pid=49236][err] fulfill@https://static.licdn.com/aero-v1/sc/h/ep7lv466vmkjzvje2yk243it4:45:36
[pid=49236][err] fulfillPendingRequestsFor@https://static.licdn.com/aero-v1/sc/h/ep7lv466vmkjzvje2yk243it4:93:90
[pid=49236][err] response@https://static.licdn.com/aero-v1/sc/h/ep7lv466vmkjzvje2yk243it4:113:72
[pid=49236][err] t@https://static.licdn.com/aero-v1/sc/h/ep7lv466vmkjzvje2yk243it4:118:84
[pid=49236][err] EventListener.handleEvent*attachDataletEventListener@https://static.licdn.com/aero-v1/sc/h/ep7lv466vmkjzvje2yk243it4:119:10
[pid=49236][err] @https://static.licdn.com/aero-v1/sc/h/ep7lv466vmkjzvje2yk243it4:106:66
[pid=49236][err] create@https://static.licdn.com/aero-v1/sc/h/ep7lv466vmkjzvje2yk243it4:106:118
[pid=49236][err] @https://static.licdn.com/aero-v1/sc/h/ep7lv466vmkjzvje2yk243it4:122:169
[pid=49236][err] @https://static.licdn.com/aero-v1/sc/h/ep7lv466vmkjzvje2yk243it4:125:68
[pid=49236][err] 
[pid=49236][err] JavaScript error: chrome://juggler/content/Helper.js, line 82: NS_ERROR_FAILURE: Component returned failure code: 0x80004005 (NS_ERROR_FAILURE) [nsIWebProgress.removeProgressListener]
[pid=49236][err] JavaScript warning: https://static.licdn.com/aero-v1/sc/h/b7sc5qbzqdyl67s3ui6xtwmq1, line 25808: unreachable code after return statement
[pid=49236][err] JavaScript warning: https://static.licdn.com/aero-v1/sc/h/18jojqmltgzmqumon771ha07q, line 12183: WEBGL_debug_renderer_info is deprecated in Firefox and will be removed. Please use RENDERER.
[pid=49236][err] JavaScript warning: https://static.licdn.com/aero-v1/sc/h/18jojqmltgzmqumon771ha07q, line 12179: WEBGL_debug_renderer_info is deprecated in Firefox and will be removed. Please use RENDERER.
[pid=49236][out]       console.warn: WindowsJumpLists: "Failed to fetch favicon for " "https://www.linkedin.com/search/results/companies/?origin=FACETED_SEARCH&companyHqGeo=%5B%22103883259%22%5D&companySize=%5B%22D%22%5D&industryCompanyVertical=%5B%22126%22%5D" [Exception... "Failure"  nsresult: "0x80004005 (NS_ERROR_FAILURE)"  location: "<unknown>"  data: no]
[pid=49236][out] console.warn: WindowsJumpLists: "Failed to fetch favicon for " "https://www.linkedin.com/search/results/companies/?origin=FACETED_SEARCH&companyHqGeo=%5B%22103883259%22%5D&companySize=%5B%22D%22%5D&industryCompanyVertical=%5B%22121%22%5D" [Exception... "Failure"  nsresult: "0x80004005 (NS_ERROR_FAILURE)"  location: "<unknown>"  data: no]
[pid=49236][out] console.warn: WindowsJumpLists: "Failed to fetch favicon for " "https://www.linkedin.com/search/results/companies/?origin=FACETED_SEARCH&companyHqGeo=%5B%22103883259%22%5D&companySize=%5B%22D%22%5D&industryCompanyVertical=%5B%22118%22%5D" [Exception... "Failure"  nsresult: "0x80004005 (NS_ERROR_FAILURE)"  location: "<unknown>"  data: no]
[pid=49236][out] console.warn: WindowsJumpLists: "Failed to fetch favicon for " "https://www.linkedin.com/search/results/companies/?origin=FACETED_SEARCH&companyHqGeo=%5B%22103883259%22%5D&companySize=%5B%22D%22%5D&industryCompanyVertical=%5B%22116%22%5D" [Exception... "Failure"  nsresult: "0x80004005 (NS_ERROR_FAILURE)"  location: "<unknown>"  data: no]
[pid=49236][out] console.warn: WindowsJumpLists: "Failed to fetch favicon for " "https://www.linkedin.com/search/results/companies/?origin=FACETED_SEARCH&companyHqGeo=%5B%22103883259%22%5D&companySize=%5B%22D%22%5D&industryCompanyVertical=%5B%22115%22%5D" [Exception... "Failure"  nsresult: "0x80004005 (NS_ERROR_FAILURE)"  location: "<unknown>"  data: no]
[pid=49236][out] console.warn: WindowsJumpLists: "Failed to fetch favicon for " "https://www.linkedin.com/feed/" [Exception... "Failure"  nsresult: "0x80004005 (NS_ERROR_FAILURE)"  location: "<unknown>"  data: no]
[pid=49236][err] JavaScript warning: https://static.licdn.com/aero-v1/sc/h/18jojqmltgzmqumon771ha07q, line 12457: Script terminated by timeout at:
[pid=49236][err] 73265/Js/<@https://static.licdn.com/aero-v1/sc/h/18jojqmltgzmqumon771ha07q:12457:5
[pid=49236][err] n@https://static.licdn.com/aero-v1/sc/h/18jojqmltgzmqumon771ha07q:12454:151
[pid=49236][err] EventListener.handleEvent*Ws@https://static.licdn.com/aero-v1/sc/h/18jojqmltgzmqumon771ha07q:12455:43
[pid=49236][err] Js@https://static.licdn.com/aero-v1/sc/h/18jojqmltgzmqumon771ha07q:12456:192
[pid=49236][err] $s@https://static.licdn.com/aero-v1/sc/h/18jojqmltgzmqumon771ha07q:12457:49
[pid=49236][err] dc@https://static.licdn.com/aero-v1/sc/h/18jojqmltgzmqumon771ha07q:12465:121
[pid=49236][err] 73265/bc/<@https://static.licdn.com/aero-v1/sc/h/18jojqmltgzmqumon771ha07q:12475:45
[pid=49236][err] bc@https://static.licdn.com/aero-v1/sc/h/18jojqmltgzmqumon771ha07q:12475:17
[pid=49236][err] value@https://static.licdn.com/aero-v1/sc/h/18jojqmltgzmqumon771ha07q:12481:1
[pid=49236][err] value@https://static.licdn.com/aero-v1/sc/h/18jojqmltgzmqumon771ha07q:12546:825
[pid=49236][err] e@https://static.licdn.com/aero-v1/sc/h/b7sc5qbzqdyl67s3ui6xtwmq1:22325:35
[pid=49236][err] transitionEnd/this.rAFIds.outer<@https://static.licdn.com/aero-v1/sc/h/b7sc5qbzqdyl67s3ui6xtwmq1:22335:1
[pid=49236][err] FrameRequestCallback*transitionEnd@https://static.licdn.com/aero-v1/sc/h/b7sc5qbzqdyl67s3ui6xtwmq1:22331:66
[pid=49236][err] onAfterRender@https://static.licdn.com/aero-v1/sc/h/b7sc5qbzqdyl67s3ui6xtwmq1:22321:87
[pid=49236][err] invokeWithOnError@https://static.licdn.com/aero-v1/sc/h/6xit43scc04ns3vx47p7zv81u:6105:189
[pid=49236][err] flush@https://static.licdn.com/aero-v1/sc/h/6xit43scc04ns3vx47p7zv81u:6089:20
[pid=49236][err] flush@https://static.licdn.com/aero-v1/sc/h/6xit43scc04ns3vx47p7zv81u:6117:52
[pid=49236][err] _end@https://static.licdn.com/aero-v1/sc/h/6xit43scc04ns3vx47p7zv81u:6219:9
[pid=49236][err] B/this._boundAutorunEnd@https://static.licdn.com/aero-v1/sc/h/6xit43scc04ns3vx47p7zv81u:6155:6
[pid=49236][err] promise callback*n/<@https://static.licdn.com/aero-v1/sc/h/6xit43scc04ns3vx47p7zv81u:6060:13
[pid=49236][err] flush@https://static.licdn.com/aero-v1/sc/h/6xit43scc04ns3vx47p7zv81u:3447:1
[pid=49236][err] _scheduleAutorun@https://static.licdn.com/aero-v1/sc/h/6xit43scc04ns3vx47p7zv81u:6250:3
[pid=49236][err] _end@https://static.licdn.com/aero-v1/sc/h/6xit43scc04ns3vx47p7zv81u:6221:6
[pid=49236][err] B/this._boundAutorunEnd@https://static.licdn.com/aero-v1/sc/h/6xit43scc04ns3vx47p7zv81u:6155:6
[pid=49236][err] promise callback*n/<@https://static.licdn.com/aero-v1/sc/h/6xit43scc04ns3vx47p7zv81u:6060:13
[pid=49236][err] flush@https://static.licdn.com/aero-v1/sc/h/6xit43scc04ns3vx47p7zv81u:3447:1
[pid=49236][err] _scheduleAutorun@https://static.licdn.com/aero-v1/sc/h/6xit43scc04ns3vx47p7zv81u:6250:3
[pid=49236][err] _end@https://static.licdn.com/aero-v1/sc/h/6xit43scc04ns3vx47p7zv81u:6221:6
[pid=49236][err] B/this._boundAutorunEnd@https://static.licdn.com/aero-v1/sc/h/6xit43scc04ns3vx47p7zv81u:6155:6
[pid=49236][err] promise callback*n/<@https://static.licdn.com/aero-v1/sc/h/6xit43scc04ns3vx47p7zv81u:6060:13
[pid=49236][err] flush@https://static.licdn.com/aero-v1/sc/h/6xit43scc04ns3vx47p7zv81u:3447:1
[pid=49236][err] _scheduleAutorun@https://static.licdn.com/aero-v1/sc/h/6xit43scc04ns3vx47p7zv81u:6250:3
[pid=49236][err] _end@https://static.licdn.com/aero-v1/sc/h/6xit43scc04ns3vx47p7zv81u:6221:6
[pid=49236][err] B/this._boundAutorunEnd@https://static.licdn.com/aero-v1/sc/h/6xit43scc04ns3vx47p7zv81u:6155:6
[pid=49236][err] promise callback*n/<@https://static.licdn.com/aero-v1/sc/h/6xit43scc04ns3vx47p7zv81u:6060:13
[pid=49236][err] flush@https://static.licdn.com/aero-v1/sc/h/6xit43scc04ns3vx47p7zv81u:3447:1
[pid=49236][err] _scheduleAutorun@https://static.licdn.com/aero-v1/sc/h/6xit43scc04ns3vx47p7zv81u:6250:3
[pid=49236][err] _end@https://static.licdn.com/aero-v1/sc/h/6xit43scc04ns3vx47p7zv81u:6221:6
[pid=49236][err] B/this._boundAutorunEnd@https://static.licdn.com/aero-v1/sc/h/6xit43scc04ns3vx47p7zv81u:6155:6
[pid=49236][err] promise callback*n/<@https://static.licdn.com/aero-v1/sc/h/6xit43scc04ns3vx47p7zv81u:6060:13
[pid=49236][err] flush@https://static.licdn.com/aero-v1/sc/h/6xit43scc04ns3vx47p7zv81u:3447:1
[pid=49236][err] _scheduleAutorun@https://static.licdn.com/aero-v1/sc/h/6xit43scc04ns3vx47p7zv81u:6250:3
[pid=49236][err] _end@https://static.licdn.com/aero-v1/sc/h/6xit43scc04ns3vx47p7zv81u:6221:6
[pid=49236][err] B/this._boundAutorunEnd@https://static.licdn.com/aero-v1/sc/h/6xit43scc04ns3vx47p7zv81u:6155:6
[pid=49236][err] promise callback*n/<@https://static.licdn.com/aero-v1/sc/h/6xit43scc04ns3vx47p7zv81u:6060:13
[pid=49236][err] flush@https://static.licdn.com/aero-v1/sc/h/6xit43scc04ns3vx47p7zv81u:3447:1
[pid=49236][err] _scheduleAutorun@https://static.licdn.com/aero-v1/sc/h/6xit43scc04ns3vx47p7zv81u:6250:3
[pid=49236][err] _ensureInstance@https://static.licdn.com/aero-v1/sc/h/6xit43scc04ns3vx47p7zv81u:6248:6
[pid=49236][err] schedule@https://static.licdn.com/aero-v1/sc/h/6xit43scc04ns3vx47p7zv81u:6183:13
[pid=49236][err] @https://static.licdn.com/aero-v1/sc/h/6xit43scc04ns3vx47p7zv81u:1358:44
[pid=49236][err] v@https://static.licdn.com/aero-v1/sc/h/6xit43scc04ns3vx47p7zv81u:7170:60
[pid=49236][err] p@https://static.licdn.com/aero-v1/sc/h/6xit43scc04ns3vx47p7zv81u:7163:22
[pid=49236][err] f@https://static.licdn.com/aero-v1/sc/h/6xit43scc04ns3vx47p7zv81u:7167:9
[pid=49236][err] A/<@https://static.licdn.com/aero-v1/sc/h/6xit43scc04ns3vx47p7zv81u:7226:2
[pid=49236][err] E/</l.onload@https://static.licdn.com/aero-v1/sc/h/b7sc5qbzqdyl67s3ui6xtwmq1:1614:2
[pid=49236][err] v/<@https://static.licdn.com/aero-v1/sc/h/ep7lv466vmkjzvje2yk243it4:40:28
[pid=49236][err] dispatchEvent/<@https://static.licdn.com/aero-v1/sc/h/ep7lv466vmkjzvje2yk243it4:11:86
[pid=49236][err] dispatchEvent@https://static.licdn.com/aero-v1/sc/h/ep7lv466vmkjzvje2yk243it4:11:50
[pid=49236][err] stateChange@https://static.licdn.com/aero-v1/sc/h/ep7lv466vmkjzvje2yk243it4:45:548
[pid=49236][err] body@https://static.licdn.com/aero-v1/sc/h/ep7lv466vmkjzvje2yk243it4:45:787
[pid=49236][err] fulfill@https://static.licdn.com/aero-v1/sc/h/ep7lv466vmkjzvje2yk243it4:45:36
[pid=49236][err] fulfillPendingRequestsFor@https://static.licdn.com/aero-v1/sc/h/ep7lv466vmkjzvje2yk243it4:93:90
[pid=49236][err] response@https://static.licdn.com/aero-v1/sc/h/ep7lv466vmkjzvje2yk243it4:113:72
[pid=49236][err] t@https://static.licdn.com/aero-v1/sc/h/ep7lv466vmkjzvje2yk243it4:118:84
[pid=49236][err] EventListener.handleEvent*attachDataletEventListener@https://static.licdn.com/aero-v1/sc/h/ep7lv466vmkjzvje2yk243it4:119:10
[pid=49236][err] @https://static.licdn.com/aero-v1/sc/h/ep7lv466vmkjzvje2yk243it4:106:66
[pid=49236][err] create@https://static.licdn.com/aero-v1/sc/h/ep7lv466vmkjzvje2yk243it4:106:118
[pid=49236][err] @https://static.licdn.com/aero-v1/sc/h/ep7lv466vmkjzvje2yk243it4:122:169
[pid=49236][err] @https://static.licdn.com/aero-v1/sc/h/ep7lv466vmkjzvje2yk243it4:125:68
[pid=49236][err] 
[pid=49236][err] JavaScript error: chrome://juggler/content/Helper.js, line 82: NS_ERROR_FAILURE: Component returned failure code: 0x80004005 (NS_ERROR_FAILURE) [nsIWebProgress.removeProgressListener]
[pid=49236][err] JavaScript warning: https://static.licdn.com/aero-v1/sc/h/b7sc5qbzqdyl67s3ui6xtwmq1, line 25808: unreachable code after return statement
[pid=49236][err] JavaScript warning: https://static.licdn.com/aero-v1/sc/h/18jojqmltgzmqumon771ha07q, line 12183: WEBGL_debug_renderer_info is deprecated in Firefox and will be removed. Please use RENDERER.
[pid=49236][err] JavaScript warning: https://static.licdn.com/aero-v1/sc/h/18jojqmltgzmqumon771ha07q, line 12179: WEBGL_debug_renderer_info is deprecated in Firefox and will be removed. Please use RENDERER.
[pid=49236] <gracefully close start>
2026-05-02 14:32:29,764 [INFO] === LinkedIn Scraper v4.1 ===
2026-05-02 14:32:29,774 [INFO] Database ready: linkedin_data.db
2026-05-02 14:32:29,778 [INFO] Criteria tables: {'countries': 47, 'industries': 168, 'sizes': 8}
2026-05-02 14:32:30,159 [INFO] Cleared 27233 pending combinations — rebuilding with current sort order.
2026-05-02 14:32:30,422 [INFO] search_combinations: 27233 new rows added | 27412 total in queue
2026-05-02 14:32:30,424 [INFO] Queue: exhausted: 178 | in_progress: 1 | pending: 27233
2026-05-02 14:32:40,959 [INFO] Cookies copied → C:\Users\sandeep\AppData\Local\linkedin_scraper_profile
2026-05-02 14:32:50,210 [WARNING] Cookies expired or Captcha hit — please log in manually. Pausing for 3 minutes...
2026-05-02 14:35:51,208 [INFO] Companies already in DB: 430 (will be skipped)
2026-05-02 14:35:51,848 [INFO] Combination [1416536] (1/20): Austria | Investment Banking | 51-200 employees  (resume page 1)
2026-05-02 14:35:51,851 [INFO]   Navigating to: https://www.linkedin.com/search/results/companies/?origin=FACETED_SEARCH&companySize=["D"]&industryCompanyVertical=["127"]&companyHqGeo=%5B%22103883259%22%5D
2026-05-02 14:35:57,953 [INFO]   ✓ companyHqGeo confirmed in URL.
2026-05-02 14:36:06,662 [INFO]   Page 1: 3 on page | 3 new | 3 queued total
2026-05-02 14:36:22,537 [INFO]   Page 2: 3 on page | 0 new | 3 queued total
2026-05-02 14:36:40,102 [INFO]   Page 3: 3 on page | 0 new | 3 queued total
2026-05-02 14:36:59,257 [INFO]   Page 4: 3 on page | 0 new | 3 queued total
2026-05-02 14:37:13,427 [INFO]   Page 5: 3 on page | 0 new | 3 queued total
2026-05-02 14:37:31,673 [INFO]   Page 6: 3 on page | 0 new | 3 queued total
2026-05-02 14:37:48,100 [INFO]   Page 7: 3 on page | 0 new | 3 queued total
2026-05-02 14:38:01,972 [INFO]   Page 8: 3 on page | 0 new | 3 queued total
2026-05-02 14:38:19,683 [INFO]   Page 9: 3 on page | 0 new | 3 queued total
2026-05-02 14:38:23,871 [INFO]   Combination [1416536] → exhausted
2026-05-02 14:38:23,871 [INFO]   Waiting 102 s before next combination (anti-block)…
2026-05-02 14:40:06,191 [INFO] Combination [1448043] (2/20): Austria | Investment Management | 51-200 employees  (resume page 0)
2026-05-02 14:40:06,204 [INFO]   Navigating to: https://www.linkedin.com/search/results/companies/?origin=FACETED_SEARCH&companySize=["D"]&industryCompanyVertical=["128"]&companyHqGeo=%5B%22103883259%22%5D
2026-05-02 14:40:13,191 [INFO]   ✓ companyHqGeo confirmed in URL.
2026-05-02 14:40:16,551 [INFO]   Page 0: 1 on page | 1 new | 4 queued total
2026-05-02 14:40:31,303 [INFO]   Page 1: 1 on page | 0 new | 4 queued total
2026-05-02 14:40:47,696 [INFO]   Page 2: 1 on page | 0 new | 4 queued total
2026-05-02 14:41:01,943 [INFO]   Page 3: 1 on page | 0 new | 4 queued total
2026-05-02 14:41:19,588 [INFO]   Page 4: 1 on page | 0 new | 4 queued total
2026-05-02 14:41:37,948 [INFO]   Page 5: 1 on page | 0 new | 4 queued total
2026-05-02 14:41:55,289 [INFO]   Page 6: 1 on page | 0 new | 4 queued total
2026-05-02 14:42:13,002 [INFO]   Page 7: 1 on page | 0 new | 4 queued total
2026-05-02 14:42:28,337 [INFO]   Page 8: 1 on page | 0 new | 4 queued total
2026-05-02 14:42:46,834 [INFO]   Page 9: 1 on page | 0 new | 4 queued total
2026-05-02 14:42:53,998 [INFO]   Combination [1448043] → exhausted
2026-05-02 14:42:53,998 [INFO]   Waiting 75 s before next combination (anti-block)…
2026-05-02 14:44:08,563 [INFO] Combination [1447952] (3/20): Austria | Government Relations Services | 51-200 employees  (resume page 0)
2026-05-02 14:44:08,566 [INFO]   Navigating to: https://www.linkedin.com/search/results/companies/?origin=FACETED_SEARCH&companySize=["D"]&industryCompanyVertical=["130"]&companyHqGeo=%5B%22103883259%22%5D
2026-05-02 14:44:16,039 [INFO]   ✓ companyHqGeo confirmed in URL.
2026-05-02 14:44:18,656 [INFO]   Page 0: 9 on page | 9 new | 13 queued total
2026-05-02 14:44:37,501 [INFO]   Page 1: 9 on page | 0 new | 13 queued total
2026-05-02 14:44:50,356 [INFO]   Page 2: 9 on page | 0 new | 13 queued total
2026-05-02 14:45:08,932 [INFO]   Page 3: 9 on page | 0 new | 13 queued total
2026-05-02 14:45:26,953 [INFO]   Page 4: 9 on page | 0 new | 13 queued total
2026-05-02 14:45:42,575 [INFO]   Page 5: 9 on page | 0 new | 13 queued total
2026-05-02 14:45:59,000 [INFO]   Page 6: 9 on page | 0 new | 13 queued total
2026-05-02 14:46:13,101 [INFO]   Page 7: 9 on page | 0 new | 13 queued total
2026-05-02 14:46:30,209 [INFO]   Page 8: 9 on page | 0 new | 13 queued total
2026-05-02 14:46:45,524 [INFO]   Page 9: 9 on page | 0 new | 13 queued total
2026-05-02 14:46:51,891 [INFO]   Combination [1447952] → exhausted
2026-05-02 14:46:51,892 [INFO]   Waiting 117 s before next combination (anti-block)…
2026-05-02 14:48:48,528 [INFO] Combination [1447721] (4/20): Austria | Capital Markets | 51-200 employees  (resume page 0)
2026-05-02 14:48:48,530 [INFO]   Navigating to: https://www.linkedin.com/search/results/companies/?origin=FACETED_SEARCH&companySize=["D"]&industryCompanyVertical=["131"]&companyHqGeo=%5B%22103883259%22%5D
2026-05-02 14:48:57,547 [INFO]   ✓ companyHqGeo confirmed in URL.
2026-05-02 14:49:00,039 [INFO]   Page 0: 2 on page | 2 new | 15 queued total
2026-05-02 14:49:16,406 [INFO]   Page 1: 2 on page | 0 new | 15 queued total
2026-05-02 14:49:33,132 [INFO]   Page 2: 2 on page | 0 new | 15 queued total
2026-05-02 14:49:48,791 [INFO]   Page 3: 2 on page | 0 new | 15 queued total
2026-05-02 14:50:04,641 [INFO]   Page 4: 2 on page | 0 new | 15 queued total
2026-05-02 14:50:17,422 [INFO]   Page 5: 2 on page | 0 new | 15 queued total
2026-05-02 14:50:35,260 [INFO]   Page 6: 2 on page | 0 new | 15 queued total
2026-05-02 14:50:51,322 [INFO]   Page 7: 2 on page | 0 new | 15 queued total
2026-05-02 14:51:08,046 [INFO]   Page 8: 2 on page | 0 new | 15 queued total
2026-05-02 14:51:21,713 [INFO]   Page 9: 2 on page | 0 new | 15 queued total
2026-05-02 14:51:27,840 [INFO]   Combination [1447721] → exhausted
2026-05-02 14:51:27,840 [INFO]   Waiting 81 s before next combination (anti-block)…
2026-05-02 14:52:48,607 [INFO] Combination [1447868] (5/20): Austria | Entertainment Providers | 51-200 employees  (resume page 0)
2026-05-02 14:52:48,609 [INFO]   Navigating to: https://www.linkedin.com/search/results/companies/?origin=FACETED_SEARCH&companySize=["D"]&industryCompanyVertical=["136"]&companyHqGeo=%5B%22103883259%22%5D
2026-05-02 14:52:56,774 [INFO]   ✓ companyHqGeo confirmed in URL.
2026-05-02 14:52:59,110 [INFO]   Page 0: 6 on page | 6 new | 21 queued total
2026-05-02 14:53:13,129 [INFO]   Page 1: 6 on page | 0 new | 21 queued total
2026-05-02 14:53:29,980 [INFO]   Page 2: 6 on page | 0 new | 21 queued total
2026-05-02 14:53:44,151 [INFO]   Page 3: 6 on page | 0 new | 21 queued total
2026-05-02 14:54:02,838 [INFO]   Page 4: 6 on page | 0 new | 21 queued total
2026-05-02 14:54:16,650 [INFO]   Page 5: 6 on page | 0 new | 21 queued total
2026-05-02 14:54:33,876 [INFO]   Page 6: 6 on page | 0 new | 21 queued total
2026-05-02 14:54:51,545 [INFO]   Page 7: 6 on page | 0 new | 21 queued total
2026-05-02 14:55:09,656 [INFO]   Page 8: 6 on page | 0 new | 21 queued total
2026-05-02 14:55:23,852 [INFO]   Page 9: 6 on page | 0 new | 21 queued total
2026-05-02 14:55:31,558 [INFO]   Combination [1447868] → exhausted
2026-05-02 14:55:31,559 [INFO]   Extended rest 263 s after 5 combinations…
2026-05-02 14:59:54,838 [INFO] Combination [1447987] (6/20): Austria | Human Resources Services | 51-200 employees  (resume page 0)
2026-05-02 14:59:54,852 [INFO]   Navigating to: https://www.linkedin.com/search/results/companies/?origin=FACETED_SEARCH&companySize=["D"]&industryCompanyVertical=["137"]&companyHqGeo=%5B%22103883259%22%5D
2026-05-02 15:00:03,355 [INFO]   ✓ companyHqGeo confirmed in URL.
2026-05-02 15:00:05,457 [INFO]   Page 0: 10 on page | 9 new | 30 queued total
2026-05-02 15:00:22,238 [INFO]   Page 1: 10 on page | 0 new | 30 queued total
2026-05-02 15:00:38,890 [INFO]   Page 2: 10 on page | 0 new | 30 queued total
2026-05-02 15:00:56,169 [INFO]   Page 3: 10 on page | 0 new | 30 queued total
2026-05-02 15:01:12,946 [INFO]   Page 4: 10 on page | 0 new | 30 queued total
2026-05-02 15:01:31,177 [INFO]   Page 5: 10 on page | 0 new | 30 queued total
2026-05-02 15:01:49,943 [INFO]   Page 6: 10 on page | 0 new | 30 queued total
2026-05-02 15:02:05,234 [INFO]   Page 7: 10 on page | 0 new | 30 queued total
2026-05-02 15:02:22,418 [INFO]   Page 8: 10 on page | 0 new | 30 queued total
2026-05-02 15:02:40,133 [INFO]   Page 9: 10 on page | 0 new | 30 queued total
2026-05-02 15:02:45,915 [INFO]   Combination [1447987] → exhausted
2026-05-02 15:02:45,916 [INFO]   Waiting 63 s before next combination (anti-block)…
2026-05-02 15:03:48,761 [INFO] Combination [1447777] (7/20): Austria | Computer Networking Products | 51-200 employees  (resume page 0)
2026-05-02 15:03:48,775 [INFO]   Navigating to: https://www.linkedin.com/search/results/companies/?origin=FACETED_SEARCH&companySize=["D"]&industryCompanyVertical=["139"]&companyHqGeo=%5B%22103883259%22%5D
2026-05-02 15:03:57,707 [INFO]   ✓ companyHqGeo confirmed in URL.
2026-05-02 15:04:01,313 [INFO]   Page 0: 5 on page | 5 new | 35 queued total
2026-05-02 15:04:17,318 [INFO]   Page 1: 5 on page | 0 new | 35 queued total
2026-05-02 15:04:33,102 [INFO]   Page 2: 5 on page | 0 new | 35 queued total
2026-05-02 15:04:50,375 [INFO]   Page 3: 5 on page | 0 new | 35 queued total
2026-05-02 15:05:04,237 [INFO]   Page 4: 5 on page | 0 new | 35 queued total
2026-05-02 15:05:18,288 [INFO]   Page 5: 5 on page | 0 new | 35 queued total
2026-05-02 15:05:34,557 [INFO]   Page 6: 5 on page | 0 new | 35 queued total
2026-05-02 15:05:51,420 [INFO]   Page 7: 5 on page | 0 new | 35 queued total
2026-05-02 15:06:06,247 [INFO]   Page 8: 5 on page | 0 new | 35 queued total
2026-05-02 15:06:21,405 [INFO]   Page 9: 5 on page | 0 new | 35 queued total
2026-05-02 15:06:25,926 [INFO]   Combination [1447777] → exhausted
2026-05-02 15:06:25,927 [INFO]   Waiting 114 s before next combination (anti-block)…
2026-05-02 15:08:19,625 [INFO] Combination [1447770] (8/20): Austria | Computer Hardware Manufacturing | 51-200 employees  (resume page 0)
2026-05-02 15:08:19,628 [INFO]   Navigating to: https://www.linkedin.com/search/results/companies/?origin=FACETED_SEARCH&companySize=["D"]&industryCompanyVertical=["14"]&companyHqGeo=%5B%22103883259%22%5D
2026-05-02 15:08:25,940 [INFO]   ✓ companyHqGeo confirmed in URL.
2026-05-02 15:08:28,461 [INFO]   Page 0: 10 on page | 9 new | 44 queued total
2026-05-02 15:08:44,752 [INFO]   Page 1: 10 on page | 0 new | 44 queued total
2026-05-02 15:08:58,704 [INFO]   Page 2: 10 on page | 0 new | 44 queued total
2026-05-02 15:09:13,318 [INFO]   Page 3: 10 on page | 0 new | 44 queued total
2026-05-02 15:09:28,604 [INFO]   Page 4: 10 on page | 0 new | 44 queued total
2026-05-02 15:09:46,358 [INFO]   Page 5: 10 on page | 0 new | 44 queued total
2026-05-02 15:10:03,956 [INFO]   Page 6: 10 on page | 0 new | 44 queued total
2026-05-02 15:10:21,765 [INFO]   Page 7: 10 on page | 0 new | 44 queued total
2026-05-02 15:10:39,129 [INFO]   Page 8: 10 on page | 0 new | 44 queued total
2026-05-02 15:10:56,032 [INFO]   Page 9: 10 on page | 0 new | 44 queued total
2026-05-02 15:11:01,556 [INFO]   Combination [1447770] → exhausted
2026-05-02 15:11:01,556 [INFO]   Waiting 118 s before next combination (anti-block)…
2026-05-02 15:12:59,917 [INFO] Combination [1447882] (9/20): Austria | Events Services | 51-200 employees  (resume page 0)
2026-05-02 15:12:59,920 [INFO]   Navigating to: https://www.linkedin.com/search/results/companies/?origin=FACETED_SEARCH&companySize=["D"]&industryCompanyVertical=["143"]&companyHqGeo=%5B%22103883259%22%5D
2026-05-02 15:13:07,497 [INFO]   ✓ companyHqGeo confirmed in URL.
2026-05-02 15:13:10,173 [INFO]   Page 0: 10 on page | 6 new | 50 queued total
2026-05-02 15:13:18,129 [INFO]   Combination [1447882] → in_progress
2026-05-02 15:13:18,218 [INFO] Discovery done: 50 new companies queued.
2026-05-02 15:13:18,218 [INFO] ─── 1 / 50 ───
2026-05-02 15:13:18,218 [INFO] Scraping: https://www.linkedin.com/company/mavritpictures
2026-05-02 15:13:54,503 [WARNING]   ⚠ No website found.
2026-05-02 15:13:54,508 [INFO]   Employees for 'Mavrit Pictures'…
2026-05-02 15:14:10,169 [INFO]   5 employees via DOM.
2026-05-02 15:14:10,176 [INFO]   ✓ Mavrit Pictures                               | country: Austria         | domain: — not found —
2026-05-02 15:14:10,182 [INFO]   ✓ 5 employees saved.
2026-05-02 15:14:21,648 [INFO] ─── 2 / 50 ───
2026-05-02 15:14:21,648 [INFO] Scraping: https://www.linkedin.com/company/big-bad-boo-studios
2026-05-02 15:14:58,293 [INFO]   Domain: bigbadboo.com
2026-05-02 15:14:58,298 [INFO]   Employees for 'Big Bad Boo Studios'…
2026-05-02 15:15:14,595 [INFO]   6 employees via DOM.
2026-05-02 15:15:14,603 [INFO]   ✓ Big Bad Boo Studios                           | country: Austria         | domain: bigbadboo.com
2026-05-02 15:15:14,615 [INFO]   ✓ 6 employees saved.
2026-05-02 15:15:25,680 [INFO] ─── 3 / 50 ───
2026-05-02 15:15:25,680 [INFO] Scraping: https://www.linkedin.com/company/arxanima
2026-05-02 15:15:59,072 [INFO]   Domain: arxanima.com
2026-05-02 15:15:59,076 [INFO]   Employees for 'arx anima'…
2026-05-02 15:16:16,696 [INFO]   9 employees via DOM.
2026-05-02 15:16:16,704 [INFO]   ✓ arx anima                                     | country: Austria         | domain: arxanima.com
2026-05-02 15:16:16,718 [INFO]   ✓ 9 employees saved.
2026-05-02 15:16:31,346 [INFO] ─── 4 / 50 ───
2026-05-02 15:16:31,346 [INFO] Scraping: https://www.linkedin.com/company/citymark-%C3%B6sterreich
2026-05-02 15:17:06,431 [INFO]   Domain: citymark.at
2026-05-02 15:17:06,435 [INFO]   Employees for 'CityMark Österreich'…
2026-05-02 15:17:20,658 [INFO]   0 employees via DOM.
2026-05-02 15:17:20,666 [INFO]   ✓ CityMark Österreich                           | country: Austria         | domain: citymark.at
2026-05-02 15:17:35,612 [INFO] ─── 5 / 50 ───
2026-05-02 15:17:35,613 [INFO] Scraping: https://www.linkedin.com/company/talente-%C3%B6sterreich
2026-05-02 15:18:10,529 [INFO]   Domain: talenteoesterreich.at
2026-05-02 15:18:10,534 [INFO]   Employees for 'Talente Österreich'…
2026-05-02 15:18:27,111 [INFO]   0 employees via DOM.
2026-05-02 15:18:27,121 [INFO]   ✓ Talente Österreich                            | country: Austria         | domain: talenteoesterreich.at
2026-05-02 15:18:41,899 [INFO] ─── 6 / 50 ───
2026-05-02 15:18:41,899 [INFO] Scraping: https://www.linkedin.com/company/nims---network-of-innovation-management-and-strategy
2026-05-02 15:19:14,601 [INFO]   Domain: nims-global.com
2026-05-02 15:19:14,605 [INFO]   Employees for 'NIMS - Network of Innovation Management and Strategy'…
2026-05-02 15:19:30,635 [INFO]   4 employees via DOM.
2026-05-02 15:19:30,641 [INFO]   ✓ NIMS - Network of Innovation Management and Strategy | country: Austria         | domain: nims-global.com
2026-05-02 15:19:30,646 [INFO]   ✓ 4 employees saved.
2026-05-02 15:19:43,517 [INFO] ─── 7 / 50 ───
2026-05-02 15:19:43,517 [INFO] Scraping: https://www.linkedin.com/company/southeastern-europe-security-center
2026-05-02 15:20:16,986 [INFO]   Domain: sesecuritycenter.org
2026-05-02 15:20:16,989 [INFO]   Employees for 'Southeastern Europe Security Center'…
2026-05-02 15:20:32,243 [INFO]   0 employees via DOM.
2026-05-02 15:20:32,251 [INFO]   ✓ Southeastern Europe Security Center           | country: Austria         | domain: sesecuritycenter.org
2026-05-02 15:20:41,488 [INFO] ─── 8 / 50 ───
2026-05-02 15:20:41,489 [INFO] Scraping: https://www.linkedin.com/company/club1031
2026-05-02 15:21:17,023 [INFO]   Domain: club1031.at
2026-05-02 15:21:17,027 [INFO]   Employees for 'Club1031'…
2026-05-02 15:21:33,411 [INFO]   1 employees via DOM.
2026-05-02 15:21:33,416 [INFO]   ✓ Club1031                                      | country: Austria         | domain: club1031.at
2026-05-02 15:21:33,418 [INFO]   ✓ 1 employees saved.
2026-05-02 15:21:46,125 [INFO] ─── 9 / 50 ───
2026-05-02 15:21:46,125 [INFO] Scraping: https://www.linkedin.com/company/jungeindustrie
2026-05-02 15:22:19,772 [INFO]   Domain: jungeindustrie.at
2026-05-02 15:22:19,777 [INFO]   Employees for 'Junge Industrie'…
2026-05-02 15:22:34,147 [INFO]   9 employees via DOM.
2026-05-02 15:22:34,155 [INFO]   ✓ Junge Industrie                               | country: Austria         | domain: jungeindustrie.at
2026-05-02 15:22:34,165 [INFO]   ✓ 9 employees saved.
2026-05-02 15:22:45,047 [INFO] ─── 10 / 50 ───
2026-05-02 15:22:45,048 [INFO] Scraping: https://www.linkedin.com/company/uxpro-austria
2026-05-02 15:23:20,005 [INFO]   Domain: uxpro.at
2026-05-02 15:23:20,009 [INFO]   Employees for 'UXpro Austria'…
2026-05-02 15:23:37,130 [INFO]   0 employees via DOM.
2026-05-02 15:23:37,137 [INFO]   ✓ UXpro Austria                                 | country: Austria         | domain: uxpro.at
2026-05-02 15:23:46,717 [INFO] ─── 11 / 50 ───
2026-05-02 15:23:46,717 [INFO] Scraping: https://www.linkedin.com/company/greepi-international-tourism-&-consulting-group
2026-05-02 15:24:20,839 [INFO]   Domain: greepi.net
2026-05-02 15:24:20,842 [INFO]   Employees for 'Greepi International Tourism & Consulting Group'…
2026-05-02 15:24:35,341 [INFO]   1 employees via DOM.
2026-05-02 15:24:35,358 [INFO]   ✓ Greepi International Tourism & Consulting Group | country: Austria         | domain: greepi.net
2026-05-02 15:24:35,359 [INFO]   ✓ 1 employees saved.
2026-05-02 15:24:44,505 [INFO] ─── 12 / 50 ───
2026-05-02 15:24:44,505 [INFO] Scraping: https://www.linkedin.com/company/colt-pr%C3%BCf-und-test-gmbh
2026-05-02 15:25:17,852 [INFO]   Domain: colt-lab.com
2026-05-02 15:25:17,856 [INFO]   Employees for 'CoLT Prüf und Test GmbH'…
2026-05-02 15:25:32,876 [INFO]   4 employees via DOM.
2026-05-02 15:25:32,894 [INFO]   ✓ CoLT Prüf und Test GmbH                       | country: Austria         | domain: colt-lab.com
2026-05-02 15:25:32,899 [INFO]   ✓ 4 employees saved.
2026-05-02 15:25:41,215 [INFO] ─── 13 / 50 ───
2026-05-02 15:25:41,216 [INFO] Scraping: https://www.linkedin.com/company/digital-makers-hub
2026-05-02 15:26:17,495 [INFO]   Domain: digitalmakershub.at
2026-05-02 15:26:17,498 [INFO]   Employees for 'Digital Makers Hub'…
2026-05-02 15:26:33,341 [INFO]   0 employees via DOM.
2026-05-02 15:26:33,358 [INFO]   ✓ Digital Makers Hub                            | country: Austria         | domain: digitalmakershub.at
2026-05-02 15:26:47,343 [INFO] ─── 14 / 50 ───
2026-05-02 15:26:47,344 [INFO] Scraping: https://www.linkedin.com/company/ladies-circle-austria
2026-05-02 15:27:20,191 [INFO]   Domain: ladiescircle.at
2026-05-02 15:27:20,195 [INFO]   Employees for 'Ladies' Circle Austria'…
2026-05-02 15:27:35,726 [INFO]   1 employees via DOM.
2026-05-02 15:27:35,733 [INFO]   ✓ Ladies' Circle Austria                        | country: Austria         | domain: ladiescircle.at
2026-05-02 15:27:35,735 [INFO]   ✓ 1 employees saved.
2026-05-02 15:27:45,568 [INFO] ─── 15 / 50 ───
2026-05-02 15:27:45,569 [INFO] Scraping: https://www.linkedin.com/company/porticus
2026-05-02 15:28:21,324 [INFO]   Domain: porticus.com
2026-05-02 15:28:21,329 [INFO]   Employees for 'Porticus'…
2026-05-02 15:28:37,589 [INFO]   10 employees via DOM.
2026-05-02 15:28:37,597 [INFO]   ✓ Porticus                                      | country: Austria         | domain: porticus.com
2026-05-02 15:28:37,613 [INFO]   ✓ 10 employees saved.
2026-05-02 15:28:52,217 [INFO] ─── 16 / 50 ───
2026-05-02 15:28:52,217 [INFO] Scraping: https://www.linkedin.com/company/lomographic-society-international
2026-05-02 15:29:27,661 [INFO]   Domain: lomography.com
2026-05-02 15:29:27,665 [INFO]   Employees for 'Lomography'…
2026-05-02 15:29:46,734 [INFO]   3 employees via DOM.
2026-05-02 15:29:46,753 [INFO]   ✓ Lomography                                    | country: Austria         | domain: lomography.com
2026-05-02 15:29:46,757 [INFO]   ✓ 3 employees saved.
2026-05-02 15:29:56,386 [INFO] ─── 17 / 50 ───
2026-05-02 15:29:56,386 [INFO] Scraping: https://www.linkedin.com/company/eyepixx-iris-fotografie
2026-05-02 15:30:32,459 [INFO]   Domain: iris-fotografie.de
2026-05-02 15:30:32,463 [INFO]   Employees for 'EYEPIXX® Iris-Fotografie'…
2026-05-02 15:30:48,996 [INFO]   1 employees via DOM.
2026-05-02 15:30:49,004 [INFO]   ✓ EYEPIXX® Iris-Fotografie                      | country: Austria         | domain: iris-fotografie.de
2026-05-02 15:30:49,006 [INFO]   ✓ 1 employees saved.
2026-05-02 15:31:03,342 [INFO] ─── 18 / 50 ───
2026-05-02 15:31:03,343 [INFO] Scraping: https://www.linkedin.com/company/press-the-button
2026-05-02 15:31:39,697 [INFO]   Domain: pressthebutton.net
2026-05-02 15:31:39,700 [INFO]   Employees for 'PRESS THE BUTTON'…
2026-05-02 15:31:57,220 [INFO]   4 employees via DOM.
2026-05-02 15:31:57,238 [INFO]   ✓ PRESS THE BUTTON                              | country: Austria         | domain: pressthebutton.net
2026-05-02 15:31:57,248 [INFO]   ✓ 4 employees saved.
2026-05-02 15:32:06,272 [INFO] ─── 19 / 50 ───
2026-05-02 15:32:06,273 [INFO] Scraping: https://www.linkedin.com/company/die-portraitschmiede
2026-05-02 15:32:41,146 [INFO]   Domain: ms-portraitschmiede.com
2026-05-02 15:32:41,150 [INFO]   Employees for 'Die Portraitschmiede'…
2026-05-02 15:32:57,458 [INFO]   0 employees via DOM.
2026-05-02 15:32:57,465 [INFO]   ✓ Die Portraitschmiede                          | country: Austria         | domain: ms-portraitschmiede.com
2026-05-02 15:33:07,344 [INFO] ─── 20 / 50 ───
2026-05-02 15:33:07,345 [INFO] Scraping: https://www.linkedin.com/company/foto-sulzer
2026-05-02 15:33:44,581 [INFO]   Domain: foto-sulzer.at
2026-05-02 15:33:44,587 [INFO]   Employees for 'Foto Sulzer'…
2026-05-02 15:34:02,160 [INFO]   4 employees via DOM.
2026-05-02 15:34:02,180 [INFO]   ✓ Foto Sulzer                                   | country: Austria         | domain: foto-sulzer.at
2026-05-02 15:34:02,193 [INFO]   ✓ 4 employees saved.
2026-05-02 15:34:12,020 [INFO] ─── 21 / 50 ───
2026-05-02 15:34:12,021 [INFO] Scraping: https://www.linkedin.com/company/whitewall-media-gmbh
2026-05-02 15:34:48,038 [INFO]   Domain: whitewall.com
2026-05-02 15:34:48,042 [INFO]   Employees for 'WhiteWall Media GmbH'…
2026-05-02 15:35:03,803 [INFO]   7 employees via DOM.
2026-05-02 15:35:03,810 [INFO]   ✓ WhiteWall Media GmbH                          | country: Austria         | domain: whitewall.com
2026-05-02 15:35:03,822 [INFO]   ✓ 7 employees saved.
2026-05-02 15:35:13,433 [INFO] ─── 22 / 50 ───
2026-05-02 15:35:13,433 [INFO] Scraping: https://www.linkedin.com/company/shell-personnel
2026-05-02 15:35:48,586 [INFO]   Domain: shellpersonnel.com.au
2026-05-02 15:35:48,591 [INFO]   Employees for 'SHELL Personnel'…
2026-05-02 15:36:06,291 [INFO]   1 employees via DOM.
2026-05-02 15:36:06,298 [INFO]   ✓ SHELL Personnel                               | country: Austria         | domain: shellpersonnel.com.au
2026-05-02 15:36:06,300 [INFO]   ✓ 1 employees saved.
2026-05-02 15:36:18,200 [INFO] ─── 23 / 50 ───
2026-05-02 15:36:18,201 [INFO] Scraping: https://www.linkedin.com/company/perspective-global-executive-search
2026-05-02 15:36:53,434 [INFO]   Domain: perspective.at
2026-05-02 15:36:53,438 [INFO]   Employees for 'PERSPECTIVE Global Executive Search'…
2026-05-02 15:37:07,346 [INFO]   3 employees via DOM.
2026-05-02 15:37:07,354 [INFO]   ✓ PERSPECTIVE Global Executive Search           | country: Austria         | domain: perspective.at
2026-05-02 15:37:07,359 [INFO]   ✓ 3 employees saved.
2026-05-02 15:37:19,680 [INFO] ─── 24 / 50 ───
2026-05-02 15:37:19,680 [INFO] Scraping: https://www.linkedin.com/company/hros-hungary
2026-05-02 15:37:52,476 [INFO]   Domain: match.hros.io
2026-05-02 15:37:52,480 [INFO]   Employees for 'HROS.io Hungary'…
2026-05-02 15:38:08,626 [INFO]   9 employees via DOM.
2026-05-02 15:38:08,635 [INFO]   ✓ HROS.io Hungary                               | country: Austria         | domain: match.hros.io
2026-05-02 15:38:08,647 [INFO]   ✓ 9 employees saved.
2026-05-02 15:38:20,078 [INFO] ─── 25 / 50 ───
2026-05-02 15:38:20,078 [INFO] Scraping: https://www.linkedin.com/company/iventagroup
2026-05-02 15:38:53,438 [INFO]   Domain: iventa.eu
2026-05-02 15:38:53,442 [INFO]   Employees for 'Iventa. The Human Management Group'…
2026-05-02 15:39:11,053 [INFO]   9 employees via DOM.
2026-05-02 15:39:11,060 [INFO]   ✓ Iventa. The Human Management Group            | country: Austria         | domain: iventa.eu
2026-05-02 15:39:11,070 [INFO]   ✓ 9 employees saved.
2026-05-02 15:39:20,067 [INFO] ─── 26 / 50 ───
2026-05-02 15:39:20,068 [INFO] Scraping: https://www.linkedin.com/company/voestalpine-hr-services-gmbh
2026-05-02 15:39:57,511 [INFO]   Domain: voestalpine.com
2026-05-02 15:39:57,515 [INFO]   Employees for 'voestalpine HR Services GmbH'…
2026-05-02 15:40:13,134 [INFO]   10 employees via DOM.
2026-05-02 15:40:13,141 [INFO]   ✓ voestalpine HR Services GmbH                  | country: Austria         | domain: voestalpine.com
2026-05-02 15:40:13,153 [INFO]   ✓ 10 employees saved.
2026-05-02 15:40:25,048 [INFO] ─── 27 / 50 ───
2026-05-02 15:40:25,048 [INFO] Scraping: https://www.linkedin.com/company/businessupperaustria
2026-05-02 15:41:01,308 [INFO]   Domain: biz-up.at
2026-05-02 15:41:01,313 [INFO]   Employees for 'Business Upper Austria - OÖ. Wirtschaftsagentur GmbH'…
2026-05-02 15:41:18,625 [INFO]   10 employees via DOM.
2026-05-02 15:41:18,643 [INFO]   ✓ Business Upper Austria - OÖ. Wirtschaftsagentur GmbH | country: Austria         | domain: biz-up.at
2026-05-02 15:41:18,656 [INFO]   ✓ 10 employees saved.
2026-05-02 15:41:32,355 [INFO] ─── 28 / 50 ───
2026-05-02 15:41:32,355 [INFO] Scraping: https://www.linkedin.com/company/permed-medizinische-personaldienstleistung-gmbh
2026-05-02 15:42:06,020 [INFO]   Domain: permed.at
2026-05-02 15:42:06,024 [INFO]   Employees for 'PerMed medizinische Personaldienstleistung GmbH'…
2026-05-02 15:42:22,749 [INFO]   3 employees via DOM.
2026-05-02 15:42:22,756 [INFO]   ✓ PerMed medizinische Personaldienstleistung GmbH | country: Austria         | domain: permed.at
2026-05-02 15:42:22,760 [INFO]   ✓ 3 employees saved.
2026-05-02 15:42:31,435 [INFO] ─── 29 / 50 ───
2026-05-02 15:42:31,435 [INFO] Scraping: https://www.linkedin.com/company/hr-group-personaldienstleistung
2026-05-02 15:43:04,801 [INFO]   Domain: hr-group.co.at
2026-05-02 15:43:04,806 [INFO]   Employees for 'HR Group Personaldienstleistung GmbH'…
2026-05-02 15:43:20,106 [INFO]   7 employees via DOM.
2026-05-02 15:43:20,123 [INFO]   ✓ HR Group Personaldienstleistung GmbH          | country: Austria         | domain: hr-group.co.at
2026-05-02 15:43:20,132 [INFO]   ✓ 7 employees saved.
2026-05-02 15:43:33,428 [INFO] ─── 30 / 50 ───
2026-05-02 15:43:33,428 [INFO] Scraping: https://www.linkedin.com/company/hrosio
2026-05-02 15:44:09,372 [INFO]   Domain: hros.io
2026-05-02 15:44:09,377 [INFO]   Employees for 'HROS.io'…
2026-05-02 15:44:23,683 [INFO]   5 employees via DOM.
2026-05-02 15:44:23,691 [INFO]   ✓ HROS.io                                       | country: Austria         | domain: hros.io
2026-05-02 15:44:23,697 [INFO]   ✓ 5 employees saved.
2026-05-02 15:44:33,941 [INFO] ─── 31 / 50 ───
2026-05-02 15:44:33,942 [INFO] Scraping: https://www.linkedin.com/company/arge-sozialdienst-mostviertel
2026-05-02 15:45:09,984 [INFO]   Domain: sozialdienst.net
2026-05-02 15:45:09,988 [INFO]   Employees for 'ARGE Sozialdienst Mostviertel'…
2026-05-02 15:45:26,807 [INFO]   1 employees via DOM.
2026-05-02 15:45:26,816 [INFO]   ✓ ARGE Sozialdienst Mostviertel                 | country: Austria         | domain: sozialdienst.net
2026-05-02 15:45:26,818 [INFO]   ✓ 1 employees saved.
2026-05-02 15:45:38,628 [INFO] ─── 32 / 50 ───
2026-05-02 15:45:38,629 [INFO] Scraping: https://www.linkedin.com/company/autistenhilfe
2026-05-02 15:46:15,733 [INFO]   Domain: autistenhilfe.at
2026-05-02 15:46:15,737 [INFO]   Employees for 'Autistenhilfe'…
2026-05-02 15:46:29,673 [INFO]   6 employees via DOM.
2026-05-02 15:46:29,681 [INFO]   ✓ Autistenhilfe                                 | country: Austria         | domain: autistenhilfe.at
2026-05-02 15:46:29,688 [INFO]   ✓ 6 employees saved.
2026-05-02 15:46:43,039 [INFO] ─── 33 / 50 ───
2026-05-02 15:46:43,040 [INFO] Scraping: https://www.linkedin.com/company/pro-mente-tirol
2026-05-02 15:47:16,563 [INFO]   Domain: promente-tirol.at
2026-05-02 15:47:16,567 [INFO]   Employees for 'pro mente tirol'…
2026-05-02 15:47:34,101 [INFO]   5 employees via DOM.
2026-05-02 15:47:34,109 [INFO]   ✓ pro mente tirol                               | country: Austria         | domain: promente-tirol.at
2026-05-02 15:47:34,115 [INFO]   ✓ 5 employees saved.
2026-05-02 15:47:44,476 [INFO] ─── 34 / 50 ───
2026-05-02 15:47:44,477 [INFO] Scraping: https://www.linkedin.com/company/oegwg
2026-05-02 15:48:20,456 [INFO]   Domain: oegwg.at
2026-05-02 15:48:20,461 [INFO]   Employees for 'ÖGWG'…
2026-05-02 15:48:36,984 [INFO]   6 employees via DOM.
2026-05-02 15:48:37,005 [INFO]   ✓ ÖGWG                                          | country: Austria         | domain: oegwg.at
2026-05-02 15:48:37,012 [INFO]   ✓ 6 employees saved.
2026-05-02 15:48:45,980 [INFO] ─── 35 / 50 ───
2026-05-02 15:48:45,981 [INFO] Scraping: https://www.linkedin.com/company/instahelp
2026-05-02 15:49:21,011 [INFO]   Domain: instahelp.me
2026-05-02 15:49:21,015 [INFO]   Employees for 'Instahelp'…
2026-05-02 15:49:38,319 [INFO]   8 employees via DOM.
2026-05-02 15:49:38,338 [INFO]   ✓ Instahelp                                     | country: Austria         | domain: instahelp.me
2026-05-02 15:49:38,347 [INFO]   ✓ 8 employees saved.
2026-05-02 15:49:48,699 [INFO] ─── 36 / 50 ───
2026-05-02 15:49:48,699 [INFO] Scraping: https://www.linkedin.com/company/esnm
2026-05-02 15:50:22,764 [INFO]   Domain: esnm.eu
2026-05-02 15:50:22,768 [INFO]   Employees for 'European Society of Neurogastroenterology and Motility'…
2026-05-02 15:50:38,105 [INFO]   8 employees via DOM.
2026-05-02 15:50:38,112 [INFO]   ✓ European Society of Neurogastroenterology and Motility | country: Austria         | domain: esnm.eu
2026-05-02 15:50:38,122 [INFO]   ✓ 8 employees saved.
2026-05-02 15:50:52,194 [INFO] ─── 37 / 50 ───
2026-05-02 15:50:52,194 [INFO] Scraping: https://www.linkedin.com/company/europeantraineeforum
2026-05-02 15:51:28,918 [INFO]   Domain: cirse.org
2026-05-02 15:51:28,922 [INFO]   Employees for 'CIRSE European Trainee Forum'…
2026-05-02 15:51:43,983 [INFO]   10 employees via DOM.
2026-05-02 15:51:43,990 [INFO]   ✓ CIRSE European Trainee Forum                  | country: Austria         | domain: cirse.org
2026-05-02 15:51:44,000 [INFO]   ✓ 10 employees saved.
2026-05-02 15:51:58,736 [INFO] ─── 38 / 50 ───
2026-05-02 15:51:58,737 [INFO] Scraping: https://www.linkedin.com/company/espinea-endoscopic-spine-academy
2026-05-02 15:52:35,168 [INFO]   Domain: espinea.org
2026-05-02 15:52:35,172 [INFO]   Employees for 'ESPINEA® Endoscopic Spine Academy'…
2026-05-02 15:52:53,364 [INFO]   8 employees via DOM.
2026-05-02 15:52:53,371 [INFO]   ✓ ESPINEA® Endoscopic Spine Academy             | country: Austria         | domain: espinea.org
2026-05-02 15:52:53,380 [INFO]   ✓ 8 employees saved.
2026-05-02 15:53:02,337 [INFO] ─── 39 / 50 ───
2026-05-02 15:53:02,338 [INFO] Scraping: https://www.linkedin.com/company/esmrmb
2026-05-02 15:53:39,061 [INFO]   Domain: esmrmb.org
2026-05-02 15:53:39,065 [INFO]   Employees for 'European Society for Magnetic Resonance in Medicine and Biology'…
2026-05-02 15:53:56,200 [INFO]   10 employees via DOM.
2026-05-02 15:53:56,208 [INFO]   ✓ European Society for Magnetic Resonance in Medicine and Biology | country: Austria         | domain: esmrmb.org
2026-05-02 15:53:56,219 [INFO]   ✓ 10 employees saved.
2026-05-02 15:54:08,006 [INFO] ─── 40 / 50 ───
2026-05-02 15:54:08,006 [INFO] Scraping: https://www.linkedin.com/company/xund
2026-05-02 15:54:41,540 [INFO]   Domain: xund.ai
2026-05-02 15:54:41,544 [INFO]   Employees for 'XUND'…
2026-05-02 15:54:57,736 [INFO]   8 employees via DOM.
2026-05-02 15:54:57,743 [INFO]   ✓ XUND                                          | country: Austria         | domain: xund.ai
2026-05-02 15:54:57,751 [INFO]   ✓ 8 employees saved.
2026-05-02 15:55:11,830 [INFO] ─── 41 / 50 ───
2026-05-02 15:55:11,830 [INFO] Scraping: https://www.linkedin.com/company/bloomdiagnostics
2026-05-02 15:55:48,458 [INFO]   Domain: bloomdiagnostics.com
2026-05-02 15:55:48,463 [INFO]   Employees for 'Bloom Diagnostics'…
2026-05-02 15:56:05,514 [INFO]   4 employees via DOM.
2026-05-02 15:56:05,530 [INFO]   ✓ Bloom Diagnostics                             | country: Austria         | domain: bloomdiagnostics.com
2026-05-02 15:56:05,534 [INFO]   ✓ 4 employees saved.
2026-05-02 15:56:19,942 [INFO] ─── 42 / 50 ───
2026-05-02 15:56:19,943 [INFO] Scraping: https://www.linkedin.com/company/cvir
2026-05-02 15:56:55,249 [INFO]   Domain: cvironline.org
2026-05-02 15:56:55,253 [INFO]   Employees for 'CardioVascular and Interventional Radiology (CVIR)'…
2026-05-02 15:57:11,342 [INFO]   9 employees via DOM.
2026-05-02 15:57:11,347 [INFO]   ✓ CardioVascular and Interventional Radiology (CVIR) | country: Austria         | domain: cvironline.org
2026-05-02 15:57:11,361 [INFO]   ✓ 9 employees saved.
2026-05-02 15:57:25,538 [INFO] ─── 43 / 50 ───
2026-05-02 15:57:25,539 [INFO] Scraping: https://www.linkedin.com/company/amex
2026-05-02 15:58:01,343 [INFO]   Domain: amex-healthcare.com
2026-05-02 15:58:01,347 [INFO]   Employees for 'AMEX Healthcare'…
2026-05-02 15:58:16,573 [INFO]   3 employees via DOM.
2026-05-02 15:58:16,581 [INFO]   ✓ AMEX Healthcare                               | country: Austria         | domain: amex-healthcare.com
2026-05-02 15:58:16,588 [INFO]   ✓ 3 employees saved.
2026-05-02 15:58:28,339 [INFO] ─── 44 / 50 ───
2026-05-02 15:58:28,339 [INFO] Scraping: https://www.linkedin.com/company/paxerahealthcorp
2026-05-02 15:59:01,872 [INFO]   Domain: paxerahealth.com
2026-05-02 15:59:01,876 [INFO]   Employees for 'PaxeraHealth'…
2026-05-02 15:59:17,670 [INFO]   10 employees via DOM.
2026-05-02 15:59:17,689 [INFO]   ✓ PaxeraHealth                                  | country: Austria         | domain: paxerahealth.com
2026-05-02 15:59:17,703 [INFO]   ✓ 10 employees saved.
2026-05-02 15:59:26,657 [INFO] ─── 45 / 50 ───
2026-05-02 15:59:26,657 [INFO] Scraping: https://www.linkedin.com/company/robbe-berking
2026-05-02 16:00:02,012 [INFO]   Domain: robbeberking.com
2026-05-02 16:00:02,017 [INFO]   Employees for 'Robbe & Berking'…
2026-05-02 16:00:19,218 [INFO]   6 employees via DOM.
2026-05-02 16:00:19,236 [INFO]   ✓ Robbe & Berking                               | country: Austria         | domain: robbeberking.com
2026-05-02 16:00:19,242 [INFO]   ✓ 6 employees saved.
2026-05-02 16:00:33,991 [INFO] ─── 46 / 50 ───
2026-05-02 16:00:33,991 [INFO] Scraping: https://www.linkedin.com/company/m%C3%BCnze-%C3%B6sterreich-ag
2026-05-02 16:01:09,773 [INFO]   Domain: muenzeoesterreich.at
2026-05-02 16:01:09,778 [INFO]   Employees for 'Münze Österreich'…
2026-05-02 16:01:25,627 [INFO]   8 employees via DOM.
2026-05-02 16:01:25,635 [INFO]   ✓ Münze Österreich                              | country: Austria         | domain: muenzeoesterreich.at
2026-05-02 16:01:25,645 [INFO]   ✓ 8 employees saved.
2026-05-02 16:01:34,773 [INFO] ─── 47 / 50 ───
2026-05-02 16:01:34,773 [INFO] Scraping: https://www.linkedin.com/company/joh.-springer%27s-erben
2026-05-02 16:02:09,888 [INFO]   Domain: springer-vienna.com
2026-05-02 16:02:09,892 [INFO]   Employees for 'Joh. Springer's Erben'…
2026-05-02 16:02:23,996 [INFO]   4 employees via DOM.
2026-05-02 16:02:24,003 [INFO]   ✓ Joh. Springer's Erben                         | country: Austria         | domain: springer-vienna.com
2026-05-02 16:02:24,020 [INFO]   ✓ 4 employees saved.
2026-05-02 16:02:34,460 [INFO] ─── 48 / 50 ───
2026-05-02 16:02:34,460 [INFO] Scraping: https://www.linkedin.com/company/buben-zorweg
2026-05-02 16:03:11,731 [INFO]   Domain: buben-zorweg.com
2026-05-02 16:03:11,736 [INFO]   Employees for 'BUBEN&ZORWEG'…
2026-05-02 16:03:27,692 [INFO]   9 employees via DOM.
2026-05-02 16:03:27,700 [INFO]   ✓ BUBEN&ZORWEG                                  | country: Austria         | domain: buben-zorweg.com
2026-05-02 16:03:27,714 [INFO]   ✓ 9 employees saved.
2026-05-02 16:03:36,876 [INFO] ─── 49 / 50 ───
2026-05-02 16:03:36,877 [INFO] Scraping: https://www.linkedin.com/company/ludwig-reiter-schuhmanufaktur-gmbh
2026-05-02 16:04:11,748 [INFO]   Domain: ludwig-reiter.com
2026-05-02 16:04:11,752 [INFO]   Employees for 'Ludwig Reiter Schuhmanufaktur'…
2026-05-02 16:04:27,257 [INFO]   0 employees via DOM.
2026-05-02 16:04:27,264 [INFO]   ✓ Ludwig Reiter Schuhmanufaktur                 | country: Austria         | domain: ludwig-reiter.com
2026-05-02 16:04:39,149 [INFO] ─── 50 / 50 ───
2026-05-02 16:04:39,149 [INFO] Scraping: https://www.linkedin.com/company/pierre-lang
2026-05-02 16:05:12,100 [INFO]   Domain: pierrelang.com
2026-05-02 16:05:12,104 [INFO]   Employees for 'Pierre Lang Trading GmbH'…
2026-05-02 16:05:30,189 [INFO]   7 employees via DOM.
2026-05-02 16:05:30,195 [INFO]   ✓ Pierre Lang Trading GmbH                      | country: Austria         | domain: pierrelang.com
2026-05-02 16:05:30,203 [INFO]   ✓ 7 employees saved.
2026-05-02 16:05:40,550 [INFO] CSV: criteria_countries.csv               47 rows
2026-05-02 16:05:40,551 [INFO] CSV: criteria_industries.csv              168 rows
2026-05-02 16:05:40,552 [INFO] CSV: criteria_sizes.csv                   8 rows
2026-05-02 16:05:40,870 [INFO] CSV: search_combinations.csv              27412 rows
2026-05-02 16:05:40,885 [INFO] CSV: companies.csv                        480 rows
2026-05-02 16:05:40,924 [INFO] CSV: employees.csv                        3011 rows
2026-05-02 16:05:40,946 [INFO] === Done ===
