2026-03-14 00:32:37 [INFO   ] ======================================================================
2026-03-14 00:32:37 [INFO   ]   LINKEDIN DB — COLD EMAIL SENDER
2026-03-14 00:32:37 [INFO   ] ======================================================================
2026-03-14 00:32:37 [INFO   ] 
  Database : C:\Users\sandeep\Downloads\CVL\linkedin_data.db
2026-03-14 00:32:37 [INFO   ]   Companies: 100  (with domain: 100)
2026-03-14 00:32:37 [INFO   ]   Employees: 704
2026-03-14 00:32:37 [INFO   ] 
  Countries available:
2026-03-14 00:32:37 [INFO   ]      1. Austria  (100 companies)
2026-03-14 00:32:37 [INFO   ]      2. All countries
2026-03-14 00:32:41 [INFO   ] 
  Country filter: Austria
2026-03-14 00:32:41 [INFO   ] ✓ Loaded 10 SMTP password(s)
2026-03-14 00:32:41 [INFO   ]   ✓ 8 sending profile(s) ready
2026-03-14 00:32:41 [INFO   ] 
  Loading companies from database...
2026-03-14 00:32:41 [INFO   ]   ✓ 100 companies loaded
2026-03-14 00:32:41 [INFO   ] 
======================================================================
2026-03-14 00:32:41 [INFO   ]   BUILDING EMAIL LIST
2026-03-14 00:32:41 [INFO   ] ======================================================================
2026-03-14 00:32:42 [INFO   ] 
  📍 ABA – WORK in AUSTRIA (workinaustria.com)
2026-03-14 00:32:42 [INFO   ]     🔄 Fallback: info@workinaustria.com
2026-03-14 00:32:42 [INFO   ] 
  📍 ADR International (adr-international.com)
2026-03-14 00:32:42 [INFO   ]     🔄 Fallback: info@adr-international.com
2026-03-14 00:32:42 [INFO   ] 
  📍 AMS Accelerate IT (ams-ai.com)
2026-03-14 00:32:42 [INFO   ]     🔄 Fallback: info@ams-ai.com
2026-03-14 00:32:42 [INFO   ] 
  📍 ARS - Akademie für Recht, Steuern & Wirtschaft (ars.at)
2026-03-14 00:32:42 [INFO   ]     🔄 Fallback: info@ars.at
2026-03-14 00:32:42 [INFO   ] 
  📍 ASTRON Electronic GmbH (astron.co.at)
2026-03-14 00:32:42 [INFO   ]     🔄 Fallback: info@astron.co.at
2026-03-14 00:32:42 [INFO   ] 
  📍 AXIS Aviation (axis-aviation.com)
2026-03-14 00:32:42 [INFO   ]     🔄 Fallback: info@axis-aviation.com
2026-03-14 00:32:42 [INFO   ] 
  📍 Accurision GmbH (accurision.com)
2026-03-14 00:32:42 [INFO   ]     🔄 Fallback: info@accurision.com
2026-03-14 00:32:42 [INFO   ] 
  📍 Agile Leadership Journey (agileleadershipjourney.com)
2026-03-14 00:32:42 [INFO   ]     🔄 Fallback: info@agileleadershipjourney.com
2026-03-14 00:32:42 [ERROR  ]   ❌ {name}: domain {domain!r} does not resolve — skipped
2026-03-14 00:32:42 [INFO   ] 
  📍 Artingame (artingame.at)
2026-03-14 00:32:42 [INFO   ]     🔄 Fallback: info@artingame.at
2026-03-14 00:32:42 [INFO   ] 
  📍 Austrian Audio (austrian.audio)
2026-03-14 00:32:42 [INFO   ]     🔄 Fallback: info@austrian.audio
2026-03-14 00:32:42 [INFO   ] 
  📍 AustrianStartups (austrianstartups.com)
2026-03-14 00:32:42 [INFO   ]     🔄 Fallback: info@austrianstartups.com
2026-03-14 00:32:42 [INFO   ] 
  📍 Ballistix Academy (wonderl.ink)
2026-03-14 00:32:42 [INFO   ]     🔄 Fallback: info@wonderl.ink
2026-03-14 00:32:42 [INFO   ] 
  📍 Brainbirds (brainbirds.com)
2026-03-14 00:32:42 [INFO   ]     🔄 Fallback: info@brainbirds.com
2026-03-14 00:32:42 [INFO   ] 
  📍 Bundesjugendvertretung (bjv.at)
2026-03-14 00:32:42 [INFO   ]     🔄 Fallback: info@bjv.at
2026-03-14 00:32:42 [INFO   ] 
  📍 CA controller akademie (controllerakademie.de)
2026-03-14 00:32:42 [INFO   ]     🔄 Fallback: info@controllerakademie.de
2026-03-14 00:32:43 [INFO   ] 
  📍 Capus AB - Talentor Sweden (capus.se)
2026-03-14 00:32:43 [INFO   ]     🔄 Fallback: info@capus.se
2026-03-14 00:32:43 [INFO   ] 
  📍 Confare - Gemeinsam. Besser. Machen. (confare.at)
2026-03-14 00:32:43 [INFO   ]     🔄 Fallback: info@confare.at
2026-03-14 00:32:43 [INFO   ] 
  📍 Congresservice Alpin Convention GmbH (alpin-convention.com)
2026-03-14 00:32:43 [INFO   ]     🔄 Fallback: info@alpin-convention.com
2026-03-14 00:32:43 [INFO   ] 
  📍 DELTACON Executive Search (deltacon.com)
2026-03-14 00:32:43 [INFO   ]     🔄 Fallback: info@deltacon.com
2026-03-14 00:32:43 [INFO   ] 
  📍 Day III Digital (dayiii.com)
2026-03-14 00:32:43 [INFO   ]     🔄 Fallback: info@dayiii.com
2026-03-14 00:32:43 [INFO   ] 
  📍 DefenseLead | Pre-Event Visibility for Defense Trade Shows (defenselead.com)
2026-03-14 00:32:43 [INFO   ]     🔄 Fallback: info@defenselead.com
2026-03-14 00:32:43 [INFO   ] 
  📍 EGSTON Power Electronics (egstonpower.com)
2026-03-14 00:32:43 [INFO   ]     🔄 Fallback: info@egstonpower.com
2026-03-14 00:32:43 [INFO   ] 
  📍 ERTLER EXECUTIVE SEARCH (ertlerexecutivesearch.com)
2026-03-14 00:32:43 [INFO   ]     🔄 Fallback: info@ertlerexecutivesearch.com
2026-03-14 00:32:43 [INFO   ] 
  📍 Eblinger & Partner Personal- und Managementberatungs GmbH (eblinger.at)
2026-03-14 00:32:43 [INFO   ]     🔄 Fallback: info@eblinger.at
2026-03-14 00:32:43 [INFO   ] 
  📍 Ellwood Consulting (ellwoodconsulting.com)
2026-03-14 00:32:43 [INFO   ]     🔄 Fallback: info@ellwoodconsulting.com
2026-03-14 00:32:43 [INFO   ] 
  📍 European Association of Nuclear Medicine (EANM) (eanm.org)
2026-03-14 00:32:43 [INFO   ]     🔄 Fallback: info@eanm.org
2026-03-14 00:32:43 [INFO   ] 
  📍 European Forum Alpbach (alpbach.org)
2026-03-14 00:32:43 [INFO   ]     🔄 Fallback: info@alpbach.org
2026-03-14 00:32:43 [INFO   ] 
  📍 Europäische Bewegung Österreich (eb-austria.eu)
2026-03-14 00:32:43 [INFO   ]     🔄 Fallback: info@eb-austria.eu
2026-03-14 00:32:43 [INFO   ] 
  📍 Europäisches Parlament (europarl.de)
2026-03-14 00:32:43 [INFO   ]     🔄 Fallback: info@europarl.de
2026-03-14 00:32:43 [INFO   ] 
  📍 ExperTech Recruiting (expertechinc.com)
2026-03-14 00:32:43 [INFO   ]     🔄 Fallback: info@expertechinc.com
2026-03-14 00:32:44 [INFO   ] 
  📍 Fachverband der Elektro- & Elektronikindustrie (feei.at)
2026-03-14 00:32:44 [INFO   ]     🔄 Fallback: info@feei.at
2026-03-14 00:32:44 [INFO   ] 
  📍 Female Founders (female-founders.org)
2026-03-14 00:32:44 [INFO   ]     🔄 Fallback: info@female-founders.org
2026-03-14 00:32:44 [INFO   ] 
  📍 GROW Jobfestival (jobfestival.at)
2026-03-14 00:32:44 [INFO   ]     🔄 Fallback: info@jobfestival.at
2026-03-14 00:32:44 [INFO   ] 
  📍 Gayo Aviation (gayo.se)
2026-03-14 00:32:44 [INFO   ]     🔄 Fallback: info@gayo.se
2026-03-14 00:32:44 [INFO   ] 
  📍 Global Event Technologies (get.systems)
2026-03-14 00:32:44 [INFO   ]     🔄 Fallback: info@get.systems
2026-03-14 00:32:44 [INFO   ] 
  📍 Grafenegg Kulturbetriebsgesellschaft (grafenegg.com)
2026-03-14 00:32:44 [INFO   ]     🔄 Fallback: info@grafenegg.com
2026-03-14 00:32:44 [INFO   ] 
  📍 Ground Truth Solutions (groundtruthsolutions.org)
2026-03-14 00:32:44 [INFO   ]     🔄 Fallback: info@groundtruthsolutions.org
2026-03-14 00:32:44 [INFO   ] 
  📍 Grüne Wirtschaft Österreich (gruenewirtschaft.at)
2026-03-14 00:32:44 [INFO   ]     🔄 Fallback: info@gruenewirtschaft.at
2026-03-14 00:32:44 [INFO   ] 
  📍 Hanalytica GmbH (hanalytica.com)
2026-03-14 00:32:44 [INFO   ]     🔄 Fallback: info@hanalytica.com
2026-03-14 00:32:44 [INFO   ] 
  📍 HarvestMaster (harvestmaster.com)
2026-03-14 00:32:44 [INFO   ]     🔄 Fallback: info@harvestmaster.com
2026-03-14 00:32:44 [INFO   ] 
  📍 International Board of Lactation Consultant Examiners® (IBLCE®) (iblce.org)
2026-03-14 00:32:44 [INFO   ]     🔄 Fallback: info@iblce.org
2026-03-14 00:32:44 [INFO   ] 
  📍 International Press Institute (IPI) (ipi.media)
2026-03-14 00:32:44 [INFO   ]     🔄 Fallback: info@ipi.media
2026-03-14 00:32:44 [INFO   ] 
  📍 IoE - Institute of Entrepreneurship (ioe.expert)
2026-03-14 00:32:44 [INFO   ]     🔄 Fallback: info@ioe.expert
2026-03-14 00:32:44 [INFO   ] 
  📍 KMU Akademie (kmuakademie.ac.at)
2026-03-14 00:32:44 [INFO   ]     🔄 Fallback: info@kmuakademie.ac.at
2026-03-14 00:32:44 [INFO   ] 
  📍 Karajan Institute (karajan-institut.org)
2026-03-14 00:32:44 [INFO   ]     🔄 Fallback: info@karajan-institut.org
2026-03-14 00:32:44 [INFO   ] 
  📍 Kolme Group (kolmegroup.com)
2026-03-14 00:32:44 [INFO   ]     🔄 Fallback: info@kolmegroup.com
2026-03-14 00:32:45 [INFO   ] 
  📍 KraftPal (kraftpal.com)
2026-03-14 00:32:45 [INFO   ]     🔄 Fallback: info@kraftpal.com
2026-03-14 00:32:45 [INFO   ] 
  📍 Künstleragentur Dr. Raab & Dr. Böhm (rbartists.at)
2026-03-14 00:32:45 [INFO   ]     🔄 Fallback: info@rbartists.at
2026-03-14 00:32:45 [INFO   ] 
  📍 LSZ - Future Connections (lsz.at)
2026-03-14 00:32:45 [INFO   ]     🔄 Fallback: info@lsz.at
2026-03-14 00:32:45 [INFO   ] 
  📍 LUMITECH Lighting Solution GmbH (lumitech.com)
2026-03-14 00:32:45 [INFO   ]     🔄 Fallback: info@lumitech.com
2026-03-14 00:32:46 [INFO   ] 
  📍 LiveTec GmbH (livetec.tv)
2026-03-14 00:32:46 [INFO   ]     🔄 Fallback: info@livetec.tv
2026-03-14 00:32:46 [INFO   ] 
  📍 MCS Management Consulting & Selection (mcs-selection.it)
2026-03-14 00:32:46 [INFO   ]     🔄 Fallback: info@mcs-selection.it
2026-03-14 00:32:46 [INFO   ] 
  📍 MD Education (md-education.com)
2026-03-14 00:32:46 [INFO   ]     🔄 Fallback: info@md-education.com
2026-03-14 00:32:46 [INFO   ] 
  📍 Messe Dornbirn GmbH (linktr.ee)
2026-03-14 00:32:46 [INFO   ]     🔄 Fallback: info@linktr.ee
2026-03-14 00:32:46 [INFO   ] 
  📍 Movemeon (movemeon.com)
2026-03-14 00:32:46 [INFO   ]     🔄 Fallback: info@movemeon.com
2026-03-14 00:32:47 [INFO   ] 
  📍 NEOS Wien (wien.neos.eu)
2026-03-14 00:32:47 [INFO   ]     🔄 Fallback: info@wien.neos.eu
2026-03-14 00:32:47 [INFO   ] 
  📍 OKTAV (oktav.com)
2026-03-14 00:32:47 [INFO   ]     🔄 Fallback: info@oktav.com
2026-03-14 00:32:47 [INFO   ] 
  📍 OMICRON Lab (omicron-lab.com)
2026-03-14 00:32:47 [INFO   ]     🔄 Fallback: info@omicron-lab.com
2026-03-14 00:32:47 [INFO   ] 
  📍 OSCE (osce.org)
2026-03-14 00:32:47 [INFO   ]     🔄 Fallback: info@osce.org
2026-03-14 00:32:48 [INFO   ] 
  📍 Otti und Partner - Ihr Personal Management (otti.at)
2026-03-14 00:32:48 [INFO   ]     🔄 Fallback: info@otti.at
2026-03-14 00:32:48 [INFO   ] 
  📍 PS locks GmbH - electronic furniture locks with RFID / Bluetooth (pslocks.com)
2026-03-14 00:32:48 [INFO   ]     🔄 Fallback: info@pslocks.com
2026-03-14 00:32:48 [INFO   ] 
  📍 Platogo (platogo.com)
2026-03-14 00:32:48 [INFO   ]     🔄 Fallback: info@platogo.com
2026-03-14 00:32:52 [INFO   ] 
  📍 Pow Wow Entertainment (pow-wow.com)
2026-03-14 00:32:52 [INFO   ]     🔄 Fallback: info@pow-wow.com
2026-03-14 00:32:52 [INFO   ] 
  📍 RABCAT (rabcat.com)
2026-03-14 00:32:52 [INFO   ]     🔄 Fallback: info@rabcat.com
2026-03-14 00:32:57 [INFO   ] 
  📍 REEEP - Renewable Energy and Energy Efficiency Partnership (reeep.org)
2026-03-14 00:32:57 [INFO   ]     🔄 Fallback: info@reeep.org
2026-03-14 00:32:58 [INFO   ] 
  📍 Raiffeisen Campus (raiffeisencampus.at)
2026-03-14 00:32:58 [INFO   ]     🔄 Fallback: info@raiffeisencampus.at
2026-03-14 00:32:58 [ERROR  ]   ❌ {name}: domain {domain!r} does not resolve — skipped
2026-03-14 00:32:58 [INFO   ] 
  📍 Rarebyte (rarebyte.com)
2026-03-14 00:32:58 [INFO   ]     🔄 Fallback: info@rarebyte.com
2026-03-14 00:32:58 [INFO   ] 
  📍 Rebeat Digital GmbH (rebeat.com)
2026-03-14 00:32:58 [INFO   ]     🔄 Fallback: info@rebeat.com
2026-03-14 00:32:59 [INFO   ] 
  📍 Redox Interactive (redox-interactive.com)
2026-03-14 00:32:59 [INFO   ]     🔄 Fallback: info@redox-interactive.com
2026-03-14 00:32:59 [INFO   ] 
  📍 SCOTTY Group Austria (scottygroup.com)
2026-03-14 00:32:59 [INFO   ]     🔄 Fallback: info@scottygroup.com
2026-03-14 00:32:59 [INFO   ] 
  📍 SOMMER Messtechnik (sommer.at)
2026-03-14 00:32:59 [INFO   ]     🔄 Fallback: info@sommer.at
2026-03-14 00:32:59 [INFO   ] 
  📍 Servitalent (servitalent.com)
2026-03-14 00:32:59 [INFO   ]     🔄 Fallback: info@servitalent.com
2026-03-14 00:32:59 [INFO   ] 
  📍 Strike Aviation Group (strike.aero)
2026-03-14 00:32:59 [INFO   ]     🔄 Fallback: info@strike.aero
2026-03-14 00:33:00 [INFO   ] 
  📍 Superar Austria (superar.eu)
2026-03-14 00:33:00 [INFO   ]     🔄 Fallback: info@superar.eu
2026-03-14 00:33:00 [INFO   ] 
  📍 TEDAI Vienna (tedai-vienna.ted.com)
2026-03-14 00:33:00 [INFO   ]     🔄 Fallback: info@tedai-vienna.ted.com
2026-03-14 00:33:00 [INFO   ] 
  📍 Talentor Austria (talentor.at)
2026-03-14 00:33:00 [INFO   ]     🔄 Fallback: info@talentor.at
2026-03-14 00:33:00 [INFO   ] 
  📍 The Innovation in Politics Institute (innovationinpolitics.eu)
2026-03-14 00:33:00 [INFO   ]     🔄 Fallback: info@innovationinpolitics.eu
2026-03-14 00:33:00 [INFO   ] 
  📍 The Ironlung Union (ironlung-union.com)
2026-03-14 00:33:00 [INFO   ]     🔄 Fallback: info@ironlung-union.com
2026-03-14 00:33:01 [INFO   ] 
  📍 The R Foundation for Statistical Computing (r-project.org)
2026-03-14 00:33:01 [INFO   ]     🔄 Fallback: info@r-project.org
2026-03-14 00:33:01 [INFO   ] 
  📍 Toplitz Productions (toplitz-productions.com)
2026-03-14 00:33:01 [INFO   ]     🔄 Fallback: info@toplitz-productions.com
2026-03-14 00:33:01 [INFO   ] 
  📍 Tyrolean Jets & Services (tjs.at)
2026-03-14 00:33:01 [INFO   ]     🔄 Fallback: info@tjs.at
2026-03-14 00:33:01 [INFO   ] 
  📍 UNIDO Industrial Decarbonization (decarbonization.unido.org)
2026-03-14 00:33:01 [INFO   ]     🔄 Fallback: info@decarbonization.unido.org
2026-03-14 00:33:01 [INFO   ] 
  📍 Universal Music Austria (universalmusic.at)
2026-03-14 00:33:01 [INFO   ]     🔄 Fallback: info@universalmusic.at
2026-03-14 00:33:02 [INFO   ] 
  📍 Verein Netzwerk Logistik - VNL Österreich (vnl.at)
2026-03-14 00:33:02 [INFO   ]     🔄 Fallback: info@vnl.at
2026-03-14 00:33:02 [INFO   ] 
  📍 Vinylpostcards (vinylpostcards.com)
2026-03-14 00:33:02 [INFO   ]     🔄 Fallback: info@vinylpostcards.com
2026-03-14 00:33:04 [INFO   ] 
  📍 Wiener Mozart Konzert (mozart.wien)
2026-03-14 00:33:04 [INFO   ]     🔄 Fallback: info@mozart.wien
2026-03-14 00:33:04 [INFO   ] 
  📍 Wings for Life - Spinal Cord Research Foundation (wingsforlife.com)
2026-03-14 00:33:04 [INFO   ]     🔄 Fallback: info@wingsforlife.com
2026-03-14 00:33:04 [INFO   ] 
  📍 Wirtschaftsbund Oberösterreich (ooe-wb.at)
2026-03-14 00:33:04 [INFO   ]     🔄 Fallback: info@ooe-wb.at
2026-03-14 00:33:05 [INFO   ] 
  📍 Wirtschaftsbund Wien (wirtschaftsbund.wien)
2026-03-14 00:33:05 [INFO   ]     🔄 Fallback: info@wirtschaftsbund.wien
2026-03-14 00:33:05 [INFO   ] 
  📍 Wirtschaftsbund Österreich (wirtschaftsbund.at)
2026-03-14 00:33:05 [INFO   ]     🔄 Fallback: info@wirtschaftsbund.at
2026-03-14 00:33:05 [INFO   ] 
  📍 apsa personnel concepts (apsa.at)
2026-03-14 00:33:05 [INFO   ]     🔄 Fallback: info@apsa.at
2026-03-14 00:33:05 [INFO   ] 
  📍 brillibrilliant GmbH (brillibrilliant.com)
2026-03-14 00:33:05 [INFO   ]     🔄 Fallback: info@brillibrilliant.com
2026-03-14 00:33:06 [INFO   ] 
  📍 mica - music austria (musicaustria.at)
2026-03-14 00:33:06 [INFO   ]     🔄 Fallback: info@musicaustria.at
2026-03-14 00:33:06 [INFO   ] 
  📍 myAbility Social Enterprise (myability.org)
2026-03-14 00:33:06 [INFO   ]     🔄 Fallback: info@myability.org
2026-03-14 00:33:06 [INFO   ] 
  📍 stillalive studios (stillalive.games)
2026-03-14 00:33:06 [INFO   ]     🔄 Fallback: info@stillalive.games
2026-03-14 00:33:06 [INFO   ] 
  📍 the female factor (femalefactor.global)
2026-03-14 00:33:06 [INFO   ]     🔄 Fallback: info@femalefactor.global
2026-03-14 00:33:06 [INFO   ] 
  📍 xelectrix Power GmbH (xelectrix-power.com)
2026-03-14 00:33:06 [INFO   ]     🔄 Fallback: info@xelectrix-power.com
2026-03-14 00:33:08 [INFO   ] 
  📍 Österreichischer Städtebund (staedtebund.gv.at)
2026-03-14 00:33:08 [INFO   ]     🔄 Fallback: info@staedtebund.gv.at
2026-03-14 00:33:08 [INFO   ] 
======================================================================
2026-03-14 00:33:08 [INFO   ]   Staff emails  : 0
2026-03-14 00:33:08 [INFO   ]   Generic info@ : 98
2026-03-14 00:33:08 [INFO   ]   Total available: 98
2026-03-14 00:33:08 [INFO   ] ======================================================================
2026-03-14 00:33:27 [INFO   ] 
  Sending: 5 per profile × 8 profiles = 40 emails
2026-03-14 00:33:27 [INFO   ] 
  List:
2026-03-14 00:33:27 [INFO   ]       1. info@workinaustria.com
2026-03-14 00:33:27 [INFO   ]       2. info@adr-international.com
2026-03-14 00:33:27 [INFO   ]       3. info@ams-ai.com
2026-03-14 00:33:27 [INFO   ]       4. info@ars.at
2026-03-14 00:33:27 [INFO   ]       5. info@astron.co.at
2026-03-14 00:33:27 [INFO   ]       6. info@axis-aviation.com
2026-03-14 00:33:27 [INFO   ]       7. info@accurision.com
2026-03-14 00:33:27 [INFO   ]       8. info@agileleadershipjourney.com
2026-03-14 00:33:27 [INFO   ]       9. info@artingame.at
2026-03-14 00:33:27 [INFO   ]      10. info@austrian.audio
2026-03-14 00:33:27 [INFO   ]      11. info@austrianstartups.com
2026-03-14 00:33:27 [INFO   ]      12. info@wonderl.ink
2026-03-14 00:33:27 [INFO   ]      13. info@brainbirds.com
2026-03-14 00:33:27 [INFO   ]      14. info@bjv.at
2026-03-14 00:33:27 [INFO   ]      15. info@controllerakademie.de
2026-03-14 00:33:27 [INFO   ]      16. info@capus.se
2026-03-14 00:33:27 [INFO   ]      17. info@confare.at
2026-03-14 00:33:27 [INFO   ]      18. info@alpin-convention.com
2026-03-14 00:33:27 [INFO   ]      19. info@deltacon.com
2026-03-14 00:33:27 [INFO   ]      20. info@dayiii.com
2026-03-14 00:33:27 [INFO   ]      21. info@defenselead.com
2026-03-14 00:33:27 [INFO   ]      22. info@egstonpower.com
2026-03-14 00:33:27 [INFO   ]      23. info@ertlerexecutivesearch.com
2026-03-14 00:33:27 [INFO   ]      24. info@eblinger.at
2026-03-14 00:33:27 [INFO   ]      25. info@ellwoodconsulting.com
2026-03-14 00:33:27 [INFO   ]      26. info@eanm.org
2026-03-14 00:33:27 [INFO   ]      27. info@alpbach.org
2026-03-14 00:33:27 [INFO   ]      28. info@eb-austria.eu
2026-03-14 00:33:27 [INFO   ]      29. info@europarl.de
2026-03-14 00:33:27 [INFO   ]      30. info@expertechinc.com
2026-03-14 00:33:27 [INFO   ]      31. info@feei.at
2026-03-14 00:33:27 [INFO   ]      32. info@female-founders.org
2026-03-14 00:33:27 [INFO   ]      33. info@jobfestival.at
2026-03-14 00:33:27 [INFO   ]      34. info@gayo.se
2026-03-14 00:33:27 [INFO   ]      35. info@get.systems
2026-03-14 00:33:27 [INFO   ]      36. info@grafenegg.com
2026-03-14 00:33:27 [INFO   ]      37. info@groundtruthsolutions.org
2026-03-14 00:33:27 [INFO   ]      38. info@gruenewirtschaft.at
2026-03-14 00:33:27 [INFO   ]      39. info@hanalytica.com
2026-03-14 00:33:27 [INFO   ]      40. info@harvestmaster.com
2026-03-14 00:33:27 [INFO   ] 
  ✓ Template: email_template_with_link.htm
2026-03-14 00:33:27 [INFO   ] 
  Distribution across 8 profile(s):
2026-03-14 00:33:27 [INFO   ]     Profile 1 (m7mMvZI0.Profile 9): 5 emails
2026-03-14 00:33:27 [INFO   ]     Profile 2 (ifyvFjIj.Profile 15): 5 emails
2026-03-14 00:33:27 [INFO   ]     Profile 3 (RCn17qXW.Profile 13): 5 emails
2026-03-14 00:33:27 [INFO   ]     Profile 4 (SucUl2kq.Profile 11): 5 emails
2026-03-14 00:33:27 [INFO   ]     Profile 5 (1E3luMW0.Profile 14): 5 emails
2026-03-14 00:33:27 [INFO   ]     Profile 6 (8o7wlsow.Profile 10): 5 emails
2026-03-14 00:33:27 [INFO   ]     Profile 7 (RqhQVxMP.Profile 8): 5 emails
2026-03-14 00:33:27 [INFO   ]     Profile 8 (dnUqYTxV.Profile 12): 5 emails
2026-03-14 00:33:27 [INFO   ] 
======================================================================
2026-03-14 00:33:29 [INFO   ] 
  Sending 40 emails across 8 profile(s)...
2026-03-14 00:33:29 [INFO   ] 
[1/40] P1 | ABA – WORK in AUSTRIA
2026-03-14 00:33:29 [INFO   ]   → info@workinaustria.com
2026-03-14 00:33:33 [INFO   ]     ✓ SENT → info@workinaustria.com
2026-03-14 00:33:38 [INFO   ] 
  🔄 Switching to Profile 2 (ifyvFjIj.Profile 15) — waiting 5s...
2026-03-14 00:33:43 [INFO   ] 
[2/40] P2 | ADR International
2026-03-14 00:33:43 [INFO   ]   → info@adr-international.com
2026-03-14 00:33:47 [ERROR  ]     ✗ AUTH ERROR for {from_email} — check App Password
2026-03-14 00:33:47 [INFO   ] 
  🔄 Switching to Profile 3 (RCn17qXW.Profile 13) — waiting 5s...
2026-03-14 00:33:52 [INFO   ] 
[3/40] P3 | AMS Accelerate IT
2026-03-14 00:33:52 [INFO   ]   → info@ams-ai.com
2026-03-14 00:33:56 [INFO   ]     ✓ SENT → info@ams-ai.com
2026-03-14 00:34:01 [INFO   ] 
  🔄 Switching to Profile 4 (SucUl2kq.Profile 11) — waiting 5s...
2026-03-14 00:34:06 [INFO   ] 
[4/40] P4 | ARS - Akademie für Recht, Steuern & Wirtschaft
2026-03-14 00:34:06 [INFO   ]   → info@ars.at
2026-03-14 00:34:12 [INFO   ]     ✓ SENT → info@ars.at
2026-03-14 00:34:17 [INFO   ] 
  🔄 Switching to Profile 5 (1E3luMW0.Profile 14) — waiting 5s...
2026-03-14 00:34:22 [INFO   ] 
[5/40] P5 | ASTRON Electronic GmbH
2026-03-14 00:34:22 [INFO   ]   → info@astron.co.at
2026-03-14 00:34:27 [INFO   ]     ✓ SENT → info@astron.co.at
2026-03-14 00:34:32 [INFO   ] 
  🔄 Switching to Profile 6 (8o7wlsow.Profile 10) — waiting 5s...
2026-03-14 00:34:37 [INFO   ] 
[6/40] P6 | AXIS Aviation
2026-03-14 00:34:37 [INFO   ]   → info@axis-aviation.com
2026-03-14 00:34:42 [INFO   ]     ✓ SENT → info@axis-aviation.com
2026-03-14 00:34:42 [INFO   ] 💾 Progress saved — 5 emails sent total
2026-03-14 00:34:47 [INFO   ] 
  🔄 Switching to Profile 7 (RqhQVxMP.Profile 8) — waiting 5s...
2026-03-14 00:34:52 [INFO   ] 
[7/40] P7 | Accurision GmbH
2026-03-14 00:34:52 [INFO   ]   → info@accurision.com
2026-03-14 00:34:56 [INFO   ]     ✓ SENT → info@accurision.com
2026-03-14 00:35:01 [INFO   ] 
  🔄 Switching to Profile 8 (dnUqYTxV.Profile 12) — waiting 5s...
2026-03-14 00:35:06 [INFO   ] 
[8/40] P8 | Agile Leadership Journey
2026-03-14 00:35:06 [INFO   ]   → info@agileleadershipjourney.com
2026-03-14 00:35:10 [INFO   ]     ✓ SENT → info@agileleadershipjourney.com
2026-03-14 00:35:15 [INFO   ] 
  🔄 Switching to Profile 1 (m7mMvZI0.Profile 9) — waiting 5s...
2026-03-14 00:35:20 [INFO   ] 
[9/40] P1 | Artingame
2026-03-14 00:35:20 [INFO   ]   → info@artingame.at
2026-03-14 00:35:25 [INFO   ]     ✓ SENT → info@artingame.at
2026-03-14 00:35:30 [INFO   ] 
  🔄 Switching to Profile 2 (ifyvFjIj.Profile 15) — waiting 5s...
2026-03-14 00:35:35 [INFO   ] 
[10/40] P2 | Austrian Audio
2026-03-14 00:35:35 [INFO   ]   → info@austrian.audio
2026-03-14 00:35:38 [ERROR  ]     ✗ AUTH ERROR for {from_email} — check App Password
2026-03-14 00:35:38 [INFO   ] 
  🔄 Switching to Profile 3 (RCn17qXW.Profile 13) — waiting 5s...
2026-03-14 00:35:43 [INFO   ] 
[11/40] P3 | AustrianStartups
2026-03-14 00:35:43 [INFO   ]   → info@austrianstartups.com
2026-03-14 00:35:48 [INFO   ]     ✓ SENT → info@austrianstartups.com
2026-03-14 00:35:53 [INFO   ] 
  🔄 Switching to Profile 4 (SucUl2kq.Profile 11) — waiting 5s...
2026-03-14 00:35:58 [INFO   ] 
[12/40] P4 | Ballistix Academy
2026-03-14 00:35:58 [INFO   ]   → info@wonderl.ink
2026-03-14 00:36:02 [INFO   ]     ✓ SENT → info@wonderl.ink
2026-03-14 00:36:02 [INFO   ] 💾 Progress saved — 10 emails sent total
2026-03-14 00:36:07 [INFO   ] 
  🛑 Batch break after 10 sent — waiting 30s...
2026-03-14 00:36:37 [INFO   ] 
  🔄 Switching to Profile 5 (1E3luMW0.Profile 14) — waiting 5s...
2026-03-14 00:36:42 [INFO   ] 
[13/40] P5 | Brainbirds
2026-03-14 00:36:42 [INFO   ]   → info@brainbirds.com
2026-03-14 00:36:48 [INFO   ]     ✓ SENT → info@brainbirds.com
2026-03-14 00:36:53 [INFO   ] 
  🔄 Switching to Profile 6 (8o7wlsow.Profile 10) — waiting 5s...
2026-03-14 00:36:58 [INFO   ] 
[14/40] P6 | Bundesjugendvertretung
2026-03-14 00:36:58 [INFO   ]   → info@bjv.at
2026-03-14 00:37:02 [INFO   ]     ✓ SENT → info@bjv.at
2026-03-14 00:37:07 [INFO   ] 
  🔄 Switching to Profile 7 (RqhQVxMP.Profile 8) — waiting 5s...
2026-03-14 00:37:12 [INFO   ] 
[15/40] P7 | CA controller akademie
2026-03-14 00:37:12 [INFO   ]   → info@controllerakademie.de
2026-03-14 00:37:16 [INFO   ]     ✓ SENT → info@controllerakademie.de
2026-03-14 00:37:21 [INFO   ] 
  🔄 Switching to Profile 8 (dnUqYTxV.Profile 12) — waiting 5s...
2026-03-14 00:37:26 [INFO   ] 
[16/40] P8 | Capus AB - Talentor Sweden
2026-03-14 00:37:26 [INFO   ]   → info@capus.se
2026-03-14 00:37:30 [INFO   ]     ✓ SENT → info@capus.se
2026-03-14 00:37:35 [INFO   ] 
  🔄 Switching to Profile 1 (m7mMvZI0.Profile 9) — waiting 5s...
2026-03-14 00:37:40 [INFO   ] 
[17/40] P1 | Confare - Gemeinsam. Besser. Machen.
2026-03-14 00:37:40 [INFO   ]   → info@confare.at
2026-03-14 00:37:45 [INFO   ]     ✓ SENT → info@confare.at
2026-03-14 00:37:45 [INFO   ] 💾 Progress saved — 15 emails sent total
2026-03-14 00:37:50 [INFO   ] 
  🔄 Switching to Profile 2 (ifyvFjIj.Profile 15) — waiting 5s...
2026-03-14 00:37:55 [INFO   ] 
[18/40] P2 | Congresservice Alpin Convention GmbH
2026-03-14 00:37:55 [INFO   ]   → info@alpin-convention.com
2026-03-14 00:37:58 [ERROR  ]     ✗ AUTH ERROR for {from_email} — check App Password
2026-03-14 00:37:58 [INFO   ] 
  🔄 Switching to Profile 3 (RCn17qXW.Profile 13) — waiting 5s...
2026-03-14 00:38:03 [INFO   ] 
[19/40] P3 | DELTACON Executive Search
2026-03-14 00:38:03 [INFO   ]   → info@deltacon.com
2026-03-14 00:38:08 [INFO   ]     ✓ SENT → info@deltacon.com
2026-03-14 00:38:13 [INFO   ] 
  🔄 Switching to Profile 4 (SucUl2kq.Profile 11) — waiting 5s...
2026-03-14 00:38:18 [INFO   ] 
[20/40] P4 | Day III Digital
2026-03-14 00:38:18 [INFO   ]   → info@dayiii.com
2026-03-14 00:38:22 [INFO   ]     ✓ SENT → info@dayiii.com
2026-03-14 00:38:27 [INFO   ] 
  🔄 Switching to Profile 5 (1E3luMW0.Profile 14) — waiting 5s...
2026-03-14 00:38:32 [INFO   ] 
[21/40] P5 | DefenseLead | Pre-Event Visibility for Defense Trade Shows
2026-03-14 00:38:32 [INFO   ]   → info@defenselead.com
2026-03-14 00:38:37 [INFO   ]     ✓ SENT → info@defenselead.com
2026-03-14 00:38:42 [INFO   ] 
  🔄 Switching to Profile 6 (8o7wlsow.Profile 10) — waiting 5s...
2026-03-14 00:38:47 [INFO   ] 
[22/40] P6 | EGSTON Power Electronics
2026-03-14 00:38:47 [INFO   ]   → info@egstonpower.com
2026-03-14 00:38:51 [INFO   ]     ✓ SENT → info@egstonpower.com
2026-03-14 00:38:56 [INFO   ] 
  🔄 Switching to Profile 7 (RqhQVxMP.Profile 8) — waiting 5s...
2026-03-14 00:39:01 [INFO   ] 
[23/40] P7 | ERTLER EXECUTIVE SEARCH
2026-03-14 00:39:01 [INFO   ]   → info@ertlerexecutivesearch.com
2026-03-14 00:39:05 [INFO   ]     ✓ SENT → info@ertlerexecutivesearch.com
2026-03-14 00:39:05 [INFO   ] 💾 Progress saved — 20 emails sent total
2026-03-14 00:39:10 [INFO   ] 
  🛑 Batch break after 20 sent — waiting 30s...
2026-03-14 00:39:40 [INFO   ] 
  🔄 Switching to Profile 8 (dnUqYTxV.Profile 12) — waiting 5s...
2026-03-14 00:39:45 [INFO   ] 
[24/40] P8 | Eblinger & Partner Personal- und Managementberatungs GmbH
2026-03-14 00:39:45 [INFO   ]   → info@eblinger.at
2026-03-14 00:39:50 [INFO   ]     ✓ SENT → info@eblinger.at
2026-03-14 00:39:55 [INFO   ] 
  🔄 Switching to Profile 1 (m7mMvZI0.Profile 9) — waiting 5s...
2026-03-14 00:40:00 [INFO   ] 
[25/40] P1 | Ellwood Consulting
2026-03-14 00:40:00 [INFO   ]   → info@ellwoodconsulting.com
2026-03-14 00:40:04 [INFO   ]     ✓ SENT → info@ellwoodconsulting.com
2026-03-14 00:40:09 [INFO   ] 
  🔄 Switching to Profile 2 (ifyvFjIj.Profile 15) — waiting 5s...
2026-03-14 00:40:14 [INFO   ] 
[26/40] P2 | European Association of Nuclear Medicine (EANM)
2026-03-14 00:40:14 [INFO   ]   → info@eanm.org
2026-03-14 00:40:17 [ERROR  ]     ✗ AUTH ERROR for {from_email} — check App Password
2026-03-14 00:40:17 [INFO   ] 
  🔄 Switching to Profile 3 (RCn17qXW.Profile 13) — waiting 5s...
2026-03-14 00:40:22 [INFO   ] 
[27/40] P3 | European Forum Alpbach
2026-03-14 00:40:22 [INFO   ]   → info@alpbach.org
2026-03-14 00:40:27 [INFO   ]     ✓ SENT → info@alpbach.org
2026-03-14 00:40:32 [INFO   ] 
  🔄 Switching to Profile 4 (SucUl2kq.Profile 11) — waiting 5s...
2026-03-14 00:40:37 [INFO   ] 
[28/40] P4 | Europäische Bewegung Österreich
2026-03-14 00:40:37 [INFO   ]   → info@eb-austria.eu
2026-03-14 00:40:42 [INFO   ]     ✓ SENT → info@eb-austria.eu
2026-03-14 00:40:47 [INFO   ] 
  🔄 Switching to Profile 5 (1E3luMW0.Profile 14) — waiting 5s...
2026-03-14 00:40:52 [INFO   ] 
[29/40] P5 | Europäisches Parlament
2026-03-14 00:40:52 [INFO   ]   → info@europarl.de
2026-03-14 00:40:56 [INFO   ]     ✓ SENT → info@europarl.de
2026-03-14 00:40:56 [INFO   ] 💾 Progress saved — 25 emails sent total
2026-03-14 00:41:01 [INFO   ] 
  🔄 Switching to Profile 6 (8o7wlsow.Profile 10) — waiting 5s...
2026-03-14 00:41:06 [INFO   ] 
[30/40] P6 | ExperTech Recruiting
2026-03-14 00:41:06 [INFO   ]   → info@expertechinc.com
2026-03-14 00:41:10 [INFO   ]     ✓ SENT → info@expertechinc.com
2026-03-14 00:41:15 [INFO   ] 
  🔄 Switching to Profile 7 (RqhQVxMP.Profile 8) — waiting 5s...
2026-03-14 00:41:20 [INFO   ] 
[31/40] P7 | Fachverband der Elektro- & Elektronikindustrie
2026-03-14 00:41:20 [INFO   ]   → info@feei.at
2026-03-14 00:41:24 [INFO   ]     ✓ SENT → info@feei.at
2026-03-14 00:41:29 [INFO   ] 
  🔄 Switching to Profile 8 (dnUqYTxV.Profile 12) — waiting 5s...
2026-03-14 00:41:34 [INFO   ] 
[32/40] P8 | Female Founders
2026-03-14 00:41:34 [INFO   ]   → info@female-founders.org
2026-03-14 00:41:39 [INFO   ]     ✓ SENT → info@female-founders.org
2026-03-14 00:41:44 [INFO   ] 
  🔄 Switching to Profile 1 (m7mMvZI0.Profile 9) — waiting 5s...
2026-03-14 00:41:49 [INFO   ] 
[33/40] P1 | GROW Jobfestival
2026-03-14 00:41:49 [INFO   ]   → info@jobfestival.at
2026-03-14 00:41:54 [INFO   ]     ✓ SENT → info@jobfestival.at
2026-03-14 00:41:59 [INFO   ] 
  🔄 Switching to Profile 2 (ifyvFjIj.Profile 15) — waiting 5s...
2026-03-14 00:42:04 [INFO   ] 
[34/40] P2 | Gayo Aviation
2026-03-14 00:42:04 [INFO   ]   → info@gayo.se
2026-03-14 00:42:07 [ERROR  ]     ✗ AUTH ERROR for {from_email} — check App Password
2026-03-14 00:42:07 [INFO   ] 
  🔄 Switching to Profile 3 (RCn17qXW.Profile 13) — waiting 5s...
2026-03-14 00:42:12 [INFO   ] 
[35/40] P3 | Global Event Technologies
2026-03-14 00:42:12 [INFO   ]   → info@get.systems
2026-03-14 00:42:17 [INFO   ]     ✓ SENT → info@get.systems
2026-03-14 00:42:17 [INFO   ] 💾 Progress saved — 30 emails sent total
2026-03-14 00:42:22 [INFO   ] 
  🛑 Batch break after 30 sent — waiting 30s...
2026-03-14 00:42:52 [INFO   ] 
  🔄 Switching to Profile 4 (SucUl2kq.Profile 11) — waiting 5s...
2026-03-14 00:42:57 [INFO   ] 
[36/40] P4 | Grafenegg Kulturbetriebsgesellschaft
2026-03-14 00:42:57 [INFO   ]   → info@grafenegg.com
2026-03-14 00:43:01 [INFO   ]     ✓ SENT → info@grafenegg.com
2026-03-14 00:43:06 [INFO   ] 
  🔄 Switching to Profile 5 (1E3luMW0.Profile 14) — waiting 5s...
2026-03-14 00:43:11 [INFO   ] 
[37/40] P5 | Ground Truth Solutions
2026-03-14 00:43:11 [INFO   ]   → info@groundtruthsolutions.org
2026-03-14 00:43:15 [INFO   ]     ✓ SENT → info@groundtruthsolutions.org
2026-03-14 00:43:20 [INFO   ] 
  🔄 Switching to Profile 6 (8o7wlsow.Profile 10) — waiting 5s...
2026-03-14 00:43:25 [INFO   ] 
[38/40] P6 | Grüne Wirtschaft Österreich
2026-03-14 00:43:25 [INFO   ]   → info@gruenewirtschaft.at
2026-03-14 00:43:30 [INFO   ]     ✓ SENT → info@gruenewirtschaft.at
2026-03-14 00:43:35 [INFO   ] 
  🔄 Switching to Profile 7 (RqhQVxMP.Profile 8) — waiting 5s...
2026-03-14 00:43:40 [INFO   ] 
[39/40] P7 | Hanalytica GmbH
2026-03-14 00:43:40 [INFO   ]   → info@hanalytica.com
2026-03-14 00:43:44 [INFO   ]     ✓ SENT → info@hanalytica.com
2026-03-14 00:43:49 [INFO   ] 
  🔄 Switching to Profile 8 (dnUqYTxV.Profile 12) — waiting 5s...
2026-03-14 00:43:54 [INFO   ] 
[40/40] P8 | HarvestMaster
2026-03-14 00:43:54 [INFO   ]   → info@harvestmaster.com
2026-03-14 00:43:58 [INFO   ]     ✓ SENT → info@harvestmaster.com
2026-03-14 00:43:58 [INFO   ] 💾 Progress saved — 35 emails sent total
2026-03-14 00:44:03 [INFO   ] 💾 Progress saved — 35 emails sent total
2026-03-14 00:44:03 [INFO   ] 
======================================================================
2026-03-14 00:44:03 [INFO   ]   DONE
2026-03-14 00:44:03 [INFO   ] ======================================================================
2026-03-14 00:44:03 [INFO   ]   ✓ Sent this run : 35
2026-03-14 00:44:03 [INFO   ]   ✗ Failed        : 5
2026-03-14 00:44:03 [INFO   ]   📧 Grand total  : 35
2026-03-14 00:44:03 [INFO   ]   💡 To start fresh, delete: email_progress_linkedin.json
2026-03-14 00:44:03 [INFO   ] ======================================================================
2026-03-14 06:47:37 [INFO   ] ======================================================================
2026-03-14 06:47:37 [INFO   ]   LINKEDIN DB — COLD EMAIL SENDER
2026-03-14 06:47:37 [INFO   ]   Run started: 2026-03-14 06:47:37
2026-03-14 06:47:37 [INFO   ]   Log file   : C:\Users\sandeep\Downloads\CVL\send_linkedin_campaigns.log
2026-03-14 06:47:37 [INFO   ] ======================================================================
2026-03-14 06:47:37 [INFO   ] 
  Database : C:\Users\sandeep\Downloads\CVL\linkedin_data.db
2026-03-14 06:47:37 [INFO   ]   Companies: 150  (with domain: 150)
2026-03-14 06:47:37 [INFO   ]   Employees: 296
2026-03-14 06:47:37 [INFO   ] 
  Countries available:
2026-03-14 06:47:37 [INFO   ]      1. Austria  (150 companies)
2026-03-14 06:47:37 [INFO   ]      2. All countries
2026-03-14 06:47:42 [INFO   ] 
  Country filter: All
2026-03-14 06:47:42 [INFO   ] ✓ Loaded 10 SMTP password(s)
2026-03-14 06:47:42 [INFO   ]   ✓ 8 sending profile(s) ready
2026-03-14 06:47:42 [INFO   ] 
  📋 Resume mode: 35 emails already sent
2026-03-14 06:47:42 [INFO   ]      Companies already contacted: 35
2026-03-14 06:47:42 [INFO   ] 
  Loading companies from database...
2026-03-14 06:47:42 [INFO   ] 
  ✗ Fatal error: near "AND": syntax error
2026-03-14 06:48:45 [INFO   ] ======================================================================
2026-03-14 06:48:45 [INFO   ]   LINKEDIN DB — COLD EMAIL SENDER
2026-03-14 06:48:45 [INFO   ]   Run started: 2026-03-14 06:48:45
2026-03-14 06:48:45 [INFO   ]   Log file   : C:\Users\sandeep\Downloads\CVL\send_linkedin_campaigns.log
2026-03-14 06:48:45 [INFO   ] ======================================================================
2026-03-14 06:48:45 [INFO   ] 
  Database : C:\Users\sandeep\Downloads\CVL\linkedin_data.db
2026-03-14 06:48:45 [INFO   ]   Companies: 150  (with domain: 150)
2026-03-14 06:48:45 [INFO   ]   Employees: 296
2026-03-14 06:48:45 [INFO   ] 
  Countries available:
2026-03-14 06:48:45 [INFO   ]      1. Austria  (150 companies)
2026-03-14 06:48:45 [INFO   ]      2. All countries
2026-03-14 06:48:49 [INFO   ] 
  Country filter: Austria
2026-03-14 06:48:49 [INFO   ] ✓ Loaded 10 SMTP password(s)
2026-03-14 06:48:49 [INFO   ]   ✓ 8 sending profile(s) ready
2026-03-14 06:48:49 [INFO   ] 
  📋 Resume mode: 35 emails already sent
2026-03-14 06:48:49 [INFO   ]      Companies already contacted: 35
2026-03-14 06:48:49 [INFO   ] 
  Loading companies from database...
2026-03-14 06:48:49 [INFO   ]   ✓ 150 companies loaded
2026-03-14 06:48:49 [INFO   ] 
======================================================================
2026-03-14 06:48:49 [INFO   ]   BUILDING EMAIL LIST
2026-03-14 06:48:49 [INFO   ] ======================================================================
2026-03-14 06:48:49 [INFO   ]   ⏭️  Skipping ABA – WORK in AUSTRIA (already contacted)
2026-03-14 06:48:50 [INFO   ] 
  📍 ADR International (adr-international.com)
2026-03-14 06:48:50 [INFO   ]     🔄 Fallback: info@adr-international.com
2026-03-14 06:48:50 [INFO   ] 
  📍 ADSUM Brandschutz- und Sicherheitsconsult GmbH (adsum.at)
2026-03-14 06:48:50 [INFO   ]     🔄 Fallback: info@adsum.at
2026-03-14 06:48:50 [INFO   ]   ⏭️  Skipping AMS Accelerate IT (already contacted)
2026-03-14 06:48:50 [INFO   ]   ⏭️  Skipping ARS - Akademie für Recht, Steuern & Wirtschaft (already contacted)
2026-03-14 06:48:50 [INFO   ]   ⏭️  Skipping ASTRON Electronic GmbH (already contacted)
2026-03-14 06:48:50 [INFO   ] 
  📍 AV-Comparatives (av-comparatives.org)
2026-03-14 06:48:50 [INFO   ]     🔄 Fallback: info@av-comparatives.org
2026-03-14 06:48:50 [INFO   ]   ⏭️  Skipping AXIS Aviation (already contacted)
2026-03-14 06:48:50 [INFO   ]   ⏭️  Skipping Accurision GmbH (already contacted)
2026-03-14 06:48:50 [INFO   ]   ⏭️  Skipping Agile Leadership Journey (already contacted)
2026-03-14 06:48:50 [ERROR  ]   ❌ Alpine Defence Technologies GmbH: domain 'alpinedefence.com' does not resolve — skipped
2026-03-14 06:48:50 [INFO   ]   ⏭️  Skipping Artingame (already contacted)
2026-03-14 06:48:50 [INFO   ] 
  📍 Austrian Audio (austrian.audio)
2026-03-14 06:48:50 [INFO   ]     🔄 Fallback: info@austrian.audio
2026-03-14 06:48:50 [INFO   ]   ⏭️  Skipping AustrianStartups (already contacted)
2026-03-14 06:48:50 [INFO   ] 
  📍 Aviation-Event (aviation-event.de)
2026-03-14 06:48:50 [INFO   ]     🔄 Fallback: info@aviation-event.de
2026-03-14 06:48:50 [INFO   ]   ⏭️  Skipping Ballistix Academy (already contacted)
2026-03-14 06:48:50 [INFO   ] 
  📍 Barabaka Studio (barabaka.studio)
2026-03-14 06:48:50 [INFO   ]     🔄 Fallback: info@barabaka.studio
2026-03-14 06:48:50 [INFO   ] 
  📍 Berufsdetektei Marent (berufsdetektei-marent-og.at)
2026-03-14 06:48:50 [INFO   ]     🔄 Fallback: info@berufsdetektei-marent-og.at
2026-03-14 06:48:50 [INFO   ]   ⏭️  Skipping Brainbirds (already contacted)
2026-03-14 06:48:50 [INFO   ]   ⏭️  Skipping Bundesjugendvertretung (already contacted)
2026-03-14 06:48:50 [INFO   ]   ⏭️  Skipping CA controller akademie (already contacted)
2026-03-14 06:48:51 [INFO   ] 
  📍 CERT.at (cert.at)
2026-03-14 06:48:51 [INFO   ]     🔄 Fallback: info@cert.at
2026-03-14 06:48:51 [INFO   ] 
  📍 COworkingSPACE Vöcklabruck (coworkingspace4840.jimdofree.com)
2026-03-14 06:48:51 [INFO   ]     🔄 Fallback: info@coworkingspace4840.jimdofree.com
2026-03-14 06:48:51 [INFO   ]   ⏭️  Skipping Capus AB - Talentor Sweden (already contacted)
2026-03-14 06:48:51 [INFO   ] 
  📍 Chaleit (chaleit.com)
2026-03-14 06:48:51 [INFO   ]     🔄 Fallback: info@chaleit.com
2026-03-14 06:48:51 [INFO   ]   ⏭️  Skipping Confare - Gemeinsam. Besser. Machen. (already contacted)
2026-03-14 06:48:52 [INFO   ] 
  📍 Congresservice Alpin Convention GmbH (alpin-convention.com)
2026-03-14 06:48:52 [INFO   ]     🔄 Fallback: info@alpin-convention.com
2026-03-14 06:48:52 [INFO   ]   ⏭️  Skipping DELTACON Executive Search (already contacted)
2026-03-14 06:48:52 [INFO   ] 
  📍 DIE MACHER - Wirtschafts- & Lifestylemagazin (diemacher.at)
2026-03-14 06:48:52 [INFO   ]     🔄 Fallback: info@diemacher.at
2026-03-14 06:48:52 [INFO   ] 
  📍 Das Erlebnismanagement GmbH (erlebnismanagement.com)
2026-03-14 06:48:52 [INFO   ]     🔄 Fallback: info@erlebnismanagement.com
2026-03-14 06:48:52 [INFO   ]   ⏭️  Skipping Day III Digital (already contacted)
2026-03-14 06:48:52 [INFO   ]   ⏭️  Skipping DefenseLead | Pre-Event Visibility for Defense Trade Shows (already contacted)
2026-03-14 06:48:52 [INFO   ]   ⏭️  Skipping EGSTON Power Electronics (already contacted)
2026-03-14 06:48:52 [INFO   ]   ⏭️  Skipping ERTLER EXECUTIVE SEARCH (already contacted)
2026-03-14 06:48:52 [INFO   ]   ⏭️  Skipping Eblinger & Partner Personal- und Managementberatungs GmbH (already contacted)
2026-03-14 06:48:52 [INFO   ]   ⏭️  Skipping Ellwood Consulting (already contacted)
2026-03-14 06:48:52 [INFO   ] 
  📍 European Association of Nuclear Medicine (EANM) (eanm.org)
2026-03-14 06:48:52 [INFO   ]     🔄 Fallback: info@eanm.org
2026-03-14 06:48:52 [INFO   ]   ⏭️  Skipping European Forum Alpbach (already contacted)
2026-03-14 06:48:52 [INFO   ]   ⏭️  Skipping Europäische Bewegung Österreich (already contacted)
2026-03-14 06:48:52 [INFO   ]   ⏭️  Skipping Europäisches Parlament (already contacted)
2026-03-14 06:48:52 [INFO   ]   ⏭️  Skipping ExperTech Recruiting (already contacted)
2026-03-14 06:48:53 [INFO   ] 
  📍 FOREUS - Private Intelligence Service (foreus.at)
2026-03-14 06:48:53 [INFO   ]     🔄 Fallback: info@foreus.at
2026-03-14 06:48:53 [INFO   ]   ⏭️  Skipping Fachverband der Elektro- & Elektronikindustrie (already contacted)
2026-03-14 06:48:53 [INFO   ] 
  📍 Falcon Real Estate Investment Management (falconreal.com)
2026-03-14 06:48:53 [INFO   ]     🔄 Fallback: info@falconreal.com
2026-03-14 06:48:53 [INFO   ]   ⏭️  Skipping Female Founders (already contacted)
2026-03-14 06:48:54 [INFO   ] 
  📍 FlyNow Aviation (flynow-aviation.com)
2026-03-14 06:48:54 [INFO   ]     🔄 Fallback: info@flynow-aviation.com
2026-03-14 06:48:54 [INFO   ] 
  📍 Friendly Fire Communications GmbH (friendlyfire.at)
2026-03-14 06:48:54 [INFO   ]     🔄 Fallback: info@friendlyfire.at
2026-03-14 06:48:54 [INFO   ]   ⏭️  Skipping GROW Jobfestival (already contacted)
2026-03-14 06:48:54 [INFO   ] 
  📍 Gastro.News (gastro.news)
2026-03-14 06:48:54 [INFO   ]     🔄 Fallback: info@gastro.news
2026-03-14 06:48:55 [INFO   ] 
  📍 Gayo Aviation (gayo.se)
2026-03-14 06:48:55 [INFO   ]     🔄 Fallback: info@gayo.se
2026-03-14 06:48:55 [INFO   ]   ⏭️  Skipping Global Event Technologies (already contacted)
2026-03-14 06:48:55 [INFO   ]   ⏭️  Skipping Grafenegg Kulturbetriebsgesellschaft (already contacted)
2026-03-14 06:48:55 [INFO   ]   ⏭️  Skipping Ground Truth Solutions (already contacted)
2026-03-14 06:48:55 [INFO   ]   ⏭️  Skipping Grüne Wirtschaft Österreich (already contacted)
2026-03-14 06:48:55 [INFO   ] 
  📍 HACKATTACK IT SECURITY GmbH (hackattack.com)
2026-03-14 06:48:55 [INFO   ]     🔄 Fallback: info@hackattack.com
2026-03-14 06:48:55 [INFO   ] 
  📍 HOLZKURIER (holzkurier.com)
2026-03-14 06:48:55 [INFO   ]     🔄 Fallback: info@holzkurier.com
2026-03-14 06:48:55 [INFO   ]   ⏭️  Skipping Hanalytica GmbH (already contacted)
2026-03-14 06:48:55 [INFO   ]   ⏭️  Skipping HarvestMaster (already contacted)
2026-03-14 06:48:55 [INFO   ] 
  📍 INCYDE (incyde.com)
2026-03-14 06:48:55 [INFO   ]     🔄 Fallback: info@incyde.com
2026-03-14 06:48:55 [INFO   ] 
  📍 International Board of Lactation Consultant Examiners® (IBLCE®) (iblce.org)
2026-03-14 06:48:55 [INFO   ]     🔄 Fallback: info@iblce.org
2026-03-14 06:48:55 [INFO   ] 
  📍 International Press Institute (IPI) (ipi.media)
2026-03-14 06:48:55 [INFO   ]     🔄 Fallback: info@ipi.media
2026-03-14 06:48:55 [INFO   ] 
  📍 IoE - Institute of Entrepreneurship (ioe.expert)
2026-03-14 06:48:55 [INFO   ]     🔄 Fallback: info@ioe.expert
2026-03-14 06:48:56 [INFO   ] 
  📍 JetClass (jetclass.com)
2026-03-14 06:48:56 [INFO   ]     🔄 Fallback: info@jetclass.com
2026-03-14 06:48:58 [INFO   ] 
  📍 KMU Akademie (kmuakademie.ac.at)
2026-03-14 06:48:58 [INFO   ]     🔄 Fallback: info@kmuakademie.ac.at
2026-03-14 06:48:58 [INFO   ] 
  📍 Karajan Institute (karajan-institut.org)
2026-03-14 06:48:58 [INFO   ]     🔄 Fallback: info@karajan-institut.org
2026-03-14 06:48:58 [INFO   ] 
  📍 KinoSec.ai (kinosec.ai)
2026-03-14 06:48:58 [INFO   ]     🔄 Fallback: info@kinosec.ai
2026-03-14 06:48:58 [INFO   ] 
  📍 Kolme Group (kolmegroup.com)
2026-03-14 06:48:58 [INFO   ]     🔄 Fallback: info@kolmegroup.com
2026-03-14 06:48:58 [INFO   ] 
  📍 KraftPal (kraftpal.com)
2026-03-14 06:48:58 [INFO   ]     🔄 Fallback: info@kraftpal.com
2026-03-14 06:48:59 [INFO   ] 
  📍 Künstleragentur Dr. Raab & Dr. Böhm (rbartists.at)
2026-03-14 06:48:59 [INFO   ]     🔄 Fallback: info@rbartists.at
2026-03-14 06:48:59 [INFO   ] 
  📍 LSZ - Future Connections (lsz.at)
2026-03-14 06:48:59 [INFO   ]     🔄 Fallback: info@lsz.at
2026-03-14 06:48:59 [INFO   ] 
  📍 LUMITECH Lighting Solution GmbH (lumitech.com)
2026-03-14 06:48:59 [INFO   ]     🔄 Fallback: info@lumitech.com
2026-03-14 06:48:59 [INFO   ] 
  📍 Limes Security (limessecurity.com)
2026-03-14 06:48:59 [INFO   ]     🔄 Fallback: info@limessecurity.com
2026-03-14 06:48:59 [INFO   ] 
  📍 LiveTec GmbH (livetec.tv)
2026-03-14 06:48:59 [INFO   ]     🔄 Fallback: info@livetec.tv
2026-03-14 06:49:00 [INFO   ] 
  📍 Lywand Software GmbH (lywand.com)
2026-03-14 06:49:00 [INFO   ]     🔄 Fallback: info@lywand.com
2026-03-14 06:49:00 [INFO   ] 
  📍 MATILAN Security Services GmbH (matilan.at)
2026-03-14 06:49:00 [INFO   ]     🔄 Fallback: info@matilan.at
2026-03-14 06:49:00 [INFO   ] 
  📍 MCS Management Consulting & Selection (mcs-selection.it)
2026-03-14 06:49:00 [INFO   ]     🔄 Fallback: info@mcs-selection.it
2026-03-14 06:49:00 [INFO   ] 
  📍 MD Education (md-education.com)
2026-03-14 06:49:00 [INFO   ]     🔄 Fallback: info@md-education.com
2026-03-14 06:49:00 [INFO   ] 
  📍 MEDIASQUAD (msq.at)
2026-03-14 06:49:00 [INFO   ]     🔄 Fallback: info@msq.at
2026-03-14 06:49:00 [INFO   ] 
  📍 MO Production™️ (mo-production.at)
2026-03-14 06:49:00 [INFO   ]     🔄 Fallback: info@mo-production.at
2026-03-14 06:49:00 [INFO   ] 
  📍 Messe Dornbirn GmbH (linktr.ee)
2026-03-14 06:49:00 [INFO   ]     🔄 Fallback: info@linktr.ee
2026-03-14 06:49:01 [INFO   ] 
  📍 Mira Technologies GmbH (miratechnologies.at)
2026-03-14 06:49:01 [INFO   ]     🔄 Fallback: info@miratechnologies.at
2026-03-14 06:49:01 [INFO   ] 
  📍 Modesta Real Estate (modesta.at)
2026-03-14 06:49:01 [INFO   ]     🔄 Fallback: info@modesta.at
2026-03-14 06:49:01 [INFO   ] 
  📍 Moment Magazin (moment.at)
2026-03-14 06:49:01 [INFO   ]     🔄 Fallback: info@moment.at
2026-03-14 06:49:01 [INFO   ] 
  📍 Movemeon (movemeon.com)
2026-03-14 06:49:01 [INFO   ]     🔄 Fallback: info@movemeon.com
2026-03-14 06:49:02 [INFO   ] 
  📍 NEOS Wien (wien.neos.eu)
2026-03-14 06:49:02 [INFO   ]     🔄 Fallback: info@wien.neos.eu
2026-03-14 06:49:02 [INFO   ] 
  📍 OKTAV (oktav.com)
2026-03-14 06:49:02 [INFO   ]     🔄 Fallback: info@oktav.com
2026-03-14 06:49:02 [INFO   ] 
  📍 OMICRON Lab (omicron-lab.com)
2026-03-14 06:49:02 [INFO   ]     🔄 Fallback: info@omicron-lab.com
2026-03-14 06:49:02 [INFO   ] 
  📍 OSCE (osce.org)
2026-03-14 06:49:02 [INFO   ]     🔄 Fallback: info@osce.org
2026-03-14 06:49:02 [INFO   ] 
  📍 Otti und Partner - Ihr Personal Management (otti.at)
2026-03-14 06:49:02 [INFO   ]     🔄 Fallback: info@otti.at
2026-03-14 06:49:02 [INFO   ] 
  📍 PIXELvienna (pixelvienna.com)
2026-03-14 06:49:02 [INFO   ]     🔄 Fallback: info@pixelvienna.com
2026-03-14 06:49:03 [INFO   ] 
  📍 PS locks GmbH - electronic furniture locks with RFID / Bluetooth (pslocks.com)
2026-03-14 06:49:03 [INFO   ]     🔄 Fallback: info@pslocks.com
2026-03-14 06:49:03 [INFO   ] 
  📍 Platogo (platogo.com)
2026-03-14 06:49:03 [INFO   ]     🔄 Fallback: info@platogo.com
2026-03-14 06:49:06 [INFO   ] 
  📍 Pow Wow Entertainment (pow-wow.com)
2026-03-14 06:49:06 [INFO   ]     🔄 Fallback: info@pow-wow.com
2026-03-14 06:49:06 [INFO   ] 
  📍 QCM Holding (qcm.ch)
2026-03-14 06:49:06 [INFO   ]     🔄 Fallback: info@qcm.ch
2026-03-14 06:49:07 [INFO   ] 
  📍 RABCAT (rabcat.com)
2026-03-14 06:49:07 [INFO   ]     🔄 Fallback: info@rabcat.com
2026-03-14 06:49:07 [INFO   ] 
  📍 REEEP - Renewable Energy and Energy Efficiency Partnership (reeep.org)
2026-03-14 06:49:07 [INFO   ]     🔄 Fallback: info@reeep.org
2026-03-14 06:49:07 [INFO   ] 
  📍 RSPC Ltd Investigations (rspartner.net)
2026-03-14 06:49:07 [INFO   ]     🔄 Fallback: info@rspartner.net
2026-03-14 06:49:08 [INFO   ] 
  📍 Raiffeisen Campus (raiffeisencampus.at)
2026-03-14 06:49:08 [INFO   ]     🔄 Fallback: info@raiffeisencampus.at
2026-03-14 06:49:08 [ERROR  ]   ❌ Rare Earth Games: domain 'rareearth.io' does not resolve — skipped
2026-03-14 06:49:08 [INFO   ] 
  📍 Rarebyte (rarebyte.com)
2026-03-14 06:49:08 [INFO   ]     🔄 Fallback: info@rarebyte.com
2026-03-14 06:49:09 [INFO   ] 
  📍 Rebeat Digital GmbH (rebeat.com)
2026-03-14 06:49:09 [INFO   ]     🔄 Fallback: info@rebeat.com
2026-03-14 06:49:09 [INFO   ] 
  📍 Redox Interactive (redox-interactive.com)
2026-03-14 06:49:09 [INFO   ]     🔄 Fallback: info@redox-interactive.com
2026-03-14 06:49:09 [INFO   ] 
  📍 Regal Verlagsges.m.b.H (regal.at)
2026-03-14 06:49:09 [INFO   ]     🔄 Fallback: info@regal.at
2026-03-14 06:49:09 [INFO   ] 
  📍 SCOTTY Group Austria (scottygroup.com)
2026-03-14 06:49:09 [INFO   ]     🔄 Fallback: info@scottygroup.com
2026-03-14 06:49:09 [INFO   ] 
  📍 SOMMER Messtechnik (sommer.at)
2026-03-14 06:49:09 [INFO   ]     🔄 Fallback: info@sommer.at
2026-03-14 06:49:09 [INFO   ] 
  📍 STYX Sicherheitstechnik GmbH (styx-systems.at)
2026-03-14 06:49:09 [INFO   ]     🔄 Fallback: info@styx-systems.at
2026-03-14 06:49:09 [INFO   ] 
  📍 Servitalent (servitalent.com)
2026-03-14 06:49:09 [INFO   ]     🔄 Fallback: info@servitalent.com
2026-03-14 06:49:09 [INFO   ] 
  📍 Strike Aviation Group (strike.aero)
2026-03-14 06:49:09 [INFO   ]     🔄 Fallback: info@strike.aero
2026-03-14 06:49:10 [INFO   ] 
  📍 Superar Austria (superar.eu)
2026-03-14 06:49:10 [INFO   ]     🔄 Fallback: info@superar.eu
2026-03-14 06:49:10 [INFO   ] 
  📍 TAURUS Sicherheitstechnik (taurus-sicherheitstechnik.com)
2026-03-14 06:49:10 [INFO   ]     🔄 Fallback: info@taurus-sicherheitstechnik.com
2026-03-14 06:49:10 [INFO   ] 
  📍 TCSS Trusted Cyber Security Solutions GmbH (tcss.eu)
2026-03-14 06:49:10 [INFO   ]     🔄 Fallback: info@tcss.eu
2026-03-14 06:49:10 [INFO   ] 
  📍 TEDAI Vienna (tedai-vienna.ted.com)
2026-03-14 06:49:10 [INFO   ]     🔄 Fallback: info@tedai-vienna.ted.com
2026-03-14 06:49:10 [INFO   ] 
  📍 TIMBER-ONLINE.net (timber-online.net)
2026-03-14 06:49:10 [INFO   ]     🔄 Fallback: info@timber-online.net
2026-03-14 06:49:10 [INFO   ] 
  📍 TIROLERIN (tirolerin.at)
2026-03-14 06:49:10 [INFO   ]     🔄 Fallback: info@tirolerin.at
2026-03-14 06:49:11 [INFO   ] 
  📍 Talentor Austria (talentor.at)
2026-03-14 06:49:11 [INFO   ]     🔄 Fallback: info@talentor.at
2026-03-14 06:49:11 [INFO   ] 
  📍 Tech & Nature (techandnature.com)
2026-03-14 06:49:11 [INFO   ]     🔄 Fallback: info@techandnature.com
2026-03-14 06:49:11 [INFO   ] 
  📍 The Innovation in Politics Institute (innovationinpolitics.eu)
2026-03-14 06:49:11 [INFO   ]     🔄 Fallback: info@innovationinpolitics.eu
2026-03-14 06:49:11 [INFO   ] 
  📍 The Ironlung Union (ironlung-union.com)
2026-03-14 06:49:11 [INFO   ]     🔄 Fallback: info@ironlung-union.com
2026-03-14 06:49:12 [INFO   ] 
  📍 The R Foundation for Statistical Computing (r-project.org)
2026-03-14 06:49:12 [INFO   ]     🔄 Fallback: info@r-project.org
2026-03-14 06:49:13 [INFO   ] 
  📍 Toplitz Productions (toplitz-productions.com)
2026-03-14 06:49:13 [INFO   ]     🔄 Fallback: info@toplitz-productions.com
2026-03-14 06:49:13 [INFO   ] 
  📍 Tyrolean Jets & Services (tjs.at)
2026-03-14 06:49:13 [INFO   ]     🔄 Fallback: info@tjs.at
2026-03-14 06:49:13 [INFO   ] 
  📍 UNIDO Industrial Decarbonization (decarbonization.unido.org)
2026-03-14 06:49:13 [INFO   ]     🔄 Fallback: info@decarbonization.unido.org
2026-03-14 06:49:13 [INFO   ] 
  📍 Universal Music Austria (universalmusic.at)
2026-03-14 06:49:13 [INFO   ]     🔄 Fallback: info@universalmusic.at
2026-03-14 06:49:13 [INFO   ] 
  📍 VASBÖ (vasboe.at)
2026-03-14 06:49:13 [INFO   ]     🔄 Fallback: info@vasboe.at
2026-03-14 06:49:13 [INFO   ] 
  📍 V_labs | New Business Building (vlabs.at)
2026-03-14 06:49:13 [INFO   ]     🔄 Fallback: info@vlabs.at
2026-03-14 06:49:13 [INFO   ] 
  📍 Verein Netzwerk Logistik - VNL Österreich (vnl.at)
2026-03-14 06:49:13 [INFO   ]     🔄 Fallback: info@vnl.at
2026-03-14 06:49:13 [INFO   ] 
  📍 Vinylpostcards (vinylpostcards.com)
2026-03-14 06:49:13 [INFO   ]     🔄 Fallback: info@vinylpostcards.com
2026-03-14 06:49:14 [INFO   ] 
  📍 WALTER BUSINESS-PARK GmbH (walter-business-park.com)
2026-03-14 06:49:14 [INFO   ]     🔄 Fallback: info@walter-business-park.com
2026-03-14 06:49:14 [INFO   ] 
  📍 Wehrhan TPS Sicherheitstechnik GmbH (wehrhan-tps.at)
2026-03-14 06:49:14 [INFO   ]     🔄 Fallback: info@wehrhan-tps.at
2026-03-14 06:49:16 [INFO   ] 
  📍 Wiener Mozart Konzert (mozart.wien)
2026-03-14 06:49:16 [INFO   ]     🔄 Fallback: info@mozart.wien
2026-03-14 06:49:16 [INFO   ] 
  📍 Wings for Life - Spinal Cord Research Foundation (wingsforlife.com)
2026-03-14 06:49:16 [INFO   ]     🔄 Fallback: info@wingsforlife.com
2026-03-14 06:49:16 [INFO   ] 
  📍 Wirtschaftsbund Oberösterreich (ooe-wb.at)
2026-03-14 06:49:16 [INFO   ]     🔄 Fallback: info@ooe-wb.at
2026-03-14 06:49:18 [INFO   ] 
  📍 Wirtschaftsbund Wien (wirtschaftsbund.wien)
2026-03-14 06:49:18 [INFO   ]     🔄 Fallback: info@wirtschaftsbund.wien
2026-03-14 06:49:18 [INFO   ] 
  📍 Wirtschaftsbund Österreich (wirtschaftsbund.at)
2026-03-14 06:49:18 [INFO   ]     🔄 Fallback: info@wirtschaftsbund.at
2026-03-14 06:49:18 [INFO   ] 
  📍 YOUR OFFICE - Managed Business Services GmbH (youroffice.at)
2026-03-14 06:49:18 [INFO   ]     🔄 Fallback: info@youroffice.at
2026-03-14 06:49:20 [INFO   ] 
  📍 andys.cc - the coworking company (andys.cc)
2026-03-14 06:49:20 [INFO   ]     🔄 Fallback: info@andys.cc
2026-03-14 06:49:20 [INFO   ] 
  📍 animations and more 3D communications GmbH & Co.KG (animations-and-more.com)
2026-03-14 06:49:20 [INFO   ]     🔄 Fallback: info@animations-and-more.com
2026-03-14 06:49:20 [INFO   ] 
  📍 apsa personnel concepts (apsa.at)
2026-03-14 06:49:20 [INFO   ]     🔄 Fallback: info@apsa.at
2026-03-14 06:49:20 [INFO   ] 
  📍 brillibrilliant GmbH (brillibrilliant.com)
2026-03-14 06:49:20 [INFO   ]     🔄 Fallback: info@brillibrilliant.com
2026-03-14 06:49:20 [INFO   ] 
  📍 brutkasten (brutkasten.com)
2026-03-14 06:49:20 [INFO   ]     🔄 Fallback: info@brutkasten.com
2026-03-14 06:49:20 [INFO   ] 
  📍 mica - music austria (musicaustria.at)
2026-03-14 06:49:20 [INFO   ]     🔄 Fallback: info@musicaustria.at
2026-03-14 06:49:20 [INFO   ] 
  📍 myAbility Social Enterprise (myability.org)
2026-03-14 06:49:20 [INFO   ]     🔄 Fallback: info@myability.org
2026-03-14 06:49:21 [INFO   ] 
  📍 novum Locations (novum.at)
2026-03-14 06:49:21 [INFO   ]     🔄 Fallback: info@novum.at
2026-03-14 06:49:21 [INFO   ] 
  📍 pool3 (pool3.at)
2026-03-14 06:49:21 [INFO   ]     🔄 Fallback: info@pool3.at
2026-03-14 06:49:22 [INFO   ] 
  📍 sproof (sproof.com)
2026-03-14 06:49:22 [INFO   ]     🔄 Fallback: info@sproof.com
2026-03-14 06:49:22 [INFO   ] 
  📍 stillalive studios (stillalive.games)
2026-03-14 06:49:22 [INFO   ]     🔄 Fallback: info@stillalive.games
2026-03-14 06:49:22 [INFO   ] 
  📍 the female factor (femalefactor.global)
2026-03-14 06:49:22 [INFO   ]     🔄 Fallback: info@femalefactor.global
2026-03-14 06:49:23 [INFO   ] 
  📍 top.tirol – Die Plattform für Tirols Wirtschaft (top.tirol)
2026-03-14 06:49:23 [INFO   ]     🔄 Fallback: info@top.tirol
2026-03-14 06:49:23 [INFO   ] 
  📍 xelectrix Power GmbH (xelectrix-power.com)
2026-03-14 06:49:23 [INFO   ]     🔄 Fallback: info@xelectrix-power.com
2026-03-14 06:49:23 [INFO   ] 
  📍 Österreichischer Städtebund (staedtebund.gv.at)
2026-03-14 06:49:23 [INFO   ]     🔄 Fallback: info@staedtebund.gv.at
2026-03-14 06:49:23 [INFO   ] 
======================================================================
2026-03-14 06:49:23 [INFO   ]   EMAIL BREAKDOWN
2026-03-14 06:49:23 [INFO   ] ======================================================================
2026-03-14 06:49:23 [INFO   ]   Staff emails   : 0
2026-03-14 06:49:23 [INFO   ]     → firstname.lastname@domain (LinkedIn employees)
2026-03-14 06:49:23 [INFO   ]     → sent to named individuals found in the DB
2026-03-14 06:49:23 [INFO   ]   Generic info@  : 113
2026-03-14 06:49:23 [INFO   ]     → info@domain (fallback — no employee found)
2026-03-14 06:49:23 [INFO   ]     → sent to company inbox, not a named person
2026-03-14 06:49:23 [INFO   ]   Total available: 113
2026-03-14 06:49:23 [INFO   ] ======================================================================
2026-03-14 06:49:50 [INFO   ] 
  Sending: 5 per profile × 8 profiles = 40 emails
2026-03-14 06:49:50 [INFO   ] 
  Full list:
2026-03-14 06:49:50 [INFO   ]       1. [GENERIC] info@adr-international.com
2026-03-14 06:49:50 [INFO   ]       2. [GENERIC] info@adsum.at
2026-03-14 06:49:50 [INFO   ]       3. [GENERIC] info@av-comparatives.org
2026-03-14 06:49:50 [INFO   ]       4. [GENERIC] info@austrian.audio
2026-03-14 06:49:50 [INFO   ]       5. [GENERIC] info@aviation-event.de
2026-03-14 06:49:50 [INFO   ]       6. [GENERIC] info@barabaka.studio
2026-03-14 06:49:50 [INFO   ]       7. [GENERIC] info@berufsdetektei-marent-og.at
2026-03-14 06:49:50 [INFO   ]       8. [GENERIC] info@cert.at
2026-03-14 06:49:50 [INFO   ]       9. [GENERIC] info@coworkingspace4840.jimdofree.com
2026-03-14 06:49:50 [INFO   ]      10. [GENERIC] info@chaleit.com
2026-03-14 06:49:50 [INFO   ]      11. [GENERIC] info@alpin-convention.com
2026-03-14 06:49:50 [INFO   ]      12. [GENERIC] info@diemacher.at
2026-03-14 06:49:50 [INFO   ]      13. [GENERIC] info@erlebnismanagement.com
2026-03-14 06:49:50 [INFO   ]      14. [GENERIC] info@eanm.org
2026-03-14 06:49:50 [INFO   ]      15. [GENERIC] info@foreus.at
2026-03-14 06:49:50 [INFO   ]      16. [GENERIC] info@falconreal.com
2026-03-14 06:49:50 [INFO   ]      17. [GENERIC] info@flynow-aviation.com
2026-03-14 06:49:50 [INFO   ]      18. [GENERIC] info@friendlyfire.at
2026-03-14 06:49:50 [INFO   ]      19. [GENERIC] info@gastro.news
2026-03-14 06:49:50 [INFO   ]      20. [GENERIC] info@gayo.se
2026-03-14 06:49:50 [INFO   ]      21. [GENERIC] info@hackattack.com
2026-03-14 06:49:50 [INFO   ]      22. [GENERIC] info@holzkurier.com
2026-03-14 06:49:50 [INFO   ]      23. [GENERIC] info@incyde.com
2026-03-14 06:49:50 [INFO   ]      24. [GENERIC] info@iblce.org
2026-03-14 06:49:50 [INFO   ]      25. [GENERIC] info@ipi.media
2026-03-14 06:49:50 [INFO   ]      26. [GENERIC] info@ioe.expert
2026-03-14 06:49:50 [INFO   ]      27. [GENERIC] info@jetclass.com
2026-03-14 06:49:50 [INFO   ]      28. [GENERIC] info@kmuakademie.ac.at
2026-03-14 06:49:50 [INFO   ]      29. [GENERIC] info@karajan-institut.org
2026-03-14 06:49:50 [INFO   ]      30. [GENERIC] info@kinosec.ai
2026-03-14 06:49:50 [INFO   ]      31. [GENERIC] info@kolmegroup.com
2026-03-14 06:49:50 [INFO   ]      32. [GENERIC] info@kraftpal.com
2026-03-14 06:49:50 [INFO   ]      33. [GENERIC] info@rbartists.at
2026-03-14 06:49:50 [INFO   ]      34. [GENERIC] info@lsz.at
2026-03-14 06:49:50 [INFO   ]      35. [GENERIC] info@lumitech.com
2026-03-14 06:49:50 [INFO   ]      36. [GENERIC] info@limessecurity.com
2026-03-14 06:49:50 [INFO   ]      37. [GENERIC] info@livetec.tv
2026-03-14 06:49:50 [INFO   ]      38. [GENERIC] info@lywand.com
2026-03-14 06:49:50 [INFO   ]      39. [GENERIC] info@matilan.at
2026-03-14 06:49:50 [INFO   ]      40. [GENERIC] info@mcs-selection.it
2026-03-14 06:49:50 [INFO   ] 
  ✓ Template: email_template_with_link.htm
2026-03-14 06:49:50 [INFO   ] 
  Distribution across 8 profile(s):
2026-03-14 06:49:50 [INFO   ]     Profile 1 (m7mMvZI0.Profile 9): 5 emails
2026-03-14 06:49:50 [INFO   ]     Profile 2 (ifyvFjIj.Profile 15): 5 emails
2026-03-14 06:49:50 [INFO   ]     Profile 3 (RCn17qXW.Profile 13): 5 emails
2026-03-14 06:49:50 [INFO   ]     Profile 4 (SucUl2kq.Profile 11): 5 emails
2026-03-14 06:49:50 [INFO   ]     Profile 5 (1E3luMW0.Profile 14): 5 emails
2026-03-14 06:49:50 [INFO   ]     Profile 6 (8o7wlsow.Profile 10): 5 emails
2026-03-14 06:49:50 [INFO   ]     Profile 7 (RqhQVxMP.Profile 8): 5 emails
2026-03-14 06:49:50 [INFO   ]     Profile 8 (dnUqYTxV.Profile 12): 5 emails
2026-03-14 06:49:50 [INFO   ] 
======================================================================
2026-03-14 06:49:54 [INFO   ] 
  Sending 40 emails across 8 profile(s)...
2026-03-14 06:49:54 [INFO   ] 
[1/40] P1 | ADR International
2026-03-14 06:49:54 [INFO   ]   → info@adr-international.com
2026-03-14 06:49:59 [INFO   ]     ✓ SENT → info@adr-international.com
2026-03-14 06:50:04 [INFO   ] 
  🔄 Switching to Profile 2 (ifyvFjIj.Profile 15) — waiting 5s...
2026-03-14 06:50:09 [INFO   ] 
[2/40] P2 | ADSUM Brandschutz- und Sicherheitsconsult GmbH
2026-03-14 06:50:09 [INFO   ]   → info@adsum.at
2026-03-14 06:50:13 [ERROR  ]     ✗ AUTH ERROR for jain107sandeep@gmail.com — check App Password
2026-03-14 06:50:13 [INFO   ] 
  🔄 Switching to Profile 3 (RCn17qXW.Profile 13) — waiting 5s...
2026-03-14 06:50:18 [INFO   ] 
[3/40] P3 | AV-Comparatives
2026-03-14 06:50:18 [INFO   ]   → info@av-comparatives.org
2026-03-14 06:50:22 [INFO   ]     ✓ SENT → info@av-comparatives.org
2026-03-14 06:50:27 [INFO   ] 
  🔄 Switching to Profile 4 (SucUl2kq.Profile 11) — waiting 5s...
2026-03-14 06:50:32 [INFO   ] 
[4/40] P4 | Austrian Audio
2026-03-14 06:50:32 [INFO   ]   → info@austrian.audio
2026-03-14 06:50:37 [INFO   ]     ✓ SENT → info@austrian.audio
2026-03-14 06:50:42 [INFO   ] 
  🔄 Switching to Profile 5 (1E3luMW0.Profile 14) — waiting 5s...
2026-03-14 06:50:47 [INFO   ] 
[5/40] P5 | Aviation-Event
2026-03-14 06:50:47 [INFO   ]   → info@aviation-event.de
2026-03-14 06:50:51 [INFO   ]     ✓ SENT → info@aviation-event.de
2026-03-14 06:50:56 [INFO   ] 
  🔄 Switching to Profile 6 (8o7wlsow.Profile 10) — waiting 5s...
2026-03-14 06:51:01 [INFO   ] 
[6/40] P6 | Barabaka Studio
2026-03-14 06:51:01 [INFO   ]   → info@barabaka.studio
2026-03-14 06:51:06 [INFO   ]     ✓ SENT → info@barabaka.studio
2026-03-14 06:51:06 [INFO   ] 💾 Progress saved — 40 emails sent total
2026-03-14 06:51:11 [INFO   ] 
  🔄 Switching to Profile 7 (RqhQVxMP.Profile 8) — waiting 5s...
2026-03-14 06:51:16 [INFO   ] 
[7/40] P7 | Berufsdetektei Marent
2026-03-14 06:51:16 [INFO   ]   → info@berufsdetektei-marent-og.at
2026-03-14 06:51:20 [INFO   ]     ✓ SENT → info@berufsdetektei-marent-og.at
2026-03-14 06:51:25 [INFO   ] 
  🔄 Switching to Profile 8 (dnUqYTxV.Profile 12) — waiting 5s...
2026-03-14 06:51:30 [INFO   ] 
[8/40] P8 | CERT.at
2026-03-14 06:51:30 [INFO   ]   → info@cert.at
2026-03-14 06:51:35 [INFO   ]     ✓ SENT → info@cert.at
2026-03-14 06:51:40 [INFO   ] 
  🔄 Switching to Profile 1 (m7mMvZI0.Profile 9) — waiting 5s...
2026-03-14 06:51:45 [INFO   ] 
[9/40] P1 | COworkingSPACE Vöcklabruck
2026-03-14 06:51:45 [INFO   ]   → info@coworkingspace4840.jimdofree.com
2026-03-14 06:51:49 [INFO   ]     ✓ SENT → info@coworkingspace4840.jimdofree.com
2026-03-14 06:51:54 [INFO   ] 
  🔄 Switching to Profile 2 (ifyvFjIj.Profile 15) — waiting 5s...
2026-03-14 06:51:59 [INFO   ] 
[10/40] P2 | Chaleit
2026-03-14 06:51:59 [INFO   ]   → info@chaleit.com
2026-03-14 06:52:03 [ERROR  ]     ✗ AUTH ERROR for jain107sandeep@gmail.com — check App Password
2026-03-14 06:52:03 [INFO   ] 
  🔄 Switching to Profile 3 (RCn17qXW.Profile 13) — waiting 5s...
2026-03-14 06:52:08 [INFO   ] 
[11/40] P3 | Congresservice Alpin Convention GmbH
2026-03-14 06:52:08 [INFO   ]   → info@alpin-convention.com
2026-03-14 06:52:12 [INFO   ]     ✓ SENT → info@alpin-convention.com
2026-03-14 06:52:17 [INFO   ] 
  🔄 Switching to Profile 4 (SucUl2kq.Profile 11) — waiting 5s...
2026-03-14 06:52:22 [INFO   ] 
[12/40] P4 | DIE MACHER - Wirtschafts- & Lifestylemagazin
2026-03-14 06:52:22 [INFO   ]   → info@diemacher.at
2026-03-14 06:52:27 [INFO   ]     ✓ SENT → info@diemacher.at
2026-03-14 06:52:27 [INFO   ] 💾 Progress saved — 45 emails sent total
2026-03-14 06:52:32 [INFO   ] 
  🛑 Batch break after 10 sent — waiting 30s...
2026-03-14 06:53:02 [INFO   ] 
  🔄 Switching to Profile 5 (1E3luMW0.Profile 14) — waiting 5s...
2026-03-14 06:53:07 [INFO   ] 
[13/40] P5 | Das Erlebnismanagement GmbH
2026-03-14 06:53:07 [INFO   ]   → info@erlebnismanagement.com
2026-03-14 06:53:11 [INFO   ]     ✓ SENT → info@erlebnismanagement.com
2026-03-14 06:53:16 [INFO   ] 
  🔄 Switching to Profile 6 (8o7wlsow.Profile 10) — waiting 5s...
2026-03-14 06:53:21 [INFO   ] 
[14/40] P6 | European Association of Nuclear Medicine (EANM)
2026-03-14 06:53:21 [INFO   ]   → info@eanm.org
2026-03-14 06:53:25 [INFO   ]     ✓ SENT → info@eanm.org
2026-03-14 06:53:30 [INFO   ] 
  🔄 Switching to Profile 7 (RqhQVxMP.Profile 8) — waiting 5s...
2026-03-14 06:53:35 [INFO   ] 
[15/40] P7 | FOREUS - Private Intelligence Service
2026-03-14 06:53:35 [INFO   ]   → info@foreus.at
2026-03-14 06:53:39 [INFO   ]     ✓ SENT → info@foreus.at
2026-03-14 06:53:44 [INFO   ] 
  🔄 Switching to Profile 8 (dnUqYTxV.Profile 12) — waiting 5s...
2026-03-14 06:53:49 [INFO   ] 
[16/40] P8 | Falcon Real Estate Investment Management
2026-03-14 06:53:49 [INFO   ]   → info@falconreal.com
2026-03-14 06:53:54 [INFO   ]     ✓ SENT → info@falconreal.com
2026-03-14 06:53:59 [INFO   ] 
  🔄 Switching to Profile 1 (m7mMvZI0.Profile 9) — waiting 5s...
2026-03-14 06:54:04 [INFO   ] 
[17/40] P1 | FlyNow Aviation
2026-03-14 06:54:04 [INFO   ]   → info@flynow-aviation.com
2026-03-14 06:54:08 [INFO   ]     ✓ SENT → info@flynow-aviation.com
2026-03-14 06:54:08 [INFO   ] 💾 Progress saved — 50 emails sent total
2026-03-14 06:54:13 [INFO   ] 
  🔄 Switching to Profile 2 (ifyvFjIj.Profile 15) — waiting 5s...
2026-03-14 06:54:18 [INFO   ] 
[18/40] P2 | Friendly Fire Communications GmbH
2026-03-14 06:54:18 [INFO   ]   → info@friendlyfire.at
2026-03-14 06:54:21 [ERROR  ]     ✗ AUTH ERROR for jain107sandeep@gmail.com — check App Password
2026-03-14 06:54:21 [INFO   ] 
  🔄 Switching to Profile 3 (RCn17qXW.Profile 13) — waiting 5s...
2026-03-14 06:54:26 [INFO   ] 
[19/40] P3 | Gastro.News
2026-03-14 06:54:26 [INFO   ]   → info@gastro.news
2026-03-14 06:54:31 [INFO   ]     ✓ SENT → info@gastro.news
2026-03-14 06:54:36 [INFO   ] 
  🔄 Switching to Profile 4 (SucUl2kq.Profile 11) — waiting 5s...
2026-03-14 06:54:41 [INFO   ] 
[20/40] P4 | Gayo Aviation
2026-03-14 06:54:41 [INFO   ]   → info@gayo.se
2026-03-14 06:54:47 [INFO   ]     ✓ SENT → info@gayo.se
2026-03-14 06:54:52 [INFO   ] 
  🔄 Switching to Profile 5 (1E3luMW0.Profile 14) — waiting 5s...
2026-03-14 06:54:57 [INFO   ] 
[21/40] P5 | HACKATTACK IT SECURITY GmbH
2026-03-14 06:54:57 [INFO   ]   → info@hackattack.com
2026-03-14 06:55:01 [INFO   ]     ✓ SENT → info@hackattack.com
2026-03-14 06:55:06 [INFO   ] 
  🔄 Switching to Profile 6 (8o7wlsow.Profile 10) — waiting 5s...
2026-03-14 06:55:11 [INFO   ] 
[22/40] P6 | HOLZKURIER
2026-03-14 06:55:11 [INFO   ]   → info@holzkurier.com
2026-03-14 06:55:15 [INFO   ]     ✓ SENT → info@holzkurier.com
2026-03-14 06:55:20 [INFO   ] 
  🔄 Switching to Profile 7 (RqhQVxMP.Profile 8) — waiting 5s...
2026-03-14 06:55:25 [INFO   ] 
[23/40] P7 | INCYDE
2026-03-14 06:55:25 [INFO   ]   → info@incyde.com
2026-03-14 06:55:29 [INFO   ]     ✓ SENT → info@incyde.com
2026-03-14 06:55:29 [INFO   ] 💾 Progress saved — 55 emails sent total
2026-03-14 06:55:34 [INFO   ] 
  🛑 Batch break after 20 sent — waiting 30s...
2026-03-14 06:56:04 [INFO   ] 
  🔄 Switching to Profile 8 (dnUqYTxV.Profile 12) — waiting 5s...
2026-03-14 06:56:09 [INFO   ] 
[24/40] P8 | International Board of Lactation Consultant Examiners® (IBLCE®)
2026-03-14 06:56:09 [INFO   ]   → info@iblce.org
2026-03-14 06:56:13 [INFO   ]     ✓ SENT → info@iblce.org
2026-03-14 06:56:18 [INFO   ] 
  🔄 Switching to Profile 1 (m7mMvZI0.Profile 9) — waiting 5s...
2026-03-14 06:56:23 [INFO   ] 
[25/40] P1 | International Press Institute (IPI)
2026-03-14 06:56:23 [INFO   ]   → info@ipi.media
2026-03-14 06:56:28 [INFO   ]     ✓ SENT → info@ipi.media
2026-03-14 06:56:33 [INFO   ] 
  🔄 Switching to Profile 2 (ifyvFjIj.Profile 15) — waiting 5s...
2026-03-14 06:56:38 [INFO   ] 
[26/40] P2 | IoE - Institute of Entrepreneurship
2026-03-14 06:56:38 [INFO   ]   → info@ioe.expert
2026-03-14 06:56:41 [ERROR  ]     ✗ AUTH ERROR for jain107sandeep@gmail.com — check App Password
2026-03-14 06:56:41 [INFO   ] 
  🔄 Switching to Profile 3 (RCn17qXW.Profile 13) — waiting 5s...
2026-03-14 06:56:46 [INFO   ] 
[27/40] P3 | JetClass
2026-03-14 06:56:46 [INFO   ]   → info@jetclass.com
2026-03-14 06:56:50 [INFO   ]     ✓ SENT → info@jetclass.com
2026-03-14 06:56:55 [INFO   ] 
  🔄 Switching to Profile 4 (SucUl2kq.Profile 11) — waiting 5s...
2026-03-14 06:57:00 [INFO   ] 
[28/40] P4 | KMU Akademie
2026-03-14 06:57:00 [INFO   ]   → info@kmuakademie.ac.at
2026-03-14 06:57:05 [INFO   ]     ✓ SENT → info@kmuakademie.ac.at
2026-03-14 06:57:10 [INFO   ] 
  🔄 Switching to Profile 5 (1E3luMW0.Profile 14) — waiting 5s...
2026-03-14 06:57:15 [INFO   ] 
[29/40] P5 | Karajan Institute
2026-03-14 06:57:15 [INFO   ]   → info@karajan-institut.org
2026-03-14 06:57:19 [INFO   ]     ✓ SENT → info@karajan-institut.org
2026-03-14 06:57:19 [INFO   ] 💾 Progress saved — 60 emails sent total
2026-03-14 06:57:24 [INFO   ] 
  🔄 Switching to Profile 6 (8o7wlsow.Profile 10) — waiting 5s...
2026-03-14 06:57:29 [INFO   ] 
[30/40] P6 | KinoSec.ai
2026-03-14 06:57:29 [INFO   ]   → info@kinosec.ai
2026-03-14 06:57:33 [INFO   ]     ✓ SENT → info@kinosec.ai
2026-03-14 06:57:38 [INFO   ] 
  🔄 Switching to Profile 7 (RqhQVxMP.Profile 8) — waiting 5s...
2026-03-14 06:57:43 [INFO   ] 
[31/40] P7 | Kolme Group
2026-03-14 06:57:43 [INFO   ]   → info@kolmegroup.com
2026-03-14 06:57:48 [INFO   ]     ✓ SENT → info@kolmegroup.com
2026-03-14 06:57:53 [INFO   ] 
  🔄 Switching to Profile 8 (dnUqYTxV.Profile 12) — waiting 5s...
2026-03-14 06:57:58 [INFO   ] 
[32/40] P8 | KraftPal
2026-03-14 06:57:58 [INFO   ]   → info@kraftpal.com
2026-03-14 06:58:02 [INFO   ]     ✓ SENT → info@kraftpal.com
2026-03-14 06:58:07 [INFO   ] 
  🔄 Switching to Profile 1 (m7mMvZI0.Profile 9) — waiting 5s...
2026-03-14 06:58:12 [INFO   ] 
[33/40] P1 | Künstleragentur Dr. Raab & Dr. Böhm
2026-03-14 06:58:12 [INFO   ]   → info@rbartists.at
2026-03-14 06:58:16 [INFO   ]     ✓ SENT → info@rbartists.at
2026-03-14 06:58:21 [INFO   ] 
  🔄 Switching to Profile 2 (ifyvFjIj.Profile 15) — waiting 5s...
2026-03-14 06:58:26 [INFO   ] 
[34/40] P2 | LSZ - Future Connections
2026-03-14 06:58:26 [INFO   ]   → info@lsz.at
2026-03-14 06:58:30 [ERROR  ]     ✗ AUTH ERROR for jain107sandeep@gmail.com — check App Password
2026-03-14 06:58:30 [INFO   ] 
  🔄 Switching to Profile 3 (RCn17qXW.Profile 13) — waiting 5s...
2026-03-14 06:58:35 [INFO   ] 
[35/40] P3 | LUMITECH Lighting Solution GmbH
2026-03-14 06:58:35 [INFO   ]   → info@lumitech.com
2026-03-14 06:58:39 [INFO   ]     ✓ SENT → info@lumitech.com
2026-03-14 06:58:39 [INFO   ] 💾 Progress saved — 65 emails sent total
2026-03-14 06:58:44 [INFO   ] 
  🛑 Batch break after 30 sent — waiting 30s...
2026-03-14 06:59:14 [INFO   ] 
  🔄 Switching to Profile 4 (SucUl2kq.Profile 11) — waiting 5s...
2026-03-14 06:59:19 [INFO   ] 
[36/40] P4 | Limes Security
2026-03-14 06:59:19 [INFO   ]   → info@limessecurity.com
2026-03-14 06:59:23 [INFO   ]     ✓ SENT → info@limessecurity.com
2026-03-14 06:59:28 [INFO   ] 
  🔄 Switching to Profile 5 (1E3luMW0.Profile 14) — waiting 5s...
2026-03-14 06:59:33 [INFO   ] 
[37/40] P5 | LiveTec GmbH
2026-03-14 06:59:33 [INFO   ]   → info@livetec.tv
2026-03-14 06:59:37 [INFO   ]     ✓ SENT → info@livetec.tv
2026-03-14 06:59:42 [INFO   ] 
  🔄 Switching to Profile 6 (8o7wlsow.Profile 10) — waiting 5s...
2026-03-14 06:59:47 [INFO   ] 
[38/40] P6 | Lywand Software GmbH
2026-03-14 06:59:47 [INFO   ]   → info@lywand.com
2026-03-14 06:59:52 [INFO   ]     ✓ SENT → info@lywand.com
2026-03-14 06:59:57 [INFO   ] 
  🔄 Switching to Profile 7 (RqhQVxMP.Profile 8) — waiting 5s...
2026-03-14 07:00:02 [INFO   ] 
[39/40] P7 | MATILAN Security Services GmbH
2026-03-14 07:00:02 [INFO   ]   → info@matilan.at
2026-03-14 07:00:06 [INFO   ]     ✓ SENT → info@matilan.at
2026-03-14 07:00:11 [INFO   ] 
  🔄 Switching to Profile 8 (dnUqYTxV.Profile 12) — waiting 5s...
2026-03-14 07:00:16 [INFO   ] 
[40/40] P8 | MCS Management Consulting & Selection
2026-03-14 07:00:16 [INFO   ]   → info@mcs-selection.it
2026-03-14 07:00:21 [INFO   ]     ✓ SENT → info@mcs-selection.it
2026-03-14 07:00:21 [INFO   ] 💾 Progress saved — 70 emails sent total
2026-03-14 07:00:26 [INFO   ] 💾 Progress saved — 70 emails sent total
2026-03-14 07:00:26 [INFO   ] 
======================================================================
2026-03-14 07:00:26 [INFO   ]   DONE
2026-03-14 07:00:26 [INFO   ] ======================================================================
2026-03-14 07:00:26 [INFO   ]   ✓ Sent this run : 35
2026-03-14 07:00:26 [INFO   ]   ✗ Failed        : 5
2026-03-14 07:00:26 [INFO   ]   📧 Grand total  : 70
2026-03-14 07:00:26 [INFO   ]   💡 To start fresh, delete: email_progress_linkedin.json
2026-03-14 07:00:26 [INFO   ] ======================================================================
2026-03-14 19:14:48 [INFO   ] ======================================================================
2026-03-14 19:14:48 [INFO   ]   LINKEDIN DB — COLD EMAIL SENDER
2026-03-14 19:14:48 [INFO   ]   Run started: 2026-03-14 19:14:48
2026-03-14 19:14:48 [INFO   ]   Log file   : C:\Users\sandeep\Downloads\CVL\send_linkedin_campaigns.log
2026-03-14 19:14:48 [INFO   ] ======================================================================
2026-03-14 19:14:48 [INFO   ] 
  Database : C:\Users\sandeep\Downloads\CVL\linkedin_data.db
2026-03-14 19:14:48 [INFO   ]   Companies: 50  (with domain: 49)
2026-03-14 19:14:48 [INFO   ]   Employees: 299
2026-03-14 19:14:48 [INFO   ] 
  Countries available:
2026-03-14 19:14:48 [INFO   ]      1. Austria  (50 companies)
2026-03-14 19:14:48 [INFO   ]      2. All countries
2026-03-14 19:14:52 [INFO   ] 
  Country filter: Austria
2026-03-14 19:14:52 [INFO   ] ✓ Loaded 10 SMTP password(s)
2026-03-14 19:14:52 [INFO   ]   ✓ 8 sending profile(s) ready
2026-03-14 19:14:52 [INFO   ] 
  📋 Resume mode: 70 emails already sent
2026-03-14 19:14:52 [INFO   ]      Companies already contacted: 70
2026-03-14 19:14:52 [INFO   ] 
  Loading companies from database...
2026-03-14 19:14:52 [INFO   ]   ✓ 49 companies loaded
2026-03-14 19:14:52 [INFO   ] 
======================================================================
2026-03-14 19:14:52 [INFO   ]   BUILDING EMAIL LIST
2026-03-14 19:14:52 [INFO   ] ======================================================================
2026-03-14 19:14:53 [INFO   ] 
  📍 AIRSKIN (airskin.io)
2026-03-14 19:14:53 [WARNING]     ⚠️  Skipping bad name: {emp['full_name']!r}
2026-03-14 19:14:53 [INFO   ]     ✅ daniela.thomann@airskin.io (HR-Management / Accounting @AIRSKIN GmbH)
2026-03-14 19:14:53 [INFO   ]     ✅ elmar.meller@airskin.io (Mechanical Engineer bei Blue danube robotics)
2026-03-14 19:14:53 [INFO   ]     ✅ gentian.shala@airskin.io (Head of Development at AIRSKIN GmbH)
2026-03-14 19:14:53 [INFO   ]     ✅ jan.mathis@airskin.io (Industrial Designer)
2026-03-14 19:14:53 [INFO   ] 
  📍 Alles Strass (alles-strass.at)
2026-03-14 19:14:53 [INFO   ]     🔄 Fallback: info@alles-strass.at
2026-03-14 19:14:53 [INFO   ] 
  📍 Alphagate Automatisierungstechnik GmbH (alphagate.eu)
2026-03-14 19:14:53 [INFO   ]     ✅ achim.lang@alphagate.eu (Head of UX & Product)
2026-03-14 19:14:53 [INFO   ]     ✅ cédric.gfrerer@alphagate.eu (Crafting experiences that turn frowns into genuine smiles.)
2026-03-14 19:14:53 [INFO   ]     ✅ johan.spets@alphagate.eu (COO @ Alphagate | Experts in UX, HMI & Industrial Design | Partner for Big & Small Ideas)
2026-03-14 19:14:53 [INFO   ]     ✅ jürgen.mohr@alphagate.eu (Head Innovation & Product Management bei Alphagate Automatisierungstechnik GmbH)
2026-03-14 19:14:53 [INFO   ]     ✅ martin.waitzbauer@alphagate.eu (Software Architect at Alphagate Automatisierungstechnik GmbH)
2026-03-14 19:14:53 [INFO   ] 
  📍 Ausserbrunner GmbH (ausserbrunner.at)
2026-03-14 19:14:53 [INFO   ]     ✅ kevin.rettenbacher@ausserbrunner.at (Büroleiter)
2026-03-14 19:14:53 [INFO   ] 
  📍 BRUNA (brunathelabel.com)
2026-03-14 19:14:53 [INFO   ]     ✅ helena.maria@brunathelabel.com (Co-Founder, CEO & Creative Director BRUNA)
2026-03-14 19:14:53 [INFO   ]     ✅ alessandra.gargiulo@brunathelabel.com (Senior ESG Manager & Entrepreneur 👩‍💻)
2026-03-14 19:14:53 [INFO   ]     ✅ beth.swan@brunathelabel.com (Freelance | Operations & Supply Chain | Jewellery 💍)
2026-03-14 19:14:53 [INFO   ]     ✅ helena.oberparleiter@brunathelabel.com (Connecting People & Culture with organisational strategy and growth at BRUNA ⭐️)
2026-03-14 19:14:53 [INFO   ]     ✅ magdalena.ebner@brunathelabel.com (In Ausbildung/Studium: WU Wien)
2026-03-14 19:14:53 [INFO   ] 
  📍 Beckhoff Automation Österreich (beckhoff.at)
2026-03-14 19:14:53 [WARNING]     ⚠️  Skipping bad name: {emp['full_name']!r}
2026-03-14 19:14:53 [INFO   ]     ✅ andreas.fekete@beckhoff.at (Konstrukteur bei Beckhoff Automation Österreich)
2026-03-14 19:14:53 [INFO   ]     ✅ armin.wessel@beckhoff.at (Robotics Developer)
2026-03-14 19:14:53 [INFO   ]     ✅ balazs.bezeczky@beckhoff.at (IoT / Industry 4.0 / digital transformation specialist/ sales engineer @ BECKHOFF Automation)
2026-03-14 19:14:53 [WARNING]     ⚠️  Skipping bad name: {emp['full_name']!r}
2026-03-14 19:14:53 [INFO   ] 
  📍 Burkert Danmark A/S (burkert.dk)
2026-03-14 19:14:53 [INFO   ]     ✅ carsten.sverbæk@burkert.dk (Mangler du en leverandør til komplette doserings løsninger indenfor gasser? Connect og lad os tage en dialog.)
2026-03-14 19:14:53 [INFO   ]     ✅ dorte.juhl@burkert.dk (Quality Manager hos Bürkert Danmark A/S)
2026-03-14 19:14:53 [INFO   ]     ✅ helle.rasmussen@burkert.dk (Quality & Sustainability Ambassador Region North Europe | Project Management | QHSE | Quality Management | Sustainability)
2026-03-14 19:14:53 [INFO   ]     ✅ lars.just@burkert.dk (Logistikassistent hos Burkert)
2026-03-14 19:14:53 [INFO   ]     ✅ niklas.lundager@burkert.dk (.)
2026-03-14 19:14:53 [INFO   ] 
  📍 CVIR Endovascular (cvirendovascular.org)
2026-03-14 19:14:53 [WARNING]     ⚠️  Skipping bad name: {emp['full_name']!r}
2026-03-14 19:14:53 [INFO   ]     ✅ anderson.kochi@cvirendovascular.org (Interventional Radiologist -- Radiology Informatics)
2026-03-14 19:14:53 [INFO   ]     ✅ kevin.fung@cvirendovascular.org (FRCR, FHKCR, EBIR; Interventional Radiologist at HK Children’s Hospital 🇭🇰👶🏻)
2026-03-14 19:14:53 [INFO   ]     ✅ mohamed.fouad@cvirendovascular.org (MBChB (Medical Doctor), M.Sc., EBIR-ES, PhD Candidate | Clinical & Research Interventional Radiology Fellow | Head of the Fellows RFS Subcommittee Pan Arab Interventional Radiology Society (PAIRS))
2026-03-14 19:14:53 [INFO   ]     ✅ sara.lojo@cvirendovascular.org (Radiólogo Vascular Intervencionista, MD, EBIR, FSERVEI)
2026-03-14 19:14:53 [INFO   ] 
  📍 Cardiovascular and Interventional Radiological Society of Europe (CIRSE) (cirse.org)
2026-03-14 19:14:53 [INFO   ]     ✅ daniel.waigl@cirse.org (CIRSE Executive Director)
2026-03-14 19:14:53 [INFO   ]     ✅ basil.khan@cirse.org (Diagnostic and Interventional Radiology Resident at Oxford University Hospitals NHS Foundation Trust)
2026-03-14 19:14:53 [INFO   ]     ✅ ben.lulham@cirse.org (Head of Congress & Events at Cardiovascular and Interventional Radiological Society of Europe)
2026-03-14 19:14:53 [INFO   ]     ✅ birgit.gull@cirse.org (--)
2026-03-14 19:14:53 [INFO   ]     ✅ karolína.mendelová@cirse.org (CIRSE | Online Education Project Assistant)
2026-03-14 19:14:54 [INFO   ] 
  📍 Cartken (cartken.com)
2026-03-14 19:14:54 [INFO   ]     ✅ christian.bersch@cartken.com (CEO & Co-Founder | ex-Google)
2026-03-14 19:14:54 [INFO   ]     ✅ jake.stelman@cartken.com (Co-Founder & VP @ Cartken | ex-Google | ex-Facebook)
2026-03-14 19:14:54 [INFO   ]     ✅ jonas.witt@cartken.com (CTO & Co-Founder | ex-Google | ex-GoogleX | We're hiring!)
2026-03-14 19:14:54 [INFO   ]     ✅ delis.dantas@cartken.com (Business Development at Cartken)
2026-03-14 19:14:54 [INFO   ]     ✅ dino.dessi@cartken.com (Strategic Leader, Driving Growth, Efficiency & Innovation)
2026-03-14 19:14:54 [INFO   ] 
  📍 CrateDB (cratedb.com)
2026-03-14 19:14:54 [INFO   ]     ✅ andrea.salomone@cratedb.com (Helping Companies Drive Revenue Growth & Disrupt Markets via leveraging CrateDB)
2026-03-14 19:14:54 [WARNING]     ⚠️  Skipping bad name: {emp['full_name']!r}
2026-03-14 19:14:54 [INFO   ]     ✅ bernhard.motschiunig@cratedb.com (Head of HR, People and Culture | Senior HR Business Partner | Senior Talent Acquisition Expert | Agile Coach | Dad)
2026-03-14 19:14:54 [INFO   ]     ✅ david.jankowsky@cratedb.com (Business Development Representative | CrateDB – Real-Time Data. Simple. Scalable. | Scaling a European Real-Time Data Platform Pioneer in Real-Time Industrial Analytics)
2026-03-14 19:14:54 [WARNING]     ⚠️  Skipping bad name: {emp['full_name']!r}
2026-03-14 19:14:54 [INFO   ] 
  📍 Eder Gartenarchitektur (garten-eder.at)
2026-03-14 19:14:54 [INFO   ]     ✅ evi.wohlfartstätter@garten-eder.at (Interior und Exterior Design bei Eder Gartenarchitektur)
2026-03-14 19:14:54 [INFO   ]     ✅ hannes.eder@garten-eder.at (--)
2026-03-14 19:14:54 [INFO   ]     ✅ josefien.van@garten-eder.at (Social Media & Marketing Managerin | Gartenplanerin bei Eder Gartenarchitektur GmbH)
2026-03-14 19:14:54 [INFO   ]     ✅ philipp.nützel@garten-eder.at (Gartenplaner & Bauleiter)
2026-03-14 19:14:54 [INFO   ] 
  📍 EuSoMII - European Society of Medical Imaging Informatics (eusomii.org)
2026-03-14 19:14:54 [INFO   ]     ✅ dr.christina@eusomii.org (Director of CRRAG research group, City St George’s, University of London, EuSoMII Board member, Fellow of College of Radiographers-Opinions are my own)
2026-03-14 19:14:54 [INFO   ]     ✅ sergey.morozov@eusomii.org (AI in Healthcare, Consulting, R&D | MD MPH PhD Professor | Ex-Chief Radiology Officer of Moscow, CEO Teleradiology Center, CIO AI-platform, COO $1B hospital network | EuSoMII Past President)
2026-03-14 19:14:54 [INFO   ]     ✅ alessia.guarnera@eusomii.org (Diagnostic Radiologist, Neuroradiologist and Pediatric Radiologist based in Rome, Italy)
2026-03-14 19:14:54 [INFO   ]     ✅ amit.gupta@eusomii.org (Paediatric and Onco-Radiologist.// AI & Imaging Informatics Researcher// Responsible AI & LLMs for patient centric Radiology. MBBS ,MD (AIIMS New Delhi), Frank Doyle Medalist (RCR) Bridging Equity and Innovation.)
2026-03-14 19:14:54 [INFO   ]     ✅ armando.cavallo@eusomii.org (Radiologist | PhD in Translational Medicine | Clinical Research | Imaging Innovation)
2026-03-14 19:14:54 [INFO   ] 
  📍 European Academy of Neurology (ean.org)
2026-03-14 19:14:54 [INFO   ]     ✅ aman.amauriya@ean.org (MS4 | Pacific Institute of Medical Sciences | Aspiring Neurosurgeon | Research enthusiast)
2026-03-14 19:14:54 [INFO   ]     ✅ dishan.chatterjee@ean.org (MS1 | The West Bengal University Of Health Sciences(WBUHS) | (COMSDH) | (State | Kolkata | GMC) || Completed class 10(ICSE) and 12(ISC) at Don Bosco Park Circus,Kolkata)
2026-03-14 19:14:54 [WARNING]     ⚠️  Skipping bad name: {emp['full_name']!r}
2026-03-14 19:14:54 [INFO   ]     ✅ rajendra.gurjar@ean.org (UGY3 | Member - NATIONAL MEDICOS ORGANISATION | Student Ambassador - National Student Research Institute | Aspiring healthcare Researcher)
2026-03-14 19:14:54 [INFO   ]     ✅ sahana.nalvvarshini@ean.org (4th Year Medical Student)
2026-03-14 19:14:54 [INFO   ] 
  📍 European Conference on Interventional Oncology (ecio.org)
2026-03-14 19:14:54 [INFO   ]     ✅ martijn.meijerink@ecio.org (Professor of Interventional Radiology at Amsterdam UMC. CVIR Section Editor Oncology at CardioVascular and Interventional Radiology (CVIR). Director Interventional Oncology Solutions (IOS) and MedPeers. Vice chair ECIO.)
2026-03-14 19:14:54 [INFO   ]     ✅ laura.crocetti@ecio.org (Professore associato presso Università di Pisa)
2026-03-14 19:14:54 [INFO   ] 
  📍 Florissa GmbH (florissa.at)
2026-03-14 19:14:54 [INFO   ]     ✅ ladislaus.szabo@florissa.at (Geschäftsführer bei FLORISSA GmbH)
2026-03-14 19:14:54 [INFO   ]     ✅ alena.busse@florissa.at (Florissa GmbH)
2026-03-14 19:14:54 [INFO   ]     ✅ horst.halbwachs@florissa.at (Vertrieb Österreich, FLORISSA GmbH)
2026-03-14 19:14:54 [INFO   ]     ✅ michael.mischkulnig@florissa.at (Außendienst)
2026-03-14 19:14:54 [INFO   ] 
  📍 Forbes Austria (forbes.at)
2026-03-14 19:14:54 [INFO   ]     ✅ jan.kienbichl@forbes.at (Managing Director - Forbes Austria)
2026-03-14 19:14:54 [INFO   ]     ✅ thomas.pressberger@forbes.at (Deputy Editor in Chief bei Forbes Austria)
2026-03-14 19:14:54 [INFO   ]     ✅ adna.iseni@forbes.at (--)
2026-03-14 19:14:54 [INFO   ]     ✅ corrina.koszticzky@forbes.at (Graphic Designer from Vienna)
2026-03-14 19:14:54 [INFO   ]     ✅ lidija.jovanovic@forbes.at (Studium auf der internationale Hochschule (iU))
2026-03-14 19:14:55 [INFO   ] 
  📍 Freiraum Gartenarchitektur GmbH (freiraum.cc)
2026-03-14 19:14:55 [INFO   ]     ✅ michael.pühringer@freiraum.cc (Geschäftsleiter bei Freiraum Gartenarchitektur GmbH)
2026-03-14 19:14:55 [INFO   ] 
  📍 Garten Hödl GmbH (garten-hoedl.at)
2026-03-14 19:14:55 [INFO   ]     ✅ christoph.fink@garten-hoedl.at (Garten Hödl GmbH bei Garten Hödl GmbH)
2026-03-14 19:14:55 [INFO   ] 
  📍 Gartengestaltung Reinisch (garten-reinisch.at)
2026-03-14 19:14:55 [INFO   ]     ✅ peter.reinisch@garten-reinisch.at (Betriebsführer bei Gartengestaltung Peter Reinisch)
2026-03-14 19:14:55 [INFO   ] 
  📍 Global Second Opinion (globalsecondopinion.com)
2026-03-14 19:14:55 [WARNING]     ⚠️  Skipping bad name: {emp['full_name']!r}
2026-03-14 19:14:55 [INFO   ]     ✅ wes.crane@globalsecondopinion.com (Owner, Second Opinion)
2026-03-14 19:14:55 [WARNING]     ⚠️  Skipping bad name: {emp['full_name']!r}
2026-03-14 19:14:55 [WARNING]     ⚠️  Skipping bad name: {emp['full_name']!r}
2026-03-14 19:14:55 [INFO   ]     ✅ martha.tacy@globalsecondopinion.com (B2B Marketing Leader | Growth Strategist | Turning Ideas into Revenue)
2026-03-14 19:14:55 [INFO   ] 
  📍 Gruber & Söhne GmbH (grubersoehne.at)
2026-03-14 19:14:55 [INFO   ]     ✅ alejandra.ortiz@grubersoehne.at (Redakteurin | Kolumnistin | Content Creatorin)
2026-03-14 19:14:55 [INFO   ]     ✅ stephan.gruber@grubersoehne.at (Unternehmer)
2026-03-14 19:14:56 [INFO   ] 
  📍 Harmonie im Garten (harmonie-im-garten.at)
2026-03-14 19:14:56 [INFO   ]     ✅ johannes.klösch@harmonie-im-garten.at (Geschäftsführer bei Harmonie Im Garten)
2026-03-14 19:14:56 [INFO   ] 
  📍 Huber Fine Watches & Jewellery (huber.li)
2026-03-14 19:14:56 [INFO   ]     ✅ christof.ritter@huber.li (.)
2026-03-14 19:14:56 [INFO   ]     ✅ dejan.krstovic@huber.li (Huber Juwelier | Luxury Watches & Jewellery | Zwischen Exzellenz und Echtheit beginnt wahre Wirkung)
2026-03-14 19:14:56 [INFO   ]     ✅ filipp.wenk@huber.li (Uhrmacher Rhabilleur)
2026-03-14 19:14:56 [INFO   ]     ✅ max.loyall@huber.li (Uhrmachermeister)
2026-03-14 19:14:56 [INFO   ]     ✅ nadja.mauser@huber.li (“Wenn du immer versuchst, normal zu sein, wirst du niemals erfahren, wie besonders du sein kannst.”)
2026-03-14 19:14:56 [INFO   ] 
  📍 ImageBiopsy Lab (imagebiopsy.com)
2026-03-14 19:14:56 [INFO   ]     ✅ reinhard.krickl@imagebiopsy.com (Accomplished MedTech CEO, MedTech Board roles, Venture Partner)
2026-03-14 19:14:56 [INFO   ]     ✅ adrian.wagner@imagebiopsy.com (Technical Service & Support Specialist | ImageBiopsy Lab)
2026-03-14 19:14:56 [INFO   ]     ✅ christoph.salzlechner@imagebiopsy.com (Clinical Research Partner Manager & Postdoctoral Scientist in Regenerative Medicine)
2026-03-14 19:14:56 [WARNING]     ⚠️  Skipping bad name: {emp['full_name']!r}
2026-03-14 19:14:56 [INFO   ]     ✅ hesha.bhavsar@imagebiopsy.com (Senior Quality & Regulatory Affairs Specialist at ImageBiopsy Lab)
2026-03-14 19:14:57 [INFO   ] 
  📍 Innovation Authority (innovationauthority.com)
2026-03-14 19:14:57 [WARNING]     ⚠️  Skipping bad name: {emp['full_name']!r}
2026-03-14 19:14:57 [INFO   ]     ✅ many.klenk@innovationauthority.com (Business and Brand Strategist | Founder of mut.agency | LEVEL C Fellow in Residence | Board Member | Speaker | Brand Philosopher)
2026-03-14 19:14:57 [INFO   ]     ✅ misa.lukic@innovationauthority.com (Founder & CEO @ Brand Sapiens Dubai | Business & Brand Designer | Building HumanAIzed AI Agents that become the voice, heart & logic of your brand | Creator of Business Sapiens Model | Strategy | Innovation | Future |)
2026-03-14 19:14:57 [INFO   ]     ✅ almutasim.alkhanjari@innovationauthority.com (Acting Head of the Councils and Committees | Research & Innovation Authority President Office | MBA in Information Technology | Experienced in Coordination and Follow up)
2026-03-14 19:14:57 [INFO   ]     ✅ amine.bouder@innovationauthority.com (Supply Chain Expert | The puzzles can’t be cracked without following proper SCM practices)
2026-03-14 19:14:57 [INFO   ] 
  📍 LIGRE (ligre.com)
2026-03-14 19:14:57 [INFO   ]     ✅ armin.zimpelmann@ligre.com (English)
2026-03-14 19:14:57 [INFO   ]     ✅ christopher.hauke@ligre.com (The blend of aesthetics, deep tech and ease)
2026-03-14 19:14:57 [INFO   ]     ✅ lina.gronbach@ligre.com (Unternehmerin aus Leidenschaft)
2026-03-14 19:14:57 [INFO   ]     ✅ moritz.reischel@ligre.com (New era Marketing leader, creating authentic (data driven) marketing activities and strategies to drive growth and awareness for leading brands. I ex VW; Red Bull; HaebMau)
2026-03-14 19:14:57 [INFO   ]     ✅ patrick.weiß@ligre.com (The blend of aesthetics, deep tech and ease.)
2026-03-14 19:14:57 [INFO   ] 
  📍 Langer® Magnet Austria (langer-magnet.com)
2026-03-14 19:14:57 [INFO   ]     ✅ aichhorn.fritz@langer-magnet.com (Inspiration, Innovation, nahe am Menschen)
2026-03-14 19:14:57 [INFO   ]     ✅ claudia.aichhorn@langer-magnet.com (Selbstständige Schmuckkünstlerin)
2026-03-14 19:14:57 [INFO   ]     ✅ hassan.zaroual@langer-magnet.com (Foreur chez Langer)
2026-03-14 19:14:57 [INFO   ]     ✅ robert.thauerböck@langer-magnet.com (Technischer Leiter bei Langer GmbH)
2026-03-14 19:14:57 [INFO   ]     ✅ sonja.hintringer@langer-magnet.com (kaufm. Angestellte bei Langer GmbH)
2026-03-14 19:14:57 [INFO   ] 
  📍 Lightcast.com (lightcast.com)
2026-03-14 19:14:57 [INFO   ]     ✅ kirby.langley@lightcast.com (Chief Revenue Officer | Growth Driven GTM Leader)
2026-03-14 19:14:57 [INFO   ]     ✅ cheyanne.ward@lightcast.com (Business Development Representative at Cross Media Corporation)
2026-03-14 19:14:57 [INFO   ]     ✅ jameson.adams@lightcast.com (Technology Solutions Consultant)
2026-03-14 19:14:57 [INFO   ]     ✅ mathew.carrillo@lightcast.com (Business Development Representative)
2026-03-14 19:14:57 [WARNING]     ⚠️  Skipping bad name: {emp['full_name']!r}
2026-03-14 19:14:57 [INFO   ] 
  📍 LiteSentry - Softsolution - Strainoptics (glassquality.com)
2026-03-14 19:14:57 [INFO   ]     ✅ tim.bushaw@glassquality.com (Group CEO | Driving Innovation in Glass Quality Inspection | LiteSentry, Softsolution, Strainoptics, Avalon Vision Solutions | Glassquality.com)
2026-03-14 19:14:57 [INFO   ]     ✅ alex.lema@glassquality.com (Electrical & Computer Engineering)
2026-03-14 19:14:57 [INFO   ]     ✅ david.cousins@glassquality.com (Regional Sales Manager at LiteSentry-Softsolution | Setting Product Strategy for Glass Quality Solutions | Glass Industry Expertise)
2026-03-14 19:14:57 [INFO   ]     ✅ dylan.parsons@glassquality.com (Software Engineer | Embedded Systems · Computer Vision · Hardware Integration | Python · C++ · C#)
2026-03-14 19:14:57 [INFO   ]     ✅ elias.ibrahim@glassquality.com (Industrial Engineer)
2026-03-14 19:14:58 [INFO   ] 
  📍 MECHATRONIK AUSTRIA (mechatronik-austria.at)
2026-03-14 19:14:58 [INFO   ]     ✅ rupert.kaspar@mechatronik-austria.at (Immobilienmediator (Mediator.bayern) | CEO bayernboden.de | Tech-Investor & AgTech Entrepreneur | Naturland-Landwirt (Erlhof) | Maximilianstraße 2, München)
2026-03-14 19:14:58 [INFO   ]     ✅ christian.jeloucan@mechatronik-austria.at (Software-Entwickler bei MECHATRONIK AUSTRIA)
2026-03-14 19:14:58 [INFO   ]     ✅ david.hanusch@mechatronik-austria.at (Area Sales Manager bei Mechatronik Austria)
2026-03-14 19:14:58 [INFO   ]     ✅ dominik.ottino@mechatronik-austria.at (Systementwickler bei Wintersteiger AG)
2026-03-14 19:14:58 [INFO   ]     ✅ julian.jäger@mechatronik-austria.at (CMSE®, Dipl.-Wirt.-Ing. (FH) Technical Development bei Mechatronik Austria)
2026-03-14 19:14:58 [INFO   ] 
  📍 MOSTLY AI (mostly.ai)
2026-03-14 19:14:58 [INFO   ]     ✅ kerem.erdem@mostly.ai (Chief Platform Officer and CISO @ MOSTLY AI | Synthetic Data, AI)
2026-03-14 19:14:58 [INFO   ]     ✅ tobias.hann@mostly.ai (CEO | AI & Data Platform Leader | Building and Scaling Deep-Tech Businesses | Board & Investor-Facing Executive | ex-BCG)
2026-03-14 19:14:58 [WARNING]     ⚠️  Skipping bad name: {emp['full_name']!r}
2026-03-14 19:14:58 [INFO   ]     ✅ mustufa.ghosi@mostly.ai (Online Marketing Specialist at MOSTLY AI)
2026-03-14 19:14:58 [INFO   ] 
  📍 Makaro Jewelry (makarojewelry.com)
2026-03-14 19:14:58 [WARNING]     ⚠️  Skipping bad name: {emp['full_name']!r}
2026-03-14 19:14:58 [INFO   ]     ✅ fiona.shantala@makarojewelry.com (Digital Marketing Management@Campus02 & Marketingmitarbeiterin@LebensGroß)
2026-03-14 19:14:58 [INFO   ]     ✅ jana.barabas@makarojewelry.com (Jana Barabas)
2026-03-14 19:14:58 [INFO   ]     ✅ lisa.wimmer@makarojewelry.com (Assistant to Management)
2026-03-14 19:14:58 [INFO   ]     ✅ sandra.zofall@makarojewelry.com (In Ausbildung/Studium: WU (Wirtschaftsuniversität Wien))
2026-03-14 19:14:58 [INFO   ] 
  📍 SANSOL GmbH (sansol.eu)
2026-03-14 19:14:58 [INFO   ]     ✅ christian.hochfilzer@sansol.eu (Providing Optical Light Sources and Project Solutions to Industry and Biotechnology)
2026-03-14 19:14:58 [INFO   ] 
  📍 Schullin Wien (schullin.com)
2026-03-14 19:14:58 [WARNING]     ⚠️  Skipping bad name: {emp['full_name']!r}
2026-03-14 19:14:58 [INFO   ]     ✅ oriane.schullin@schullin.com (Fondateur chez My diamond ring by Schullin)
2026-03-14 19:14:58 [WARNING]     ⚠️  Skipping bad name: {emp['full_name']!r}
2026-03-14 19:14:58 [INFO   ]     ✅ sky.troy@schullin.com (International Business Management Student at IMC Krems)
2026-03-14 19:14:58 [INFO   ]     ✅ markus.laimer@schullin.com (Schullin Uhren im Looshaus)
2026-03-14 19:14:58 [INFO   ] 
  📍 Sija Schmuck GmbH (sija.at)
2026-03-14 19:14:58 [INFO   ]     ✅ birgit.freudenthaler@sija.at (Geschäftsführerin bei sija holding gmbh und sija schmuck gmbh)
2026-03-14 19:14:58 [INFO   ]     ✅ jochen.kaiserseder@sija.at (Jok-by-Jok Ihre Immobilie mein Auftrag)
2026-03-14 19:14:59 [INFO   ] 
  📍 Sindbad - Social Business (sindbad.co.at)
2026-03-14 19:14:59 [INFO   ]     ✅ alina.meyer@sindbad.co.at (Architecture & Design)
2026-03-14 19:14:59 [INFO   ]     ✅ andrea.schneeberger@sindbad.co.at (Bildungsgestalterin | Educate. Develop. Innovate.)
2026-03-14 19:14:59 [INFO   ]     ✅ elisabeth.langmann@sindbad.co.at (Community Managerin bei Sindbad - Social Business & In Ausbildung an der Universität Graz)
2026-03-14 19:14:59 [INFO   ]     ✅ katharina.prielinger@sindbad.co.at (--)
2026-03-14 19:14:59 [INFO   ]     ✅ lisa.heidrich@sindbad.co.at (Standortleitung bei Sindbad - Social Business in Görlitz)
2026-03-14 19:14:59 [INFO   ] 
  📍 Taurob (taurob.com)
2026-03-14 19:14:59 [INFO   ]     ✅ lukas.silberbauer@taurob.com (Co-Founder & Managing Director, Taurob)
2026-03-14 19:14:59 [INFO   ]     ✅ wolfgang.netzer@taurob.com (Director of Operations)
2026-03-14 19:14:59 [INFO   ]     ✅ adriana.henríquez@taurob.com (Office Assistant bei Taurob)
2026-03-14 19:14:59 [INFO   ]     ✅ alessandro.pasquino@taurob.com (Mechanical Engineer)
2026-03-14 19:14:59 [INFO   ]     ✅ dmitrii.panasiuk@taurob.com (Mechanical Engineer / Robotics Application Engineer)
2026-03-14 19:14:59 [INFO   ] 
  📍 Terre Suisse AG (terresuisse.com)
2026-03-14 19:14:59 [INFO   ]     ✅ martin.mettler@terresuisse.com (--)
2026-03-14 19:14:59 [INFO   ]     ✅ patricia.seitz@terresuisse.com (Marketingfachfrau)
2026-03-14 19:14:59 [INFO   ] 
  📍 Trending Topics by newsrooms (trendingtopics.eu)
2026-03-14 19:14:59 [INFO   ]     ✅ jakob.steinschaden@trendingtopics.eu (Co-founder newsrooms | Co-founder Trending Topics | Podcaster | Book Writer | Publisher | Moderator | Build, Baby, Build!)
2026-03-14 19:14:59 [WARNING]     ⚠️  Skipping bad name: {emp['full_name']!r}
2026-03-14 19:14:59 [INFO   ]     ✅ anupam.kumar@trendingtopics.eu (Trending Topics में High School Teacher)
2026-03-14 19:14:59 [INFO   ]     ✅ biftu.abduljelil@trendingtopics.eu (Sales/Marketing | Journalismus)
2026-03-14 19:14:59 [INFO   ]     ✅ markus.kirchmaier@trendingtopics.eu (tailored software and staffing solutions. #gernperDu)
2026-03-14 19:15:00 [INFO   ] 
  📍 VOCIER (vocier.com)
2026-03-14 19:15:00 [INFO   ]     ✅ aishwarya.talekar@vocier.com (Social Media & Marketing Manager | Driving Brand Innovation through Creative Storytelling, Campaigns and Analytical Insights)
2026-03-14 19:15:00 [INFO   ]     ✅ michael.kogelnik@vocier.com (working on the world's lightest luggage (lightest by far))
2026-03-14 19:15:00 [INFO   ]     ✅ sabine.stieber@vocier.com (Geschäftsführender Inhaber bei SBS EDV-Dienstleistungen)
2026-03-14 19:15:00 [INFO   ]     ✅ veronica.hurtado@vocier.com (Marketing and Category Management Specialist)
2026-03-14 19:15:00 [WARNING]     ⚠️  Skipping bad name: {emp['full_name']!r}
2026-03-14 19:15:00 [INFO   ] 
  📍 Whimsical (whimsical.com)
2026-03-14 19:15:00 [INFO   ]     ✅ kaspars.dancis@whimsical.com (Co-founder & CEO, Whimsical)
2026-03-14 19:15:00 [WARNING]     ⚠️  Skipping bad name: {emp['full_name']!r}
2026-03-14 19:15:00 [INFO   ]     ✅ darta.rina@whimsical.com (Customer Experience | Whimsical)
2026-03-14 19:15:00 [INFO   ]     ✅ diana.lace@whimsical.com (Head of Operations at Whimsical)
2026-03-14 19:15:00 [INFO   ]     ✅ jānis.peisenieks@whimsical.com (Engineering Leader at Whimsical)
2026-03-14 19:15:00 [INFO   ] 
  📍 WomenTech Network (womentech.net)
2026-03-14 19:15:00 [INFO   ]     ✅ amena.samar@womentech.net (Director|co-founder |Entrepreneur|State President-Telangana Information Technology Council , Wicci|Global Ambassador|SDG Ambassador|Board Member|State Chair|Good will Ambassador)
2026-03-14 19:15:00 [INFO   ]     ✅ ami.patel@womentech.net (Founder of Nirvami Creations | 👩‍💻Technopreneur | Personal Branding | Women Tech Network🕸️ | Partner @ NRG Global Instruments)
2026-03-14 19:15:00 [INFO   ]     ✅ ishita.kadian@womentech.net (CSE student at MIT Pune | AI ML enthusiast)
2026-03-14 19:15:00 [INFO   ]     ✅ janani.thesu@womentech.net (WomenTech Global Ambassador | Devops with AI | Multicloud | Calico Big Cats Ambassador | Knowledge Sharing | Womenintech | TATA Consultancy Services)
2026-03-14 19:15:00 [WARNING]     ⚠️  Skipping bad name: {emp['full_name']!r}
2026-03-14 19:15:00 [INFO   ] 
  📍 brutkasten (brutkasten.com)
2026-03-14 19:15:00 [INFO   ]     ✅ daniel.ignatenko@brutkasten.com (Sales / Marketing / Event Manager VC Magazin & StartingUp | Master of Science)
2026-03-14 19:15:00 [INFO   ]     ✅ dominik.perlaki@brutkasten.com (Redakteur bei "Der Brutkasten"​)
2026-03-14 19:15:00 [INFO   ]     ✅ hasan.derick@brutkasten.com (Responsable nettoyage chez derichbourg)
2026-03-14 19:15:00 [INFO   ]     ✅ stefan.kottek@brutkasten.com (Media Consultant @brutkasten | für die Gestalter:Innen der Zukunft 🚀)
2026-03-14 19:15:00 [INFO   ] 
  📍 fischer BAUBOT (baubot.com)
2026-03-14 19:15:00 [INFO   ]     ✅ victor.rodionov@baubot.com (Managing Director at Baubot)
2026-03-14 19:15:00 [INFO   ]     ✅ georg.frühwirth@baubot.com (Team Lead Mechatronics | Build Better with Mobile Robotics at Baubot GmbH)
2026-03-14 19:15:00 [INFO   ]     ✅ joseph.thomas@baubot.com (Mechanical/Production Engineer | Technical Project Manager)
2026-03-14 19:15:00 [INFO   ]     ✅ nico.spiller@baubot.com (Data science, computational modeling, automated pipelines.)
2026-03-14 19:15:00 [INFO   ]     ✅ ondřej.dvořáček@baubot.com (Mechanical and Testing Engineer at Baubot | Researcher & Engineer | Prototyping Specialist | Project Manager | Measurement & Data Acquisition Expert)
2026-03-14 19:15:00 [INFO   ] 
  📍 haelsi (haelsi.at)
2026-03-14 19:15:00 [INFO   ]     ✅ fanny.springer@haelsi.at (Founder's Associate at haelsi | Driving Strategy, Ops & Growth Hand-in-Hand with the CEO)
2026-03-14 19:15:00 [INFO   ]     ✅ adham.kassab@haelsi.at (Healthcare Solutions Enthusiast)
2026-03-14 19:15:00 [WARNING]     ⚠️  Skipping bad name: {emp['full_name']!r}
2026-03-14 19:15:00 [INFO   ]     ✅ dominik.gleich@haelsi.at (HNO-Facharzt | Spezialist für Nebenhöhlen- & Mittelohrchirurgie | Präzision & Empathie für die bestmögliche Behandlung)
2026-03-14 19:15:00 [INFO   ]     ✅ eduard.momot@haelsi.at (AI Product Manager │ ex-Upwork │ CSPO, CSM)
2026-03-14 19:15:00 [INFO   ] 
  📍 ivii GmbH (ivii.eu)
2026-03-14 19:15:00 [INFO   ]     ✅ peter.stelzer@ivii.eu (CEO bei ivii gmbH)
2026-03-14 19:15:00 [INFO   ]     ✅ angela.mader@ivii.eu (Communications - Curious about all the things behind the scences.)
2026-03-14 19:15:00 [INFO   ]     ✅ florian.rosenberg@ivii.eu (--)
2026-03-14 19:15:00 [INFO   ]     ✅ helmut.schmidinger@ivii.eu (Head of Sales at ivii GmbH)
2026-03-14 19:15:00 [INFO   ]     ✅ laurens.knasar@ivii.eu (Head of Controlling & Accounting bei KNAPP Industry Solutions & ivii GmbH)
2026-03-14 19:15:00 [INFO   ] 
  📍 nyra health (nyra.health)
2026-03-14 19:15:00 [INFO   ]     ✅ suthan.kethees@nyra.health (Senior Growth Manager - Lead Insurance | Nyra Health | Founder @ Comdu.it Deutschland | Public and Private Insurance)
2026-03-14 19:15:00 [INFO   ]     ✅ batoul.belal@nyra.health (QMRA Team Lead @ nyra health)
2026-03-14 19:15:00 [INFO   ]     ✅ bernhard.thallinger@nyra.health (Machine Learning Researcher/Engineer bei nyra health)
2026-03-14 19:15:00 [INFO   ]     ✅ egor.mitin@nyra.health (Not in the market for a job. But for making things better.)
2026-03-14 19:15:00 [INFO   ]     ✅ laura.hiller@nyra.health (Go-to-Market / Clinical Solutions & Sales Manager)
2026-03-14 19:15:01 [INFO   ] 
  📍 sheconomy (sheconomy.media)
2026-03-14 19:15:01 [INFO   ]     ✅ patrycja.gabriela@sheconomy.media (Founder of Xenia I FemTech for Women’s Wellness I Business Development & Sales 🚀)
2026-03-14 19:15:01 [WARNING]     ⚠️  Skipping bad name: {emp['full_name']!r}
2026-03-14 19:15:01 [INFO   ]     ✅ nadezhda.makarova@sheconomy.media (Online Redaktion | Marketing)
2026-03-14 19:15:01 [INFO   ]     ✅ stefan.löffelmann@sheconomy.media (Man kann nicht nicht kommunizieren)
2026-03-14 19:15:01 [INFO   ]     ✅ yvonne.molek@sheconomy.media (Herausgeberin sheconomy - Die Wirtschaftsplattform für Frauen. 365 Tage im Jahr. Preisträgerin IHK-Preis 2024 für Wirtschaftsjournalismus “Ernst Schneider”)
2026-03-14 19:15:01 [INFO   ] 
======================================================================
2026-03-14 19:15:01 [INFO   ]   EMAIL BREAKDOWN
2026-03-14 19:15:01 [INFO   ] ======================================================================
2026-03-14 19:15:01 [INFO   ]   Staff emails   : 177
2026-03-14 19:15:01 [INFO   ]     → firstname.lastname@domain (LinkedIn employees)
2026-03-14 19:15:01 [INFO   ]     → sent to named individuals found in the DB
2026-03-14 19:15:01 [INFO   ]   Generic info@  : 1
2026-03-14 19:15:01 [INFO   ]     → info@domain (fallback — no employee found)
2026-03-14 19:15:01 [INFO   ]     → sent to company inbox, not a named person
2026-03-14 19:15:01 [INFO   ]   Total available: 178
2026-03-14 19:15:01 [INFO   ] ======================================================================
2026-03-14 19:15:09 [INFO   ] 
  Sending: 5 per profile × 8 profiles = 40 emails
2026-03-14 19:15:09 [INFO   ] 
  Full list:
2026-03-14 19:15:09 [INFO   ]       1. [STAFF  ] daniela.thomann@airskin.io  ← Daniela Thomann (HR-Management / Accounting @AIRSKIN GmbH)
2026-03-14 19:15:09 [INFO   ]       2. [STAFF  ] elmar.meller@airskin.io  ← Elmar Meller (Mechanical Engineer bei Blue danube robotics)
2026-03-14 19:15:09 [INFO   ]       3. [STAFF  ] gentian.shala@airskin.io  ← Gentian Shala (Head of Development at AIRSKIN GmbH)
2026-03-14 19:15:09 [INFO   ]       4. [STAFF  ] jan.mathis@airskin.io  ← Jan Mathis (Industrial Designer)
2026-03-14 19:15:09 [INFO   ]       5. [GENERIC] info@alles-strass.at
2026-03-14 19:15:09 [INFO   ]       6. [STAFF  ] achim.lang@alphagate.eu  ← Achim Lang (Head of UX & Product)
2026-03-14 19:15:09 [INFO   ]       7. [STAFF  ] cédric.gfrerer@alphagate.eu  ← Cédric Gfrerer (Crafting experiences that turn frowns into genuine smiles.)
2026-03-14 19:15:09 [INFO   ]       8. [STAFF  ] johan.spets@alphagate.eu  ← Johan Spets (COO @ Alphagate | Experts in UX, HMI & Industrial Design | Partner for Big & Small Ideas)
2026-03-14 19:15:09 [INFO   ]       9. [STAFF  ] jürgen.mohr@alphagate.eu  ← Jürgen Mohr (Head Innovation & Product Management bei Alphagate Automatisierungstechnik GmbH)
2026-03-14 19:15:09 [INFO   ]      10. [STAFF  ] martin.waitzbauer@alphagate.eu  ← Martin Waitzbauer (Software Architect at Alphagate Automatisierungstechnik GmbH)
2026-03-14 19:15:09 [INFO   ]      11. [STAFF  ] kevin.rettenbacher@ausserbrunner.at  ← Kevin Rettenbacher (Büroleiter)
2026-03-14 19:15:09 [INFO   ]      12. [STAFF  ] helena.maria@brunathelabel.com  ← Helena Maria Rupp M.A (she/her) (Co-Founder, CEO & Creative Director BRUNA)
2026-03-14 19:15:09 [INFO   ]      13. [STAFF  ] alessandra.gargiulo@brunathelabel.com  ← Alessandra Gargiulo (Senior ESG Manager & Entrepreneur 👩‍💻)
2026-03-14 19:15:09 [INFO   ]      14. [STAFF  ] beth.swan@brunathelabel.com  ← Beth Swan (Freelance | Operations & Supply Chain | Jewellery 💍)
2026-03-14 19:15:09 [INFO   ]      15. [STAFF  ] helena.oberparleiter@brunathelabel.com  ← Helena Oberparleiter (Connecting People & Culture with organisational strategy and growth at BRUNA ⭐️)
2026-03-14 19:15:09 [INFO   ]      16. [STAFF  ] magdalena.ebner@brunathelabel.com  ← Magdalena Ebner (In Ausbildung/Studium: WU Wien)
2026-03-14 19:15:09 [INFO   ]      17. [STAFF  ] andreas.fekete@beckhoff.at  ← Andreas Fekete (Konstrukteur bei Beckhoff Automation Österreich)
2026-03-14 19:15:09 [INFO   ]      18. [STAFF  ] armin.wessel@beckhoff.at  ← Armin Wessel (Robotics Developer)
2026-03-14 19:15:09 [INFO   ]      19. [STAFF  ] balazs.bezeczky@beckhoff.at  ← Balazs Bezeczky (IoT / Industry 4.0 / digital transformation specialist/ sales engineer @ BECKHOFF Automation)
2026-03-14 19:15:09 [INFO   ]      20. [STAFF  ] carsten.sverbæk@burkert.dk  ← Carsten Sverbæk (Mangler du en leverandør til komplette doserings løsninger indenfor gasser? Connect og lad os tage en dialog.)
2026-03-14 19:15:09 [INFO   ]      21. [STAFF  ] dorte.juhl@burkert.dk  ← Dorte Juhl G. (Quality Manager hos Bürkert Danmark A/S)
2026-03-14 19:15:09 [INFO   ]      22. [STAFF  ] helle.rasmussen@burkert.dk  ← Helle Rasmussen (Quality & Sustainability Ambassador Region North Europe | Project Management | QHSE | Quality Management | Sustainability)
2026-03-14 19:15:09 [INFO   ]      23. [STAFF  ] lars.just@burkert.dk  ← Lars Just Larsen (Logistikassistent hos Burkert)
2026-03-14 19:15:09 [INFO   ]      24. [STAFF  ] niklas.lundager@burkert.dk  ← Niklas Lundager Jensen (.)
2026-03-14 19:15:09 [INFO   ]      25. [STAFF  ] anderson.kochi@cvirendovascular.org  ← Anderson Kochi (Interventional Radiologist -- Radiology Informatics)
2026-03-14 19:15:09 [INFO   ]      26. [STAFF  ] kevin.fung@cvirendovascular.org  ← Kevin Fung (FRCR, FHKCR, EBIR; Interventional Radiologist at HK Children’s Hospital 🇭🇰👶🏻)
2026-03-14 19:15:09 [INFO   ]      27. [STAFF  ] mohamed.fouad@cvirendovascular.org  ← Mohamed Fouad (MBChB (Medical Doctor), M.Sc., EBIR-ES, PhD Candidate | Clinical & Research Interventional Radiology Fellow | Head of the Fellows RFS Subcommittee Pan Arab Interventional Radiology Society (PAIRS))
2026-03-14 19:15:09 [INFO   ]      28. [STAFF  ] sara.lojo@cvirendovascular.org  ← Sara Lojo Lendoiro (Radiólogo Vascular Intervencionista, MD, EBIR, FSERVEI)
2026-03-14 19:15:09 [INFO   ]      29. [STAFF  ] daniel.waigl@cirse.org  ← Daniel Waigl (CIRSE Executive Director)
2026-03-14 19:15:09 [INFO   ]      30. [STAFF  ] basil.khan@cirse.org  ← Basil Khan (Diagnostic and Interventional Radiology Resident at Oxford University Hospitals NHS Foundation Trust)
2026-03-14 19:15:09 [INFO   ]      31. [STAFF  ] ben.lulham@cirse.org  ← Ben Lulham (Head of Congress & Events at Cardiovascular and Interventional Radiological Society of Europe)
2026-03-14 19:15:09 [INFO   ]      32. [STAFF  ] birgit.gull@cirse.org  ← Birgit Gull (--)
2026-03-14 19:15:09 [INFO   ]      33. [STAFF  ] karolína.mendelová@cirse.org  ← Karolína Mendelová (CIRSE | Online Education Project Assistant)
2026-03-14 19:15:09 [INFO   ]      34. [STAFF  ] christian.bersch@cartken.com  ← Christian Bersch (CEO & Co-Founder | ex-Google)
2026-03-14 19:15:09 [INFO   ]      35. [STAFF  ] jake.stelman@cartken.com  ← Jake Stelman (Co-Founder & VP @ Cartken | ex-Google | ex-Facebook)
2026-03-14 19:15:09 [INFO   ]      36. [STAFF  ] jonas.witt@cartken.com  ← Jonas Witt (CTO & Co-Founder | ex-Google | ex-GoogleX | We're hiring!)
2026-03-14 19:15:09 [INFO   ]      37. [STAFF  ] delis.dantas@cartken.com  ← Delis Dantas Graham (Business Development at Cartken)
2026-03-14 19:15:09 [INFO   ]      38. [STAFF  ] dino.dessi@cartken.com  ← Dino Dessi (Strategic Leader, Driving Growth, Efficiency & Innovation)
2026-03-14 19:15:09 [INFO   ]      39. [STAFF  ] andrea.salomone@cratedb.com  ← Andrea Salomone (Helping Companies Drive Revenue Growth & Disrupt Markets via leveraging CrateDB)
2026-03-14 19:15:09 [INFO   ]      40. [STAFF  ] bernhard.motschiunig@cratedb.com  ← Bernhard Motschiunig (Head of HR, People and Culture | Senior HR Business Partner | Senior Talent Acquisition Expert | Agile Coach | Dad)
2026-03-14 19:15:09 [INFO   ] 
  ✓ Template: email_template_with_link.htm
2026-03-14 19:15:09 [INFO   ] 
  Distribution across 8 profile(s):
2026-03-14 19:15:09 [INFO   ]     Profile 1 (m7mMvZI0.Profile 9): 5 emails
2026-03-14 19:15:09 [INFO   ]     Profile 2 (ifyvFjIj.Profile 15): 5 emails
2026-03-14 19:15:09 [INFO   ]     Profile 3 (RCn17qXW.Profile 13): 5 emails
2026-03-14 19:15:09 [INFO   ]     Profile 4 (SucUl2kq.Profile 11): 5 emails
2026-03-14 19:15:09 [INFO   ]     Profile 5 (1E3luMW0.Profile 14): 5 emails
2026-03-14 19:15:09 [INFO   ]     Profile 6 (8o7wlsow.Profile 10): 5 emails
2026-03-14 19:15:09 [INFO   ]     Profile 7 (RqhQVxMP.Profile 8): 5 emails
2026-03-14 19:15:09 [INFO   ]     Profile 8 (dnUqYTxV.Profile 12): 5 emails
2026-03-14 19:15:09 [INFO   ] 
======================================================================
2026-03-14 19:15:13 [INFO   ] 
  Sending 40 emails across 8 profile(s)...
2026-03-14 19:15:13 [INFO   ] 
[1/40] P1 | AIRSKIN — Daniela Thomann
2026-03-14 19:15:13 [INFO   ]   → daniela.thomann@airskin.io
2026-03-14 19:15:18 [INFO   ]     ✓ SENT → daniela.thomann@airskin.io
2026-03-14 19:15:23 [INFO   ] 
  🔄 Switching to Profile 2 (ifyvFjIj.Profile 15) — waiting 5s...
2026-03-14 19:15:28 [INFO   ] 
[2/40] P2 | AIRSKIN — Elmar Meller
2026-03-14 19:15:28 [INFO   ]   → elmar.meller@airskin.io
2026-03-14 19:15:28 [INFO   ]   ⏸️  Domain cooldown: waiting 5s for airskin.io...
2026-03-14 19:15:36 [ERROR  ]     ✗ AUTH ERROR for jain107sandeep@gmail.com — check App Password
2026-03-14 19:15:36 [INFO   ] 
  🔄 Switching to Profile 3 (RCn17qXW.Profile 13) — waiting 5s...
2026-03-14 19:15:41 [INFO   ] 
[3/40] P3 | AIRSKIN — Gentian Shala
2026-03-14 19:15:41 [INFO   ]   → gentian.shala@airskin.io
2026-03-14 19:15:41 [INFO   ]   ⏸️  Domain cooldown: waiting 11s for airskin.io...
2026-03-14 19:15:58 [INFO   ]     ✓ SENT → gentian.shala@airskin.io
2026-03-14 19:16:03 [INFO   ] 
  🔄 Switching to Profile 4 (SucUl2kq.Profile 11) — waiting 5s...
2026-03-14 19:16:08 [INFO   ] 
[4/40] P4 | AIRSKIN — Jan Mathis
2026-03-14 19:16:08 [INFO   ]   → jan.mathis@airskin.io
2026-03-14 19:16:08 [INFO   ]   ⏸️  Domain cooldown: waiting 4s for airskin.io...
2026-03-14 19:16:18 [INFO   ]     ✓ SENT → jan.mathis@airskin.io
2026-03-14 19:16:23 [INFO   ] 
  🔄 Switching to Profile 5 (1E3luMW0.Profile 14) — waiting 5s...
2026-03-14 19:16:28 [INFO   ] 
[5/40] P5 | Alles Strass
2026-03-14 19:16:28 [INFO   ]   → info@alles-strass.at
2026-03-14 19:16:32 [INFO   ]     ✓ SENT → info@alles-strass.at
2026-03-14 19:16:37 [INFO   ] 
  🔄 Switching to Profile 6 (8o7wlsow.Profile 10) — waiting 5s...
2026-03-14 19:16:42 [INFO   ] 
[6/40] P6 | Alphagate Automatisierungstechnik GmbH — Achim Lang
2026-03-14 19:16:42 [INFO   ]   → achim.lang@alphagate.eu
2026-03-14 19:16:47 [INFO   ]     ✓ SENT → achim.lang@alphagate.eu
2026-03-14 19:16:47 [INFO   ] 💾 Progress saved — 75 emails sent total
2026-03-14 19:16:52 [INFO   ] 
  🔄 Switching to Profile 7 (RqhQVxMP.Profile 8) — waiting 5s...
2026-03-14 19:16:57 [INFO   ] 
[7/40] P7 | Alphagate Automatisierungstechnik GmbH — Cédric Gfrerer
2026-03-14 19:16:57 [INFO   ]   → cédric.gfrerer@alphagate.eu
2026-03-14 19:16:57 [INFO   ]   ⏸️  Domain cooldown: waiting 5s for alphagate.eu...
2026-03-14 19:17:05 [ERROR  ]     ✗ ERROR: {e}
2026-03-14 19:17:05 [INFO   ] 
  🔄 Switching to Profile 8 (dnUqYTxV.Profile 12) — waiting 5s...
2026-03-14 19:17:10 [INFO   ] 
[8/40] P8 | Alphagate Automatisierungstechnik GmbH — Johan Spets
2026-03-14 19:17:10 [INFO   ]   → johan.spets@alphagate.eu
2026-03-14 19:17:10 [INFO   ]   ⏸️  Domain cooldown: waiting 12s for alphagate.eu...
2026-03-14 19:17:27 [INFO   ]     ✓ SENT → johan.spets@alphagate.eu
2026-03-14 19:17:32 [INFO   ] 
  🔄 Switching to Profile 1 (m7mMvZI0.Profile 9) — waiting 5s...
2026-03-14 19:17:37 [INFO   ] 
[9/40] P1 | Alphagate Automatisierungstechnik GmbH — Jürgen Mohr
2026-03-14 19:17:37 [INFO   ]   → jürgen.mohr@alphagate.eu
2026-03-14 19:17:37 [INFO   ]   ⏸️  Domain cooldown: waiting 5s for alphagate.eu...
2026-03-14 19:17:45 [ERROR  ]     ✗ ERROR: {e}
2026-03-14 19:17:45 [INFO   ] 
  🔄 Switching to Profile 2 (ifyvFjIj.Profile 15) — waiting 5s...
2026-03-14 19:17:50 [INFO   ] 
[10/40] P2 | Alphagate Automatisierungstechnik GmbH — Martin Waitzbauer
2026-03-14 19:17:50 [INFO   ]   → martin.waitzbauer@alphagate.eu
2026-03-14 19:17:50 [INFO   ]   ⏸️  Domain cooldown: waiting 12s for alphagate.eu...
2026-03-14 19:18:06 [ERROR  ]     ✗ AUTH ERROR for jain107sandeep@gmail.com — check App Password
2026-03-14 19:18:06 [INFO   ] 
  🔄 Switching to Profile 3 (RCn17qXW.Profile 13) — waiting 5s...
2026-03-14 19:18:11 [INFO   ] 
[11/40] P3 | Ausserbrunner GmbH — Kevin Rettenbacher
2026-03-14 19:18:11 [INFO   ]   → kevin.rettenbacher@ausserbrunner.at
2026-03-14 19:18:15 [INFO   ]     ✓ SENT → kevin.rettenbacher@ausserbrunner.at
2026-03-14 19:18:20 [INFO   ] 
  🔄 Switching to Profile 4 (SucUl2kq.Profile 11) — waiting 5s...
2026-03-14 19:18:25 [INFO   ] 
[12/40] P4 | BRUNA — Helena Maria Rupp M.A (she/her)
2026-03-14 19:18:25 [INFO   ]   → helena.maria@brunathelabel.com
2026-03-14 19:18:30 [INFO   ]     ✓ SENT → helena.maria@brunathelabel.com
2026-03-14 19:18:35 [INFO   ] 
  🔄 Switching to Profile 5 (1E3luMW0.Profile 14) — waiting 5s...
2026-03-14 19:18:40 [INFO   ] 
[13/40] P5 | BRUNA — Alessandra Gargiulo
2026-03-14 19:18:40 [INFO   ]   → alessandra.gargiulo@brunathelabel.com
2026-03-14 19:18:40 [INFO   ]   ⏸️  Domain cooldown: waiting 5s for brunathelabel.com...
2026-03-14 19:18:50 [INFO   ]     ✓ SENT → alessandra.gargiulo@brunathelabel.com
2026-03-14 19:18:55 [INFO   ] 
  🔄 Switching to Profile 6 (8o7wlsow.Profile 10) — waiting 5s...
2026-03-14 19:19:00 [INFO   ] 
[14/40] P6 | BRUNA — Beth Swan
2026-03-14 19:19:00 [INFO   ]   → beth.swan@brunathelabel.com
2026-03-14 19:19:00 [INFO   ]   ⏸️  Domain cooldown: waiting 5s for brunathelabel.com...
2026-03-14 19:19:10 [INFO   ]     ✓ SENT → beth.swan@brunathelabel.com
2026-03-14 19:19:10 [INFO   ] 💾 Progress saved — 80 emails sent total
2026-03-14 19:19:15 [INFO   ] 
  🛑 Batch break after 10 sent — waiting 30s...
2026-03-14 19:19:45 [INFO   ] 
  🔄 Switching to Profile 7 (RqhQVxMP.Profile 8) — waiting 5s...
2026-03-14 19:19:50 [INFO   ] 
[15/40] P7 | BRUNA — Helena Oberparleiter
2026-03-14 19:19:50 [INFO   ]   → helena.oberparleiter@brunathelabel.com
2026-03-14 19:19:54 [INFO   ]     ✓ SENT → helena.oberparleiter@brunathelabel.com
2026-03-14 19:19:59 [INFO   ] 
  🔄 Switching to Profile 8 (dnUqYTxV.Profile 12) — waiting 5s...
2026-03-14 19:20:04 [INFO   ] 
[16/40] P8 | BRUNA — Magdalena Ebner
2026-03-14 19:20:04 [INFO   ]   → magdalena.ebner@brunathelabel.com
2026-03-14 19:20:04 [INFO   ]   ⏸️  Domain cooldown: waiting 5s for brunathelabel.com...
2026-03-14 19:20:14 [INFO   ]     ✓ SENT → magdalena.ebner@brunathelabel.com
2026-03-14 19:20:19 [INFO   ] 
  🔄 Switching to Profile 1 (m7mMvZI0.Profile 9) — waiting 5s...
2026-03-14 19:20:24 [INFO   ] 
[17/40] P1 | Beckhoff Automation Österreich — Andreas Fekete
2026-03-14 19:20:24 [INFO   ]   → andreas.fekete@beckhoff.at
2026-03-14 19:20:28 [INFO   ]     ✓ SENT → andreas.fekete@beckhoff.at
2026-03-14 19:20:33 [INFO   ] 
  🔄 Switching to Profile 2 (ifyvFjIj.Profile 15) — waiting 5s...
2026-03-14 19:20:38 [INFO   ] 
[18/40] P2 | Beckhoff Automation Österreich — Armin Wessel
2026-03-14 19:20:38 [INFO   ]   → armin.wessel@beckhoff.at
2026-03-14 19:20:38 [INFO   ]   ⏸️  Domain cooldown: waiting 5s for beckhoff.at...
2026-03-14 19:20:47 [ERROR  ]     ✗ AUTH ERROR for jain107sandeep@gmail.com — check App Password
2026-03-14 19:20:47 [INFO   ] 
  🔄 Switching to Profile 3 (RCn17qXW.Profile 13) — waiting 5s...
2026-03-14 19:20:52 [INFO   ] 
[19/40] P3 | Beckhoff Automation Österreich — Balazs Bezeczky
2026-03-14 19:20:52 [INFO   ]   → balazs.bezeczky@beckhoff.at
2026-03-14 19:20:52 [INFO   ]   ⏸️  Domain cooldown: waiting 11s for beckhoff.at...
2026-03-14 19:21:09 [INFO   ]     ✓ SENT → balazs.bezeczky@beckhoff.at
2026-03-14 19:21:14 [INFO   ] 
  🔄 Switching to Profile 4 (SucUl2kq.Profile 11) — waiting 5s...
2026-03-14 19:21:19 [INFO   ] 
[20/40] P4 | Burkert Danmark A/S — Carsten Sverbæk
2026-03-14 19:21:19 [INFO   ]   → carsten.sverbæk@burkert.dk
2026-03-14 19:21:22 [ERROR  ]     ✗ ERROR: {e}
2026-03-14 19:21:22 [INFO   ] 
  🔄 Switching to Profile 5 (1E3luMW0.Profile 14) — waiting 5s...
2026-03-14 19:21:27 [INFO   ] 
[21/40] P5 | Burkert Danmark A/S — Dorte Juhl G.
2026-03-14 19:21:27 [INFO   ]   → dorte.juhl@burkert.dk
2026-03-14 19:21:27 [INFO   ]   ⏸️  Domain cooldown: waiting 12s for burkert.dk...
2026-03-14 19:21:43 [INFO   ]     ✓ SENT → dorte.juhl@burkert.dk
2026-03-14 19:21:43 [INFO   ] 💾 Progress saved — 85 emails sent total
2026-03-14 19:21:48 [INFO   ] 
  🔄 Switching to Profile 6 (8o7wlsow.Profile 10) — waiting 5s...
2026-03-14 19:21:53 [INFO   ] 
[22/40] P6 | Burkert Danmark A/S — Helle Rasmussen
2026-03-14 19:21:53 [INFO   ]   → helle.rasmussen@burkert.dk
2026-03-14 19:21:53 [INFO   ]   ⏸️  Domain cooldown: waiting 5s for burkert.dk...
2026-03-14 19:22:03 [INFO   ]     ✓ SENT → helle.rasmussen@burkert.dk
2026-03-14 19:22:08 [INFO   ] 
  🔄 Switching to Profile 7 (RqhQVxMP.Profile 8) — waiting 5s...
2026-03-14 19:22:13 [INFO   ] 
[23/40] P7 | Burkert Danmark A/S — Lars Just Larsen
2026-03-14 19:22:13 [INFO   ]   → lars.just@burkert.dk
2026-03-14 19:22:13 [INFO   ]   ⏸️  Domain cooldown: waiting 5s for burkert.dk...
2026-03-14 19:22:23 [INFO   ]     ✓ SENT → lars.just@burkert.dk
2026-03-14 19:22:28 [INFO   ] 
  🔄 Switching to Profile 8 (dnUqYTxV.Profile 12) — waiting 5s...
2026-03-14 19:22:33 [INFO   ] 
[24/40] P8 | Burkert Danmark A/S — Niklas Lundager Jensen
2026-03-14 19:22:33 [INFO   ]   → niklas.lundager@burkert.dk
2026-03-14 19:22:33 [INFO   ]   ⏸️  Domain cooldown: waiting 5s for burkert.dk...
2026-03-14 19:22:43 [INFO   ]     ✓ SENT → niklas.lundager@burkert.dk
2026-03-14 19:22:48 [INFO   ] 
  🔄 Switching to Profile 1 (m7mMvZI0.Profile 9) — waiting 5s...
2026-03-14 19:22:53 [INFO   ] 
[25/40] P1 | CVIR Endovascular — Anderson Kochi
2026-03-14 19:22:53 [INFO   ]   → anderson.kochi@cvirendovascular.org
2026-03-14 19:22:58 [INFO   ]     ✓ SENT → anderson.kochi@cvirendovascular.org
2026-03-14 19:23:03 [INFO   ] 
  🔄 Switching to Profile 2 (ifyvFjIj.Profile 15) — waiting 5s...
2026-03-14 19:23:08 [INFO   ] 
[26/40] P2 | CVIR Endovascular — Kevin Fung
2026-03-14 19:23:08 [INFO   ]   → kevin.fung@cvirendovascular.org
2026-03-14 19:23:08 [INFO   ]   ⏸️  Domain cooldown: waiting 5s for cvirendovascular.org...
2026-03-14 19:23:16 [ERROR  ]     ✗ AUTH ERROR for jain107sandeep@gmail.com — check App Password
2026-03-14 19:23:16 [INFO   ] 
  🔄 Switching to Profile 3 (RCn17qXW.Profile 13) — waiting 5s...
2026-03-14 19:23:21 [INFO   ] 
[27/40] P3 | CVIR Endovascular — Mohamed Fouad
2026-03-14 19:23:21 [INFO   ]   → mohamed.fouad@cvirendovascular.org
2026-03-14 19:23:21 [INFO   ]   ⏸️  Domain cooldown: waiting 11s for cvirendovascular.org...
2026-03-14 19:23:37 [INFO   ]     ✓ SENT → mohamed.fouad@cvirendovascular.org
2026-03-14 19:23:37 [INFO   ] 💾 Progress saved — 90 emails sent total
2026-03-14 19:23:42 [INFO   ] 
  🛑 Batch break after 20 sent — waiting 30s...
2026-03-14 19:24:12 [INFO   ] 
  🔄 Switching to Profile 4 (SucUl2kq.Profile 11) — waiting 5s...
2026-03-14 19:24:17 [INFO   ] 
[28/40] P4 | CVIR Endovascular — Sara Lojo Lendoiro
2026-03-14 19:24:17 [INFO   ]   → sara.lojo@cvirendovascular.org
2026-03-14 19:24:22 [INFO   ]     ✓ SENT → sara.lojo@cvirendovascular.org
2026-03-14 19:24:27 [INFO   ] 
  🔄 Switching to Profile 5 (1E3luMW0.Profile 14) — waiting 5s...
2026-03-14 19:24:32 [INFO   ] 
[29/40] P5 | Cardiovascular and Interventional Radiological Society of Europe (CIRSE) — Daniel Waigl
2026-03-14 19:24:32 [INFO   ]   → daniel.waigl@cirse.org
2026-03-14 19:24:36 [INFO   ]     ✓ SENT → daniel.waigl@cirse.org
2026-03-14 19:24:41 [INFO   ] 
  🔄 Switching to Profile 6 (8o7wlsow.Profile 10) — waiting 5s...
2026-03-14 19:24:46 [INFO   ] 
[30/40] P6 | Cardiovascular and Interventional Radiological Society of Europe (CIRSE) — Basil Khan
2026-03-14 19:24:46 [INFO   ]   → basil.khan@cirse.org
2026-03-14 19:24:46 [INFO   ]   ⏸️  Domain cooldown: waiting 5s for cirse.org...
2026-03-14 19:24:57 [INFO   ]     ✓ SENT → basil.khan@cirse.org
2026-03-14 19:25:02 [INFO   ] 
  🔄 Switching to Profile 7 (RqhQVxMP.Profile 8) — waiting 5s...
2026-03-14 19:25:07 [INFO   ] 
[31/40] P7 | Cardiovascular and Interventional Radiological Society of Europe (CIRSE) — Ben Lulham
2026-03-14 19:25:07 [INFO   ]   → ben.lulham@cirse.org
2026-03-14 19:25:07 [INFO   ]   ⏸️  Domain cooldown: waiting 5s for cirse.org...
2026-03-14 19:25:16 [INFO   ]     ✓ SENT → ben.lulham@cirse.org
2026-03-14 19:25:21 [INFO   ] 
  🔄 Switching to Profile 8 (dnUqYTxV.Profile 12) — waiting 5s...
2026-03-14 19:25:26 [INFO   ] 
[32/40] P8 | Cardiovascular and Interventional Radiological Society of Europe (CIRSE) — Birgit Gull
2026-03-14 19:25:26 [INFO   ]   → birgit.gull@cirse.org
2026-03-14 19:25:26 [INFO   ]   ⏸️  Domain cooldown: waiting 5s for cirse.org...
2026-03-14 19:25:36 [INFO   ]     ✓ SENT → birgit.gull@cirse.org
2026-03-14 19:25:36 [INFO   ] 💾 Progress saved — 95 emails sent total
2026-03-14 19:25:41 [INFO   ] 
  🔄 Switching to Profile 1 (m7mMvZI0.Profile 9) — waiting 5s...
2026-03-14 19:25:46 [INFO   ] 
[33/40] P1 | Cardiovascular and Interventional Radiological Society of Europe (CIRSE) — Karolína Mendelová
2026-03-14 19:25:46 [INFO   ]   → karolína.mendelová@cirse.org
2026-03-14 19:25:46 [INFO   ]   ⏸️  Domain cooldown: waiting 5s for cirse.org...
2026-03-14 19:25:55 [ERROR  ]     ✗ ERROR: {e}
2026-03-14 19:25:55 [INFO   ] 
  🔄 Switching to Profile 2 (ifyvFjIj.Profile 15) — waiting 5s...
2026-03-14 19:26:00 [INFO   ] 
[34/40] P2 | Cartken — Christian Bersch
2026-03-14 19:26:00 [INFO   ]   → christian.bersch@cartken.com
2026-03-14 19:26:03 [ERROR  ]     ✗ AUTH ERROR for jain107sandeep@gmail.com — check App Password
2026-03-14 19:26:03 [INFO   ] 
  🔄 Switching to Profile 3 (RCn17qXW.Profile 13) — waiting 5s...
2026-03-14 19:26:08 [INFO   ] 
[35/40] P3 | Cartken — Jake Stelman
2026-03-14 19:26:08 [INFO   ]   → jake.stelman@cartken.com
2026-03-14 19:26:08 [INFO   ]   ⏸️  Domain cooldown: waiting 11s for cartken.com...
2026-03-14 19:26:25 [INFO   ]     ✓ SENT → jake.stelman@cartken.com
2026-03-14 19:26:30 [INFO   ] 
  🔄 Switching to Profile 4 (SucUl2kq.Profile 11) — waiting 5s...
2026-03-14 19:26:35 [INFO   ] 
[36/40] P4 | Cartken — Jonas Witt
2026-03-14 19:26:35 [INFO   ]   → jonas.witt@cartken.com
2026-03-14 19:26:35 [INFO   ]   ⏸️  Domain cooldown: waiting 5s for cartken.com...
2026-03-14 19:26:45 [INFO   ]     ✓ SENT → jonas.witt@cartken.com
2026-03-14 19:26:50 [INFO   ] 
  🔄 Switching to Profile 5 (1E3luMW0.Profile 14) — waiting 5s...
2026-03-14 19:26:55 [INFO   ] 
[37/40] P5 | Cartken — Delis Dantas Graham
2026-03-14 19:26:55 [INFO   ]   → delis.dantas@cartken.com
2026-03-14 19:26:55 [INFO   ]   ⏸️  Domain cooldown: waiting 5s for cartken.com...
2026-03-14 19:27:04 [INFO   ]     ✓ SENT → delis.dantas@cartken.com
2026-03-14 19:27:09 [INFO   ] 
  🔄 Switching to Profile 6 (8o7wlsow.Profile 10) — waiting 5s...
2026-03-14 19:27:14 [INFO   ] 
[38/40] P6 | Cartken — Dino Dessi
2026-03-14 19:27:14 [INFO   ]   → dino.dessi@cartken.com
2026-03-14 19:27:14 [INFO   ]   ⏸️  Domain cooldown: waiting 5s for cartken.com...
2026-03-14 19:27:25 [INFO   ]     ✓ SENT → dino.dessi@cartken.com
2026-03-14 19:27:30 [INFO   ] 
  🔄 Switching to Profile 7 (RqhQVxMP.Profile 8) — waiting 5s...
2026-03-14 19:27:35 [INFO   ] 
[39/40] P7 | CrateDB — Andrea Salomone
2026-03-14 19:27:35 [INFO   ]   → andrea.salomone@cratedb.com
2026-03-14 19:27:39 [INFO   ]     ✓ SENT → andrea.salomone@cratedb.com
2026-03-14 19:27:39 [INFO   ] 💾 Progress saved — 100 emails sent total
2026-03-14 19:27:44 [INFO   ] 
  🛑 Batch break after 30 sent — waiting 30s...
2026-03-14 19:28:14 [INFO   ] 
  🔄 Switching to Profile 8 (dnUqYTxV.Profile 12) — waiting 5s...
2026-03-14 19:28:19 [INFO   ] 
[40/40] P8 | CrateDB — Bernhard Motschiunig
2026-03-14 19:28:19 [INFO   ]   → bernhard.motschiunig@cratedb.com
2026-03-14 19:28:23 [INFO   ]     ✓ SENT → bernhard.motschiunig@cratedb.com
2026-03-14 19:28:28 [INFO   ] 💾 Progress saved — 101 emails sent total
2026-03-14 19:28:28 [INFO   ] 
======================================================================
2026-03-14 19:28:28 [INFO   ]   DONE
2026-03-14 19:28:28 [INFO   ] ======================================================================
2026-03-14 19:28:28 [INFO   ]   ✓ Sent this run : 31
2026-03-14 19:28:28 [INFO   ]   ✗ Failed        : 9
2026-03-14 19:28:28 [INFO   ]   📧 Grand total  : 101
2026-03-14 19:28:28 [INFO   ]   💡 To start fresh, delete: email_progress_linkedin.json
2026-03-14 19:28:28 [INFO   ] ======================================================================
2026-03-14 23:10:30 [INFO   ] ======================================================================
2026-03-14 23:10:30 [INFO   ]   LINKEDIN DB — COLD EMAIL SENDER
2026-03-14 23:10:30 [INFO   ]   Run started: 2026-03-14 23:10:30
2026-03-14 23:10:30 [INFO   ]   Log file   : C:\Users\sandeep\Downloads\CVL\send_linkedin_campaigns.log
2026-03-14 23:10:30 [INFO   ] ======================================================================
2026-03-14 23:10:30 [INFO   ] 
  Database : C:\Users\sandeep\Downloads\CVL\linkedin_data.db
2026-03-14 23:10:30 [INFO   ]   Companies: 50  (with domain: 49)
2026-03-14 23:10:30 [INFO   ]   Employees: 299
2026-03-14 23:10:30 [INFO   ] 
  Countries available:
2026-03-14 23:10:30 [INFO   ]      1. Austria  (50 companies)
2026-03-14 23:10:30 [INFO   ]      2. All countries
2026-03-14 23:10:37 [INFO   ] 
  Country filter: Austria
2026-03-14 23:10:37 [INFO   ] ✓ Loaded 10 SMTP password(s)
2026-03-14 23:10:37 [INFO   ]   ✓ 8 sending profile(s) ready
2026-03-14 23:10:37 [INFO   ] 
  📋 Resume mode: 101 emails already sent
2026-03-14 23:10:37 [INFO   ]      Companies already contacted: 81
2026-03-14 23:10:37 [INFO   ] 
  Loading companies from database...
2026-03-14 23:10:37 [INFO   ]   ✓ 49 companies loaded
2026-03-14 23:10:37 [INFO   ] 
======================================================================
2026-03-14 23:10:37 [INFO   ]   BUILDING EMAIL LIST
2026-03-14 23:10:37 [INFO   ] ======================================================================
2026-03-14 23:10:37 [INFO   ]   ⏭️  Skipping AIRSKIN (already contacted)
2026-03-14 23:10:37 [INFO   ]   ⏭️  Skipping Alles Strass (already contacted)
2026-03-14 23:10:37 [INFO   ]   ⏭️  Skipping Alphagate Automatisierungstechnik GmbH (already contacted)
2026-03-14 23:10:37 [INFO   ]   ⏭️  Skipping Ausserbrunner GmbH (already contacted)
2026-03-14 23:10:37 [INFO   ]   ⏭️  Skipping BRUNA (already contacted)
2026-03-14 23:10:37 [INFO   ]   ⏭️  Skipping Beckhoff Automation Österreich (already contacted)
2026-03-14 23:10:37 [INFO   ]   ⏭️  Skipping Burkert Danmark A/S (already contacted)
2026-03-14 23:10:37 [INFO   ]   ⏭️  Skipping CVIR Endovascular (already contacted)
2026-03-14 23:10:37 [INFO   ]   ⏭️  Skipping Cardiovascular and Interventional Radiological Society of Europe (CIRSE) (already contacted)
2026-03-14 23:10:37 [INFO   ]   ⏭️  Skipping Cartken (already contacted)
2026-03-14 23:10:37 [INFO   ]   ⏭️  Skipping CrateDB (already contacted)
2026-03-14 23:10:37 [INFO   ] 
  📍 Eder Gartenarchitektur (garten-eder.at)
2026-03-14 23:10:37 [INFO   ]     ✅ evi.wohlfartstätter@garten-eder.at (Interior und Exterior Design bei Eder Gartenarchitektur)
2026-03-14 23:10:37 [INFO   ]     ✅ hannes.eder@garten-eder.at (--)
2026-03-14 23:10:37 [INFO   ]     ✅ josefien.van@garten-eder.at (Social Media & Marketing Managerin | Gartenplanerin bei Eder Gartenarchitektur GmbH)
2026-03-14 23:10:37 [INFO   ]     ✅ philipp.nützel@garten-eder.at (Gartenplaner & Bauleiter)
2026-03-14 23:10:37 [INFO   ] 
  📍 EuSoMII - European Society of Medical Imaging Informatics (eusomii.org)
2026-03-14 23:10:37 [INFO   ]     ✅ dr.christina@eusomii.org (Director of CRRAG research group, City St George’s, University of London, EuSoMII Board member, Fellow of College of Radiographers-Opinions are my own)
2026-03-14 23:10:37 [INFO   ]     ✅ sergey.morozov@eusomii.org (AI in Healthcare, Consulting, R&D | MD MPH PhD Professor | Ex-Chief Radiology Officer of Moscow, CEO Teleradiology Center, CIO AI-platform, COO $1B hospital network | EuSoMII Past President)
2026-03-14 23:10:37 [INFO   ]     ✅ alessia.guarnera@eusomii.org (Diagnostic Radiologist, Neuroradiologist and Pediatric Radiologist based in Rome, Italy)
2026-03-14 23:10:37 [INFO   ]     ✅ amit.gupta@eusomii.org (Paediatric and Onco-Radiologist.// AI & Imaging Informatics Researcher// Responsible AI & LLMs for patient centric Radiology. MBBS ,MD (AIIMS New Delhi), Frank Doyle Medalist (RCR) Bridging Equity and Innovation.)
2026-03-14 23:10:37 [INFO   ]     ✅ armando.cavallo@eusomii.org (Radiologist | PhD in Translational Medicine | Clinical Research | Imaging Innovation)
2026-03-14 23:10:37 [INFO   ] 
  📍 European Academy of Neurology (ean.org)
2026-03-14 23:10:37 [INFO   ]     ✅ aman.amauriya@ean.org (MS4 | Pacific Institute of Medical Sciences | Aspiring Neurosurgeon | Research enthusiast)
2026-03-14 23:10:37 [INFO   ]     ✅ dishan.chatterjee@ean.org (MS1 | The West Bengal University Of Health Sciences(WBUHS) | (COMSDH) | (State | Kolkata | GMC) || Completed class 10(ICSE) and 12(ISC) at Don Bosco Park Circus,Kolkata)
2026-03-14 23:10:37 [WARNING]     ⚠️  Skipping bad name: {emp['full_name']!r}
2026-03-14 23:10:37 [INFO   ]     ✅ rajendra.gurjar@ean.org (UGY3 | Member - NATIONAL MEDICOS ORGANISATION | Student Ambassador - National Student Research Institute | Aspiring healthcare Researcher)
2026-03-14 23:10:37 [INFO   ]     ✅ sahana.nalvvarshini@ean.org (4th Year Medical Student)
2026-03-14 23:10:37 [INFO   ] 
  📍 European Conference on Interventional Oncology (ecio.org)
2026-03-14 23:10:37 [INFO   ]     ✅ martijn.meijerink@ecio.org (Professor of Interventional Radiology at Amsterdam UMC. CVIR Section Editor Oncology at CardioVascular and Interventional Radiology (CVIR). Director Interventional Oncology Solutions (IOS) and MedPeers. Vice chair ECIO.)
2026-03-14 23:10:37 [INFO   ]     ✅ laura.crocetti@ecio.org (Professore associato presso Università di Pisa)
2026-03-14 23:10:37 [INFO   ] 
  📍 Florissa GmbH (florissa.at)
2026-03-14 23:10:37 [INFO   ]     ✅ ladislaus.szabo@florissa.at (Geschäftsführer bei FLORISSA GmbH)
2026-03-14 23:10:37 [INFO   ]     ✅ alena.busse@florissa.at (Florissa GmbH)
2026-03-14 23:10:37 [INFO   ]     ✅ horst.halbwachs@florissa.at (Vertrieb Österreich, FLORISSA GmbH)
2026-03-14 23:10:37 [INFO   ]     ✅ michael.mischkulnig@florissa.at (Außendienst)
2026-03-14 23:10:37 [INFO   ] 
  📍 Forbes Austria (forbes.at)
2026-03-14 23:10:37 [INFO   ]     ✅ jan.kienbichl@forbes.at (Managing Director - Forbes Austria)
2026-03-14 23:10:37 [INFO   ]     ✅ thomas.pressberger@forbes.at (Deputy Editor in Chief bei Forbes Austria)
2026-03-14 23:10:37 [INFO   ]     ✅ adna.iseni@forbes.at (--)
2026-03-14 23:10:37 [INFO   ]     ✅ corrina.koszticzky@forbes.at (Graphic Designer from Vienna)
2026-03-14 23:10:37 [INFO   ]     ✅ lidija.jovanovic@forbes.at (Studium auf der internationale Hochschule (iU))
2026-03-14 23:10:38 [INFO   ] 
  📍 Freiraum Gartenarchitektur GmbH (freiraum.cc)
2026-03-14 23:10:38 [INFO   ]     ✅ michael.pühringer@freiraum.cc (Geschäftsleiter bei Freiraum Gartenarchitektur GmbH)
2026-03-14 23:10:38 [INFO   ] 
  📍 Garten Hödl GmbH (garten-hoedl.at)
2026-03-14 23:10:38 [INFO   ]     ✅ christoph.fink@garten-hoedl.at (Garten Hödl GmbH bei Garten Hödl GmbH)
2026-03-14 23:10:38 [INFO   ] 
  📍 Gartengestaltung Reinisch (garten-reinisch.at)
2026-03-14 23:10:38 [INFO   ]     ✅ peter.reinisch@garten-reinisch.at (Betriebsführer bei Gartengestaltung Peter Reinisch)
2026-03-14 23:10:38 [INFO   ] 
  📍 Global Second Opinion (globalsecondopinion.com)
2026-03-14 23:10:38 [WARNING]     ⚠️  Skipping bad name: {emp['full_name']!r}
2026-03-14 23:10:38 [INFO   ]     ✅ wes.crane@globalsecondopinion.com (Owner, Second Opinion)
2026-03-14 23:10:38 [WARNING]     ⚠️  Skipping bad name: {emp['full_name']!r}
2026-03-14 23:10:38 [WARNING]     ⚠️  Skipping bad name: {emp['full_name']!r}
2026-03-14 23:10:38 [INFO   ]     ✅ martha.tacy@globalsecondopinion.com (B2B Marketing Leader | Growth Strategist | Turning Ideas into Revenue)
2026-03-14 23:10:38 [INFO   ] 
  📍 Gruber & Söhne GmbH (grubersoehne.at)
2026-03-14 23:10:38 [INFO   ]     ✅ alejandra.ortiz@grubersoehne.at (Redakteurin | Kolumnistin | Content Creatorin)
2026-03-14 23:10:38 [INFO   ]     ✅ stephan.gruber@grubersoehne.at (Unternehmer)
2026-03-14 23:10:38 [INFO   ] 
  📍 Harmonie im Garten (harmonie-im-garten.at)
2026-03-14 23:10:38 [INFO   ]     ✅ johannes.klösch@harmonie-im-garten.at (Geschäftsführer bei Harmonie Im Garten)
2026-03-14 23:10:39 [INFO   ] 
  📍 Huber Fine Watches & Jewellery (huber.li)
2026-03-14 23:10:39 [INFO   ]     ✅ christof.ritter@huber.li (.)
2026-03-14 23:10:39 [INFO   ]     ✅ dejan.krstovic@huber.li (Huber Juwelier | Luxury Watches & Jewellery | Zwischen Exzellenz und Echtheit beginnt wahre Wirkung)
2026-03-14 23:10:39 [INFO   ]     ✅ filipp.wenk@huber.li (Uhrmacher Rhabilleur)
2026-03-14 23:10:39 [INFO   ]     ✅ max.loyall@huber.li (Uhrmachermeister)
2026-03-14 23:10:39 [INFO   ]     ✅ nadja.mauser@huber.li (“Wenn du immer versuchst, normal zu sein, wirst du niemals erfahren, wie besonders du sein kannst.”)
2026-03-14 23:10:39 [INFO   ] 
  📍 ImageBiopsy Lab (imagebiopsy.com)
2026-03-14 23:10:39 [INFO   ]     ✅ reinhard.krickl@imagebiopsy.com (Accomplished MedTech CEO, MedTech Board roles, Venture Partner)
2026-03-14 23:10:39 [INFO   ]     ✅ adrian.wagner@imagebiopsy.com (Technical Service & Support Specialist | ImageBiopsy Lab)
2026-03-14 23:10:39 [INFO   ]     ✅ christoph.salzlechner@imagebiopsy.com (Clinical Research Partner Manager & Postdoctoral Scientist in Regenerative Medicine)
2026-03-14 23:10:39 [WARNING]     ⚠️  Skipping bad name: {emp['full_name']!r}
2026-03-14 23:10:39 [INFO   ]     ✅ hesha.bhavsar@imagebiopsy.com (Senior Quality & Regulatory Affairs Specialist at ImageBiopsy Lab)
2026-03-14 23:10:39 [INFO   ] 
  📍 Innovation Authority (innovationauthority.com)
2026-03-14 23:10:39 [WARNING]     ⚠️  Skipping bad name: {emp['full_name']!r}
2026-03-14 23:10:39 [INFO   ]     ✅ many.klenk@innovationauthority.com (Business and Brand Strategist | Founder of mut.agency | LEVEL C Fellow in Residence | Board Member | Speaker | Brand Philosopher)
2026-03-14 23:10:39 [INFO   ]     ✅ misa.lukic@innovationauthority.com (Founder & CEO @ Brand Sapiens Dubai | Business & Brand Designer | Building HumanAIzed AI Agents that become the voice, heart & logic of your brand | Creator of Business Sapiens Model | Strategy | Innovation | Future |)
2026-03-14 23:10:39 [INFO   ]     ✅ almutasim.alkhanjari@innovationauthority.com (Acting Head of the Councils and Committees | Research & Innovation Authority President Office | MBA in Information Technology | Experienced in Coordination and Follow up)
2026-03-14 23:10:39 [INFO   ]     ✅ amine.bouder@innovationauthority.com (Supply Chain Expert | The puzzles can’t be cracked without following proper SCM practices)
2026-03-14 23:10:39 [INFO   ] 
  📍 LIGRE (ligre.com)
2026-03-14 23:10:39 [INFO   ]     ✅ armin.zimpelmann@ligre.com (English)
2026-03-14 23:10:39 [INFO   ]     ✅ christopher.hauke@ligre.com (The blend of aesthetics, deep tech and ease)
2026-03-14 23:10:39 [INFO   ]     ✅ lina.gronbach@ligre.com (Unternehmerin aus Leidenschaft)
2026-03-14 23:10:39 [INFO   ]     ✅ moritz.reischel@ligre.com (New era Marketing leader, creating authentic (data driven) marketing activities and strategies to drive growth and awareness for leading brands. I ex VW; Red Bull; HaebMau)
2026-03-14 23:10:39 [INFO   ]     ✅ patrick.weiß@ligre.com (The blend of aesthetics, deep tech and ease.)
2026-03-14 23:10:40 [INFO   ] 
  📍 Langer® Magnet Austria (langer-magnet.com)
2026-03-14 23:10:40 [INFO   ]     ✅ aichhorn.fritz@langer-magnet.com (Inspiration, Innovation, nahe am Menschen)
2026-03-14 23:10:40 [INFO   ]     ✅ claudia.aichhorn@langer-magnet.com (Selbstständige Schmuckkünstlerin)
2026-03-14 23:10:40 [INFO   ]     ✅ hassan.zaroual@langer-magnet.com (Foreur chez Langer)
2026-03-14 23:10:40 [INFO   ]     ✅ robert.thauerböck@langer-magnet.com (Technischer Leiter bei Langer GmbH)
2026-03-14 23:10:40 [INFO   ]     ✅ sonja.hintringer@langer-magnet.com (kaufm. Angestellte bei Langer GmbH)
2026-03-14 23:10:40 [INFO   ] 
  📍 Lightcast.com (lightcast.com)
2026-03-14 23:10:40 [INFO   ]     ✅ kirby.langley@lightcast.com (Chief Revenue Officer | Growth Driven GTM Leader)
2026-03-14 23:10:40 [INFO   ]     ✅ cheyanne.ward@lightcast.com (Business Development Representative at Cross Media Corporation)
2026-03-14 23:10:40 [INFO   ]     ✅ jameson.adams@lightcast.com (Technology Solutions Consultant)
2026-03-14 23:10:40 [INFO   ]     ✅ mathew.carrillo@lightcast.com (Business Development Representative)
2026-03-14 23:10:40 [WARNING]     ⚠️  Skipping bad name: {emp['full_name']!r}
2026-03-14 23:10:40 [INFO   ] 
  📍 LiteSentry - Softsolution - Strainoptics (glassquality.com)
2026-03-14 23:10:40 [INFO   ]     ✅ tim.bushaw@glassquality.com (Group CEO | Driving Innovation in Glass Quality Inspection | LiteSentry, Softsolution, Strainoptics, Avalon Vision Solutions | Glassquality.com)
2026-03-14 23:10:40 [INFO   ]     ✅ alex.lema@glassquality.com (Electrical & Computer Engineering)
2026-03-14 23:10:40 [INFO   ]     ✅ david.cousins@glassquality.com (Regional Sales Manager at LiteSentry-Softsolution | Setting Product Strategy for Glass Quality Solutions | Glass Industry Expertise)
2026-03-14 23:10:40 [INFO   ]     ✅ dylan.parsons@glassquality.com (Software Engineer | Embedded Systems · Computer Vision · Hardware Integration | Python · C++ · C#)
2026-03-14 23:10:40 [INFO   ]     ✅ elias.ibrahim@glassquality.com (Industrial Engineer)
2026-03-14 23:10:41 [INFO   ] 
  📍 MECHATRONIK AUSTRIA (mechatronik-austria.at)
2026-03-14 23:10:41 [INFO   ]     ✅ rupert.kaspar@mechatronik-austria.at (Immobilienmediator (Mediator.bayern) | CEO bayernboden.de | Tech-Investor & AgTech Entrepreneur | Naturland-Landwirt (Erlhof) | Maximilianstraße 2, München)
2026-03-14 23:10:41 [INFO   ]     ✅ christian.jeloucan@mechatronik-austria.at (Software-Entwickler bei MECHATRONIK AUSTRIA)
2026-03-14 23:10:41 [INFO   ]     ✅ david.hanusch@mechatronik-austria.at (Area Sales Manager bei Mechatronik Austria)
2026-03-14 23:10:41 [INFO   ]     ✅ dominik.ottino@mechatronik-austria.at (Systementwickler bei Wintersteiger AG)
2026-03-14 23:10:41 [INFO   ]     ✅ julian.jäger@mechatronik-austria.at (CMSE®, Dipl.-Wirt.-Ing. (FH) Technical Development bei Mechatronik Austria)
2026-03-14 23:10:41 [INFO   ] 
  📍 MOSTLY AI (mostly.ai)
2026-03-14 23:10:41 [INFO   ]     ✅ kerem.erdem@mostly.ai (Chief Platform Officer and CISO @ MOSTLY AI | Synthetic Data, AI)
2026-03-14 23:10:41 [INFO   ]     ✅ tobias.hann@mostly.ai (CEO | AI & Data Platform Leader | Building and Scaling Deep-Tech Businesses | Board & Investor-Facing Executive | ex-BCG)
2026-03-14 23:10:41 [WARNING]     ⚠️  Skipping bad name: {emp['full_name']!r}
2026-03-14 23:10:41 [INFO   ]     ✅ mustufa.ghosi@mostly.ai (Online Marketing Specialist at MOSTLY AI)
2026-03-14 23:10:41 [INFO   ] 
  📍 Makaro Jewelry (makarojewelry.com)
2026-03-14 23:10:41 [WARNING]     ⚠️  Skipping bad name: {emp['full_name']!r}
2026-03-14 23:10:41 [INFO   ]     ✅ fiona.shantala@makarojewelry.com (Digital Marketing Management@Campus02 & Marketingmitarbeiterin@LebensGroß)
2026-03-14 23:10:41 [INFO   ]     ✅ jana.barabas@makarojewelry.com (Jana Barabas)
2026-03-14 23:10:41 [INFO   ]     ✅ lisa.wimmer@makarojewelry.com (Assistant to Management)
2026-03-14 23:10:41 [INFO   ]     ✅ sandra.zofall@makarojewelry.com (In Ausbildung/Studium: WU (Wirtschaftsuniversität Wien))
2026-03-14 23:10:41 [INFO   ] 
  📍 SANSOL GmbH (sansol.eu)
2026-03-14 23:10:41 [INFO   ]     ✅ christian.hochfilzer@sansol.eu (Providing Optical Light Sources and Project Solutions to Industry and Biotechnology)
2026-03-14 23:10:41 [INFO   ] 
  📍 Schullin Wien (schullin.com)
2026-03-14 23:10:41 [WARNING]     ⚠️  Skipping bad name: {emp['full_name']!r}
2026-03-14 23:10:41 [INFO   ]     ✅ oriane.schullin@schullin.com (Fondateur chez My diamond ring by Schullin)
2026-03-14 23:10:41 [WARNING]     ⚠️  Skipping bad name: {emp['full_name']!r}
2026-03-14 23:10:41 [INFO   ]     ✅ sky.troy@schullin.com (International Business Management Student at IMC Krems)
2026-03-14 23:10:41 [INFO   ]     ✅ markus.laimer@schullin.com (Schullin Uhren im Looshaus)
2026-03-14 23:10:41 [INFO   ] 
  📍 Sija Schmuck GmbH (sija.at)
2026-03-14 23:10:41 [INFO   ]     ✅ birgit.freudenthaler@sija.at (Geschäftsführerin bei sija holding gmbh und sija schmuck gmbh)
2026-03-14 23:10:41 [INFO   ]     ✅ jochen.kaiserseder@sija.at (Jok-by-Jok Ihre Immobilie mein Auftrag)
2026-03-14 23:10:41 [INFO   ] 
  📍 Sindbad - Social Business (sindbad.co.at)
2026-03-14 23:10:41 [INFO   ]     ✅ alina.meyer@sindbad.co.at (Architecture & Design)
2026-03-14 23:10:41 [INFO   ]     ✅ andrea.schneeberger@sindbad.co.at (Bildungsgestalterin | Educate. Develop. Innovate.)
2026-03-14 23:10:41 [INFO   ]     ✅ elisabeth.langmann@sindbad.co.at (Community Managerin bei Sindbad - Social Business & In Ausbildung an der Universität Graz)
2026-03-14 23:10:41 [INFO   ]     ✅ katharina.prielinger@sindbad.co.at (--)
2026-03-14 23:10:41 [INFO   ]     ✅ lisa.heidrich@sindbad.co.at (Standortleitung bei Sindbad - Social Business in Görlitz)
2026-03-14 23:10:42 [INFO   ] 
  📍 Taurob (taurob.com)
2026-03-14 23:10:42 [INFO   ]     ✅ lukas.silberbauer@taurob.com (Co-Founder & Managing Director, Taurob)
2026-03-14 23:10:42 [INFO   ]     ✅ wolfgang.netzer@taurob.com (Director of Operations)
2026-03-14 23:10:42 [INFO   ]     ✅ adriana.henríquez@taurob.com (Office Assistant bei Taurob)
2026-03-14 23:10:42 [INFO   ]     ✅ alessandro.pasquino@taurob.com (Mechanical Engineer)
2026-03-14 23:10:42 [INFO   ]     ✅ dmitrii.panasiuk@taurob.com (Mechanical Engineer / Robotics Application Engineer)
2026-03-14 23:10:42 [INFO   ] 
  📍 Terre Suisse AG (terresuisse.com)
2026-03-14 23:10:42 [INFO   ]     ✅ martin.mettler@terresuisse.com (--)
2026-03-14 23:10:42 [INFO   ]     ✅ patricia.seitz@terresuisse.com (Marketingfachfrau)
2026-03-14 23:10:42 [INFO   ] 
  📍 Trending Topics by newsrooms (trendingtopics.eu)
2026-03-14 23:10:42 [INFO   ]     ✅ jakob.steinschaden@trendingtopics.eu (Co-founder newsrooms | Co-founder Trending Topics | Podcaster | Book Writer | Publisher | Moderator | Build, Baby, Build!)
2026-03-14 23:10:42 [WARNING]     ⚠️  Skipping bad name: {emp['full_name']!r}
2026-03-14 23:10:42 [INFO   ]     ✅ anupam.kumar@trendingtopics.eu (Trending Topics में High School Teacher)
2026-03-14 23:10:42 [INFO   ]     ✅ biftu.abduljelil@trendingtopics.eu (Sales/Marketing | Journalismus)
2026-03-14 23:10:42 [INFO   ]     ✅ markus.kirchmaier@trendingtopics.eu (tailored software and staffing solutions. #gernperDu)
2026-03-14 23:10:42 [INFO   ] 
  📍 VOCIER (vocier.com)
2026-03-14 23:10:42 [INFO   ]     ✅ aishwarya.talekar@vocier.com (Social Media & Marketing Manager | Driving Brand Innovation through Creative Storytelling, Campaigns and Analytical Insights)
2026-03-14 23:10:42 [INFO   ]     ✅ michael.kogelnik@vocier.com (working on the world's lightest luggage (lightest by far))
2026-03-14 23:10:42 [INFO   ]     ✅ sabine.stieber@vocier.com (Geschäftsführender Inhaber bei SBS EDV-Dienstleistungen)
2026-03-14 23:10:42 [INFO   ]     ✅ veronica.hurtado@vocier.com (Marketing and Category Management Specialist)
2026-03-14 23:10:42 [WARNING]     ⚠️  Skipping bad name: {emp['full_name']!r}
2026-03-14 23:10:42 [INFO   ] 
  📍 Whimsical (whimsical.com)
2026-03-14 23:10:42 [INFO   ]     ✅ kaspars.dancis@whimsical.com (Co-founder & CEO, Whimsical)
2026-03-14 23:10:42 [WARNING]     ⚠️  Skipping bad name: {emp['full_name']!r}
2026-03-14 23:10:42 [INFO   ]     ✅ darta.rina@whimsical.com (Customer Experience | Whimsical)
2026-03-14 23:10:42 [INFO   ]     ✅ diana.lace@whimsical.com (Head of Operations at Whimsical)
2026-03-14 23:10:42 [INFO   ]     ✅ jānis.peisenieks@whimsical.com (Engineering Leader at Whimsical)
2026-03-14 23:10:43 [INFO   ] 
  📍 WomenTech Network (womentech.net)
2026-03-14 23:10:43 [INFO   ]     ✅ amena.samar@womentech.net (Director|co-founder |Entrepreneur|State President-Telangana Information Technology Council , Wicci|Global Ambassador|SDG Ambassador|Board Member|State Chair|Good will Ambassador)
2026-03-14 23:10:43 [INFO   ]     ✅ ami.patel@womentech.net (Founder of Nirvami Creations | 👩‍💻Technopreneur | Personal Branding | Women Tech Network🕸️ | Partner @ NRG Global Instruments)
2026-03-14 23:10:43 [INFO   ]     ✅ ishita.kadian@womentech.net (CSE student at MIT Pune | AI ML enthusiast)
2026-03-14 23:10:43 [INFO   ]     ✅ janani.thesu@womentech.net (WomenTech Global Ambassador | Devops with AI | Multicloud | Calico Big Cats Ambassador | Knowledge Sharing | Womenintech | TATA Consultancy Services)
2026-03-14 23:10:43 [WARNING]     ⚠️  Skipping bad name: {emp['full_name']!r}
2026-03-14 23:10:43 [INFO   ] 
  📍 brutkasten (brutkasten.com)
2026-03-14 23:10:43 [INFO   ]     ✅ daniel.ignatenko@brutkasten.com (Sales / Marketing / Event Manager VC Magazin & StartingUp | Master of Science)
2026-03-14 23:10:43 [INFO   ]     ✅ dominik.perlaki@brutkasten.com (Redakteur bei "Der Brutkasten"​)
2026-03-14 23:10:43 [INFO   ]     ✅ hasan.derick@brutkasten.com (Responsable nettoyage chez derichbourg)
2026-03-14 23:10:43 [INFO   ]     ✅ stefan.kottek@brutkasten.com (Media Consultant @brutkasten | für die Gestalter:Innen der Zukunft 🚀)
2026-03-14 23:10:43 [INFO   ] 
  📍 fischer BAUBOT (baubot.com)
2026-03-14 23:10:43 [INFO   ]     ✅ victor.rodionov@baubot.com (Managing Director at Baubot)
2026-03-14 23:10:43 [INFO   ]     ✅ georg.frühwirth@baubot.com (Team Lead Mechatronics | Build Better with Mobile Robotics at Baubot GmbH)
2026-03-14 23:10:43 [INFO   ]     ✅ joseph.thomas@baubot.com (Mechanical/Production Engineer | Technical Project Manager)
2026-03-14 23:10:43 [INFO   ]     ✅ nico.spiller@baubot.com (Data science, computational modeling, automated pipelines.)
2026-03-14 23:10:43 [INFO   ]     ✅ ondřej.dvořáček@baubot.com (Mechanical and Testing Engineer at Baubot | Researcher & Engineer | Prototyping Specialist | Project Manager | Measurement & Data Acquisition Expert)
2026-03-14 23:10:43 [INFO   ] 
  📍 haelsi (haelsi.at)
2026-03-14 23:10:43 [INFO   ]     ✅ fanny.springer@haelsi.at (Founder's Associate at haelsi | Driving Strategy, Ops & Growth Hand-in-Hand with the CEO)
2026-03-14 23:10:43 [INFO   ]     ✅ adham.kassab@haelsi.at (Healthcare Solutions Enthusiast)
2026-03-14 23:10:43 [WARNING]     ⚠️  Skipping bad name: {emp['full_name']!r}
2026-03-14 23:10:43 [INFO   ]     ✅ dominik.gleich@haelsi.at (HNO-Facharzt | Spezialist für Nebenhöhlen- & Mittelohrchirurgie | Präzision & Empathie für die bestmögliche Behandlung)
2026-03-14 23:10:43 [INFO   ]     ✅ eduard.momot@haelsi.at (AI Product Manager │ ex-Upwork │ CSPO, CSM)
2026-03-14 23:10:43 [INFO   ] 
  📍 ivii GmbH (ivii.eu)
2026-03-14 23:10:43 [INFO   ]     ✅ peter.stelzer@ivii.eu (CEO bei ivii gmbH)
2026-03-14 23:10:43 [INFO   ]     ✅ angela.mader@ivii.eu (Communications - Curious about all the things behind the scences.)
2026-03-14 23:10:43 [INFO   ]     ✅ florian.rosenberg@ivii.eu (--)
2026-03-14 23:10:43 [INFO   ]     ✅ helmut.schmidinger@ivii.eu (Head of Sales at ivii GmbH)
2026-03-14 23:10:43 [INFO   ]     ✅ laurens.knasar@ivii.eu (Head of Controlling & Accounting bei KNAPP Industry Solutions & ivii GmbH)
2026-03-14 23:10:43 [INFO   ] 
  📍 nyra health (nyra.health)
2026-03-14 23:10:43 [INFO   ]     ✅ suthan.kethees@nyra.health (Senior Growth Manager - Lead Insurance | Nyra Health | Founder @ Comdu.it Deutschland | Public and Private Insurance)
2026-03-14 23:10:43 [INFO   ]     ✅ batoul.belal@nyra.health (QMRA Team Lead @ nyra health)
2026-03-14 23:10:43 [INFO   ]     ✅ bernhard.thallinger@nyra.health (Machine Learning Researcher/Engineer bei nyra health)
2026-03-14 23:10:43 [INFO   ]     ✅ egor.mitin@nyra.health (Not in the market for a job. But for making things better.)
2026-03-14 23:10:43 [INFO   ]     ✅ laura.hiller@nyra.health (Go-to-Market / Clinical Solutions & Sales Manager)
2026-03-14 23:10:43 [INFO   ] 
  📍 sheconomy (sheconomy.media)
2026-03-14 23:10:43 [INFO   ]     ✅ patrycja.gabriela@sheconomy.media (Founder of Xenia I FemTech for Women’s Wellness I Business Development & Sales 🚀)
2026-03-14 23:10:43 [WARNING]     ⚠️  Skipping bad name: {emp['full_name']!r}
2026-03-14 23:10:43 [INFO   ]     ✅ nadezhda.makarova@sheconomy.media (Online Redaktion | Marketing)
2026-03-14 23:10:43 [INFO   ]     ✅ stefan.löffelmann@sheconomy.media (Man kann nicht nicht kommunizieren)
2026-03-14 23:10:43 [INFO   ]     ✅ yvonne.molek@sheconomy.media (Herausgeberin sheconomy - Die Wirtschaftsplattform für Frauen. 365 Tage im Jahr. Preisträgerin IHK-Preis 2024 für Wirtschaftsjournalismus “Ernst Schneider”)
2026-03-14 23:10:43 [INFO   ] 
======================================================================
2026-03-14 23:10:43 [INFO   ]   EMAIL BREAKDOWN
2026-03-14 23:10:43 [INFO   ] ======================================================================
2026-03-14 23:10:43 [INFO   ]   Staff emails   : 137
2026-03-14 23:10:43 [INFO   ]     → firstname.lastname@domain (LinkedIn employees)
2026-03-14 23:10:43 [INFO   ]     → sent to named individuals found in the DB
2026-03-14 23:10:43 [INFO   ]   Generic info@  : 0
2026-03-14 23:10:43 [INFO   ]     → info@domain (fallback — no employee found)
2026-03-14 23:10:43 [INFO   ]     → sent to company inbox, not a named person
2026-03-14 23:10:43 [INFO   ]   Total available: 137
2026-03-14 23:10:43 [INFO   ] ======================================================================
2026-03-14 23:11:35 [INFO   ] 
  Sending: 5 per profile × 8 profiles = 40 emails
2026-03-14 23:11:35 [INFO   ] 
  Full list:
2026-03-14 23:11:35 [INFO   ]       1. [STAFF  ] evi.wohlfartstätter@garten-eder.at  ← Evi Wohlfartstätter (Interior und Exterior Design bei Eder Gartenarchitektur)
2026-03-14 23:11:35 [INFO   ]       2. [STAFF  ] hannes.eder@garten-eder.at  ← Hannes Eder (--)
2026-03-14 23:11:35 [INFO   ]       3. [STAFF  ] josefien.van@garten-eder.at  ← Josefien van Diest (Social Media & Marketing Managerin | Gartenplanerin bei Eder Gartenarchitektur GmbH)
2026-03-14 23:11:35 [INFO   ]       4. [STAFF  ] philipp.nützel@garten-eder.at  ← Philipp Nützel (Gartenplaner & Bauleiter)
2026-03-14 23:11:35 [INFO   ]       5. [STAFF  ] dr.christina@eusomii.org  ← Dr Christina Malamateniou, Reader/Associate Professor FCR (Director of CRRAG research group, City St George’s, University of London, EuSoMII Board member, Fellow of College of Radiographers-Opinions are my own)
2026-03-14 23:11:35 [INFO   ]       6. [STAFF  ] sergey.morozov@eusomii.org  ← Sergey Morozov (AI in Healthcare, Consulting, R&D | MD MPH PhD Professor | Ex-Chief Radiology Officer of Moscow, CEO Teleradiology Center, CIO AI-platform, COO $1B hospital network | EuSoMII Past President)
2026-03-14 23:11:35 [INFO   ]       7. [STAFF  ] alessia.guarnera@eusomii.org  ← Alessia Guarnera (Diagnostic Radiologist, Neuroradiologist and Pediatric Radiologist based in Rome, Italy)
2026-03-14 23:11:35 [INFO   ]       8. [STAFF  ] amit.gupta@eusomii.org  ← Amit Gupta MD (Paediatric and Onco-Radiologist.// AI & Imaging Informatics Researcher// Responsible AI & LLMs for patient centric Radiology. MBBS ,MD (AIIMS New Delhi), Frank Doyle Medalist (RCR) Bridging Equity and Innovation.)
2026-03-14 23:11:35 [INFO   ]       9. [STAFF  ] armando.cavallo@eusomii.org  ← Armando Cavallo (Radiologist | PhD in Translational Medicine | Clinical Research | Imaging Innovation)
2026-03-14 23:11:35 [INFO   ]      10. [STAFF  ] aman.amauriya@ean.org  ← Aman Amauriya (MS4 | Pacific Institute of Medical Sciences | Aspiring Neurosurgeon | Research enthusiast)
2026-03-14 23:11:35 [INFO   ]      11. [STAFF  ] dishan.chatterjee@ean.org  ← Dishan Chatterjee (MS1 | The West Bengal University Of Health Sciences(WBUHS) | (COMSDH) | (State | Kolkata | GMC) || Completed class 10(ICSE) and 12(ISC) at Don Bosco Park Circus,Kolkata)
2026-03-14 23:11:35 [INFO   ]      12. [STAFF  ] rajendra.gurjar@ean.org  ← Rajendra Gurjar (UGY3 | Member - NATIONAL MEDICOS ORGANISATION | Student Ambassador - National Student Research Institute | Aspiring healthcare Researcher)
2026-03-14 23:11:35 [INFO   ]      13. [STAFF  ] sahana.nalvvarshini@ean.org  ← Sahana Nalvvarshini T. (4th Year Medical Student)
2026-03-14 23:11:35 [INFO   ]      14. [STAFF  ] martijn.meijerink@ecio.org  ← Martijn Meijerink (Professor of Interventional Radiology at Amsterdam UMC. CVIR Section Editor Oncology at CardioVascular and Interventional Radiology (CVIR). Director Interventional Oncology Solutions (IOS) and MedPeers. Vice chair ECIO.)
2026-03-14 23:11:35 [INFO   ]      15. [STAFF  ] laura.crocetti@ecio.org  ← Laura Crocetti (Professore associato presso Università di Pisa)
2026-03-14 23:11:35 [INFO   ]      16. [STAFF  ] ladislaus.szabo@florissa.at  ← Ladislaus Szabo (Geschäftsführer bei FLORISSA GmbH)
2026-03-14 23:11:35 [INFO   ]      17. [STAFF  ] alena.busse@florissa.at  ← Alena Busse (Florissa GmbH)
2026-03-14 23:11:35 [INFO   ]      18. [STAFF  ] horst.halbwachs@florissa.at  ← Horst Halbwachs (Vertrieb Österreich, FLORISSA GmbH)
2026-03-14 23:11:35 [INFO   ]      19. [STAFF  ] michael.mischkulnig@florissa.at  ← michael mischkulnig (Außendienst)
2026-03-14 23:11:35 [INFO   ]      20. [STAFF  ] jan.kienbichl@forbes.at  ← Jan Kienbichl (Managing Director - Forbes Austria)
2026-03-14 23:11:35 [INFO   ]      21. [STAFF  ] thomas.pressberger@forbes.at  ← Thomas Pressberger (Deputy Editor in Chief bei Forbes Austria)
2026-03-14 23:11:35 [INFO   ]      22. [STAFF  ] adna.iseni@forbes.at  ← Adna Iseni (--)
2026-03-14 23:11:35 [INFO   ]      23. [STAFF  ] corrina.koszticzky@forbes.at  ← Corrina Koszticzky (Graphic Designer from Vienna)
2026-03-14 23:11:35 [INFO   ]      24. [STAFF  ] lidija.jovanovic@forbes.at  ← Lidija Jovanovic (Studium auf der internationale Hochschule (iU))
2026-03-14 23:11:35 [INFO   ]      25. [STAFF  ] michael.pühringer@freiraum.cc  ← Michael Pühringer (Geschäftsleiter bei Freiraum Gartenarchitektur GmbH)
2026-03-14 23:11:35 [INFO   ]      26. [STAFF  ] christoph.fink@garten-hoedl.at  ← Christoph Fink B. Eng. (Garten Hödl GmbH bei Garten Hödl GmbH)
2026-03-14 23:11:35 [INFO   ]      27. [STAFF  ] peter.reinisch@garten-reinisch.at  ← Peter Reinisch (Betriebsführer bei Gartengestaltung Peter Reinisch)
2026-03-14 23:11:35 [INFO   ]      28. [STAFF  ] wes.crane@globalsecondopinion.com  ← Wes Crane (Owner, Second Opinion)
2026-03-14 23:11:35 [INFO   ]      29. [STAFF  ] martha.tacy@globalsecondopinion.com  ← Martha Tacy (B2B Marketing Leader | Growth Strategist | Turning Ideas into Revenue)
2026-03-14 23:11:35 [INFO   ]      30. [STAFF  ] alejandra.ortiz@grubersoehne.at  ← Alejandra Ortiz (Redakteurin | Kolumnistin | Content Creatorin)
2026-03-14 23:11:35 [INFO   ]      31. [STAFF  ] stephan.gruber@grubersoehne.at  ← Stephan Gruber (Unternehmer)
2026-03-14 23:11:35 [INFO   ]      32. [STAFF  ] johannes.klösch@harmonie-im-garten.at  ← Johannes Klösch (Geschäftsführer bei Harmonie Im Garten)
2026-03-14 23:11:35 [INFO   ]      33. [STAFF  ] christof.ritter@huber.li  ← Christof Ritter (.)
2026-03-14 23:11:35 [INFO   ]      34. [STAFF  ] dejan.krstovic@huber.li  ← Dejan Krstovic (Huber Juwelier | Luxury Watches & Jewellery | Zwischen Exzellenz und Echtheit beginnt wahre Wirkung)
2026-03-14 23:11:35 [INFO   ]      35. [STAFF  ] filipp.wenk@huber.li  ← Filipp Wenk (Uhrmacher Rhabilleur)
2026-03-14 23:11:35 [INFO   ]      36. [STAFF  ] max.loyall@huber.li  ← Max Loyall (Uhrmachermeister)
2026-03-14 23:11:35 [INFO   ]      37. [STAFF  ] nadja.mauser@huber.li  ← Nadja Mauser BA MBA (“Wenn du immer versuchst, normal zu sein, wirst du niemals erfahren, wie besonders du sein kannst.”)
2026-03-14 23:11:35 [INFO   ]      38. [STAFF  ] reinhard.krickl@imagebiopsy.com  ← Reinhard Krickl (Accomplished MedTech CEO, MedTech Board roles, Venture Partner)
2026-03-14 23:11:35 [INFO   ]      39. [STAFF  ] adrian.wagner@imagebiopsy.com  ← Adrian Wagner (Technical Service & Support Specialist | ImageBiopsy Lab)
2026-03-14 23:11:35 [INFO   ]      40. [STAFF  ] christoph.salzlechner@imagebiopsy.com  ← Christoph Salzlechner (Clinical Research Partner Manager & Postdoctoral Scientist in Regenerative Medicine)
2026-03-14 23:11:35 [INFO   ] 
  ✓ Template: email_template_with_link.htm
2026-03-14 23:11:35 [INFO   ] 
  Distribution across 8 profile(s):
2026-03-14 23:11:35 [INFO   ]     Profile 1 (m7mMvZI0.Profile 9): 5 emails
2026-03-14 23:11:35 [INFO   ]     Profile 2 (ifyvFjIj.Profile 15): 5 emails
2026-03-14 23:11:35 [INFO   ]     Profile 3 (RCn17qXW.Profile 13): 5 emails
2026-03-14 23:11:35 [INFO   ]     Profile 4 (SucUl2kq.Profile 11): 5 emails
2026-03-14 23:11:35 [INFO   ]     Profile 5 (1E3luMW0.Profile 14): 5 emails
2026-03-14 23:11:35 [INFO   ]     Profile 6 (8o7wlsow.Profile 10): 5 emails
2026-03-14 23:11:35 [INFO   ]     Profile 7 (RqhQVxMP.Profile 8): 5 emails
2026-03-14 23:11:35 [INFO   ]     Profile 8 (dnUqYTxV.Profile 12): 5 emails
2026-03-14 23:11:35 [INFO   ] 
======================================================================
2026-03-14 23:11:37 [INFO   ] 
  Sending 40 emails across 8 profile(s)...
2026-03-14 23:11:37 [INFO   ] 
[1/40] P1 | Eder Gartenarchitektur — Evi Wohlfartstätter
2026-03-14 23:11:37 [INFO   ]   → evi.wohlfartstätter@garten-eder.at
2026-03-14 23:11:40 [ERROR  ]     ✗ ERROR: {e}
2026-03-14 23:11:40 [INFO   ] 
  🔄 Switching to Profile 2 (ifyvFjIj.Profile 15) — waiting 5s...
2026-03-14 23:11:45 [INFO   ] 
[2/40] P2 | Eder Gartenarchitektur — Hannes Eder
2026-03-14 23:11:45 [INFO   ]   → hannes.eder@garten-eder.at
2026-03-14 23:11:45 [INFO   ]   ⏸️  Domain cooldown: waiting 11s for garten-eder.at...
2026-03-14 23:12:01 [ERROR  ]     ✗ AUTH ERROR for jain107sandeep@gmail.com — check App Password
2026-03-14 23:12:01 [INFO   ] 
  🔄 Switching to Profile 3 (RCn17qXW.Profile 13) — waiting 5s...
2026-03-14 23:12:06 [INFO   ] 
[3/40] P3 | Eder Gartenarchitektur — Josefien van Diest
2026-03-14 23:12:06 [INFO   ]   → josefien.van@garten-eder.at
2026-03-14 23:12:06 [INFO   ]   ⏸️  Domain cooldown: waiting 10s for garten-eder.at...
2026-03-14 23:12:22 [INFO   ]     ✓ SENT → josefien.van@garten-eder.at
2026-03-14 23:12:27 [INFO   ] 
  🔄 Switching to Profile 4 (SucUl2kq.Profile 11) — waiting 5s...
2026-03-14 23:12:32 [INFO   ] 
[4/40] P4 | Eder Gartenarchitektur — Philipp Nützel
2026-03-14 23:12:32 [INFO   ]   → philipp.nützel@garten-eder.at
2026-03-14 23:12:32 [INFO   ]   ⏸️  Domain cooldown: waiting 5s for garten-eder.at...
2026-03-14 23:12:40 [ERROR  ]     ✗ ERROR: {e}
2026-03-14 23:12:40 [INFO   ] 
  🔄 Switching to Profile 5 (1E3luMW0.Profile 14) — waiting 5s...
2026-03-14 23:12:45 [INFO   ] 
[5/40] P5 | EuSoMII - European Society of Medical Imaging Informatics — Dr Christina Malamateniou, Reader/Associate Professor FCR
2026-03-14 23:12:45 [INFO   ]   → dr.christina@eusomii.org
2026-03-14 23:12:49 [INFO   ]     ✓ SENT → dr.christina@eusomii.org
2026-03-14 23:12:54 [INFO   ] 
  🔄 Switching to Profile 6 (8o7wlsow.Profile 10) — waiting 5s...
2026-03-14 23:12:59 [INFO   ] 
[6/40] P6 | EuSoMII - European Society of Medical Imaging Informatics — Sergey Morozov
2026-03-14 23:12:59 [INFO   ]   → sergey.morozov@eusomii.org
2026-03-14 23:12:59 [INFO   ]   ⏸️  Domain cooldown: waiting 5s for eusomii.org...
2026-03-14 23:13:10 [INFO   ]     ✓ SENT → sergey.morozov@eusomii.org
2026-03-14 23:13:15 [INFO   ] 
  🔄 Switching to Profile 7 (RqhQVxMP.Profile 8) — waiting 5s...
2026-03-14 23:13:20 [INFO   ] 
[7/40] P7 | EuSoMII - European Society of Medical Imaging Informatics — Alessia Guarnera
2026-03-14 23:13:20 [INFO   ]   → alessia.guarnera@eusomii.org
2026-03-14 23:13:20 [INFO   ]   ⏸️  Domain cooldown: waiting 5s for eusomii.org...
2026-03-14 23:13:29 [INFO   ]     ✓ SENT → alessia.guarnera@eusomii.org
2026-03-14 23:13:29 [INFO   ] 💾 Progress saved — 105 emails sent total
2026-03-14 23:13:34 [INFO   ] 
  🔄 Switching to Profile 8 (dnUqYTxV.Profile 12) — waiting 5s...
2026-03-14 23:13:39 [INFO   ] 
[8/40] P8 | EuSoMII - European Society of Medical Imaging Informatics — Amit Gupta MD
2026-03-14 23:13:39 [INFO   ]   → amit.gupta@eusomii.org
2026-03-14 23:13:39 [INFO   ]   ⏸️  Domain cooldown: waiting 5s for eusomii.org...
2026-03-14 23:13:49 [INFO   ]     ✓ SENT → amit.gupta@eusomii.org
2026-03-14 23:13:54 [INFO   ] 
  🔄 Switching to Profile 1 (m7mMvZI0.Profile 9) — waiting 5s...
2026-03-14 23:13:59 [INFO   ] 
[9/40] P1 | EuSoMII - European Society of Medical Imaging Informatics — Armando Cavallo
2026-03-14 23:13:59 [INFO   ]   → armando.cavallo@eusomii.org
2026-03-14 23:13:59 [INFO   ]   ⏸️  Domain cooldown: waiting 5s for eusomii.org...
2026-03-14 23:14:10 [INFO   ]     ✓ SENT → armando.cavallo@eusomii.org
2026-03-14 23:14:15 [INFO   ] 
  🔄 Switching to Profile 2 (ifyvFjIj.Profile 15) — waiting 5s...
2026-03-14 23:14:20 [INFO   ] 
[10/40] P2 | European Academy of Neurology — Aman Amauriya
2026-03-14 23:14:20 [INFO   ]   → aman.amauriya@ean.org
2026-03-14 23:14:23 [ERROR  ]     ✗ AUTH ERROR for jain107sandeep@gmail.com — check App Password
2026-03-14 23:14:23 [INFO   ] 
  🔄 Switching to Profile 3 (RCn17qXW.Profile 13) — waiting 5s...
2026-03-14 23:14:28 [INFO   ] 
[11/40] P3 | European Academy of Neurology — Dishan Chatterjee
2026-03-14 23:14:28 [INFO   ]   → dishan.chatterjee@ean.org
2026-03-14 23:14:28 [INFO   ]   ⏸️  Domain cooldown: waiting 11s for ean.org...
2026-03-14 23:14:44 [INFO   ]     ✓ SENT → dishan.chatterjee@ean.org
2026-03-14 23:14:49 [INFO   ] 
  🔄 Switching to Profile 4 (SucUl2kq.Profile 11) — waiting 5s...
2026-03-14 23:14:54 [INFO   ] 
[12/40] P4 | European Academy of Neurology — Rajendra Gurjar
2026-03-14 23:14:54 [INFO   ]   → rajendra.gurjar@ean.org
2026-03-14 23:14:54 [INFO   ]   ⏸️  Domain cooldown: waiting 5s for ean.org...
2026-03-14 23:15:04 [INFO   ]     ✓ SENT → rajendra.gurjar@ean.org
2026-03-14 23:15:09 [INFO   ] 
  🔄 Switching to Profile 5 (1E3luMW0.Profile 14) — waiting 5s...
2026-03-14 23:15:14 [INFO   ] 
[13/40] P5 | European Academy of Neurology — Sahana Nalvvarshini T.
2026-03-14 23:15:14 [INFO   ]   → sahana.nalvvarshini@ean.org
2026-03-14 23:15:14 [INFO   ]   ⏸️  Domain cooldown: waiting 5s for ean.org...
2026-03-14 23:15:24 [INFO   ]     ✓ SENT → sahana.nalvvarshini@ean.org
2026-03-14 23:15:24 [INFO   ] 💾 Progress saved — 110 emails sent total
2026-03-14 23:15:29 [INFO   ] 
  🔄 Switching to Profile 6 (8o7wlsow.Profile 10) — waiting 5s...
2026-03-14 23:15:34 [INFO   ] 
[14/40] P6 | European Conference on Interventional Oncology — Martijn Meijerink
2026-03-14 23:15:34 [INFO   ]   → martijn.meijerink@ecio.org
2026-03-14 23:15:40 [INFO   ]     ✓ SENT → martijn.meijerink@ecio.org
2026-03-14 23:15:45 [INFO   ] 
  🛑 Batch break after 10 sent — waiting 30s...
2026-03-14 23:16:15 [INFO   ] 
  🔄 Switching to Profile 7 (RqhQVxMP.Profile 8) — waiting 5s...
2026-03-14 23:16:20 [INFO   ] 
[15/40] P7 | European Conference on Interventional Oncology — Laura Crocetti
2026-03-14 23:16:20 [INFO   ]   → laura.crocetti@ecio.org
2026-03-14 23:16:24 [INFO   ]     ✓ SENT → laura.crocetti@ecio.org
2026-03-14 23:16:29 [INFO   ] 
  🔄 Switching to Profile 8 (dnUqYTxV.Profile 12) — waiting 5s...
2026-03-14 23:16:34 [INFO   ] 
[16/40] P8 | Florissa GmbH — Ladislaus Szabo
2026-03-14 23:16:34 [INFO   ]   → ladislaus.szabo@florissa.at
2026-03-14 23:16:38 [INFO   ]     ✓ SENT → ladislaus.szabo@florissa.at
2026-03-14 23:16:43 [INFO   ] 
  🔄 Switching to Profile 1 (m7mMvZI0.Profile 9) — waiting 5s...
2026-03-14 23:16:48 [INFO   ] 
[17/40] P1 | Florissa GmbH — Alena Busse
2026-03-14 23:16:48 [INFO   ]   → alena.busse@florissa.at
2026-03-14 23:16:48 [INFO   ]   ⏸️  Domain cooldown: waiting 5s for florissa.at...
2026-03-14 23:16:58 [INFO   ]     ✓ SENT → alena.busse@florissa.at
2026-03-14 23:17:03 [INFO   ] 
  🔄 Switching to Profile 2 (ifyvFjIj.Profile 15) — waiting 5s...
2026-03-14 23:17:08 [INFO   ] 
[18/40] P2 | Florissa GmbH — Horst Halbwachs
2026-03-14 23:17:08 [INFO   ]   → horst.halbwachs@florissa.at
2026-03-14 23:17:08 [INFO   ]   ⏸️  Domain cooldown: waiting 5s for florissa.at...
2026-03-14 23:17:17 [ERROR  ]     ✗ AUTH ERROR for jain107sandeep@gmail.com — check App Password
2026-03-14 23:17:17 [INFO   ] 
  🔄 Switching to Profile 3 (RCn17qXW.Profile 13) — waiting 5s...
2026-03-14 23:17:22 [INFO   ] 
[19/40] P3 | Florissa GmbH — michael mischkulnig
2026-03-14 23:17:22 [INFO   ]   → michael.mischkulnig@florissa.at
2026-03-14 23:17:22 [INFO   ]   ⏸️  Domain cooldown: waiting 11s for florissa.at...
2026-03-14 23:17:38 [INFO   ]     ✓ SENT → michael.mischkulnig@florissa.at
2026-03-14 23:17:38 [INFO   ] 💾 Progress saved — 115 emails sent total
2026-03-14 23:17:43 [INFO   ] 
  🔄 Switching to Profile 4 (SucUl2kq.Profile 11) — waiting 5s...
2026-03-14 23:17:48 [INFO   ] 
[20/40] P4 | Forbes Austria — Jan Kienbichl
2026-03-14 23:17:48 [INFO   ]   → jan.kienbichl@forbes.at
2026-03-14 23:17:53 [INFO   ]     ✓ SENT → jan.kienbichl@forbes.at
2026-03-14 23:17:58 [INFO   ] 
  🔄 Switching to Profile 5 (1E3luMW0.Profile 14) — waiting 5s...
2026-03-14 23:18:03 [INFO   ] 
[21/40] P5 | Forbes Austria — Thomas Pressberger
2026-03-14 23:18:03 [INFO   ]   → thomas.pressberger@forbes.at
2026-03-14 23:18:03 [INFO   ]   ⏸️  Domain cooldown: waiting 5s for forbes.at...
2026-03-14 23:18:13 [INFO   ]     ✓ SENT → thomas.pressberger@forbes.at
2026-03-14 23:18:18 [INFO   ] 
  🔄 Switching to Profile 6 (8o7wlsow.Profile 10) — waiting 5s...
2026-03-14 23:18:23 [INFO   ] 
[22/40] P6 | Forbes Austria — Adna Iseni
2026-03-14 23:18:23 [INFO   ]   → adna.iseni@forbes.at
2026-03-14 23:18:23 [INFO   ]   ⏸️  Domain cooldown: waiting 5s for forbes.at...
2026-03-14 23:18:34 [INFO   ]     ✓ SENT → adna.iseni@forbes.at
2026-03-14 23:18:39 [INFO   ] 
  🔄 Switching to Profile 7 (RqhQVxMP.Profile 8) — waiting 5s...
2026-03-14 23:18:44 [INFO   ] 
[23/40] P7 | Forbes Austria — Corrina Koszticzky
2026-03-14 23:18:44 [INFO   ]   → corrina.koszticzky@forbes.at
2026-03-14 23:18:44 [INFO   ]   ⏸️  Domain cooldown: waiting 4s for forbes.at...
2026-03-14 23:18:52 [INFO   ]     ✓ SENT → corrina.koszticzky@forbes.at
2026-03-14 23:18:57 [INFO   ] 
  🔄 Switching to Profile 8 (dnUqYTxV.Profile 12) — waiting 5s...
2026-03-14 23:19:02 [INFO   ] 
[24/40] P8 | Forbes Austria — Lidija Jovanovic
2026-03-14 23:19:02 [INFO   ]   → lidija.jovanovic@forbes.at
2026-03-14 23:19:02 [INFO   ]   ⏸️  Domain cooldown: waiting 5s for forbes.at...
2026-03-14 23:19:13 [INFO   ]     ✓ SENT → lidija.jovanovic@forbes.at
2026-03-14 23:19:13 [INFO   ] 💾 Progress saved — 120 emails sent total
2026-03-14 23:19:18 [INFO   ] 
  🔄 Switching to Profile 1 (m7mMvZI0.Profile 9) — waiting 5s...
2026-03-14 23:19:23 [INFO   ] 
[25/40] P1 | Freiraum Gartenarchitektur GmbH — Michael Pühringer
2026-03-14 23:19:23 [INFO   ]   → michael.pühringer@freiraum.cc
2026-03-14 23:19:26 [ERROR  ]     ✗ ERROR: {e}
2026-03-14 23:19:26 [INFO   ] 
  🔄 Switching to Profile 2 (ifyvFjIj.Profile 15) — waiting 5s...
2026-03-14 23:19:31 [INFO   ] 
[26/40] P2 | Garten Hödl GmbH — Christoph Fink B. Eng.
2026-03-14 23:19:31 [INFO   ]   → christoph.fink@garten-hoedl.at
2026-03-14 23:19:34 [ERROR  ]     ✗ AUTH ERROR for jain107sandeep@gmail.com — check App Password
2026-03-14 23:19:34 [INFO   ] 
  🔄 Switching to Profile 3 (RCn17qXW.Profile 13) — waiting 5s...
2026-03-14 23:19:39 [INFO   ] 
[27/40] P3 | Gartengestaltung Reinisch — Peter Reinisch
2026-03-14 23:19:39 [INFO   ]   → peter.reinisch@garten-reinisch.at
2026-03-14 23:19:43 [INFO   ]     ✓ SENT → peter.reinisch@garten-reinisch.at
2026-03-14 23:19:48 [INFO   ] 
  🛑 Batch break after 20 sent — waiting 30s...
2026-03-14 23:20:18 [INFO   ] 
  🔄 Switching to Profile 4 (SucUl2kq.Profile 11) — waiting 5s...
2026-03-14 23:20:23 [INFO   ] 
[28/40] P4 | Global Second Opinion — Wes Crane
2026-03-14 23:20:23 [INFO   ]   → wes.crane@globalsecondopinion.com
2026-03-14 23:20:28 [INFO   ]     ✓ SENT → wes.crane@globalsecondopinion.com
2026-03-14 23:20:33 [INFO   ] 
  🔄 Switching to Profile 5 (1E3luMW0.Profile 14) — waiting 5s...
2026-03-14 23:20:38 [INFO   ] 
[29/40] P5 | Global Second Opinion — Martha Tacy
2026-03-14 23:20:38 [INFO   ]   → martha.tacy@globalsecondopinion.com
2026-03-14 23:20:38 [INFO   ]   ⏸️  Domain cooldown: waiting 5s for globalsecondopinion.com...
2026-03-14 23:20:48 [INFO   ]     ✓ SENT → martha.tacy@globalsecondopinion.com
2026-03-14 23:20:53 [INFO   ] 
  🔄 Switching to Profile 6 (8o7wlsow.Profile 10) — waiting 5s...
2026-03-14 23:20:58 [INFO   ] 
[30/40] P6 | Gruber & Söhne GmbH — Alejandra Ortiz
2026-03-14 23:20:58 [INFO   ]   → alejandra.ortiz@grubersoehne.at
2026-03-14 23:21:03 [INFO   ]     ✓ SENT → alejandra.ortiz@grubersoehne.at
2026-03-14 23:21:08 [INFO   ] 
  🔄 Switching to Profile 7 (RqhQVxMP.Profile 8) — waiting 5s...
2026-03-14 23:21:13 [INFO   ] 
[31/40] P7 | Gruber & Söhne GmbH — Stephan Gruber
2026-03-14 23:21:13 [INFO   ]   → stephan.gruber@grubersoehne.at
2026-03-14 23:21:13 [INFO   ]   ⏸️  Domain cooldown: waiting 5s for grubersoehne.at...
2026-03-14 23:21:22 [INFO   ]     ✓ SENT → stephan.gruber@grubersoehne.at
2026-03-14 23:21:22 [INFO   ] 💾 Progress saved — 125 emails sent total
2026-03-14 23:21:27 [INFO   ] 
  🔄 Switching to Profile 8 (dnUqYTxV.Profile 12) — waiting 5s...
2026-03-14 23:21:32 [INFO   ] 
[32/40] P8 | Harmonie im Garten — Johannes Klösch
2026-03-14 23:21:32 [INFO   ]   → johannes.klösch@harmonie-im-garten.at
2026-03-14 23:21:35 [ERROR  ]     ✗ ERROR: {e}
2026-03-14 23:21:35 [INFO   ] 
  🔄 Switching to Profile 1 (m7mMvZI0.Profile 9) — waiting 5s...
2026-03-14 23:21:40 [INFO   ] 
[33/40] P1 | Huber Fine Watches & Jewellery — Christof Ritter
2026-03-14 23:21:40 [INFO   ]   → christof.ritter@huber.li
2026-03-14 23:21:44 [INFO   ]     ✓ SENT → christof.ritter@huber.li
2026-03-14 23:21:49 [INFO   ] 
  🔄 Switching to Profile 2 (ifyvFjIj.Profile 15) — waiting 5s...
2026-03-14 23:21:54 [INFO   ] 
[34/40] P2 | Huber Fine Watches & Jewellery — Dejan Krstovic
2026-03-14 23:21:54 [INFO   ]   → dejan.krstovic@huber.li
2026-03-14 23:21:54 [INFO   ]   ⏸️  Domain cooldown: waiting 5s for huber.li...
2026-03-14 23:22:03 [ERROR  ]     ✗ AUTH ERROR for jain107sandeep@gmail.com — check App Password
2026-03-14 23:22:03 [INFO   ] 
  🔄 Switching to Profile 3 (RCn17qXW.Profile 13) — waiting 5s...
2026-03-14 23:22:08 [INFO   ] 
[35/40] P3 | Huber Fine Watches & Jewellery — Filipp Wenk
2026-03-14 23:22:08 [INFO   ]   → filipp.wenk@huber.li
2026-03-14 23:22:08 [INFO   ]   ⏸️  Domain cooldown: waiting 11s for huber.li...
2026-03-14 23:22:24 [INFO   ]     ✓ SENT → filipp.wenk@huber.li
2026-03-14 23:22:29 [INFO   ] 
  🔄 Switching to Profile 4 (SucUl2kq.Profile 11) — waiting 5s...
2026-03-14 23:22:34 [INFO   ] 
[36/40] P4 | Huber Fine Watches & Jewellery — Max Loyall
2026-03-14 23:22:34 [INFO   ]   → max.loyall@huber.li
2026-03-14 23:22:34 [INFO   ]   ⏸️  Domain cooldown: waiting 5s for huber.li...
2026-03-14 23:22:44 [INFO   ]     ✓ SENT → max.loyall@huber.li
2026-03-14 23:22:49 [INFO   ] 
  🔄 Switching to Profile 5 (1E3luMW0.Profile 14) — waiting 5s...
2026-03-14 23:22:54 [INFO   ] 
[37/40] P5 | Huber Fine Watches & Jewellery — Nadja Mauser BA MBA
2026-03-14 23:22:54 [INFO   ]   → nadja.mauser@huber.li
2026-03-14 23:22:54 [INFO   ]   ⏸️  Domain cooldown: waiting 5s for huber.li...
2026-03-14 23:23:04 [INFO   ]     ✓ SENT → nadja.mauser@huber.li
2026-03-14 23:23:09 [INFO   ] 
  🔄 Switching to Profile 6 (8o7wlsow.Profile 10) — waiting 5s...
2026-03-14 23:23:14 [INFO   ] 
[38/40] P6 | ImageBiopsy Lab — Reinhard Krickl
2026-03-14 23:23:14 [INFO   ]   → reinhard.krickl@imagebiopsy.com
2026-03-14 23:23:19 [INFO   ]     ✓ SENT → reinhard.krickl@imagebiopsy.com
2026-03-14 23:23:19 [INFO   ] 💾 Progress saved — 130 emails sent total
2026-03-14 23:23:24 [INFO   ] 
  🔄 Switching to Profile 7 (RqhQVxMP.Profile 8) — waiting 5s...
2026-03-14 23:23:29 [INFO   ] 
[39/40] P7 | ImageBiopsy Lab — Adrian Wagner
2026-03-14 23:23:29 [INFO   ]   → adrian.wagner@imagebiopsy.com
2026-03-14 23:23:29 [INFO   ]   ⏸️  Domain cooldown: waiting 5s for imagebiopsy.com...
2026-03-14 23:23:38 [INFO   ]     ✓ SENT → adrian.wagner@imagebiopsy.com
2026-03-14 23:23:43 [INFO   ] 
  🛑 Batch break after 30 sent — waiting 30s...
2026-03-14 23:24:13 [INFO   ] 
  🔄 Switching to Profile 8 (dnUqYTxV.Profile 12) — waiting 5s...
2026-03-14 23:24:18 [INFO   ] 
[40/40] P8 | ImageBiopsy Lab — Christoph Salzlechner
2026-03-14 23:24:18 [INFO   ]   → christoph.salzlechner@imagebiopsy.com
2026-03-14 23:24:22 [INFO   ]     ✓ SENT → christoph.salzlechner@imagebiopsy.com
2026-03-14 23:24:27 [INFO   ] 💾 Progress saved — 132 emails sent total
2026-03-14 23:24:27 [INFO   ] 
======================================================================
2026-03-14 23:24:27 [INFO   ]   DONE
2026-03-14 23:24:27 [INFO   ] ======================================================================
2026-03-14 23:24:27 [INFO   ]   ✓ Sent this run : 31
2026-03-14 23:24:27 [INFO   ]   ✗ Failed        : 9
2026-03-14 23:24:27 [INFO   ]   📧 Grand total  : 132
2026-03-14 23:24:27 [INFO   ]   💡 To start fresh, delete: email_progress_linkedin.json
2026-03-14 23:24:27 [INFO   ] ======================================================================
2026-03-15 21:46:50 [INFO   ] ======================================================================
2026-03-15 21:46:50 [INFO   ]   LINKEDIN DB — COLD EMAIL SENDER
2026-03-15 21:46:50 [INFO   ]   Run started: 2026-03-15 21:46:50
2026-03-15 21:46:50 [INFO   ]   Log file   : C:\Users\sandeep\Downloads\CVL\send_linkedin_campaigns.log
2026-03-15 21:46:50 [INFO   ] ======================================================================
2026-03-15 21:46:50 [INFO   ] 
  Database : C:\Users\sandeep\Downloads\CVL\linkedin_data.db
2026-03-15 21:46:50 [INFO   ]   Companies: 50  (with domain: 49)
2026-03-15 21:46:50 [INFO   ]   Employees: 299
2026-03-15 21:46:50 [INFO   ] 
  Countries available:
2026-03-15 21:46:50 [INFO   ]      1. Austria  (50 companies)
2026-03-15 21:46:50 [INFO   ]      2. All countries
2026-03-15 21:46:53 [INFO   ] 
  Country filter: All
2026-03-15 21:46:53 [INFO   ] ✓ Loaded 10 SMTP password(s)
2026-03-15 21:46:53 [INFO   ]   ✓ 8 sending profile(s) ready
2026-03-15 21:46:53 [INFO   ] 
  📋 Resume mode: 132 emails already sent
2026-03-15 21:46:53 [INFO   ]      Companies already contacted: 92
2026-03-15 21:46:53 [INFO   ] 
  Loading companies from database...
2026-03-15 21:46:53 [INFO   ]   ✓ 49 companies loaded
2026-03-15 21:46:53 [INFO   ] 
======================================================================
2026-03-15 21:46:53 [INFO   ]   BUILDING EMAIL LIST
2026-03-15 21:46:53 [INFO   ] ======================================================================
2026-03-15 21:46:53 [INFO   ]   ⏭️  Skipping AIRSKIN (already contacted)
2026-03-15 21:46:53 [INFO   ]   ⏭️  Skipping Alles Strass (already contacted)
2026-03-15 21:46:53 [INFO   ]   ⏭️  Skipping Alphagate Automatisierungstechnik GmbH (already contacted)
2026-03-15 21:46:53 [INFO   ]   ⏭️  Skipping Ausserbrunner GmbH (already contacted)
2026-03-15 21:46:53 [INFO   ]   ⏭️  Skipping BRUNA (already contacted)
2026-03-15 21:46:53 [INFO   ]   ⏭️  Skipping Beckhoff Automation Österreich (already contacted)
2026-03-15 21:46:53 [INFO   ]   ⏭️  Skipping Burkert Danmark A/S (already contacted)
2026-03-15 21:46:53 [INFO   ]   ⏭️  Skipping CVIR Endovascular (already contacted)
2026-03-15 21:46:53 [INFO   ]   ⏭️  Skipping Cardiovascular and Interventional Radiological Society of Europe (CIRSE) (already contacted)
2026-03-15 21:46:53 [INFO   ]   ⏭️  Skipping Cartken (already contacted)
2026-03-15 21:46:53 [INFO   ]   ⏭️  Skipping CrateDB (already contacted)
2026-03-15 21:46:53 [INFO   ]   ⏭️  Skipping Eder Gartenarchitektur (already contacted)
2026-03-15 21:46:53 [INFO   ]   ⏭️  Skipping EuSoMII - European Society of Medical Imaging Informatics (already contacted)
2026-03-15 21:46:53 [INFO   ]   ⏭️  Skipping European Academy of Neurology (already contacted)
2026-03-15 21:46:53 [INFO   ]   ⏭️  Skipping European Conference on Interventional Oncology (already contacted)
2026-03-15 21:46:53 [INFO   ]   ⏭️  Skipping Florissa GmbH (already contacted)
2026-03-15 21:46:53 [INFO   ]   ⏭️  Skipping Forbes Austria (already contacted)
2026-03-15 21:46:53 [INFO   ] 
  📍 Freiraum Gartenarchitektur GmbH (freiraum.cc)
2026-03-15 21:46:53 [INFO   ]     ✅ michael.pühringer@freiraum.cc (Geschäftsleiter bei Freiraum Gartenarchitektur GmbH)
2026-03-15 21:46:53 [INFO   ] 
  📍 Garten Hödl GmbH (garten-hoedl.at)
2026-03-15 21:46:53 [INFO   ]     ✅ christoph.fink@garten-hoedl.at (Garten Hödl GmbH bei Garten Hödl GmbH)
2026-03-15 21:46:53 [INFO   ]   ⏭️  Skipping Gartengestaltung Reinisch (already contacted)
2026-03-15 21:46:53 [INFO   ]   ⏭️  Skipping Global Second Opinion (already contacted)
2026-03-15 21:46:53 [INFO   ]   ⏭️  Skipping Gruber & Söhne GmbH (already contacted)
2026-03-15 21:46:53 [INFO   ] 
  📍 Harmonie im Garten (harmonie-im-garten.at)
2026-03-15 21:46:53 [INFO   ]     ✅ johannes.klösch@harmonie-im-garten.at (Geschäftsführer bei Harmonie Im Garten)
2026-03-15 21:46:53 [INFO   ]   ⏭️  Skipping Huber Fine Watches & Jewellery (already contacted)
2026-03-15 21:46:53 [INFO   ]   ⏭️  Skipping ImageBiopsy Lab (already contacted)
2026-03-15 21:46:54 [INFO   ] 
  📍 Innovation Authority (innovationauthority.com)
2026-03-15 21:46:54 [WARNING]     ⚠️  Skipping bad name: {emp['full_name']!r}
2026-03-15 21:46:54 [INFO   ]     ✅ many.klenk@innovationauthority.com (Business and Brand Strategist | Founder of mut.agency | LEVEL C Fellow in Residence | Board Member | Speaker | Brand Philosopher)
2026-03-15 21:46:54 [INFO   ]     ✅ misa.lukic@innovationauthority.com (Founder & CEO @ Brand Sapiens Dubai | Business & Brand Designer | Building HumanAIzed AI Agents that become the voice, heart & logic of your brand | Creator of Business Sapiens Model | Strategy | Innovation | Future |)
2026-03-15 21:46:54 [INFO   ]     ✅ almutasim.alkhanjari@innovationauthority.com (Acting Head of the Councils and Committees | Research & Innovation Authority President Office | MBA in Information Technology | Experienced in Coordination and Follow up)
2026-03-15 21:46:54 [INFO   ]     ✅ amine.bouder@innovationauthority.com (Supply Chain Expert | The puzzles can’t be cracked without following proper SCM practices)
2026-03-15 21:46:54 [INFO   ] 
  📍 LIGRE (ligre.com)
2026-03-15 21:46:54 [INFO   ]     ✅ armin.zimpelmann@ligre.com (English)
2026-03-15 21:46:54 [INFO   ]     ✅ christopher.hauke@ligre.com (The blend of aesthetics, deep tech and ease)
2026-03-15 21:46:54 [INFO   ]     ✅ lina.gronbach@ligre.com (Unternehmerin aus Leidenschaft)
2026-03-15 21:46:54 [INFO   ]     ✅ moritz.reischel@ligre.com (New era Marketing leader, creating authentic (data driven) marketing activities and strategies to drive growth and awareness for leading brands. I ex VW; Red Bull; HaebMau)
2026-03-15 21:46:54 [INFO   ]     ✅ patrick.weiß@ligre.com (The blend of aesthetics, deep tech and ease.)
2026-03-15 21:46:54 [INFO   ] 
  📍 Langer® Magnet Austria (langer-magnet.com)
2026-03-15 21:46:54 [INFO   ]     ✅ aichhorn.fritz@langer-magnet.com (Inspiration, Innovation, nahe am Menschen)
2026-03-15 21:46:54 [INFO   ]     ✅ claudia.aichhorn@langer-magnet.com (Selbstständige Schmuckkünstlerin)
2026-03-15 21:46:54 [INFO   ]     ✅ hassan.zaroual@langer-magnet.com (Foreur chez Langer)
2026-03-15 21:46:54 [INFO   ]     ✅ robert.thauerböck@langer-magnet.com (Technischer Leiter bei Langer GmbH)
2026-03-15 21:46:54 [INFO   ]     ✅ sonja.hintringer@langer-magnet.com (kaufm. Angestellte bei Langer GmbH)
2026-03-15 21:46:54 [INFO   ] 
  📍 Lightcast.com (lightcast.com)
2026-03-15 21:46:54 [INFO   ]     ✅ kirby.langley@lightcast.com (Chief Revenue Officer | Growth Driven GTM Leader)
2026-03-15 21:46:54 [INFO   ]     ✅ cheyanne.ward@lightcast.com (Business Development Representative at Cross Media Corporation)
2026-03-15 21:46:54 [INFO   ]     ✅ jameson.adams@lightcast.com (Technology Solutions Consultant)
2026-03-15 21:46:54 [INFO   ]     ✅ mathew.carrillo@lightcast.com (Business Development Representative)
2026-03-15 21:46:54 [WARNING]     ⚠️  Skipping bad name: {emp['full_name']!r}
2026-03-15 21:46:55 [INFO   ] 
  📍 LiteSentry - Softsolution - Strainoptics (glassquality.com)
2026-03-15 21:46:55 [INFO   ]     ✅ tim.bushaw@glassquality.com (Group CEO | Driving Innovation in Glass Quality Inspection | LiteSentry, Softsolution, Strainoptics, Avalon Vision Solutions | Glassquality.com)
2026-03-15 21:46:55 [INFO   ]     ✅ alex.lema@glassquality.com (Electrical & Computer Engineering)
2026-03-15 21:46:55 [INFO   ]     ✅ david.cousins@glassquality.com (Regional Sales Manager at LiteSentry-Softsolution | Setting Product Strategy for Glass Quality Solutions | Glass Industry Expertise)
2026-03-15 21:46:55 [INFO   ]     ✅ dylan.parsons@glassquality.com (Software Engineer | Embedded Systems · Computer Vision · Hardware Integration | Python · C++ · C#)
2026-03-15 21:46:55 [INFO   ]     ✅ elias.ibrahim@glassquality.com (Industrial Engineer)
2026-03-15 21:46:55 [INFO   ] 
  📍 MECHATRONIK AUSTRIA (mechatronik-austria.at)
2026-03-15 21:46:55 [INFO   ]     ✅ rupert.kaspar@mechatronik-austria.at (Immobilienmediator (Mediator.bayern) | CEO bayernboden.de | Tech-Investor & AgTech Entrepreneur | Naturland-Landwirt (Erlhof) | Maximilianstraße 2, München)
2026-03-15 21:46:55 [INFO   ]     ✅ christian.jeloucan@mechatronik-austria.at (Software-Entwickler bei MECHATRONIK AUSTRIA)
2026-03-15 21:46:55 [INFO   ]     ✅ david.hanusch@mechatronik-austria.at (Area Sales Manager bei Mechatronik Austria)
2026-03-15 21:46:55 [INFO   ]     ✅ dominik.ottino@mechatronik-austria.at (Systementwickler bei Wintersteiger AG)
2026-03-15 21:46:55 [INFO   ]     ✅ julian.jäger@mechatronik-austria.at (CMSE®, Dipl.-Wirt.-Ing. (FH) Technical Development bei Mechatronik Austria)
2026-03-15 21:46:55 [INFO   ] 
  📍 MOSTLY AI (mostly.ai)
2026-03-15 21:46:55 [INFO   ]     ✅ kerem.erdem@mostly.ai (Chief Platform Officer and CISO @ MOSTLY AI | Synthetic Data, AI)
2026-03-15 21:46:55 [INFO   ]     ✅ tobias.hann@mostly.ai (CEO | AI & Data Platform Leader | Building and Scaling Deep-Tech Businesses | Board & Investor-Facing Executive | ex-BCG)
2026-03-15 21:46:55 [WARNING]     ⚠️  Skipping bad name: {emp['full_name']!r}
2026-03-15 21:46:55 [INFO   ]     ✅ mustufa.ghosi@mostly.ai (Online Marketing Specialist at MOSTLY AI)
2026-03-15 21:46:55 [INFO   ] 
  📍 Makaro Jewelry (makarojewelry.com)
2026-03-15 21:46:55 [WARNING]     ⚠️  Skipping bad name: {emp['full_name']!r}
2026-03-15 21:46:55 [INFO   ]     ✅ fiona.shantala@makarojewelry.com (Digital Marketing Management@Campus02 & Marketingmitarbeiterin@LebensGroß)
2026-03-15 21:46:55 [INFO   ]     ✅ jana.barabas@makarojewelry.com (Jana Barabas)
2026-03-15 21:46:55 [INFO   ]     ✅ lisa.wimmer@makarojewelry.com (Assistant to Management)
2026-03-15 21:46:55 [INFO   ]     ✅ sandra.zofall@makarojewelry.com (In Ausbildung/Studium: WU (Wirtschaftsuniversität Wien))
2026-03-15 21:46:55 [INFO   ] 
  📍 SANSOL GmbH (sansol.eu)
2026-03-15 21:46:55 [INFO   ]     ✅ christian.hochfilzer@sansol.eu (Providing Optical Light Sources and Project Solutions to Industry and Biotechnology)
2026-03-15 21:46:55 [INFO   ] 
  📍 Schullin Wien (schullin.com)
2026-03-15 21:46:55 [WARNING]     ⚠️  Skipping bad name: {emp['full_name']!r}
2026-03-15 21:46:55 [INFO   ]     ✅ oriane.schullin@schullin.com (Fondateur chez My diamond ring by Schullin)
2026-03-15 21:46:55 [WARNING]     ⚠️  Skipping bad name: {emp['full_name']!r}
2026-03-15 21:46:55 [INFO   ]     ✅ sky.troy@schullin.com (International Business Management Student at IMC Krems)
2026-03-15 21:46:55 [INFO   ]     ✅ markus.laimer@schullin.com (Schullin Uhren im Looshaus)
2026-03-15 21:46:55 [INFO   ] 
  📍 Sija Schmuck GmbH (sija.at)
2026-03-15 21:46:55 [INFO   ]     ✅ birgit.freudenthaler@sija.at (Geschäftsführerin bei sija holding gmbh und sija schmuck gmbh)
2026-03-15 21:46:55 [INFO   ]     ✅ jochen.kaiserseder@sija.at (Jok-by-Jok Ihre Immobilie mein Auftrag)
2026-03-15 21:46:56 [INFO   ] 
  📍 Sindbad - Social Business (sindbad.co.at)
2026-03-15 21:46:56 [INFO   ]     ✅ alina.meyer@sindbad.co.at (Architecture & Design)
2026-03-15 21:46:56 [INFO   ]     ✅ andrea.schneeberger@sindbad.co.at (Bildungsgestalterin | Educate. Develop. Innovate.)
2026-03-15 21:46:56 [INFO   ]     ✅ elisabeth.langmann@sindbad.co.at (Community Managerin bei Sindbad - Social Business & In Ausbildung an der Universität Graz)
2026-03-15 21:46:56 [INFO   ]     ✅ katharina.prielinger@sindbad.co.at (--)
2026-03-15 21:46:56 [INFO   ]     ✅ lisa.heidrich@sindbad.co.at (Standortleitung bei Sindbad - Social Business in Görlitz)
2026-03-15 21:46:56 [INFO   ] 
  📍 Taurob (taurob.com)
2026-03-15 21:46:56 [INFO   ]     ✅ lukas.silberbauer@taurob.com (Co-Founder & Managing Director, Taurob)
2026-03-15 21:46:56 [INFO   ]     ✅ wolfgang.netzer@taurob.com (Director of Operations)
2026-03-15 21:46:56 [INFO   ]     ✅ adriana.henríquez@taurob.com (Office Assistant bei Taurob)
2026-03-15 21:46:56 [INFO   ]     ✅ alessandro.pasquino@taurob.com (Mechanical Engineer)
2026-03-15 21:46:56 [INFO   ]     ✅ dmitrii.panasiuk@taurob.com (Mechanical Engineer / Robotics Application Engineer)
2026-03-15 21:46:58 [INFO   ] 
  📍 Terre Suisse AG (terresuisse.com)
2026-03-15 21:46:58 [INFO   ]     ✅ martin.mettler@terresuisse.com (--)
2026-03-15 21:46:58 [INFO   ]     ✅ patricia.seitz@terresuisse.com (Marketingfachfrau)
2026-03-15 21:46:58 [INFO   ] 
  📍 Trending Topics by newsrooms (trendingtopics.eu)
2026-03-15 21:46:58 [INFO   ]     ✅ jakob.steinschaden@trendingtopics.eu (Co-founder newsrooms | Co-founder Trending Topics | Podcaster | Book Writer | Publisher | Moderator | Build, Baby, Build!)
2026-03-15 21:46:58 [WARNING]     ⚠️  Skipping bad name: {emp['full_name']!r}
2026-03-15 21:46:58 [INFO   ]     ✅ anupam.kumar@trendingtopics.eu (Trending Topics में High School Teacher)
2026-03-15 21:46:58 [INFO   ]     ✅ biftu.abduljelil@trendingtopics.eu (Sales/Marketing | Journalismus)
2026-03-15 21:46:58 [INFO   ]     ✅ markus.kirchmaier@trendingtopics.eu (tailored software and staffing solutions. #gernperDu)
2026-03-15 21:47:08 [ERROR  ]   ❌ VOCIER: domain 'vocier.com' does not resolve — skipped
2026-03-15 21:47:08 [INFO   ] 
  📍 Whimsical (whimsical.com)
2026-03-15 21:47:08 [INFO   ]     ✅ kaspars.dancis@whimsical.com (Co-founder & CEO, Whimsical)
2026-03-15 21:47:08 [WARNING]     ⚠️  Skipping bad name: {emp['full_name']!r}
2026-03-15 21:47:08 [INFO   ]     ✅ darta.rina@whimsical.com (Customer Experience | Whimsical)
2026-03-15 21:47:08 [INFO   ]     ✅ diana.lace@whimsical.com (Head of Operations at Whimsical)
2026-03-15 21:47:08 [INFO   ]     ✅ jānis.peisenieks@whimsical.com (Engineering Leader at Whimsical)
2026-03-15 21:47:08 [INFO   ] 
  📍 WomenTech Network (womentech.net)
2026-03-15 21:47:08 [INFO   ]     ✅ amena.samar@womentech.net (Director|co-founder |Entrepreneur|State President-Telangana Information Technology Council , Wicci|Global Ambassador|SDG Ambassador|Board Member|State Chair|Good will Ambassador)
2026-03-15 21:47:08 [INFO   ]     ✅ ami.patel@womentech.net (Founder of Nirvami Creations | 👩‍💻Technopreneur | Personal Branding | Women Tech Network🕸️ | Partner @ NRG Global Instruments)
2026-03-15 21:47:08 [INFO   ]     ✅ ishita.kadian@womentech.net (CSE student at MIT Pune | AI ML enthusiast)
2026-03-15 21:47:08 [INFO   ]     ✅ janani.thesu@womentech.net (WomenTech Global Ambassador | Devops with AI | Multicloud | Calico Big Cats Ambassador | Knowledge Sharing | Womenintech | TATA Consultancy Services)
2026-03-15 21:47:08 [WARNING]     ⚠️  Skipping bad name: {emp['full_name']!r}
2026-03-15 21:47:08 [INFO   ] 
  📍 brutkasten (brutkasten.com)
2026-03-15 21:47:08 [INFO   ]     ✅ daniel.ignatenko@brutkasten.com (Sales / Marketing / Event Manager VC Magazin & StartingUp | Master of Science)
2026-03-15 21:47:08 [INFO   ]     ✅ dominik.perlaki@brutkasten.com (Redakteur bei "Der Brutkasten"​)
2026-03-15 21:47:08 [INFO   ]     ✅ hasan.derick@brutkasten.com (Responsable nettoyage chez derichbourg)
2026-03-15 21:47:08 [INFO   ]     ✅ stefan.kottek@brutkasten.com (Media Consultant @brutkasten | für die Gestalter:Innen der Zukunft 🚀)
2026-03-15 21:47:08 [INFO   ] 
  📍 fischer BAUBOT (baubot.com)
2026-03-15 21:47:08 [INFO   ]     ✅ victor.rodionov@baubot.com (Managing Director at Baubot)
2026-03-15 21:47:08 [INFO   ]     ✅ georg.frühwirth@baubot.com (Team Lead Mechatronics | Build Better with Mobile Robotics at Baubot GmbH)
2026-03-15 21:47:08 [INFO   ]     ✅ joseph.thomas@baubot.com (Mechanical/Production Engineer | Technical Project Manager)
2026-03-15 21:47:08 [INFO   ]     ✅ nico.spiller@baubot.com (Data science, computational modeling, automated pipelines.)
2026-03-15 21:47:08 [INFO   ]     ✅ ondřej.dvořáček@baubot.com (Mechanical and Testing Engineer at Baubot | Researcher & Engineer | Prototyping Specialist | Project Manager | Measurement & Data Acquisition Expert)
2026-03-15 21:47:08 [INFO   ] 
  📍 haelsi (haelsi.at)
2026-03-15 21:47:08 [INFO   ]     ✅ fanny.springer@haelsi.at (Founder's Associate at haelsi | Driving Strategy, Ops & Growth Hand-in-Hand with the CEO)
2026-03-15 21:47:08 [INFO   ]     ✅ adham.kassab@haelsi.at (Healthcare Solutions Enthusiast)
2026-03-15 21:47:08 [WARNING]     ⚠️  Skipping bad name: {emp['full_name']!r}
2026-03-15 21:47:08 [INFO   ]     ✅ dominik.gleich@haelsi.at (HNO-Facharzt | Spezialist für Nebenhöhlen- & Mittelohrchirurgie | Präzision & Empathie für die bestmögliche Behandlung)
2026-03-15 21:47:08 [INFO   ]     ✅ eduard.momot@haelsi.at (AI Product Manager │ ex-Upwork │ CSPO, CSM)
2026-03-15 21:47:08 [INFO   ] 
  📍 ivii GmbH (ivii.eu)
2026-03-15 21:47:08 [INFO   ]     ✅ peter.stelzer@ivii.eu (CEO bei ivii gmbH)
2026-03-15 21:47:08 [INFO   ]     ✅ angela.mader@ivii.eu (Communications - Curious about all the things behind the scences.)
2026-03-15 21:47:08 [INFO   ]     ✅ florian.rosenberg@ivii.eu (--)
2026-03-15 21:47:08 [INFO   ]     ✅ helmut.schmidinger@ivii.eu (Head of Sales at ivii GmbH)
2026-03-15 21:47:08 [INFO   ]     ✅ laurens.knasar@ivii.eu (Head of Controlling & Accounting bei KNAPP Industry Solutions & ivii GmbH)
2026-03-15 21:47:09 [INFO   ] 
  📍 nyra health (nyra.health)
2026-03-15 21:47:09 [INFO   ]     ✅ suthan.kethees@nyra.health (Senior Growth Manager - Lead Insurance | Nyra Health | Founder @ Comdu.it Deutschland | Public and Private Insurance)
2026-03-15 21:47:09 [INFO   ]     ✅ batoul.belal@nyra.health (QMRA Team Lead @ nyra health)
2026-03-15 21:47:09 [INFO   ]     ✅ bernhard.thallinger@nyra.health (Machine Learning Researcher/Engineer bei nyra health)
2026-03-15 21:47:09 [INFO   ]     ✅ egor.mitin@nyra.health (Not in the market for a job. But for making things better.)
2026-03-15 21:47:09 [INFO   ]     ✅ laura.hiller@nyra.health (Go-to-Market / Clinical Solutions & Sales Manager)
2026-03-15 21:47:09 [INFO   ] 
  📍 sheconomy (sheconomy.media)
2026-03-15 21:47:09 [INFO   ]     ✅ patrycja.gabriela@sheconomy.media (Founder of Xenia I FemTech for Women’s Wellness I Business Development & Sales 🚀)
2026-03-15 21:47:09 [WARNING]     ⚠️  Skipping bad name: {emp['full_name']!r}
2026-03-15 21:47:09 [INFO   ]     ✅ nadezhda.makarova@sheconomy.media (Online Redaktion | Marketing)
2026-03-15 21:47:09 [INFO   ]     ✅ stefan.löffelmann@sheconomy.media (Man kann nicht nicht kommunizieren)
2026-03-15 21:47:09 [INFO   ]     ✅ yvonne.molek@sheconomy.media (Herausgeberin sheconomy - Die Wirtschaftsplattform für Frauen. 365 Tage im Jahr. Preisträgerin IHK-Preis 2024 für Wirtschaftsjournalismus “Ernst Schneider”)
2026-03-15 21:47:09 [INFO   ] 
======================================================================
2026-03-15 21:47:09 [INFO   ]   EMAIL BREAKDOWN
2026-03-15 21:47:09 [INFO   ] ======================================================================
2026-03-15 21:47:09 [INFO   ]   Staff emails   : 95
2026-03-15 21:47:09 [INFO   ]     → firstname.lastname@domain (LinkedIn employees)
2026-03-15 21:47:09 [INFO   ]     → sent to named individuals found in the DB
2026-03-15 21:47:09 [INFO   ]   Generic info@  : 0
2026-03-15 21:47:09 [INFO   ]     → info@domain (fallback — no employee found)
2026-03-15 21:47:09 [INFO   ]     → sent to company inbox, not a named person
2026-03-15 21:47:09 [INFO   ]   Total available: 95
2026-03-15 21:47:09 [INFO   ] ======================================================================
2026-03-15 21:47:17 [INFO   ] 
  Sending: 5 per profile × 8 profiles = 40 emails
2026-03-15 21:47:17 [INFO   ] 
  Full list:
2026-03-15 21:47:17 [INFO   ]       1. [STAFF  ] michael.pühringer@freiraum.cc  ← Michael Pühringer (Geschäftsleiter bei Freiraum Gartenarchitektur GmbH)
2026-03-15 21:47:17 [INFO   ]       2. [STAFF  ] christoph.fink@garten-hoedl.at  ← Christoph Fink B. Eng. (Garten Hödl GmbH bei Garten Hödl GmbH)
2026-03-15 21:47:17 [INFO   ]       3. [STAFF  ] johannes.klösch@harmonie-im-garten.at  ← Johannes Klösch (Geschäftsführer bei Harmonie Im Garten)
2026-03-15 21:47:17 [INFO   ]       4. [STAFF  ] many.klenk@innovationauthority.com  ← Many Klenk (Business and Brand Strategist | Founder of mut.agency | LEVEL C Fellow in Residence | Board Member | Speaker | Brand Philosopher)
2026-03-15 21:47:17 [INFO   ]       5. [STAFF  ] misa.lukic@innovationauthority.com  ← Misa Lukic (Founder & CEO @ Brand Sapiens Dubai | Business & Brand Designer | Building HumanAIzed AI Agents that become the voice, heart & logic of your brand | Creator of Business Sapiens Model | Strategy | Innovation | Future |)
2026-03-15 21:47:17 [INFO   ]       6. [STAFF  ] almutasim.alkhanjari@innovationauthority.com  ← Almutasim Alkhanjari (Acting Head of the Councils and Committees | Research & Innovation Authority President Office | MBA in Information Technology | Experienced in Coordination and Follow up)
2026-03-15 21:47:17 [INFO   ]       7. [STAFF  ] amine.bouder@innovationauthority.com  ← Amine BOUDER (Supply Chain Expert | The puzzles can’t be cracked without following proper SCM practices)
2026-03-15 21:47:17 [INFO   ]       8. [STAFF  ] armin.zimpelmann@ligre.com  ← Armin Zimpelmann (English)
2026-03-15 21:47:17 [INFO   ]       9. [STAFF  ] christopher.hauke@ligre.com  ← Christopher Hauke (The blend of aesthetics, deep tech and ease)
2026-03-15 21:47:17 [INFO   ]      10. [STAFF  ] lina.gronbach@ligre.com  ← Lina Gronbach (Unternehmerin aus Leidenschaft)
2026-03-15 21:47:17 [INFO   ]      11. [STAFF  ] moritz.reischel@ligre.com  ← Moritz Reischel (New era Marketing leader, creating authentic (data driven) marketing activities and strategies to drive growth and awareness for leading brands. I ex VW; Red Bull; HaebMau)
2026-03-15 21:47:17 [INFO   ]      12. [STAFF  ] patrick.weiß@ligre.com  ← Patrick Weiß (The blend of aesthetics, deep tech and ease.)
2026-03-15 21:47:17 [INFO   ]      13. [STAFF  ] aichhorn.fritz@langer-magnet.com  ← Aichhorn Fritz (Inspiration, Innovation, nahe am Menschen)
2026-03-15 21:47:17 [INFO   ]      14. [STAFF  ] claudia.aichhorn@langer-magnet.com  ← Claudia Aichhorn (Selbstständige Schmuckkünstlerin)
2026-03-15 21:47:17 [INFO   ]      15. [STAFF  ] hassan.zaroual@langer-magnet.com  ← Hassan ZAROUAL (Foreur chez Langer)
2026-03-15 21:47:17 [INFO   ]      16. [STAFF  ] robert.thauerböck@langer-magnet.com  ← Robert Thauerböck (Technischer Leiter bei Langer GmbH)
2026-03-15 21:47:17 [INFO   ]      17. [STAFF  ] sonja.hintringer@langer-magnet.com  ← Sonja Hintringer (kaufm. Angestellte bei Langer GmbH)
2026-03-15 21:47:17 [INFO   ]      18. [STAFF  ] kirby.langley@lightcast.com  ← Kirby Langley (Chief Revenue Officer | Growth Driven GTM Leader)
2026-03-15 21:47:17 [INFO   ]      19. [STAFF  ] cheyanne.ward@lightcast.com  ← Cheyanne Ward (Business Development Representative at Cross Media Corporation)
2026-03-15 21:47:17 [INFO   ]      20. [STAFF  ] jameson.adams@lightcast.com  ← Jameson Adams (Technology Solutions Consultant)
2026-03-15 21:47:17 [INFO   ]      21. [STAFF  ] mathew.carrillo@lightcast.com  ← Mathew Carrillo (Business Development Representative)
2026-03-15 21:47:17 [INFO   ]      22. [STAFF  ] tim.bushaw@glassquality.com  ← Tim Bushaw (Group CEO | Driving Innovation in Glass Quality Inspection | LiteSentry, Softsolution, Strainoptics, Avalon Vision Solutions | Glassquality.com)
2026-03-15 21:47:17 [INFO   ]      23. [STAFF  ] alex.lema@glassquality.com  ← Alex Lema (Electrical & Computer Engineering)
2026-03-15 21:47:17 [INFO   ]      24. [STAFF  ] david.cousins@glassquality.com  ← David Cousins (Regional Sales Manager at LiteSentry-Softsolution | Setting Product Strategy for Glass Quality Solutions | Glass Industry Expertise)
2026-03-15 21:47:17 [INFO   ]      25. [STAFF  ] dylan.parsons@glassquality.com  ← Dylan Parsons (Software Engineer | Embedded Systems · Computer Vision · Hardware Integration | Python · C++ · C#)
2026-03-15 21:47:17 [INFO   ]      26. [STAFF  ] elias.ibrahim@glassquality.com  ← Elias Ibrahim (Industrial Engineer)
2026-03-15 21:47:17 [INFO   ]      27. [STAFF  ] rupert.kaspar@mechatronik-austria.at  ← Rupert Kaspar Hutterer (Immobilienmediator (Mediator.bayern) | CEO bayernboden.de | Tech-Investor & AgTech Entrepreneur | Naturland-Landwirt (Erlhof) | Maximilianstraße 2, München)
2026-03-15 21:47:17 [INFO   ]      28. [STAFF  ] christian.jeloucan@mechatronik-austria.at  ← Christian Jeloucan (Software-Entwickler bei MECHATRONIK AUSTRIA)
2026-03-15 21:47:17 [INFO   ]      29. [STAFF  ] david.hanusch@mechatronik-austria.at  ← David Hanusch (Area Sales Manager bei Mechatronik Austria)
2026-03-15 21:47:17 [INFO   ]      30. [STAFF  ] dominik.ottino@mechatronik-austria.at  ← Dominik Ottino (Systementwickler bei Wintersteiger AG)
2026-03-15 21:47:17 [INFO   ]      31. [STAFF  ] julian.jäger@mechatronik-austria.at  ← Julian Jäger (CMSE®, Dipl.-Wirt.-Ing. (FH) Technical Development bei Mechatronik Austria)
2026-03-15 21:47:17 [INFO   ]      32. [STAFF  ] kerem.erdem@mostly.ai  ← Kerem Erdem (Chief Platform Officer and CISO @ MOSTLY AI | Synthetic Data, AI)
2026-03-15 21:47:17 [INFO   ]      33. [STAFF  ] tobias.hann@mostly.ai  ← Tobias Hann (CEO | AI & Data Platform Leader | Building and Scaling Deep-Tech Businesses | Board & Investor-Facing Executive | ex-BCG)
2026-03-15 21:47:17 [INFO   ]      34. [STAFF  ] mustufa.ghosi@mostly.ai  ← Mustufa Ghosi (Online Marketing Specialist at MOSTLY AI)
2026-03-15 21:47:17 [INFO   ]      35. [STAFF  ] fiona.shantala@makarojewelry.com  ← Fiona Shantala Kahr (Digital Marketing Management@Campus02 & Marketingmitarbeiterin@LebensGroß)
2026-03-15 21:47:17 [INFO   ]      36. [STAFF  ] jana.barabas@makarojewelry.com  ← Jana Barabas (Jana Barabas)
2026-03-15 21:47:17 [INFO   ]      37. [STAFF  ] lisa.wimmer@makarojewelry.com  ← Lisa Wimmer (Assistant to Management)
2026-03-15 21:47:17 [INFO   ]      38. [STAFF  ] sandra.zofall@makarojewelry.com  ← Sandra Zofall (In Ausbildung/Studium: WU (Wirtschaftsuniversität Wien))
2026-03-15 21:47:17 [INFO   ]      39. [STAFF  ] christian.hochfilzer@sansol.eu  ← Christian Hochfilzer (Providing Optical Light Sources and Project Solutions to Industry and Biotechnology)
2026-03-15 21:47:17 [INFO   ]      40. [STAFF  ] oriane.schullin@schullin.com  ← Oriane Schullin (Fondateur chez My diamond ring by Schullin)
2026-03-15 21:47:17 [INFO   ] 
  ✓ Template: email_template_with_link.htm
2026-03-15 21:47:17 [INFO   ] 
  Distribution across 8 profile(s):
2026-03-15 21:47:17 [INFO   ]     Profile 1 (m7mMvZI0.Profile 9): 5 emails
2026-03-15 21:47:17 [INFO   ]     Profile 2 (ifyvFjIj.Profile 15): 5 emails
2026-03-15 21:47:17 [INFO   ]     Profile 3 (RCn17qXW.Profile 13): 5 emails
2026-03-15 21:47:17 [INFO   ]     Profile 4 (SucUl2kq.Profile 11): 5 emails
2026-03-15 21:47:17 [INFO   ]     Profile 5 (1E3luMW0.Profile 14): 5 emails
2026-03-15 21:47:17 [INFO   ]     Profile 6 (8o7wlsow.Profile 10): 5 emails
2026-03-15 21:47:17 [INFO   ]     Profile 7 (RqhQVxMP.Profile 8): 5 emails
2026-03-15 21:47:17 [INFO   ]     Profile 8 (dnUqYTxV.Profile 12): 5 emails
2026-03-15 21:47:17 [INFO   ] 
======================================================================
2026-03-15 21:47:18 [INFO   ] 
  Sending 40 emails across 8 profile(s)...
2026-03-15 21:47:18 [INFO   ] 
[1/40] P1 | Freiraum Gartenarchitektur GmbH — Michael Pühringer
2026-03-15 21:47:18 [INFO   ]   → michael.pühringer@freiraum.cc
2026-03-15 21:47:21 [ERROR  ]     ✗ ERROR: {e}
2026-03-15 21:47:21 [INFO   ] 
  🔄 Switching to Profile 2 (ifyvFjIj.Profile 15) — waiting 5s...
2026-03-15 21:47:26 [INFO   ] 
[2/40] P2 | Garten Hödl GmbH — Christoph Fink B. Eng.
2026-03-15 21:47:26 [INFO   ]   → christoph.fink@garten-hoedl.at
2026-03-15 21:47:30 [ERROR  ]     ✗ AUTH ERROR for jain107sandeep@gmail.com — check App Password
2026-03-15 21:47:30 [INFO   ] 
  🔄 Switching to Profile 3 (RCn17qXW.Profile 13) — waiting 5s...
2026-03-15 21:47:35 [INFO   ] 
[3/40] P3 | Harmonie im Garten — Johannes Klösch
2026-03-15 21:47:35 [INFO   ]   → johannes.klösch@harmonie-im-garten.at
2026-03-15 21:47:38 [ERROR  ]     ✗ ERROR: {e}
2026-03-15 21:47:38 [INFO   ] 
  🔄 Switching to Profile 4 (SucUl2kq.Profile 11) — waiting 5s...
2026-03-15 21:47:43 [INFO   ] 
[4/40] P4 | Innovation Authority — Many Klenk
2026-03-15 21:47:43 [INFO   ]   → many.klenk@innovationauthority.com
2026-03-15 21:47:48 [INFO   ]     ✓ SENT → many.klenk@innovationauthority.com
2026-03-15 21:47:53 [INFO   ] 
  🔄 Switching to Profile 5 (1E3luMW0.Profile 14) — waiting 5s...
2026-03-15 21:47:58 [INFO   ] 
[5/40] P5 | Innovation Authority — Misa Lukic
2026-03-15 21:47:58 [INFO   ]   → misa.lukic@innovationauthority.com
2026-03-15 21:47:58 [INFO   ]   ⏸️  Domain cooldown: waiting 5s for innovationauthority.com...
2026-03-15 21:48:07 [INFO   ]     ✓ SENT → misa.lukic@innovationauthority.com
2026-03-15 21:48:12 [INFO   ] 
  🔄 Switching to Profile 6 (8o7wlsow.Profile 10) — waiting 5s...
2026-03-15 21:48:17 [INFO   ] 
[6/40] P6 | Innovation Authority — Almutasim Alkhanjari
2026-03-15 21:48:17 [INFO   ]   → almutasim.alkhanjari@innovationauthority.com
2026-03-15 21:48:17 [INFO   ]   ⏸️  Domain cooldown: waiting 5s for innovationauthority.com...
2026-03-15 21:48:27 [INFO   ]     ✓ SENT → almutasim.alkhanjari@innovationauthority.com
2026-03-15 21:48:27 [INFO   ] 💾 Progress saved — 135 emails sent total
2026-03-15 21:48:32 [INFO   ] 
  🔄 Switching to Profile 7 (RqhQVxMP.Profile 8) — waiting 5s...
2026-03-15 21:48:37 [INFO   ] 
[7/40] P7 | Innovation Authority — Amine BOUDER
2026-03-15 21:48:37 [INFO   ]   → amine.bouder@innovationauthority.com
2026-03-15 21:48:37 [INFO   ]   ⏸️  Domain cooldown: waiting 5s for innovationauthority.com...
2026-03-15 21:48:47 [INFO   ]     ✓ SENT → amine.bouder@innovationauthority.com
2026-03-15 21:48:52 [INFO   ] 
  🔄 Switching to Profile 8 (dnUqYTxV.Profile 12) — waiting 5s...
2026-03-15 21:48:57 [INFO   ] 
[8/40] P8 | LIGRE — Armin Zimpelmann
2026-03-15 21:48:57 [INFO   ]   → armin.zimpelmann@ligre.com
2026-03-15 21:49:01 [INFO   ]     ✓ SENT → armin.zimpelmann@ligre.com
2026-03-15 21:49:06 [INFO   ] 
  🔄 Switching to Profile 1 (m7mMvZI0.Profile 9) — waiting 5s...
2026-03-15 21:49:11 [INFO   ] 
[9/40] P1 | LIGRE — Christopher Hauke
2026-03-15 21:49:11 [INFO   ]   → christopher.hauke@ligre.com
2026-03-15 21:49:11 [INFO   ]   ⏸️  Domain cooldown: waiting 5s for ligre.com...
2026-03-15 21:49:21 [INFO   ]     ✓ SENT → christopher.hauke@ligre.com
2026-03-15 21:49:26 [INFO   ] 
  🔄 Switching to Profile 2 (ifyvFjIj.Profile 15) — waiting 5s...
2026-03-15 21:49:31 [INFO   ] 
[10/40] P2 | LIGRE — Lina Gronbach
2026-03-15 21:49:31 [INFO   ]   → lina.gronbach@ligre.com
2026-03-15 21:49:31 [INFO   ]   ⏸️  Domain cooldown: waiting 5s for ligre.com...
2026-03-15 21:49:40 [ERROR  ]     ✗ AUTH ERROR for jain107sandeep@gmail.com — check App Password
2026-03-15 21:49:40 [INFO   ] 
  🔄 Switching to Profile 3 (RCn17qXW.Profile 13) — waiting 5s...
2026-03-15 21:49:45 [INFO   ] 
[11/40] P3 | LIGRE — Moritz Reischel
2026-03-15 21:49:45 [INFO   ]   → moritz.reischel@ligre.com
2026-03-15 21:49:45 [INFO   ]   ⏸️  Domain cooldown: waiting 11s for ligre.com...
2026-03-15 21:50:02 [INFO   ]     ✓ SENT → moritz.reischel@ligre.com
2026-03-15 21:50:07 [INFO   ] 
  🔄 Switching to Profile 4 (SucUl2kq.Profile 11) — waiting 5s...
2026-03-15 21:50:12 [INFO   ] 
[12/40] P4 | LIGRE — Patrick Weiß
2026-03-15 21:50:12 [INFO   ]   → patrick.weiß@ligre.com
2026-03-15 21:50:12 [INFO   ]   ⏸️  Domain cooldown: waiting 4s for ligre.com...
2026-03-15 21:50:20 [ERROR  ]     ✗ ERROR: {e}
2026-03-15 21:50:20 [INFO   ] 
  🔄 Switching to Profile 5 (1E3luMW0.Profile 14) — waiting 5s...
2026-03-15 21:50:25 [INFO   ] 
[13/40] P5 | Langer® Magnet Austria — Aichhorn Fritz
2026-03-15 21:50:25 [INFO   ]   → aichhorn.fritz@langer-magnet.com
2026-03-15 21:50:29 [INFO   ]     ✓ SENT → aichhorn.fritz@langer-magnet.com
2026-03-15 21:50:29 [INFO   ] 💾 Progress saved — 140 emails sent total
2026-03-15 21:50:34 [INFO   ] 
  🔄 Switching to Profile 6 (8o7wlsow.Profile 10) — waiting 5s...
2026-03-15 21:50:39 [INFO   ] 
[14/40] P6 | Langer® Magnet Austria — Claudia Aichhorn
2026-03-15 21:50:39 [INFO   ]   → claudia.aichhorn@langer-magnet.com
2026-03-15 21:50:39 [INFO   ]   ⏸️  Domain cooldown: waiting 5s for langer-magnet.com...
2026-03-15 21:50:51 [INFO   ]     ✓ SENT → claudia.aichhorn@langer-magnet.com
2026-03-15 21:50:56 [INFO   ] 
  🔄 Switching to Profile 7 (RqhQVxMP.Profile 8) — waiting 5s...
2026-03-15 21:51:01 [INFO   ] 
[15/40] P7 | Langer® Magnet Austria — Hassan ZAROUAL
2026-03-15 21:51:01 [INFO   ]   → hassan.zaroual@langer-magnet.com
2026-03-15 21:51:01 [INFO   ]   ⏸️  Domain cooldown: waiting 4s for langer-magnet.com...
2026-03-15 21:51:09 [INFO   ]     ✓ SENT → hassan.zaroual@langer-magnet.com
2026-03-15 21:51:14 [INFO   ] 
  🛑 Batch break after 10 sent — waiting 30s...
2026-03-15 21:51:44 [INFO   ] 
  🔄 Switching to Profile 8 (dnUqYTxV.Profile 12) — waiting 5s...
2026-03-15 21:51:49 [INFO   ] 
[16/40] P8 | Langer® Magnet Austria — Robert Thauerböck
2026-03-15 21:51:49 [INFO   ]   → robert.thauerböck@langer-magnet.com
2026-03-15 21:51:52 [ERROR  ]     ✗ ERROR: {e}
2026-03-15 21:51:52 [INFO   ] 
  🔄 Switching to Profile 1 (m7mMvZI0.Profile 9) — waiting 5s...
2026-03-15 21:51:57 [INFO   ] 
[17/40] P1 | Langer® Magnet Austria — Sonja Hintringer
2026-03-15 21:51:57 [INFO   ]   → sonja.hintringer@langer-magnet.com
2026-03-15 21:51:57 [INFO   ]   ⏸️  Domain cooldown: waiting 12s for langer-magnet.com...
2026-03-15 21:52:13 [INFO   ]     ✓ SENT → sonja.hintringer@langer-magnet.com
2026-03-15 21:52:18 [INFO   ] 
  🔄 Switching to Profile 2 (ifyvFjIj.Profile 15) — waiting 5s...
2026-03-15 21:52:23 [INFO   ] 
[18/40] P2 | Lightcast.com — Kirby Langley
2026-03-15 21:52:23 [INFO   ]   → kirby.langley@lightcast.com
2026-03-15 21:52:27 [ERROR  ]     ✗ AUTH ERROR for jain107sandeep@gmail.com — check App Password
2026-03-15 21:52:27 [INFO   ] 
  🔄 Switching to Profile 3 (RCn17qXW.Profile 13) — waiting 5s...
2026-03-15 21:52:32 [INFO   ] 
[19/40] P3 | Lightcast.com — Cheyanne Ward
2026-03-15 21:52:32 [INFO   ]   → cheyanne.ward@lightcast.com
2026-03-15 21:52:32 [INFO   ]   ⏸️  Domain cooldown: waiting 11s for lightcast.com...
2026-03-15 21:52:48 [INFO   ]     ✓ SENT → cheyanne.ward@lightcast.com
2026-03-15 21:52:53 [INFO   ] 
  🔄 Switching to Profile 4 (SucUl2kq.Profile 11) — waiting 5s...
2026-03-15 21:52:58 [INFO   ] 
[20/40] P4 | Lightcast.com — Jameson Adams
2026-03-15 21:52:58 [INFO   ]   → jameson.adams@lightcast.com
2026-03-15 21:52:58 [INFO   ]   ⏸️  Domain cooldown: waiting 5s for lightcast.com...
2026-03-15 21:53:08 [INFO   ]     ✓ SENT → jameson.adams@lightcast.com
2026-03-15 21:53:08 [INFO   ] 💾 Progress saved — 145 emails sent total
2026-03-15 21:53:13 [INFO   ] 
  🔄 Switching to Profile 5 (1E3luMW0.Profile 14) — waiting 5s...
2026-03-15 21:53:18 [INFO   ] 
[21/40] P5 | Lightcast.com — Mathew Carrillo
2026-03-15 21:53:18 [INFO   ]   → mathew.carrillo@lightcast.com
2026-03-15 21:53:18 [INFO   ]   ⏸️  Domain cooldown: waiting 5s for lightcast.com...
2026-03-15 21:53:28 [INFO   ]     ✓ SENT → mathew.carrillo@lightcast.com
2026-03-15 21:53:33 [INFO   ] 
  🔄 Switching to Profile 6 (8o7wlsow.Profile 10) — waiting 5s...
2026-03-15 21:53:38 [INFO   ] 
[22/40] P6 | LiteSentry - Softsolution - Strainoptics — Tim Bushaw
2026-03-15 21:53:38 [INFO   ]   → tim.bushaw@glassquality.com
2026-03-15 21:53:42 [INFO   ]     ✓ SENT → tim.bushaw@glassquality.com
2026-03-15 21:53:47 [INFO   ] 
  🔄 Switching to Profile 7 (RqhQVxMP.Profile 8) — waiting 5s...
2026-03-15 21:53:52 [INFO   ] 
[23/40] P7 | LiteSentry - Softsolution - Strainoptics — Alex Lema
2026-03-15 21:53:52 [INFO   ]   → alex.lema@glassquality.com
2026-03-15 21:53:52 [INFO   ]   ⏸️  Domain cooldown: waiting 5s for glassquality.com...
2026-03-15 21:54:02 [INFO   ]     ✓ SENT → alex.lema@glassquality.com
2026-03-15 21:54:07 [INFO   ] 
  🔄 Switching to Profile 8 (dnUqYTxV.Profile 12) — waiting 5s...
2026-03-15 21:54:12 [INFO   ] 
[24/40] P8 | LiteSentry - Softsolution - Strainoptics — David Cousins
2026-03-15 21:54:12 [INFO   ]   → david.cousins@glassquality.com
2026-03-15 21:54:12 [INFO   ]   ⏸️  Domain cooldown: waiting 5s for glassquality.com...
2026-03-15 21:54:22 [INFO   ]     ✓ SENT → david.cousins@glassquality.com
2026-03-15 21:54:27 [INFO   ] 
  🔄 Switching to Profile 1 (m7mMvZI0.Profile 9) — waiting 5s...
2026-03-15 21:54:32 [INFO   ] 
[25/40] P1 | LiteSentry - Softsolution - Strainoptics — Dylan Parsons
2026-03-15 21:54:32 [INFO   ]   → dylan.parsons@glassquality.com
2026-03-15 21:54:32 [INFO   ]   ⏸️  Domain cooldown: waiting 5s for glassquality.com...
2026-03-15 21:54:42 [INFO   ]     ✓ SENT → dylan.parsons@glassquality.com
2026-03-15 21:54:42 [INFO   ] 💾 Progress saved — 150 emails sent total
2026-03-15 21:54:47 [INFO   ] 
  🔄 Switching to Profile 2 (ifyvFjIj.Profile 15) — waiting 5s...
2026-03-15 21:54:52 [INFO   ] 
[26/40] P2 | LiteSentry - Softsolution - Strainoptics — Elias Ibrahim
2026-03-15 21:54:52 [INFO   ]   → elias.ibrahim@glassquality.com
2026-03-15 21:54:52 [INFO   ]   ⏸️  Domain cooldown: waiting 5s for glassquality.com...
2026-03-15 21:55:01 [ERROR  ]     ✗ AUTH ERROR for jain107sandeep@gmail.com — check App Password
2026-03-15 21:55:01 [INFO   ] 
  🔄 Switching to Profile 3 (RCn17qXW.Profile 13) — waiting 5s...
2026-03-15 21:55:06 [INFO   ] 
[27/40] P3 | MECHATRONIK AUSTRIA — Rupert Kaspar Hutterer
2026-03-15 21:55:06 [INFO   ]   → rupert.kaspar@mechatronik-austria.at
2026-03-15 21:55:10 [INFO   ]     ✓ SENT → rupert.kaspar@mechatronik-austria.at
2026-03-15 21:55:15 [INFO   ] 
  🔄 Switching to Profile 4 (SucUl2kq.Profile 11) — waiting 5s...
2026-03-15 21:55:20 [INFO   ] 
[28/40] P4 | MECHATRONIK AUSTRIA — Christian Jeloucan
2026-03-15 21:55:20 [INFO   ]   → christian.jeloucan@mechatronik-austria.at
2026-03-15 21:55:20 [INFO   ]   ⏸️  Domain cooldown: waiting 5s for mechatronik-austria.at...
2026-03-15 21:55:31 [INFO   ]     ✓ SENT → christian.jeloucan@mechatronik-austria.at
2026-03-15 21:55:36 [INFO   ] 
  🛑 Batch break after 20 sent — waiting 30s...
2026-03-15 21:56:06 [INFO   ] 
  🔄 Switching to Profile 5 (1E3luMW0.Profile 14) — waiting 5s...
2026-03-15 21:56:11 [INFO   ] 
[29/40] P5 | MECHATRONIK AUSTRIA — David Hanusch
2026-03-15 21:56:11 [INFO   ]   → david.hanusch@mechatronik-austria.at
2026-03-15 21:56:15 [INFO   ]     ✓ SENT → david.hanusch@mechatronik-austria.at
2026-03-15 21:56:20 [INFO   ] 
  🔄 Switching to Profile 6 (8o7wlsow.Profile 10) — waiting 5s...
2026-03-15 21:56:25 [INFO   ] 
[30/40] P6 | MECHATRONIK AUSTRIA — Dominik Ottino
2026-03-15 21:56:25 [INFO   ]   → dominik.ottino@mechatronik-austria.at
2026-03-15 21:56:25 [INFO   ]   ⏸️  Domain cooldown: waiting 5s for mechatronik-austria.at...
2026-03-15 21:56:35 [INFO   ]     ✓ SENT → dominik.ottino@mechatronik-austria.at
2026-03-15 21:56:40 [INFO   ] 
  🔄 Switching to Profile 7 (RqhQVxMP.Profile 8) — waiting 5s...
2026-03-15 21:56:45 [INFO   ] 
[31/40] P7 | MECHATRONIK AUSTRIA — Julian Jäger
2026-03-15 21:56:45 [INFO   ]   → julian.jäger@mechatronik-austria.at
2026-03-15 21:56:45 [INFO   ]   ⏸️  Domain cooldown: waiting 5s for mechatronik-austria.at...
2026-03-15 21:56:53 [ERROR  ]     ✗ ERROR: {e}
2026-03-15 21:56:53 [INFO   ] 
  🔄 Switching to Profile 8 (dnUqYTxV.Profile 12) — waiting 5s...
2026-03-15 21:56:58 [INFO   ] 
[32/40] P8 | MOSTLY AI — Kerem Erdem
2026-03-15 21:56:58 [INFO   ]   → kerem.erdem@mostly.ai
2026-03-15 21:57:03 [INFO   ]     ✓ SENT → kerem.erdem@mostly.ai
2026-03-15 21:57:03 [INFO   ] 💾 Progress saved — 155 emails sent total
2026-03-15 21:57:08 [INFO   ] 
  🔄 Switching to Profile 1 (m7mMvZI0.Profile 9) — waiting 5s...
2026-03-15 21:57:13 [INFO   ] 
[33/40] P1 | MOSTLY AI — Tobias Hann
2026-03-15 21:57:13 [INFO   ]   → tobias.hann@mostly.ai
2026-03-15 21:57:13 [INFO   ]   ⏸️  Domain cooldown: waiting 5s for mostly.ai...
2026-03-15 21:57:23 [INFO   ]     ✓ SENT → tobias.hann@mostly.ai
2026-03-15 21:57:28 [INFO   ] 
  🔄 Switching to Profile 2 (ifyvFjIj.Profile 15) — waiting 5s...
2026-03-15 21:57:33 [INFO   ] 
[34/40] P2 | MOSTLY AI — Mustufa Ghosi
2026-03-15 21:57:33 [INFO   ]   → mustufa.ghosi@mostly.ai
2026-03-15 21:57:33 [INFO   ]   ⏸️  Domain cooldown: waiting 5s for mostly.ai...
2026-03-15 21:57:42 [ERROR  ]     ✗ AUTH ERROR for jain107sandeep@gmail.com — check App Password
2026-03-15 21:57:42 [INFO   ] 
  🔄 Switching to Profile 3 (RCn17qXW.Profile 13) — waiting 5s...
2026-03-15 21:57:47 [INFO   ] 
[35/40] P3 | Makaro Jewelry — Fiona Shantala Kahr
2026-03-15 21:57:47 [INFO   ]   → fiona.shantala@makarojewelry.com
2026-03-15 21:57:51 [INFO   ]     ✓ SENT → fiona.shantala@makarojewelry.com
2026-03-15 21:57:56 [INFO   ] 
  🔄 Switching to Profile 4 (SucUl2kq.Profile 11) — waiting 5s...
2026-03-15 21:58:01 [INFO   ] 
[36/40] P4 | Makaro Jewelry — Jana Barabas
2026-03-15 21:58:01 [INFO   ]   → jana.barabas@makarojewelry.com
2026-03-15 21:58:01 [INFO   ]   ⏸️  Domain cooldown: waiting 5s for makarojewelry.com...
2026-03-15 21:58:12 [INFO   ]     ✓ SENT → jana.barabas@makarojewelry.com
2026-03-15 21:58:17 [INFO   ] 
  🔄 Switching to Profile 5 (1E3luMW0.Profile 14) — waiting 5s...
2026-03-15 21:58:22 [INFO   ] 
[37/40] P5 | Makaro Jewelry — Lisa Wimmer
2026-03-15 21:58:22 [INFO   ]   → lisa.wimmer@makarojewelry.com
2026-03-15 21:58:22 [INFO   ]   ⏸️  Domain cooldown: waiting 5s for makarojewelry.com...
2026-03-15 21:58:31 [INFO   ]     ✓ SENT → lisa.wimmer@makarojewelry.com
2026-03-15 21:58:36 [INFO   ] 
  🔄 Switching to Profile 6 (8o7wlsow.Profile 10) — waiting 5s...
2026-03-15 21:58:41 [INFO   ] 
[38/40] P6 | Makaro Jewelry — Sandra Zofall
2026-03-15 21:58:41 [INFO   ]   → sandra.zofall@makarojewelry.com
2026-03-15 21:58:41 [INFO   ]   ⏸️  Domain cooldown: waiting 5s for makarojewelry.com...
2026-03-15 21:58:51 [INFO   ]     ✓ SENT → sandra.zofall@makarojewelry.com
2026-03-15 21:58:51 [INFO   ] 💾 Progress saved — 160 emails sent total
2026-03-15 21:58:56 [INFO   ] 
  🔄 Switching to Profile 7 (RqhQVxMP.Profile 8) — waiting 5s...
2026-03-15 21:59:01 [INFO   ] 
[39/40] P7 | SANSOL GmbH — Christian Hochfilzer
2026-03-15 21:59:01 [INFO   ]   → christian.hochfilzer@sansol.eu
2026-03-15 21:59:06 [INFO   ]     ✓ SENT → christian.hochfilzer@sansol.eu
2026-03-15 21:59:11 [INFO   ] 
  🔄 Switching to Profile 8 (dnUqYTxV.Profile 12) — waiting 5s...
2026-03-15 21:59:16 [INFO   ] 
[40/40] P8 | Schullin Wien — Oriane Schullin
2026-03-15 21:59:16 [INFO   ]   → oriane.schullin@schullin.com
2026-03-15 21:59:20 [INFO   ]     ✓ SENT → oriane.schullin@schullin.com
2026-03-15 21:59:25 [INFO   ] 
  🛑 Batch break after 30 sent — waiting 30s...
2026-03-15 21:59:55 [INFO   ] 💾 Progress saved — 162 emails sent total
2026-03-15 21:59:55 [INFO   ] 
======================================================================
2026-03-15 21:59:55 [INFO   ]   DONE
2026-03-15 21:59:55 [INFO   ] ======================================================================
2026-03-15 21:59:55 [INFO   ]   ✓ Sent this run : 30
2026-03-15 21:59:55 [INFO   ]   ✗ Failed        : 10
2026-03-15 21:59:55 [INFO   ]   📧 Grand total  : 162
2026-03-15 21:59:55 [INFO   ]   💡 To start fresh, delete: email_progress_linkedin.json
2026-03-15 21:59:55 [INFO   ] ======================================================================
2026-03-16 00:55:38 [INFO   ] ======================================================================
2026-03-16 00:55:38 [INFO   ]   LINKEDIN DB — COLD EMAIL SENDER
2026-03-16 00:55:38 [INFO   ]   Run started: 2026-03-16 00:55:38
2026-03-16 00:55:38 [INFO   ]   Log file   : C:\Users\sandeep\Downloads\CVL\send_linkedin_campaigns.log
2026-03-16 00:55:38 [INFO   ] ======================================================================
2026-03-16 00:55:38 [INFO   ] 
  Database : C:\Users\sandeep\Downloads\CVL\linkedin_data.db
2026-03-16 00:55:38 [INFO   ]   Companies: 100  (with domain: 99)
2026-03-16 00:55:38 [INFO   ]   Employees: 612
2026-03-16 00:55:38 [INFO   ] 
  Countries available:
2026-03-16 00:55:38 [INFO   ]      1. Austria  (100 companies)
2026-03-16 00:55:38 [INFO   ]      2. All countries
2026-03-16 00:55:43 [INFO   ] 
  Country filter: Austria
2026-03-16 00:55:43 [INFO   ] ✓ Loaded 10 SMTP password(s)
2026-03-16 00:55:43 [INFO   ]   ✓ 8 sending profile(s) ready
2026-03-16 00:55:43 [INFO   ] 
  📋 Resume mode: 162 emails already sent
2026-03-16 00:55:43 [INFO   ]      Companies already contacted: 102
2026-03-16 00:55:43 [INFO   ] 
  Loading companies from database...
2026-03-16 00:55:43 [INFO   ]   ✓ 99 companies loaded
2026-03-16 00:55:43 [INFO   ] 
======================================================================
2026-03-16 00:55:43 [INFO   ]   BUILDING EMAIL LIST
2026-03-16 00:55:43 [INFO   ] ======================================================================
2026-03-16 00:55:44 [INFO   ] 
  📍 3Dmensionals (3dmensionals.de)
2026-03-16 00:55:44 [WARNING]     ⚠️  Skipping bad name: 'Vincent B.'
2026-03-16 00:55:44 [INFO   ]     ✅ [firstname.lastname] anca.andreea@3dmensionals.de (Engineer)
2026-03-16 00:55:44 [INFO   ]     ✅ [firstname.lastname] chantal.klingel@3dmensionals.de (Werkstudent bei 3Dmensionals)
2026-03-16 00:55:44 [INFO   ]     ✅ [firstname.lastname] felix.hallen@3dmensionals.de (Azubi Fachinformatiker für Systemintegration)
2026-03-16 00:55:44 [INFO   ]     ✅ [firstname.lastname] frank.moskopp@3dmensionals.de (Head of IT bei PONTIALIS GmbH & Co. KG / 3Dmensionals)
2026-03-16 00:55:44 [INFO   ]   ⏭️  Skipping AIRSKIN (already contacted)
2026-03-16 00:55:44 [INFO   ] 
  📍 AQT (aqt.eu)
2026-03-16 00:55:44 [INFO   ]     ✅ [firstname.lastname] christopher.le@aqt.eu (Production Engineer @ AQT)
2026-03-16 00:55:44 [INFO   ]     ✅ [firstname.lastname] clara.maria@aqt.eu (Personal Assistant)
2026-03-16 00:55:44 [INFO   ]     ✅ [firstname.lastname] fabian.kranewitter@aqt.eu (Quantum Software Engineer @AQT and Student @uniinnsbruck interested in programming and computer science, but also in travel and photography.)
2026-03-16 00:55:44 [INFO   ]     ✅ [firstname.lastname] felix.rohde@aqt.eu (Cloud, Partnerships & Business Development @ AQT)
2026-03-16 00:55:44 [INFO   ]     ✅ [firstname.lastname] nghĩa.võ@aqt.eu (Quality Manager at AQT)
2026-03-16 00:55:44 [INFO   ] 
  📍 Adriana Reinigungsservice e.U. (adriana-reinigungsservice.at)
2026-03-16 00:55:44 [INFO   ]     ✅ [firstname.lastname] adriana.pirvu@adriana-reinigungsservice.at (Geschäftsführer bei Adriana Reinigungsservice e.U)
2026-03-16 00:55:44 [WARNING]     ⚠️  Skipping bad name: 'Ovidiu P.'
2026-03-16 00:55:44 [INFO   ]   ⏭️  Skipping Alles Strass (already contacted)
2026-03-16 00:55:44 [INFO   ]   ⏭️  Skipping Alphagate Automatisierungstechnik GmbH (already contacted)
2026-03-16 00:55:45 [INFO   ] 
  📍 Am Hof 8 - Private Members Club (amhof8.com)
2026-03-16 00:55:45 [INFO   ]     ✅ [firstname.lastname] johannes.kattus@amhof8.com (Founder Am Hof 8 - Private Members Club / CEO Kattus Beteiligungs GmbH)
2026-03-16 00:55:45 [WARNING]     ⚠️  Skipping bad name: 'Carl-Michael Rieger'
2026-03-16 00:55:45 [INFO   ]     ✅ [firstname.lastname] constanze.matuschka@amhof8.com (von Pflanzen bis Finanzen)
2026-03-16 00:55:45 [INFO   ]     ✅ [firstname.lastname] natascha.maria@amhof8.com (--)
2026-03-16 00:55:45 [INFO   ]     ✅ [firstname.lastname] nicole.schmalzbauer@amhof8.com (F&B- Assistant)
2026-03-16 00:55:45 [INFO   ] 
  📍 Amaze - Destination managed (amazedm.com)
2026-03-16 00:55:45 [INFO   ]     ✅ [firstname.lastname] arianna.antoni@amazedm.com (Senior Project Manager at Amaze DM)
2026-03-16 00:55:45 [INFO   ]     ✅ [firstname.lastname] catherine.derain@amazedm.com (Country Manager & Board Member at Amaze DM)
2026-03-16 00:55:45 [INFO   ]     ✅ [firstname.lastname] concetta.battaglia@amazedm.com (Senior Project Manager)
2026-03-16 00:55:45 [INFO   ]     ✅ [firstname.lastname] felipe.freese@amazedm.com (Country Manager Spain & Portugal (Board Member) en Amaze DM)
2026-03-16 00:55:45 [INFO   ]     ✅ [firstname.lastname] juliette.chatelin@amazedm.com (Senior Project Manager chez Amaze DM)
2026-03-16 00:55:45 [INFO   ] 
  📍 Arena International Events Group (arena-international.com)
2026-03-16 00:55:45 [INFO   ]     ✅ [firstname.lastname] ray.giddings@arena-international.com (Director of Events at Verdict)
2026-03-16 00:55:45 [INFO   ]     ✅ [firstname.lastname] shahed.latif@arena-international.com (Chief Coordinator at Arena International)
2026-03-16 00:55:45 [INFO   ]     ✅ [firstname.lastname] alfred.mani@arena-international.com (Strategic Event Portfolio Leader | Conference & Content Strategy | Industry Engagement & Partnerships | Commercial Growth & Team Leadership)
2026-03-16 00:55:45 [WARNING]     ⚠️  Skipping bad name: 'Elizabeth Lloyd-Braiden'
2026-03-16 00:55:45 [INFO   ]     ✅ [firstname.lastname] faustas.krisciunas@arena-international.com (Healthcare Project Manager for Arena International Events Group | GlobalData Healthcare)
2026-03-16 00:55:45 [INFO   ]   ⏭️  Skipping Ausserbrunner GmbH (already contacted)
2026-03-16 00:55:45 [INFO   ] 
  📍 Austrian Hotel Association (oehv.at)
2026-03-16 00:55:45 [INFO   ]     ✅ [firstname.lastname] markus.gratzer@oehv.at (Geschäftsführer @ ÖHV | Österreichische Hotelvereinigung)
2026-03-16 00:55:45 [WARNING]     ⚠️  Skipping bad name: 'Barbara Diallo-Strobl'
2026-03-16 00:55:45 [INFO   ]     ✅ [firstname.lastname] caroline.preinfalk@oehv.at (Österreichische Hotelvereinigung (ÖHV) Regionsmanagement PR & Medienmanagerin, (Event)Moderatorin, Sprecherin, Stimmtrainerin)
2026-03-16 00:55:45 [WARNING]     ⚠️  Skipping bad name: 'Felix R. Neutatz'
2026-03-16 00:55:45 [INFO   ]     ✅ [firstname.lastname] kristin.oberweger@oehv.at (Österreichische Hoteliervereinigung (ÖHV) Mitgliederservice Arbeitsmarktinitiativen)
2026-03-16 00:55:45 [INFO   ] 
  📍 BACKBONE (backbone.io)
2026-03-16 00:55:45 [INFO   ]     ✅ [firstname.lastname] philipp.lechner@backbone.io (Founder & CEO at MUSE Electronics)
2026-03-16 00:55:45 [WARNING]     ⚠️  Skipping bad name: 'Biljana R.'
2026-03-16 00:55:45 [INFO   ]     ✅ [firstname.lastname] gerald.zach@backbone.io (CTO and partner at MUSE Electronics)
2026-03-16 00:55:45 [INFO   ]     ✅ [firstname.lastname] ivan.valentić@backbone.io (--)
2026-03-16 00:55:45 [INFO   ]     ✅ [firstname.lastname] jános.tóth@backbone.io (Software Team Lead at MUSE Electronics)
2026-03-16 00:55:45 [INFO   ]   ⏭️  Skipping BRUNA (already contacted)
2026-03-16 00:55:45 [INFO   ]   ⏭️  Skipping Beckhoff Automation Österreich (already contacted)
2026-03-16 00:55:46 [INFO   ] 
  📍 Beetronics (beetronics.com)
2026-03-16 00:55:46 [INFO   ]     ✅ [firstname.lastname] thomas.dekker@beetronics.com (Founder at Beetronics | Creating Professional Display Solutions)
2026-03-16 00:55:46 [INFO   ]     ✅ [firstname.lastname] alexander.pellmann@beetronics.com (Country Manager at Beetronics)
2026-03-16 00:55:46 [INFO   ]     ✅ [firstname.lastname] jonathan.beresford@beetronics.com (Head of Marketing)
2026-03-16 00:55:46 [INFO   ]     ✅ [firstname.lastname] julien.recasens@beetronics.com (Customer Success Manager & Chef de projet | Relation utilisateur · Déploiement & Adoption produit · Interface produit/technique/utilisateurs)
2026-03-16 00:55:46 [INFO   ]     ✅ [firstname.lastname] kaitlyn.koyama@beetronics.com (Relationship Building | Driving Strategic Initiatives)
2026-03-16 00:55:46 [INFO   ] 
  📍 BenQ DACH (benq.eu)
2026-03-16 00:55:46 [INFO   ]     ✅ [firstname.lastname] christopher.bückmann@benq.eu (Produktmanagement & Chief of Staff | Prozesse optimieren, Strategien formen, messbare Erfolge sichern / BenQ Deutschland GmbH)
2026-03-16 00:55:46 [INFO   ]     ✅ [firstname.lastname] adriano.messina@benq.eu (Key Account Management | Immersive Projektion & Simulation)
2026-03-16 00:55:46 [INFO   ]     ✅ [firstname.lastname] andré.geier@benq.eu (Technical Sales Engineer B2B bei BenQ DACH)
2026-03-16 00:55:46 [INFO   ]     ✅ [firstname.lastname] dennis.jansen@benq.eu (B2C Marketing Manager for Projectors & e-Sports with 4+ Years of Diverse Experience in Consumer Electronics Marketing)
2026-03-16 00:55:46 [INFO   ]     ✅ [firstname.lastname] hülya.schimanski@benq.eu (Head of B2C Sales)
2026-03-16 00:55:46 [INFO   ]   ⏭️  Skipping Burkert Danmark A/S (already contacted)
2026-03-16 00:55:46 [INFO   ]   ⏭️  Skipping CVIR Endovascular (already contacted)
2026-03-16 00:55:46 [INFO   ]   ⏭️  Skipping Cardiovascular and Interventional Radiological Society of Europe (CIRSE) (already contacted)
2026-03-16 00:55:46 [INFO   ]   ⏭️  Skipping Cartken (already contacted)
2026-03-16 00:55:46 [INFO   ]   ⏭️  Skipping CrateDB (already contacted)
2026-03-16 00:55:46 [INFO   ] 
  📍 Cyberith (cyberith.com)
2026-03-16 00:55:46 [INFO   ]     ✅ [firstname.lastname] holger.hager@cyberith.com (CEO & Co-Founder at Cyberith)
2026-03-16 00:55:46 [INFO   ]     ✅ [firstname.lastname] tuncay.cakmak@cyberith.com (CTO & Founder at Cyberith)
2026-03-16 00:55:46 [INFO   ]     ✅ [firstname.lastname] gencay.cakmak@cyberith.com (Mechanical Engineer bei Cyberith)
2026-03-16 00:55:46 [INFO   ]     ✅ [firstname.lastname] janine.johara@cyberith.com (Project Management at Cyberith)
2026-03-16 00:55:46 [INFO   ] 
  📍 Dessertmanufaktur Göttinger (goettinger.com)
2026-03-16 00:55:46 [INFO   ]     ✅ [firstname.lastname] patrick.bierwolf@goettinger.com (Produktionsleiter bei Dessertmanufaktur Göttinger)
2026-03-16 00:55:46 [INFO   ]     ✅ [firstname.lastname] thomas.göttinger@goettinger.com (Unsere Vision: Dessertgenuss mit Umweltplus)
2026-03-16 00:55:46 [INFO   ]     ✅ [firstname.lastname] wolfgang.greiderer@goettinger.com (Prokurist, Verkauf & Marketing)
2026-03-16 00:55:46 [INFO   ] 
  📍 EXTOLL GmbH (extoll.com)
2026-03-16 00:55:46 [INFO   ]     ✅ [firstname.lastname] armin.semmler@extoll.com (Chief Product Officer & Head of Marketing)
2026-03-16 00:55:46 [INFO   ]     ✅ [firstname.lastname] ahmed.amar@extoll.com (ASIC Engineering Manager)
2026-03-16 00:55:46 [INFO   ]     ✅ [firstname.lastname] david.boikess@extoll.com (Sales and Marketing Consultant)
2026-03-16 00:55:46 [WARNING]     ⚠️  Skipping bad name: 'Dirk F.'
2026-03-16 00:55:46 [INFO   ]     ✅ [firstname.lastname] felix.kaiser@extoll.com (Functional Verification Engineer bei Extoll)
2026-03-16 00:55:46 [INFO   ]   ⏭️  Skipping Eder Gartenarchitektur (already contacted)
2026-03-16 00:55:47 [INFO   ] 
  📍 Erber Edelbrand | Brennhäusl (erber-edelbrand.com)
2026-03-16 00:55:47 [INFO   ]     🔄 Fallback: info@erber-edelbrand.com
2026-03-16 00:55:47 [INFO   ] 
  📍 Eska Gloves (eskagloves.com)
2026-03-16 00:55:47 [INFO   ]     ✅ [firstname.lastname] paul.loos@eskagloves.com (Geschäftsführer bei ESKA Lederhandschuhfabrik Gesm.b.H & CoKG)
2026-03-16 00:55:47 [WARNING]     ⚠️  Skipping bad name: 'Adelheid (Heidi) Pürstinger, MSc'
2026-03-16 00:55:47 [INFO   ]     ✅ [firstname.lastname] adem.yavuz@eskagloves.com (ESKA® Lederhandschuhfabrik GesmbH & Co KG şirketinde Tekstil)
2026-03-16 00:55:47 [INFO   ]     ✅ [firstname.lastname] carina.hochmeier@eskagloves.com (In order to bloom, you must grow.)
2026-03-16 00:55:47 [INFO   ]     ✅ [firstname.lastname] heidrun.raab@eskagloves.com (Purchase bei Eska GmbH)
2026-03-16 00:55:47 [INFO   ]   ⏭️  Skipping EuSoMII - European Society of Medical Imaging Informatics (already contacted)
2026-03-16 00:55:47 [INFO   ]   ⏭️  Skipping European Academy of Neurology (already contacted)
2026-03-16 00:55:47 [INFO   ]   ⏭️  Skipping European Conference on Interventional Oncology (already contacted)
2026-03-16 00:55:47 [INFO   ] 
  📍 FRISTADS Alpine (fristads.com)
2026-03-16 00:55:47 [INFO   ]     ✅ [firstname.lastname] bruno.zanchi@fristads.com (Agente Di commercio)
2026-03-16 00:55:47 [INFO   ]     ✅ [firstname.lastname] martin.košík@fristads.com (Sales Area Manager ve společnosti Fristads Kansas Austria)
2026-03-16 00:55:47 [INFO   ]     ✅ [firstname.lastname] michael.kofler@fristads.com (Gebietsverkaufsleiter bei Fristads Austria GmbH - PSA Workwear & Outdoor)
2026-03-16 00:55:47 [INFO   ]     ✅ [firstname.lastname] michael.wysocki@fristads.com (Area Sales Manager - Austria East at Fristads Workwear)
2026-03-16 00:55:47 [INFO   ]   ⏭️  Skipping Florissa GmbH (already contacted)
2026-03-16 00:55:47 [INFO   ]   ⏭️  Skipping Forbes Austria (already contacted)
2026-03-16 00:55:48 [INFO   ] 
  📍 Freiraum Gartenarchitektur GmbH (freiraum.cc)
2026-03-16 00:55:48 [INFO   ]     ✅ [firstname.lastname] michael.pühringer@freiraum.cc (Geschäftsleiter bei Freiraum Gartenarchitektur GmbH)
2026-03-16 00:55:48 [INFO   ] 
  📍 G&A • Gransier & Associates (gransier.com)
2026-03-16 00:55:48 [WARNING]     ⚠️  Skipping bad name: 'Raoul G.'
2026-03-16 00:55:48 [INFO   ]     ✅ [firstname.lastname] jana.gransier@gransier.com (Organizational Development, Learning, Clinical Research)
2026-03-16 00:55:48 [INFO   ] 
  📍 Garten Hödl GmbH (garten-hoedl.at)
2026-03-16 00:55:48 [INFO   ]     ✅ [firstname.lastname] christoph.fink@garten-hoedl.at (Garten Hödl GmbH bei Garten Hödl GmbH)
2026-03-16 00:55:48 [INFO   ]   ⏭️  Skipping Gartengestaltung Reinisch (already contacted)
2026-03-16 00:55:48 [INFO   ]   ⏭️  Skipping Global Second Opinion (already contacted)
2026-03-16 00:55:48 [INFO   ]   ⏭️  Skipping Gruber & Söhne GmbH (already contacted)
2026-03-16 00:55:48 [INFO   ] 
  📍 HAM independent hospitality & tourism advisors (h-a-m.at)
2026-03-16 00:55:48 [INFO   ]     ✅ [firstname.lastname] aqueel.akhtar@h-a-m.at (--)
2026-03-16 00:55:48 [INFO   ]     ✅ [firstname.lastname] christof.burgbacher@h-a-m.at (Sustainable Hospitality)
2026-03-16 00:55:48 [INFO   ]     ✅ [firstname.lastname] elimane.hamidine@h-a-m.at (Consultant en Tourisme expérimenté)
2026-03-16 00:55:48 [INFO   ]     ✅ [firstname.lastname] frans.jan@h-a-m.at (HAM independent hospitality & tourism advisors)
2026-03-16 00:55:48 [INFO   ]     ✅ [firstname.lastname] mamadou.hamat@h-a-m.at (Area Manager West Africa | HAM)
2026-03-16 00:55:48 [INFO   ] 
  📍 HYPENEEDZ (hypeneedz.com)
2026-03-16 00:55:48 [INFO   ]     ✅ [firstname.lastname] fabian.arnold@hypeneedz.com (Geschäftsführer)
2026-03-16 00:55:48 [INFO   ]     ✅ [firstname.lastname] hewad.amiri@hypeneedz.com (Vice President M&A at group.one | Driving Growth in SaaS & Digital Platforms | Partnering with Founders to Scale | Passion for Strategy, Technology & Entrepreneurship)
2026-03-16 00:55:48 [INFO   ]     ✅ [firstname.lastname] michael.leube@hypeneedz.com (Geschäftsführer & COO bei HYPENEEDZ)
2026-03-16 00:55:48 [WARNING]     ⚠️  Skipping bad name: 'Lukas L.'
2026-03-16 00:55:48 [INFO   ] 
  📍 Harmonie im Garten (harmonie-im-garten.at)
2026-03-16 00:55:48 [INFO   ]     ✅ [firstname.lastname] johannes.klösch@harmonie-im-garten.at (Geschäftsführer bei Harmonie Im Garten)
2026-03-16 00:55:48 [INFO   ]   ⏭️  Skipping Huber Fine Watches & Jewellery (already contacted)
2026-03-16 00:55:49 [INFO   ] 
  📍 ISEKI-Food Association (iseki-food.net)
2026-03-16 00:55:49 [WARNING]     ⚠️  Skipping bad name: 'Charis M. Galanakis'
2026-03-16 00:55:49 [INFO   ]     ✅ [firstname.lastname] luis.mayor@iseki-food.net (Project Management at ISEKI-Food Association)
2026-03-16 00:55:49 [INFO   ]     ✅ [firstname.lastname] luminita.ciolacu@iseki-food.net (Project Manager at ISEKI-Food Association)
2026-03-16 00:55:49 [INFO   ]     ✅ [firstname.lastname] milan.vukić@iseki-food.net (Assistant Professor at University of East Sarajevo)
2026-03-16 00:55:49 [INFO   ]     ✅ [firstname.lastname] paola.pittia@iseki-food.net (Erasmus+ KA ASKFOOD project)
2026-03-16 00:55:49 [INFO   ]   ⏭️  Skipping ImageBiopsy Lab (already contacted)
2026-03-16 00:55:49 [INFO   ]   ⏭️  Skipping Innovation Authority (already contacted)
2026-03-16 00:55:49 [INFO   ] 
  📍 KONCEPT HOTELS (koncepthotels.com)
2026-03-16 00:55:49 [INFO   ]     ✅ [firstname.lastname] martin.stockburger@koncepthotels.com (Gründer und Geschäftsführer von Koncept Hotels)
2026-03-16 00:55:49 [INFO   ]     ✅ [firstname.lastname] yvonne.mertens@koncepthotels.com (Director of Operations & Sales bei Koncept Hotels)
2026-03-16 00:55:49 [INFO   ]     ✅ [firstname.lastname] alexandra.polaki@koncepthotels.com (Operations Supervisor @ KONCEPT HOTELS | BA in Multilingual Communication, Media & Culture)
2026-03-16 00:55:49 [INFO   ]     ✅ [firstname.lastname] elena.linke@koncepthotels.com (Finance / Prokuristin / Nachhaltigkeitsmanagerin bei Koncept Hotels)
2026-03-16 00:55:49 [INFO   ]     ✅ [firstname.lastname] katharina.behrenbeck@koncepthotels.com (Head of CSR and Sustainability bei Koncept Hotels)
2026-03-16 00:55:50 [INFO   ] 
  📍 Kalea (kalea.com)
2026-03-16 00:55:50 [INFO   ]     ✅ [firstname.lastname] alexandra.reimann@kalea.com (--)
2026-03-16 00:55:50 [INFO   ]     ✅ [firstname.lastname] christian.weglarz@kalea.com (Projektleitung)
2026-03-16 00:55:50 [INFO   ]     ✅ [firstname.lastname] maria.tiefgraber@kalea.com (--)
2026-03-16 00:55:50 [INFO   ]   ⏭️  Skipping LIGRE (already contacted)
2026-03-16 00:55:50 [INFO   ]   ⏭️  Skipping Langer® Magnet Austria (already contacted)
2026-03-16 00:55:50 [INFO   ] 
  📍 Lifestylehotels™ (lifestylehotels.net)
2026-03-16 00:55:50 [INFO   ]     ✅ [firstname.lastname] hardy.egger@lifestylehotels.net (CEO / Owner, Lifestylehotels™ & THE Stylemate)
2026-03-16 00:55:50 [INFO   ]     ✅ [firstname.lastname] sabina.riemer@lifestylehotels.net (Assistant to CEO bei LIFESTYLEHOTELS I PRIME TIME Touristik & Marketing GmbH)
2026-03-16 00:55:50 [INFO   ]     ✅ [firstname.lastname] thomas.holzleithner@lifestylehotels.net (CEO | OWNER LIFESTYLEHOTELS & THE Stylemate)
2026-03-16 00:55:50 [INFO   ]     ✅ [firstname.lastname] olfa.reyes@lifestylehotels.net (recepcionista en LIFESTYLEHOTELS)
2026-03-16 00:55:50 [INFO   ]   ⏭️  Skipping Lightcast.com (already contacted)
2026-03-16 00:55:50 [INFO   ]   ⏭️  Skipping LiteSentry - Softsolution - Strainoptics (already contacted)
2026-03-16 00:55:50 [INFO   ] 
  📍 Lueftner Cruises (lueftner-cruises.com)
2026-03-16 00:55:50 [INFO   ]     ✅ [firstname.lastname] george.dumitrescu@lueftner-cruises.com (Operations la Lueftner Cruises)
2026-03-16 00:55:50 [INFO   ]     ✅ [firstname.lastname] thorsten.schmitt@lueftner-cruises.com (Only teamwork makes the dreamwork !)
2026-03-16 00:55:50 [INFO   ]     ✅ [firstname.lastname] tim.van@lueftner-cruises.com (Hospitality Professional)
2026-03-16 00:55:50 [INFO   ]     ✅ [firstname.lastname] torsten.geserick@lueftner-cruises.com (Safety & Compliance Senior Fleet Manager)
2026-03-16 00:55:50 [WARNING]     ⚠️  Skipping bad name: 'Veisel B.'
2026-03-16 00:55:50 [INFO   ] 
  📍 MEAVO Office Phone Booths (meavo.com)
2026-03-16 00:55:50 [INFO   ]     ✅ [firstname.lastname] dimitar.zhelev@meavo.com (Managing Director at Meavo Office Phone Booths / CEO at Z prime Consulting)
2026-03-16 00:55:50 [INFO   ]     ✅ [firstname.lastname] georgi.georgiev@meavo.com (Chief engineer at Ribex Maritime LTD)
2026-03-16 00:55:50 [INFO   ]     ✅ [firstname.lastname] vojtech.kucera@meavo.com (Director of Operations at MEAVO | Driving focus on operational excellence. Scope: General management, Team development and Leadership, Operations, Customer & Technical support, Project management.)
2026-03-16 00:55:50 [INFO   ]     ✅ [firstname.lastname] yavor.mitev@meavo.com (Chief of Staff)
2026-03-16 00:55:50 [INFO   ]     ✅ [firstname.lastname] alexandra.dupont@meavo.com (City Sales Manager/PBSA //5 Star Hospitality Background // Ex Jumeirah & Nobu)
2026-03-16 00:55:50 [INFO   ]   ⏭️  Skipping MECHATRONIK AUSTRIA (already contacted)
2026-03-16 00:55:51 [INFO   ] 
  📍 MIIND GmbH (miind.at)
2026-03-16 00:55:51 [INFO   ]     ✅ [firstname.lastname] lukas.windbrechtinger@miind.at (Geschäftsführer SAPHIIR GmbH)
2026-03-16 00:55:51 [INFO   ]     ✅ [firstname.lastname] nikolaus.obermüller@miind.at (Gesellschafter MIIND GmbH Co-Founder Talentschmiede by Philipp Zulechner)
2026-03-16 00:55:51 [INFO   ]     ✅ [firstname.lastname] philip.obermüller@miind.at (GRÜNDER/ FOUNDER MIIND GMBH)
2026-03-16 00:55:51 [INFO   ] 
  📍 MIKKA GmbH (mikka.com)
2026-03-16 00:55:51 [INFO   ]     ✅ [firstname.lastname] eva.krieger@mikka.com (Marketing & Kommunikation bei MIKKA GmbH)
2026-03-16 00:55:51 [INFO   ]     ✅ [firstname.lastname] magda.koukol@mikka.com (--)
2026-03-16 00:55:51 [INFO   ]     ✅ [firstname.lastname] michael.kirchberger@mikka.com (Leitung Assembling & Logistik)
2026-03-16 00:55:51 [INFO   ]     ✅ [firstname.lastname] michael.matzner@mikka.com (Geschäftsleitung bei MIKKA GmbH)
2026-03-16 00:55:51 [INFO   ]     ✅ [firstname.lastname] patrick.holzhammer@mikka.com (Sales & Business Development Manager)
2026-03-16 00:55:51 [INFO   ]   ⏭️  Skipping MOSTLY AI (already contacted)
2026-03-16 00:55:51 [INFO   ]   ⏭️  Skipping Makaro Jewelry (already contacted)
2026-03-16 00:55:51 [INFO   ] 
  📍 Mond.com (mond.com)
2026-03-16 00:55:51 [INFO   ]     ✅ [firstname.lastname] alex.siebert@mond.com (Custom clothier at Mond of Copenhagen)
2026-03-16 00:55:51 [INFO   ]     ✅ [firstname.lastname] andreia.lopes@mond.com (Production Manager | Mond of Copenhagen)
2026-03-16 00:55:51 [INFO   ]     ✅ [firstname.lastname] benjamin.nick@mond.com (Student at DTU - Technical University of Denmark)
2026-03-16 00:55:51 [INFO   ]     ✅ [firstname.lastname] daniel.fisher@mond.com (At Mond of Copenhagen, pushing the boundaries of Made-To-Measure)
2026-03-16 00:55:51 [INFO   ]     ✅ [firstname.lastname] kristian.tranders@mond.com (Custom clothier hos Mond of Copenhagen)
2026-03-16 00:55:51 [INFO   ] 
  📍 NEOH (neoh.com)
2026-03-16 00:55:51 [INFO   ]     ✅ [firstname.lastname] adel.hafizovic@neoh.com (Chief Sales Officer & Co-Founder at NEOH)
2026-03-16 00:55:51 [INFO   ]     ✅ [firstname.lastname] clément.tischer@neoh.com (Head of FoodTech REWE Group | FoodTech Innovation, Startups, Business Development, Growth & Ventures | Board Director)
2026-03-16 00:55:51 [INFO   ]     ✅ [firstname.lastname] richard.wilkinson@neoh.com (UK MD, NEOH | Ex-Founder | Building the future of chocolate (without the sugar crash))
2026-03-16 00:55:51 [WARNING]     ⚠️  Skipping bad name: 'Sam M.'
2026-03-16 00:55:51 [INFO   ]     ✅ [firstname.lastname] eugen.lippert@neoh.com (Supply Chain Coordinator bei NEOH)
2026-03-16 00:55:51 [INFO   ] 
  📍 Novarion Systems (novarion.systems)
2026-03-16 00:55:51 [INFO   ]     ✅ [firstname.lastname] george.gesek@novarion.systems (CEO & Founder of Novarion Systems, CTO & Co-founder of QMware)
2026-03-16 00:55:51 [INFO   ]     ✅ [firstname.lastname] ana.aleksandrov@novarion.systems (Visual & Graphic Designer)
2026-03-16 00:55:51 [INFO   ]     ✅ [firstname.lastname] carsten.küperkoch@novarion.systems (Project Engineer Europe | High Performance Computing)
2026-03-16 00:55:51 [INFO   ]     ✅ [firstname.lastname] christoph.chvatal@novarion.systems (Strategische Planung & Technischer Support | Division Manager)
2026-03-16 00:55:51 [INFO   ]     ✅ [firstname.lastname] danyal.sleman@novarion.systems (Logistikerleiter und Techniker bei Novarion Systems)
2026-03-16 00:55:51 [INFO   ] 
  📍 OBERHOFER GmbH & Co KG (airlineuniform.com)
2026-03-16 00:55:51 [WARNING]     ⚠️  Skipping bad name: 'Barbara O.'
2026-03-16 00:55:51 [WARNING]     ⚠️  Skipping bad name: 'Hannes J. Oberhofer'
2026-03-16 00:55:51 [INFO   ]     🔄 Fallback: info@airlineuniform.com
2026-03-16 00:55:52 [INFO   ] 
  📍 Orderman (orderman.com)
2026-03-16 00:55:52 [INFO   ]     ✅ [firstname.lastname] rami.kaekati@orderman.com (Managing Director at Orderman UAE)
2026-03-16 00:55:52 [INFO   ]     ✅ [firstname.lastname] stefano.casarin@orderman.com (Chief Executive Officer | Executive MBA at Orderman Group (Italy/austria/ME))
2026-03-16 00:55:52 [INFO   ]     ✅ [firstname.lastname] amit.kumar@orderman.com (Finance Controller)
2026-03-16 00:55:52 [INFO   ]     ✅ [firstname.lastname] bernhard.zeppetzauer@orderman.com (Customer Care Manager bei Orderman)
2026-03-16 00:55:52 [INFO   ]     ✅ [firstname.lastname] homam.laham@orderman.com (Professional Services Consultant)
2026-03-16 00:55:52 [INFO   ] 
  📍 PRIME SHOES GmbH (prime-shoes.com)
2026-03-16 00:55:52 [INFO   ]     ✅ [firstname.lastname] dinesh.sanker@prime-shoes.com (ACCOUNTS MANAGER)
2026-03-16 00:55:52 [INFO   ]     ✅ [firstname.lastname] karthikeyan.subbaiyan@prime-shoes.com (Operations Manager at Prime Shoes)
2026-03-16 00:55:52 [INFO   ]     ✅ [firstname.lastname] marisol.rangel@prime-shoes.com (Consultor de SAP Business One | Especialista SAP Modulo MM | Tec. Informática.)
2026-03-16 00:55:52 [INFO   ]     ✅ [firstname.lastname] rita.suarez@prime-shoes.com (Gerente Retail)
2026-03-16 00:55:52 [INFO   ]     ✅ [firstname.lastname] zaheer.ahamed@prime-shoes.com (Quality assurance manager at Prime shoes)
2026-03-16 00:55:52 [INFO   ] 
  📍 Pfanner Austria Schutzbekleidung (pfanner-austria.at)
2026-03-16 00:55:52 [INFO   ]     ✅ [firstname.lastname] sebastian.metzler@pfanner-austria.at (CEO at Pfanner Schutzbekleidung GmbH and Protos GmbH)
2026-03-16 00:55:52 [INFO   ]     ✅ [firstname.lastname] claudia.schmid@pfanner-austria.at (Online Marketing Manager)
2026-03-16 00:55:52 [INFO   ]     ✅ [firstname.lastname] ingomar.bosch@pfanner-austria.at (Account Manager PFANNER Schutzbekleidung GmbH , PROTOS GmbH)
2026-03-16 00:55:52 [WARNING]     ⚠️  Skipping bad name: 'Jannik B.'
2026-03-16 00:55:52 [INFO   ]     ✅ [firstname.lastname] sabrina.kroeger@pfanner-austria.at (Vertrieb)
2026-03-16 00:55:52 [INFO   ] 
  📍 Phil Petter Knitwear GmbH & Co KG (shop.philpetter.com)
2026-03-16 00:55:52 [INFO   ]     ✅ [firstname.lastname] gerhard.wiedemann@shop.philpetter.com (Geschäftsführer)
2026-03-16 00:55:52 [INFO   ]     ✅ [firstname.lastname] axel.dreher@shop.philpetter.com (Supervisory Board Member)
2026-03-16 00:55:52 [INFO   ]     ✅ [firstname.lastname] max.wührer@shop.philpetter.com (Building quality and innovation with the team at Nuffinz – excited to take the brand to new heights!)
2026-03-16 00:55:52 [INFO   ]     ✅ [firstname.lastname] torsten.waack@shop.philpetter.com (-)
2026-03-16 00:55:52 [INFO   ] 
  📍 Putzerei Klaus (putzerei-klaus.at)
2026-03-16 00:55:52 [INFO   ]     ✅ [firstname.lastname] baharak.sadeghifar@putzerei-klaus.at (English)
2026-03-16 00:55:52 [INFO   ]     ✅ [firstname.lastname] markus.koller@putzerei-klaus.at (Mich schreckt kein Fleck)
2026-03-16 00:55:53 [INFO   ] 
  📍 QWSTION (qwstion.com)
2026-03-16 00:55:53 [INFO   ]     ✅ [firstname.lastname] fabrice.aeberhard@qwstion.com (Creative & Art Director, Industrial Designer, Entrepreneur)
2026-03-16 00:55:53 [INFO   ]     ✅ [firstname.lastname] hannes.schoenegger@qwstion.com (Co-founder, QWSTION + Bananatex®)
2026-03-16 00:55:53 [INFO   ]     ✅ [firstname.lastname] matthias.graf@qwstion.com (Co-Founder / Art Director at QWSTION + Bananatex)
2026-03-16 00:55:53 [INFO   ]     ✅ [firstname.lastname] christian.paul@qwstion.com (Designer, Entrepreneur, Lecturer – Designing for circularity, with plants instead of plastic)
2026-03-16 00:55:53 [INFO   ]     ✅ [firstname.lastname] luana.wüstiner@qwstion.com (Kommunikation mit Herz und Verstand.)
2026-03-16 00:55:53 [INFO   ] 
  📍 Red Bull SPECT EYEWEAR (specteyewear.com)
2026-03-16 00:55:53 [INFO   ]     ✅ [firstname.lastname] johannes.baumgartner@specteyewear.com (Geschäftsführer bei Kontaktpunkt Handels-Eventagentur)
2026-03-16 00:55:53 [INFO   ]     ✅ [firstname.lastname] marcel.haas@specteyewear.com (Key Account Manager DACH / Ex Red Bull / Owner Studio 7 Fuschlsee)
2026-03-16 00:55:53 [INFO   ]     ✅ [firstname.lastname] max.cools@specteyewear.com (Creëren van unieke raceobjecten met RACING.RENT // exclusief distributeur Red Bull SPECT // eigenaar Cools Group)
2026-03-16 00:55:53 [INFO   ]     ✅ [firstname.lastname] avin.kothari@specteyewear.com (Sales Manager at SPECT EYEWEAR)
2026-03-16 00:55:53 [INFO   ]     ✅ [firstname.lastname] dominik.völler@specteyewear.com (--)
2026-03-16 00:55:54 [INFO   ] 
  📍 Ropeways.net (seilbahn.net)
2026-03-16 00:55:54 [INFO   ]     ✅ [firstname.lastname] felix.viehauser@seilbahn.net (Ropeways.net / Seilbahn.net)
2026-03-16 00:55:54 [INFO   ]   ⏭️  Skipping SANSOL GmbH (already contacted)
2026-03-16 00:55:54 [INFO   ] 
  📍 STAY SPICED ! (stayspiced.com)
2026-03-16 00:55:54 [WARNING]     ⚠️  Skipping bad name: 'Lukas M. Walchhofer'
2026-03-16 00:55:54 [INFO   ]     ✅ [firstname.lastname] erik.allerberger@stayspiced.com (STAY SPICED ! 🌶️ Gewürze | Wir l(i)eben Gewürze | Wir helfen bei emotionalen Geschenken 🎁 & Lösungen für HORECA 👩‍🍳)
2026-03-16 00:55:54 [INFO   ]     ✅ [firstname.lastname] jonathan.tobischek@stayspiced.com (--)
2026-03-16 00:55:54 [INFO   ]     ✅ [firstname.lastname] megaela.manuela@stayspiced.com (Megaela)
2026-03-16 00:55:54 [WARNING]     ⚠️  Skipping bad name: 'Martina B.'
2026-03-16 00:55:54 [INFO   ] 
  📍 Schrankerl (schrankerl.at)
2026-03-16 00:55:54 [INFO   ]     ✅ [firstname.lastname] emilie.fauveau@schrankerl.at (Chief of Staff @ SCHRANKERL | FoodTech)
2026-03-16 00:55:54 [INFO   ]     ✅ [firstname.lastname] stephan.haymerle@schrankerl.at (Founder of SCHRANKERL | new work | great food | happy employees)
2026-03-16 00:55:54 [INFO   ]     ✅ [firstname.lastname] alexander.dullnig@schrankerl.at (Student at WU (Vienna University of Economics and Business))
2026-03-16 00:55:54 [INFO   ]     ✅ [firstname.lastname] anja.rack@schrankerl.at (Success with Innovation 💡💭 I Passion for food 🥙🍉)
2026-03-16 00:55:54 [INFO   ]     ✅ [firstname.lastname] karin.rosenberg@schrankerl.at (Food Science Professional | Product Development | Retail | Nutrition Coach)
2026-03-16 00:55:54 [INFO   ]   ⏭️  Skipping Schullin Wien (already contacted)
2026-03-16 00:55:54 [INFO   ] 
  📍 Sija Schmuck GmbH (sija.at)
2026-03-16 00:55:54 [INFO   ]     ✅ [firstname.lastname] birgit.freudenthaler@sija.at (Geschäftsführerin bei sija holding gmbh und sija schmuck gmbh)
2026-03-16 00:55:54 [INFO   ]     ✅ [firstname.lastname] jochen.kaiserseder@sija.at (Jok-by-Jok Ihre Immobilie mein Auftrag)
2026-03-16 00:55:54 [INFO   ] 
  📍 Sindbad - Social Business (sindbad.co.at)
2026-03-16 00:55:54 [INFO   ]     ✅ [firstname.lastname] alina.meyer@sindbad.co.at (Architecture & Design)
2026-03-16 00:55:54 [INFO   ]     ✅ [firstname.lastname] andrea.schneeberger@sindbad.co.at (Bildungsgestalterin | Educate. Develop. Innovate.)
2026-03-16 00:55:54 [INFO   ]     ✅ [firstname.lastname] elisabeth.langmann@sindbad.co.at (Community Managerin bei Sindbad - Social Business & In Ausbildung an der Universität Graz)
2026-03-16 00:55:54 [INFO   ]     ✅ [firstname.lastname] katharina.prielinger@sindbad.co.at (--)
2026-03-16 00:55:54 [INFO   ]     ✅ [firstname.lastname] lisa.heidrich@sindbad.co.at (Standortleitung bei Sindbad - Social Business in Görlitz)
2026-03-16 00:55:54 [INFO   ] 
  📍 TL Electronic GmbH (tl-electronic.de)
2026-03-16 00:55:54 [INFO   ]     ✅ [firstname.lastname] stefan.götz@tl-electronic.de (Geschäftsführer bei TL Electronic GmbH)
2026-03-16 00:55:54 [WARNING]     ⚠️  Skipping bad name: 'Cristian G.'
2026-03-16 00:55:54 [INFO   ]     ✅ [firstname.lastname] florian.heigl@tl-electronic.de (Produktmanager bei TL Electronic GmbH)
2026-03-16 00:55:54 [INFO   ]     ✅ [firstname.lastname] jürgen.nitsch@tl-electronic.de (Vertriebsexperte / Individuelle Beratung / Maßgeschneiderte Industrie PC Systeme die begeistern)
2026-03-16 00:55:54 [INFO   ]     ✅ [firstname.lastname] lucian.binder@tl-electronic.de (Vertrieb für industrielle IT Lösungen bei TL Electronic GmbH. Wir finden gemeinsam Lösungen zur Automatisierung und Visualisierung.)
2026-03-16 00:55:55 [INFO   ] 
  📍 Taurob (taurob.com)
2026-03-16 00:55:55 [INFO   ]     ✅ [firstname.lastname] lukas.silberbauer@taurob.com (Co-Founder & Managing Director, Taurob)
2026-03-16 00:55:55 [INFO   ]     ✅ [firstname.lastname] wolfgang.netzer@taurob.com (Director of Operations)
2026-03-16 00:55:55 [INFO   ]     ✅ [firstname.lastname] adriana.henríquez@taurob.com (Office Assistant bei Taurob)
2026-03-16 00:55:55 [INFO   ]     ✅ [firstname.lastname] alessandro.pasquino@taurob.com (Mechanical Engineer)
2026-03-16 00:55:55 [INFO   ]     ✅ [firstname.lastname] dmitrii.panasiuk@taurob.com (Mechanical Engineer / Robotics Application Engineer)
2026-03-16 00:55:55 [INFO   ] 
  📍 Terre Suisse AG (terresuisse.com)
2026-03-16 00:55:55 [INFO   ]     ✅ [firstname.lastname] martin.mettler@terresuisse.com (--)
2026-03-16 00:55:55 [INFO   ]     ✅ [firstname.lastname] patricia.seitz@terresuisse.com (Marketingfachfrau)
2026-03-16 00:55:55 [INFO   ] 
  📍 Trending Topics by newsrooms (trendingtopics.eu)
2026-03-16 00:55:55 [INFO   ]     ✅ [firstname.lastname] jakob.steinschaden@trendingtopics.eu (Co-founder newsrooms | Co-founder Trending Topics | Podcaster | Book Writer | Publisher | Moderator | Build, Baby, Build!)
2026-03-16 00:55:55 [WARNING]     ⚠️  Skipping bad name: 'Roberta Kostadinova💡'
2026-03-16 00:55:55 [INFO   ]     ✅ [firstname.lastname] anupam.kumar@trendingtopics.eu (Trending Topics में High School Teacher)
2026-03-16 00:55:55 [INFO   ]     ✅ [firstname.lastname] biftu.abduljelil@trendingtopics.eu (Sales/Marketing | Journalismus)
2026-03-16 00:55:55 [INFO   ]     ✅ [firstname.lastname] markus.kirchmaier@trendingtopics.eu (tailored software and staffing solutions. #gernperDu)
2026-03-16 00:55:55 [INFO   ] 
  📍 Unverschwendet (unverschwendet.at)
2026-03-16 00:55:55 [INFO   ]     ✅ [firstname.lastname] florian.welzl@unverschwendet.at (Managing Director | unverschwendet.at | Wir retten Lebensmittel & verwandeln sie in unvergessliche Geschenke für Mitarbeiter:innen und Kund:innen)
2026-03-16 00:55:55 [INFO   ]     ✅ [firstname.lastname] florian.ruckenbauer@unverschwendet.at (Operations & Partnermanagement bei Unverschwendet // M.Sc. Umwelt und Bioressourcenmanagement an der Universität für Bodenkultur)
2026-03-16 00:55:55 [INFO   ]     ✅ [firstname.lastname] gytis.paulauskas@unverschwendet.at (Teamlead for Sales&Shops @Unverschwendet 🥕🌱)
2026-03-16 00:55:55 [INFO   ]     ✅ [firstname.lastname] lena.oberwagner@unverschwendet.at (Operations Kostbar Markt)
2026-03-16 00:55:55 [INFO   ]     ✅ [firstname.lastname] louise.erba@unverschwendet.at (Team Lead Operations bei Unverschwendet GmbH)
2026-03-16 00:55:55 [INFO   ] 
  📍 VOCIER (vocier.com)
2026-03-16 00:55:55 [INFO   ]     ✅ [firstname.lastname] aishwarya.talekar@vocier.com (Social Media & Marketing Manager | Driving Brand Innovation through Creative Storytelling, Campaigns and Analytical Insights)
2026-03-16 00:55:55 [INFO   ]     ✅ [firstname.lastname] michael.kogelnik@vocier.com (working on the world's lightest luggage (lightest by far))
2026-03-16 00:55:55 [INFO   ]     ✅ [firstname.lastname] sabine.stieber@vocier.com (Geschäftsführender Inhaber bei SBS EDV-Dienstleistungen)
2026-03-16 00:55:55 [INFO   ]     ✅ [firstname.lastname] veronica.hurtado@vocier.com (Marketing and Category Management Specialist)
2026-03-16 00:55:55 [WARNING]     ⚠️  Skipping bad name: 'stephanie Antz-Mohr'
2026-03-16 00:55:56 [INFO   ] 
  📍 Whimsical (whimsical.com)
2026-03-16 00:55:56 [INFO   ]     ✅ [firstname.lastname] kaspars.dancis@whimsical.com (Co-founder & CEO, Whimsical)
2026-03-16 00:55:56 [WARNING]     ⚠️  Skipping bad name: 'Marcel Huss-Nielsen'
2026-03-16 00:55:56 [INFO   ]     ✅ [firstname.lastname] darta.rina@whimsical.com (Customer Experience | Whimsical)
2026-03-16 00:55:56 [INFO   ]     ✅ [firstname.lastname] diana.lace@whimsical.com (Head of Operations at Whimsical)
2026-03-16 00:55:56 [INFO   ]     ✅ [firstname.lastname] jānis.peisenieks@whimsical.com (Engineering Leader at Whimsical)
2026-03-16 00:55:56 [INFO   ] 
  📍 WomenTech Network (womentech.net)
2026-03-16 00:55:56 [INFO   ]     ✅ [firstname.lastname] amena.samar@womentech.net (Director|co-founder |Entrepreneur|State President-Telangana Information Technology Council , Wicci|Global Ambassador|SDG Ambassador|Board Member|State Chair|Good will Ambassador)
2026-03-16 00:55:56 [INFO   ]     ✅ [firstname.lastname] ami.patel@womentech.net (Founder of Nirvami Creations | 👩‍💻Technopreneur | Personal Branding | Women Tech Network🕸️ | Partner @ NRG Global Instruments)
2026-03-16 00:55:56 [INFO   ]     ✅ [firstname.lastname] ishita.kadian@womentech.net (CSE student at MIT Pune | AI ML enthusiast)
2026-03-16 00:55:56 [INFO   ]     ✅ [firstname.lastname] janani.thesu@womentech.net (WomenTech Global Ambassador | Devops with AI | Multicloud | Calico Big Cats Ambassador | Knowledge Sharing | Womenintech | TATA Consultancy Services)
2026-03-16 00:55:56 [WARNING]     ⚠️  Skipping bad name: 'Namrata Singh, GPHR, SHRM SCP, PSK I'
2026-03-16 00:55:56 [INFO   ] 
  📍 afreshed® (afreshed.at)
2026-03-16 00:55:56 [INFO   ]     ✅ [firstname.lastname] bernhard.bocksrucker@afreshed.at (Geschäftsführung @ afreshed GmbH | 🥕🍅🥦🍎🍐 | 6M ARR in Grocery as a Service 📦| We are hiring!🚀)
2026-03-16 00:55:56 [WARNING]     ⚠️  Skipping bad name: 'Frank R. S. Schmidt'
2026-03-16 00:55:56 [INFO   ]     ✅ [firstname.lastname] lukas.forsthuber@afreshed.at (Geschäftsführung @ afreshed GmbH | Einkauf & SCM | 6M ARR | Lean Enthusiast)
2026-03-16 00:55:56 [INFO   ] 
======================================================================
2026-03-16 00:55:56 [INFO   ]   EMAIL BREAKDOWN
2026-03-16 00:55:56 [INFO   ] ======================================================================
2026-03-16 00:55:56 [INFO   ]   Staff emails   : 198
2026-03-16 00:55:56 [INFO   ]     → firstname.lastname@domain (LinkedIn employees)
2026-03-16 00:55:56 [INFO   ]     → sent to named individuals found in the DB
2026-03-16 00:55:56 [INFO   ]   Generic info@  : 2
2026-03-16 00:55:56 [INFO   ]     → info@domain (fallback — no employee found)
2026-03-16 00:55:56 [INFO   ]     → sent to company inbox, not a named person
2026-03-16 00:55:56 [INFO   ]   Total available: 200
2026-03-16 00:55:56 [INFO   ] ======================================================================
2026-03-16 00:57:07 [INFO   ] 
  Sending: 5 per profile × 8 profiles = 40 emails
2026-03-16 00:57:07 [INFO   ] 
  Full list:
2026-03-16 00:57:07 [INFO   ]       1. [STAFF  ] anca.andreea@3dmensionals.de  ← Anca Andreea Rădulescu (Engineer)
2026-03-16 00:57:07 [INFO   ]       2. [STAFF  ] chantal.klingel@3dmensionals.de  ← Chantal Klingel (Werkstudent bei 3Dmensionals)
2026-03-16 00:57:07 [INFO   ]       3. [STAFF  ] felix.hallen@3dmensionals.de  ← Felix Hallen (Azubi Fachinformatiker für Systemintegration)
2026-03-16 00:57:07 [INFO   ]       4. [STAFF  ] frank.moskopp@3dmensionals.de  ← Frank Moskopp (Head of IT bei PONTIALIS GmbH & Co. KG / 3Dmensionals)
2026-03-16 00:57:07 [INFO   ]       5. [STAFF  ] christopher.le@aqt.eu  ← Christopher Le Page (Production Engineer @ AQT)
2026-03-16 00:57:07 [INFO   ]       6. [STAFF  ] clara.maria@aqt.eu  ← Clara Maria Mezher (Personal Assistant)
2026-03-16 00:57:07 [INFO   ]       7. [STAFF  ] fabian.kranewitter@aqt.eu  ← Fabian Kranewitter (Quantum Software Engineer @AQT and Student @uniinnsbruck interested in programming and computer science, but also in travel and photography.)
2026-03-16 00:57:07 [INFO   ]       8. [STAFF  ] felix.rohde@aqt.eu  ← Felix Rohde (Cloud, Partnerships & Business Development @ AQT)
2026-03-16 00:57:07 [INFO   ]       9. [STAFF  ] nghĩa.võ@aqt.eu  ← Nghĩa Võ thị (Quality Manager at AQT)
2026-03-16 00:57:07 [INFO   ]      10. [STAFF  ] adriana.pirvu@adriana-reinigungsservice.at  ← Adriana Pirvu (Geschäftsführer bei Adriana Reinigungsservice e.U)
2026-03-16 00:57:07 [INFO   ]      11. [STAFF  ] johannes.kattus@amhof8.com  ← Johannes Kattus (Founder Am Hof 8 - Private Members Club / CEO Kattus Beteiligungs GmbH)
2026-03-16 00:57:07 [INFO   ]      12. [STAFF  ] constanze.matuschka@amhof8.com  ← Constanze Matuschka (von Pflanzen bis Finanzen)
2026-03-16 00:57:07 [INFO   ]      13. [STAFF  ] natascha.maria@amhof8.com  ← Natascha Maria Quester (--)
2026-03-16 00:57:07 [INFO   ]      14. [STAFF  ] nicole.schmalzbauer@amhof8.com  ← Nicole Schmalzbauer (F&B- Assistant)
2026-03-16 00:57:07 [INFO   ]      15. [STAFF  ] arianna.antoni@amazedm.com  ← Arianna Antoni (Senior Project Manager at Amaze DM)
2026-03-16 00:57:07 [INFO   ]      16. [STAFF  ] catherine.derain@amazedm.com  ← Catherine Derain (Country Manager & Board Member at Amaze DM)
2026-03-16 00:57:07 [INFO   ]      17. [STAFF  ] concetta.battaglia@amazedm.com  ← Concetta Battaglia (Senior Project Manager)
2026-03-16 00:57:07 [INFO   ]      18. [STAFF  ] felipe.freese@amazedm.com  ← Felipe Freese (Country Manager Spain & Portugal (Board Member) en Amaze DM)
2026-03-16 00:57:07 [INFO   ]      19. [STAFF  ] juliette.chatelin@amazedm.com  ← Juliette Chatelin Lenoble (Senior Project Manager chez Amaze DM)
2026-03-16 00:57:07 [INFO   ]      20. [STAFF  ] ray.giddings@arena-international.com  ← Ray Giddings (Director of Events at Verdict)
2026-03-16 00:57:07 [INFO   ]      21. [STAFF  ] shahed.latif@arena-international.com  ← Shahed Latif (Chief Coordinator at Arena International)
2026-03-16 00:57:07 [INFO   ]      22. [STAFF  ] alfred.mani@arena-international.com  ← Alfred Mani (Strategic Event Portfolio Leader | Conference & Content Strategy | Industry Engagement & Partnerships | Commercial Growth & Team Leadership)
2026-03-16 00:57:07 [INFO   ]      23. [STAFF  ] faustas.krisciunas@arena-international.com  ← Faustas Krisciunas (Healthcare Project Manager for Arena International Events Group | GlobalData Healthcare)
2026-03-16 00:57:07 [INFO   ]      24. [STAFF  ] markus.gratzer@oehv.at  ← Markus Gratzer (Geschäftsführer @ ÖHV | Österreichische Hotelvereinigung)
2026-03-16 00:57:07 [INFO   ]      25. [STAFF  ] caroline.preinfalk@oehv.at  ← Caroline Preinfalk (Österreichische Hotelvereinigung (ÖHV) Regionsmanagement PR & Medienmanagerin, (Event)Moderatorin, Sprecherin, Stimmtrainerin)
2026-03-16 00:57:07 [INFO   ]      26. [STAFF  ] kristin.oberweger@oehv.at  ← Kristin Oberweger (Österreichische Hoteliervereinigung (ÖHV) Mitgliederservice Arbeitsmarktinitiativen)
2026-03-16 00:57:07 [INFO   ]      27. [STAFF  ] philipp.lechner@backbone.io  ← Philipp Lechner (Founder & CEO at MUSE Electronics)
2026-03-16 00:57:07 [INFO   ]      28. [STAFF  ] gerald.zach@backbone.io  ← Gerald Zach (CTO and partner at MUSE Electronics)
2026-03-16 00:57:07 [INFO   ]      29. [STAFF  ] ivan.valentić@backbone.io  ← Ivan Valentić (--)
2026-03-16 00:57:07 [INFO   ]      30. [STAFF  ] jános.tóth@backbone.io  ← János Tóth (Software Team Lead at MUSE Electronics)
2026-03-16 00:57:07 [INFO   ]      31. [STAFF  ] thomas.dekker@beetronics.com  ← Thomas Dekker (Founder at Beetronics | Creating Professional Display Solutions)
2026-03-16 00:57:07 [INFO   ]      32. [STAFF  ] alexander.pellmann@beetronics.com  ← Alexander Pellmann (Country Manager at Beetronics)
2026-03-16 00:57:07 [INFO   ]      33. [STAFF  ] jonathan.beresford@beetronics.com  ← Jonathan Beresford (Head of Marketing)
2026-03-16 00:57:07 [INFO   ]      34. [STAFF  ] julien.recasens@beetronics.com  ← Julien Recasens (Customer Success Manager & Chef de projet | Relation utilisateur · Déploiement & Adoption produit · Interface produit/technique/utilisateurs)
2026-03-16 00:57:07 [INFO   ]      35. [STAFF  ] kaitlyn.koyama@beetronics.com  ← Kaitlyn Koyama (Relationship Building | Driving Strategic Initiatives)
2026-03-16 00:57:07 [INFO   ]      36. [STAFF  ] christopher.bückmann@benq.eu  ← Christopher Bückmann (Produktmanagement & Chief of Staff | Prozesse optimieren, Strategien formen, messbare Erfolge sichern / BenQ Deutschland GmbH)
2026-03-16 00:57:07 [INFO   ]      37. [STAFF  ] adriano.messina@benq.eu  ← Adriano Messina (Key Account Management | Immersive Projektion & Simulation)
2026-03-16 00:57:07 [INFO   ]      38. [STAFF  ] andré.geier@benq.eu  ← André Geier (Technical Sales Engineer B2B bei BenQ DACH)
2026-03-16 00:57:07 [INFO   ]      39. [STAFF  ] dennis.jansen@benq.eu  ← Dennis Jansen (B2C Marketing Manager for Projectors & e-Sports with 4+ Years of Diverse Experience in Consumer Electronics Marketing)
2026-03-16 00:57:07 [INFO   ]      40. [STAFF  ] hülya.schimanski@benq.eu  ← Hülya Schimanski (Head of B2C Sales)
2026-03-16 00:57:07 [INFO   ] 
  ✓ Template: email_template_with_link.htm
2026-03-16 00:57:07 [INFO   ] 
  Distribution across 8 profile(s):
2026-03-16 00:57:07 [INFO   ]     Profile 1 (m7mMvZI0.Profile 9): 5 emails
2026-03-16 00:57:07 [INFO   ]     Profile 2 (ifyvFjIj.Profile 15): 5 emails
2026-03-16 00:57:07 [INFO   ]     Profile 3 (RCn17qXW.Profile 13): 5 emails
2026-03-16 00:57:07 [INFO   ]     Profile 4 (SucUl2kq.Profile 11): 5 emails
2026-03-16 00:57:07 [INFO   ]     Profile 5 (1E3luMW0.Profile 14): 5 emails
2026-03-16 00:57:07 [INFO   ]     Profile 6 (8o7wlsow.Profile 10): 5 emails
2026-03-16 00:57:07 [INFO   ]     Profile 7 (RqhQVxMP.Profile 8): 5 emails
2026-03-16 00:57:07 [INFO   ]     Profile 8 (dnUqYTxV.Profile 12): 5 emails
2026-03-16 00:57:07 [INFO   ] 
======================================================================
2026-03-16 00:57:11 [INFO   ] 
  Sending 40 emails across 8 profile(s)...
2026-03-16 00:57:11 [INFO   ] 
[1/40] P1 | 3Dmensionals — Anca Andreea Rădulescu
2026-03-16 00:57:11 [INFO   ]   → anca.andreea@3dmensionals.de
2026-03-16 00:57:16 [INFO   ]     ✓ SENT → anca.andreea@3dmensionals.de
2026-03-16 00:57:21 [INFO   ] 
  🔄 Switching to Profile 2 (ifyvFjIj.Profile 15) — waiting 5s...
2026-03-16 00:57:26 [INFO   ] 
[2/40] P2 | 3Dmensionals — Chantal Klingel
2026-03-16 00:57:26 [INFO   ]   → chantal.klingel@3dmensionals.de
2026-03-16 00:57:26 [INFO   ]   ⏸️  Domain cooldown: waiting 5s for 3dmensionals.de...
2026-03-16 00:57:34 [ERROR  ]     ✗ AUTH ERROR for jain107sandeep@gmail.com — check App Password
2026-03-16 00:57:34 [INFO   ] 
  🔄 Switching to Profile 3 (RCn17qXW.Profile 13) — waiting 5s...
2026-03-16 00:57:39 [INFO   ] 
[3/40] P3 | 3Dmensionals — Felix Hallen
2026-03-16 00:57:39 [INFO   ]   → felix.hallen@3dmensionals.de
2026-03-16 00:57:39 [INFO   ]   ⏸️  Domain cooldown: waiting 11s for 3dmensionals.de...
2026-03-16 00:57:56 [INFO   ]     ✓ SENT → felix.hallen@3dmensionals.de
2026-03-16 00:58:01 [INFO   ] 
  🔄 Switching to Profile 4 (SucUl2kq.Profile 11) — waiting 5s...
2026-03-16 00:58:06 [INFO   ] 
[4/40] P4 | 3Dmensionals — Frank Moskopp
2026-03-16 00:58:06 [INFO   ]   → frank.moskopp@3dmensionals.de
2026-03-16 00:58:06 [INFO   ]   ⏸️  Domain cooldown: waiting 5s for 3dmensionals.de...
2026-03-16 00:58:15 [INFO   ]     ✓ SENT → frank.moskopp@3dmensionals.de
2026-03-16 00:58:15 [INFO   ] 💾 Progress saved — 165 emails sent total
2026-03-16 00:58:20 [INFO   ] 
  🔄 Switching to Profile 5 (1E3luMW0.Profile 14) — waiting 5s...
2026-03-16 00:58:25 [INFO   ] 
[5/40] P5 | AQT — Christopher Le Page
2026-03-16 00:58:25 [INFO   ]   → christopher.le@aqt.eu
2026-03-16 00:58:30 [INFO   ]     ✓ SENT → christopher.le@aqt.eu
2026-03-16 00:58:35 [INFO   ] 
  🔄 Switching to Profile 6 (8o7wlsow.Profile 10) — waiting 5s...
2026-03-16 00:58:40 [INFO   ] 
[6/40] P6 | AQT — Clara Maria Mezher
2026-03-16 00:58:40 [INFO   ]   → clara.maria@aqt.eu
2026-03-16 00:58:40 [INFO   ]   ⏸️  Domain cooldown: waiting 5s for aqt.eu...
2026-03-16 00:58:50 [INFO   ]     ✓ SENT → clara.maria@aqt.eu
2026-03-16 00:58:55 [INFO   ] 
  🔄 Switching to Profile 7 (RqhQVxMP.Profile 8) — waiting 5s...
2026-03-16 00:59:00 [INFO   ] 
[7/40] P7 | AQT — Fabian Kranewitter
2026-03-16 00:59:00 [INFO   ]   → fabian.kranewitter@aqt.eu
2026-03-16 00:59:00 [INFO   ]   ⏸️  Domain cooldown: waiting 5s for aqt.eu...
2026-03-16 00:59:10 [INFO   ]     ✓ SENT → fabian.kranewitter@aqt.eu
2026-03-16 00:59:15 [INFO   ] 
  🔄 Switching to Profile 8 (dnUqYTxV.Profile 12) — waiting 5s...
2026-03-16 00:59:20 [INFO   ] 
[8/40] P8 | AQT — Felix Rohde
2026-03-16 00:59:20 [INFO   ]   → felix.rohde@aqt.eu
2026-03-16 00:59:20 [INFO   ]   ⏸️  Domain cooldown: waiting 5s for aqt.eu...
2026-03-16 00:59:30 [INFO   ]     ✓ SENT → felix.rohde@aqt.eu
2026-03-16 00:59:35 [INFO   ] 
  🔄 Switching to Profile 1 (m7mMvZI0.Profile 9) — waiting 5s...
2026-03-16 00:59:40 [INFO   ] 
[9/40] P1 | AQT — Nghĩa Võ thị
2026-03-16 00:59:40 [INFO   ]   → nghĩa.võ@aqt.eu
2026-03-16 00:59:40 [INFO   ]   ⏸️  Domain cooldown: waiting 5s for aqt.eu...
2026-03-16 00:59:48 [ERROR  ]     ✗ ERROR: {e}
2026-03-16 00:59:48 [INFO   ] 
  🔄 Switching to Profile 2 (ifyvFjIj.Profile 15) — waiting 5s...
2026-03-16 00:59:53 [INFO   ] 
[10/40] P2 | Adriana Reinigungsservice e.U. — Adriana Pirvu
2026-03-16 00:59:53 [INFO   ]   → adriana.pirvu@adriana-reinigungsservice.at
2026-03-16 00:59:57 [ERROR  ]     ✗ AUTH ERROR for jain107sandeep@gmail.com — check App Password
2026-03-16 00:59:57 [INFO   ] 
  🔄 Switching to Profile 3 (RCn17qXW.Profile 13) — waiting 5s...
2026-03-16 01:00:02 [INFO   ] 
[11/40] P3 | Am Hof 8 - Private Members Club — Johannes Kattus
2026-03-16 01:00:02 [INFO   ]   → johannes.kattus@amhof8.com
2026-03-16 01:00:06 [INFO   ]     ✓ SENT → johannes.kattus@amhof8.com
2026-03-16 01:00:06 [INFO   ] 💾 Progress saved — 170 emails sent total
2026-03-16 01:00:11 [INFO   ] 
  🔄 Switching to Profile 4 (SucUl2kq.Profile 11) — waiting 5s...
2026-03-16 01:00:16 [INFO   ] 
[12/40] P4 | Am Hof 8 - Private Members Club — Constanze Matuschka
2026-03-16 01:00:16 [INFO   ]   → constanze.matuschka@amhof8.com
2026-03-16 01:00:16 [INFO   ]   ⏸️  Domain cooldown: waiting 5s for amhof8.com...
2026-03-16 01:00:28 [INFO   ]     ✓ SENT → constanze.matuschka@amhof8.com
2026-03-16 01:00:33 [INFO   ] 
  🔄 Switching to Profile 5 (1E3luMW0.Profile 14) — waiting 5s...
2026-03-16 01:00:38 [INFO   ] 
[13/40] P5 | Am Hof 8 - Private Members Club — Natascha Maria Quester
2026-03-16 01:00:38 [INFO   ]   → natascha.maria@amhof8.com
2026-03-16 01:00:38 [INFO   ]   ⏸️  Domain cooldown: waiting 4s for amhof8.com...
2026-03-16 01:00:46 [INFO   ]     ✓ SENT → natascha.maria@amhof8.com
2026-03-16 01:00:51 [INFO   ] 
  🛑 Batch break after 10 sent — waiting 30s...
2026-03-16 01:01:21 [INFO   ] 
  🔄 Switching to Profile 6 (8o7wlsow.Profile 10) — waiting 5s...
2026-03-16 01:01:26 [INFO   ] 
[14/40] P6 | Am Hof 8 - Private Members Club — Nicole Schmalzbauer
2026-03-16 01:01:26 [INFO   ]   → nicole.schmalzbauer@amhof8.com
2026-03-16 01:01:31 [INFO   ]     ✓ SENT → nicole.schmalzbauer@amhof8.com
2026-03-16 01:01:36 [INFO   ] 
  🔄 Switching to Profile 7 (RqhQVxMP.Profile 8) — waiting 5s...
2026-03-16 01:01:41 [INFO   ] 
[15/40] P7 | Amaze - Destination managed — Arianna Antoni
2026-03-16 01:01:41 [INFO   ]   → arianna.antoni@amazedm.com
2026-03-16 01:01:45 [INFO   ]     ✓ SENT → arianna.antoni@amazedm.com
2026-03-16 01:01:50 [INFO   ] 
  🔄 Switching to Profile 8 (dnUqYTxV.Profile 12) — waiting 5s...
2026-03-16 01:01:55 [INFO   ] 
[16/40] P8 | Amaze - Destination managed — Catherine Derain
2026-03-16 01:01:55 [INFO   ]   → catherine.derain@amazedm.com
2026-03-16 01:01:55 [INFO   ]   ⏸️  Domain cooldown: waiting 5s for amazedm.com...
2026-03-16 01:02:05 [INFO   ]     ✓ SENT → catherine.derain@amazedm.com
2026-03-16 01:02:05 [INFO   ] 💾 Progress saved — 175 emails sent total
2026-03-16 01:02:10 [INFO   ] 
  🔄 Switching to Profile 1 (m7mMvZI0.Profile 9) — waiting 5s...
2026-03-16 01:02:15 [INFO   ] 
[17/40] P1 | Amaze - Destination managed — Concetta Battaglia
2026-03-16 01:02:15 [INFO   ]   → concetta.battaglia@amazedm.com
2026-03-16 01:02:15 [INFO   ]   ⏸️  Domain cooldown: waiting 5s for amazedm.com...
2026-03-16 01:02:25 [INFO   ]     ✓ SENT → concetta.battaglia@amazedm.com
2026-03-16 01:02:30 [INFO   ] 
  🔄 Switching to Profile 2 (ifyvFjIj.Profile 15) — waiting 5s...
2026-03-16 01:02:35 [INFO   ] 
[18/40] P2 | Amaze - Destination managed — Felipe Freese
2026-03-16 01:02:35 [INFO   ]   → felipe.freese@amazedm.com
2026-03-16 01:02:35 [INFO   ]   ⏸️  Domain cooldown: waiting 5s for amazedm.com...
2026-03-16 01:02:44 [ERROR  ]     ✗ AUTH ERROR for jain107sandeep@gmail.com — check App Password
2026-03-16 01:02:44 [INFO   ] 
  🔄 Switching to Profile 3 (RCn17qXW.Profile 13) — waiting 5s...
2026-03-16 01:02:49 [INFO   ] 
[19/40] P3 | Amaze - Destination managed — Juliette Chatelin Lenoble
2026-03-16 01:02:49 [INFO   ]   → juliette.chatelin@amazedm.com
2026-03-16 01:02:49 [INFO   ]   ⏸️  Domain cooldown: waiting 11s for amazedm.com...
2026-03-16 01:03:05 [INFO   ]     ✓ SENT → juliette.chatelin@amazedm.com
2026-03-16 01:03:10 [INFO   ] 
  🔄 Switching to Profile 4 (SucUl2kq.Profile 11) — waiting 5s...
2026-03-16 01:03:15 [INFO   ] 
[20/40] P4 | Arena International Events Group — Ray Giddings
2026-03-16 01:03:15 [INFO   ]   → ray.giddings@arena-international.com
2026-03-16 01:03:20 [INFO   ]     ✓ SENT → ray.giddings@arena-international.com
2026-03-16 01:03:25 [INFO   ] 
  🔄 Switching to Profile 5 (1E3luMW0.Profile 14) — waiting 5s...
2026-03-16 01:03:30 [INFO   ] 
[21/40] P5 | Arena International Events Group — Shahed Latif
2026-03-16 01:03:30 [INFO   ]   → shahed.latif@arena-international.com
2026-03-16 01:03:30 [INFO   ]   ⏸️  Domain cooldown: waiting 5s for arena-international.com...
2026-03-16 01:03:39 [INFO   ]     ✓ SENT → shahed.latif@arena-international.com
2026-03-16 01:03:44 [INFO   ] 
  🔄 Switching to Profile 6 (8o7wlsow.Profile 10) — waiting 5s...
2026-03-16 01:03:49 [INFO   ] 
[22/40] P6 | Arena International Events Group — Alfred Mani
2026-03-16 01:03:49 [INFO   ]   → alfred.mani@arena-international.com
2026-03-16 01:03:49 [INFO   ]   ⏸️  Domain cooldown: waiting 5s for arena-international.com...
2026-03-16 01:04:00 [INFO   ]     ✓ SENT → alfred.mani@arena-international.com
2026-03-16 01:04:00 [INFO   ] 💾 Progress saved — 180 emails sent total
2026-03-16 01:04:05 [INFO   ] 
  🔄 Switching to Profile 7 (RqhQVxMP.Profile 8) — waiting 5s...
2026-03-16 01:04:10 [INFO   ] 
[23/40] P7 | Arena International Events Group — Faustas Krisciunas
2026-03-16 01:04:10 [INFO   ]   → faustas.krisciunas@arena-international.com
2026-03-16 01:04:10 [INFO   ]   ⏸️  Domain cooldown: waiting 5s for arena-international.com...
2026-03-16 01:04:19 [INFO   ]     ✓ SENT → faustas.krisciunas@arena-international.com
2026-03-16 01:04:24 [INFO   ] 
  🔄 Switching to Profile 8 (dnUqYTxV.Profile 12) — waiting 5s...
2026-03-16 01:04:29 [INFO   ] 
[24/40] P8 | Austrian Hotel Association — Markus Gratzer
2026-03-16 01:04:29 [INFO   ]   → markus.gratzer@oehv.at
2026-03-16 01:04:34 [INFO   ]     ✓ SENT → markus.gratzer@oehv.at
2026-03-16 01:04:39 [INFO   ] 
  🛑 Batch break after 20 sent — waiting 30s...
2026-03-16 01:05:09 [INFO   ] 
  🔄 Switching to Profile 1 (m7mMvZI0.Profile 9) — waiting 5s...
2026-03-16 01:05:14 [INFO   ] 
[25/40] P1 | Austrian Hotel Association — Caroline Preinfalk
2026-03-16 01:05:14 [INFO   ]   → caroline.preinfalk@oehv.at
2026-03-16 01:05:19 [INFO   ]     ✓ SENT → caroline.preinfalk@oehv.at
2026-03-16 01:05:24 [INFO   ] 
  🔄 Switching to Profile 2 (ifyvFjIj.Profile 15) — waiting 5s...
2026-03-16 01:05:29 [INFO   ] 
[26/40] P2 | Austrian Hotel Association — Kristin Oberweger
2026-03-16 01:05:29 [INFO   ]   → kristin.oberweger@oehv.at
2026-03-16 01:05:29 [INFO   ]   ⏸️  Domain cooldown: waiting 5s for oehv.at...
2026-03-16 01:05:38 [ERROR  ]     ✗ AUTH ERROR for jain107sandeep@gmail.com — check App Password
2026-03-16 01:05:38 [INFO   ] 
  🔄 Switching to Profile 3 (RCn17qXW.Profile 13) — waiting 5s...
2026-03-16 01:05:43 [INFO   ] 
[27/40] P3 | BACKBONE — Philipp Lechner
2026-03-16 01:05:43 [INFO   ]   → philipp.lechner@backbone.io
2026-03-16 01:05:49 [INFO   ]     ✓ SENT → philipp.lechner@backbone.io
2026-03-16 01:05:54 [INFO   ] 
  🔄 Switching to Profile 4 (SucUl2kq.Profile 11) — waiting 5s...
2026-03-16 01:05:59 [INFO   ] 
[28/40] P4 | BACKBONE — Gerald Zach
2026-03-16 01:05:59 [INFO   ]   → gerald.zach@backbone.io
2026-03-16 01:05:59 [INFO   ]   ⏸️  Domain cooldown: waiting 4s for backbone.io...
2026-03-16 01:06:08 [INFO   ]     ✓ SENT → gerald.zach@backbone.io
2026-03-16 01:06:08 [INFO   ] 💾 Progress saved — 185 emails sent total
2026-03-16 01:06:13 [INFO   ] 
  🔄 Switching to Profile 5 (1E3luMW0.Profile 14) — waiting 5s...
2026-03-16 01:06:18 [INFO   ] 
[29/40] P5 | BACKBONE — Ivan Valentić
2026-03-16 01:06:18 [INFO   ]   → ivan.valentić@backbone.io
2026-03-16 01:06:18 [INFO   ]   ⏸️  Domain cooldown: waiting 5s for backbone.io...
2026-03-16 01:06:26 [ERROR  ]     ✗ ERROR: {e}
2026-03-16 01:06:26 [INFO   ] 
  🔄 Switching to Profile 6 (8o7wlsow.Profile 10) — waiting 5s...
2026-03-16 01:06:31 [INFO   ] 
[30/40] P6 | BACKBONE — János Tóth
2026-03-16 01:06:31 [INFO   ]   → jános.tóth@backbone.io
2026-03-16 01:06:31 [INFO   ]   ⏸️  Domain cooldown: waiting 12s for backbone.io...
2026-03-16 01:06:46 [ERROR  ]     ✗ ERROR: {e}
2026-03-16 01:06:46 [INFO   ] 
  🔄 Switching to Profile 7 (RqhQVxMP.Profile 8) — waiting 5s...
2026-03-16 01:06:51 [INFO   ] 
[31/40] P7 | Beetronics — Thomas Dekker
2026-03-16 01:06:51 [INFO   ]   → thomas.dekker@beetronics.com
2026-03-16 01:06:55 [INFO   ]     ✓ SENT → thomas.dekker@beetronics.com
2026-03-16 01:07:00 [INFO   ] 
  🔄 Switching to Profile 8 (dnUqYTxV.Profile 12) — waiting 5s...
2026-03-16 01:07:05 [INFO   ] 
[32/40] P8 | Beetronics — Alexander Pellmann
2026-03-16 01:07:05 [INFO   ]   → alexander.pellmann@beetronics.com
2026-03-16 01:07:05 [INFO   ]   ⏸️  Domain cooldown: waiting 5s for beetronics.com...
2026-03-16 01:07:15 [INFO   ]     ✓ SENT → alexander.pellmann@beetronics.com
2026-03-16 01:07:20 [INFO   ] 
  🔄 Switching to Profile 1 (m7mMvZI0.Profile 9) — waiting 5s...
2026-03-16 01:07:25 [INFO   ] 
[33/40] P1 | Beetronics — Jonathan Beresford
2026-03-16 01:07:25 [INFO   ]   → jonathan.beresford@beetronics.com
2026-03-16 01:07:25 [INFO   ]   ⏸️  Domain cooldown: waiting 5s for beetronics.com...
2026-03-16 01:07:35 [INFO   ]     ✓ SENT → jonathan.beresford@beetronics.com
2026-03-16 01:07:40 [INFO   ] 
  🔄 Switching to Profile 2 (ifyvFjIj.Profile 15) — waiting 5s...
2026-03-16 01:07:45 [INFO   ] 
[34/40] P2 | Beetronics — Julien Recasens
2026-03-16 01:07:45 [INFO   ]   → julien.recasens@beetronics.com
2026-03-16 01:07:45 [INFO   ]   ⏸️  Domain cooldown: waiting 5s for beetronics.com...
2026-03-16 01:07:54 [ERROR  ]     ✗ AUTH ERROR for jain107sandeep@gmail.com — check App Password
2026-03-16 01:07:54 [INFO   ] 
  🔄 Switching to Profile 3 (RCn17qXW.Profile 13) — waiting 5s...
2026-03-16 01:07:59 [INFO   ] 
[35/40] P3 | Beetronics — Kaitlyn Koyama
2026-03-16 01:07:59 [INFO   ]   → kaitlyn.koyama@beetronics.com
2026-03-16 01:07:59 [INFO   ]   ⏸️  Domain cooldown: waiting 11s for beetronics.com...
2026-03-16 01:08:15 [INFO   ]     ✓ SENT → kaitlyn.koyama@beetronics.com
2026-03-16 01:08:20 [INFO   ] 
  🔄 Switching to Profile 4 (SucUl2kq.Profile 11) — waiting 5s...
2026-03-16 01:08:25 [INFO   ] 
[36/40] P4 | BenQ DACH — Christopher Bückmann
2026-03-16 01:08:25 [INFO   ]   → christopher.bückmann@benq.eu
2026-03-16 01:08:28 [ERROR  ]     ✗ ERROR: {e}
2026-03-16 01:08:28 [INFO   ] 
  🔄 Switching to Profile 5 (1E3luMW0.Profile 14) — waiting 5s...
2026-03-16 01:08:33 [INFO   ] 
[37/40] P5 | BenQ DACH — Adriano Messina
2026-03-16 01:08:33 [INFO   ]   → adriano.messina@benq.eu
2026-03-16 01:08:33 [INFO   ]   ⏸️  Domain cooldown: waiting 12s for benq.eu...
2026-03-16 01:08:49 [INFO   ]     ✓ SENT → adriano.messina@benq.eu
2026-03-16 01:08:49 [INFO   ] 💾 Progress saved — 190 emails sent total
2026-03-16 01:08:54 [INFO   ] 
  🔄 Switching to Profile 6 (8o7wlsow.Profile 10) — waiting 5s...
2026-03-16 01:08:59 [INFO   ] 
[38/40] P6 | BenQ DACH — André Geier
2026-03-16 01:08:59 [INFO   ]   → andré.geier@benq.eu
2026-03-16 01:08:59 [INFO   ]   ⏸️  Domain cooldown: waiting 5s for benq.eu...
2026-03-16 01:09:08 [ERROR  ]     ✗ ERROR: {e}
2026-03-16 01:09:08 [INFO   ] 
  🔄 Switching to Profile 7 (RqhQVxMP.Profile 8) — waiting 5s...
2026-03-16 01:09:13 [INFO   ] 
[39/40] P7 | BenQ DACH — Dennis Jansen
2026-03-16 01:09:13 [INFO   ]   → dennis.jansen@benq.eu
2026-03-16 01:09:13 [INFO   ]   ⏸️  Domain cooldown: waiting 12s for benq.eu...
2026-03-16 01:09:29 [INFO   ]     ✓ SENT → dennis.jansen@benq.eu
2026-03-16 01:09:34 [INFO   ] 
  🔄 Switching to Profile 8 (dnUqYTxV.Profile 12) — waiting 5s...
2026-03-16 01:09:39 [INFO   ] 
[40/40] P8 | BenQ DACH — Hülya Schimanski
2026-03-16 01:09:39 [INFO   ]   → hülya.schimanski@benq.eu
2026-03-16 01:09:39 [INFO   ]   ⏸️  Domain cooldown: waiting 5s for benq.eu...
2026-03-16 01:09:48 [ERROR  ]     ✗ ERROR: {e}
2026-03-16 01:09:48 [INFO   ] 💾 Progress saved — 191 emails sent total
2026-03-16 01:09:48 [INFO   ] 
======================================================================
2026-03-16 01:09:48 [INFO   ]   DONE
2026-03-16 01:09:48 [INFO   ] ======================================================================
2026-03-16 01:09:48 [INFO   ]   ✓ Sent this run : 29
2026-03-16 01:09:48 [INFO   ]   ✗ Failed        : 11
2026-03-16 01:09:48 [INFO   ]   📧 Grand total  : 191
2026-03-16 01:09:48 [INFO   ]   💡 To start fresh, delete: email_progress_linkedin.json
2026-03-16 01:09:48 [INFO   ] ======================================================================
2026-03-16 06:47:37 [INFO   ] ======================================================================
2026-03-16 06:47:37 [INFO   ]   LINKEDIN DB — COLD EMAIL SENDER
2026-03-16 06:47:37 [INFO   ]   Run started: 2026-03-16 06:47:37
2026-03-16 06:47:37 [INFO   ]   Log file   : C:\Users\sandeep\Downloads\CVL\send_linkedin_campaigns.log
2026-03-16 06:47:37 [INFO   ] ======================================================================
2026-03-16 06:47:37 [INFO   ] 
  Database : C:\Users\sandeep\Downloads\CVL\linkedin_data.db
2026-03-16 06:47:37 [INFO   ]   Companies: 100  (with domain: 99)
2026-03-16 06:47:37 [INFO   ]   Employees: 612
2026-03-16 06:47:37 [INFO   ] 
  Countries available:
2026-03-16 06:47:37 [INFO   ]      1. Austria  (100 companies)
2026-03-16 06:47:37 [INFO   ]      2. All countries
2026-03-16 06:47:40 [INFO   ] 
  Country filter: All
2026-03-16 06:47:40 [INFO   ] ✓ Loaded 10 SMTP password(s)
2026-03-16 06:47:40 [INFO   ]   ✓ 8 sending profile(s) ready
2026-03-16 06:47:40 [INFO   ] 
  📋 Resume mode: 191 emails already sent
2026-03-16 06:47:40 [INFO   ]      Companies already contacted: 111
2026-03-16 06:47:40 [INFO   ] 
  Loading companies from database...
2026-03-16 06:47:40 [INFO   ]   ✓ 99 companies loaded
2026-03-16 06:47:40 [INFO   ] 
======================================================================
2026-03-16 06:47:40 [INFO   ]   BUILDING EMAIL LIST
2026-03-16 06:47:40 [INFO   ] ======================================================================
2026-03-16 06:47:40 [INFO   ]   ⏭️  Skipping 3Dmensionals (already contacted)
2026-03-16 06:47:40 [INFO   ]   ⏭️  Skipping AIRSKIN (already contacted)
2026-03-16 06:47:40 [INFO   ]   ⏭️  Skipping AQT (already contacted)
2026-03-16 06:47:40 [INFO   ] 
  📍 Adriana Reinigungsservice e.U. (adriana-reinigungsservice.at)
2026-03-16 06:47:40 [INFO   ]     ✅ [firstname.lastname] adriana.pirvu@adriana-reinigungsservice.at (Geschäftsführer bei Adriana Reinigungsservice e.U)
2026-03-16 06:47:40 [WARNING]     ⚠️  Skipping bad name: 'Ovidiu P.'
2026-03-16 06:47:40 [INFO   ]   ⏭️  Skipping Alles Strass (already contacted)
2026-03-16 06:47:40 [INFO   ]   ⏭️  Skipping Alphagate Automatisierungstechnik GmbH (already contacted)
2026-03-16 06:47:40 [INFO   ]   ⏭️  Skipping Am Hof 8 - Private Members Club (already contacted)
2026-03-16 06:47:40 [INFO   ]   ⏭️  Skipping Amaze - Destination managed (already contacted)
2026-03-16 06:47:40 [INFO   ]   ⏭️  Skipping Arena International Events Group (already contacted)
2026-03-16 06:47:40 [INFO   ]   ⏭️  Skipping Ausserbrunner GmbH (already contacted)
2026-03-16 06:47:40 [INFO   ]   ⏭️  Skipping Austrian Hotel Association (already contacted)
2026-03-16 06:47:40 [INFO   ]   ⏭️  Skipping BACKBONE (already contacted)
2026-03-16 06:47:40 [INFO   ]   ⏭️  Skipping BRUNA (already contacted)
2026-03-16 06:47:40 [INFO   ]   ⏭️  Skipping Beckhoff Automation Österreich (already contacted)
2026-03-16 06:47:40 [INFO   ]   ⏭️  Skipping Beetronics (already contacted)
2026-03-16 06:47:40 [INFO   ]   ⏭️  Skipping BenQ DACH (already contacted)
2026-03-16 06:47:40 [INFO   ]   ⏭️  Skipping Burkert Danmark A/S (already contacted)
2026-03-16 06:47:40 [INFO   ]   ⏭️  Skipping CVIR Endovascular (already contacted)
2026-03-16 06:47:40 [INFO   ]   ⏭️  Skipping Cardiovascular and Interventional Radiological Society of Europe (CIRSE) (already contacted)
2026-03-16 06:47:40 [INFO   ]   ⏭️  Skipping Cartken (already contacted)
2026-03-16 06:47:40 [INFO   ]   ⏭️  Skipping CrateDB (already contacted)
2026-03-16 06:47:40 [INFO   ] 
  📍 Cyberith (cyberith.com)
2026-03-16 06:47:40 [INFO   ]     ✅ [firstname.lastname] holger.hager@cyberith.com (CEO & Co-Founder at Cyberith)
2026-03-16 06:47:40 [INFO   ]     ✅ [firstname.lastname] tuncay.cakmak@cyberith.com (CTO & Founder at Cyberith)
2026-03-16 06:47:40 [INFO   ]     ✅ [firstname.lastname] gencay.cakmak@cyberith.com (Mechanical Engineer bei Cyberith)
2026-03-16 06:47:40 [INFO   ]     ✅ [firstname.lastname] janine.johara@cyberith.com (Project Management at Cyberith)
2026-03-16 06:47:40 [INFO   ] 
  📍 Dessertmanufaktur Göttinger (goettinger.com)
2026-03-16 06:47:40 [INFO   ]     ✅ [firstname.lastname] patrick.bierwolf@goettinger.com (Produktionsleiter bei Dessertmanufaktur Göttinger)
2026-03-16 06:47:40 [INFO   ]     ✅ [firstname.lastname] thomas.göttinger@goettinger.com (Unsere Vision: Dessertgenuss mit Umweltplus)
2026-03-16 06:47:40 [INFO   ]     ✅ [firstname.lastname] wolfgang.greiderer@goettinger.com (Prokurist, Verkauf & Marketing)
2026-03-16 06:47:40 [INFO   ] 
  📍 EXTOLL GmbH (extoll.com)
2026-03-16 06:47:40 [INFO   ]     ✅ [firstname.lastname] armin.semmler@extoll.com (Chief Product Officer & Head of Marketing)
2026-03-16 06:47:40 [INFO   ]     ✅ [firstname.lastname] ahmed.amar@extoll.com (ASIC Engineering Manager)
2026-03-16 06:47:40 [INFO   ]     ✅ [firstname.lastname] david.boikess@extoll.com (Sales and Marketing Consultant)
2026-03-16 06:47:40 [WARNING]     ⚠️  Skipping bad name: 'Dirk F.'
2026-03-16 06:47:40 [INFO   ]     ✅ [firstname.lastname] felix.kaiser@extoll.com (Functional Verification Engineer bei Extoll)
2026-03-16 06:47:40 [INFO   ]   ⏭️  Skipping Eder Gartenarchitektur (already contacted)
2026-03-16 06:47:42 [INFO   ] 
  📍 Erber Edelbrand | Brennhäusl (erber-edelbrand.com)
2026-03-16 06:47:42 [INFO   ]     🔄 Fallback: info@erber-edelbrand.com
2026-03-16 06:47:43 [INFO   ] 
  📍 Eska Gloves (eskagloves.com)
2026-03-16 06:47:43 [INFO   ]     ✅ [firstname.lastname] paul.loos@eskagloves.com (Geschäftsführer bei ESKA Lederhandschuhfabrik Gesm.b.H & CoKG)
2026-03-16 06:47:43 [WARNING]     ⚠️  Skipping bad name: 'Adelheid (Heidi) Pürstinger, MSc'
2026-03-16 06:47:43 [INFO   ]     ✅ [firstname.lastname] adem.yavuz@eskagloves.com (ESKA® Lederhandschuhfabrik GesmbH & Co KG şirketinde Tekstil)
2026-03-16 06:47:43 [INFO   ]     ✅ [firstname.lastname] carina.hochmeier@eskagloves.com (In order to bloom, you must grow.)
2026-03-16 06:47:43 [INFO   ]     ✅ [firstname.lastname] heidrun.raab@eskagloves.com (Purchase bei Eska GmbH)
2026-03-16 06:47:43 [INFO   ]   ⏭️  Skipping EuSoMII - European Society of Medical Imaging Informatics (already contacted)
2026-03-16 06:47:43 [INFO   ]   ⏭️  Skipping European Academy of Neurology (already contacted)
2026-03-16 06:47:43 [INFO   ]   ⏭️  Skipping European Conference on Interventional Oncology (already contacted)
2026-03-16 06:47:43 [INFO   ] 
  📍 FRISTADS Alpine (fristads.com)
2026-03-16 06:47:43 [INFO   ]     ✅ [firstname.lastname] bruno.zanchi@fristads.com (Agente Di commercio)
2026-03-16 06:47:43 [INFO   ]     ✅ [firstname.lastname] martin.košík@fristads.com (Sales Area Manager ve společnosti Fristads Kansas Austria)
2026-03-16 06:47:43 [INFO   ]     ✅ [firstname.lastname] michael.kofler@fristads.com (Gebietsverkaufsleiter bei Fristads Austria GmbH - PSA Workwear & Outdoor)
2026-03-16 06:47:43 [INFO   ]     ✅ [firstname.lastname] michael.wysocki@fristads.com (Area Sales Manager - Austria East at Fristads Workwear)
2026-03-16 06:47:43 [INFO   ]   ⏭️  Skipping Florissa GmbH (already contacted)
2026-03-16 06:47:43 [INFO   ]   ⏭️  Skipping Forbes Austria (already contacted)
2026-03-16 06:47:44 [INFO   ] 
  📍 Freiraum Gartenarchitektur GmbH (freiraum.cc)
2026-03-16 06:47:44 [INFO   ]     ✅ [firstname.lastname] michael.pühringer@freiraum.cc (Geschäftsleiter bei Freiraum Gartenarchitektur GmbH)
2026-03-16 06:47:44 [INFO   ] 
  📍 G&A • Gransier & Associates (gransier.com)
2026-03-16 06:47:44 [WARNING]     ⚠️  Skipping bad name: 'Raoul G.'
2026-03-16 06:47:44 [INFO   ]     ✅ [firstname.lastname] jana.gransier@gransier.com (Organizational Development, Learning, Clinical Research)
2026-03-16 06:47:44 [INFO   ] 
  📍 Garten Hödl GmbH (garten-hoedl.at)
2026-03-16 06:47:44 [INFO   ]     ✅ [firstname.lastname] christoph.fink@garten-hoedl.at (Garten Hödl GmbH bei Garten Hödl GmbH)
2026-03-16 06:47:44 [INFO   ]   ⏭️  Skipping Gartengestaltung Reinisch (already contacted)
2026-03-16 06:47:44 [INFO   ]   ⏭️  Skipping Global Second Opinion (already contacted)
2026-03-16 06:47:44 [INFO   ]   ⏭️  Skipping Gruber & Söhne GmbH (already contacted)
2026-03-16 06:47:44 [INFO   ] 
  📍 HAM independent hospitality & tourism advisors (h-a-m.at)
2026-03-16 06:47:44 [INFO   ]     ✅ [firstname.lastname] aqueel.akhtar@h-a-m.at (--)
2026-03-16 06:47:44 [INFO   ]     ✅ [firstname.lastname] christof.burgbacher@h-a-m.at (Sustainable Hospitality)
2026-03-16 06:47:44 [INFO   ]     ✅ [firstname.lastname] elimane.hamidine@h-a-m.at (Consultant en Tourisme expérimenté)
2026-03-16 06:47:44 [INFO   ]     ✅ [firstname.lastname] frans.jan@h-a-m.at (HAM independent hospitality & tourism advisors)
2026-03-16 06:47:44 [INFO   ]     ✅ [firstname.lastname] mamadou.hamat@h-a-m.at (Area Manager West Africa | HAM)
2026-03-16 06:47:44 [INFO   ] 
  📍 HYPENEEDZ (hypeneedz.com)
2026-03-16 06:47:44 [INFO   ]     ✅ [firstname.lastname] fabian.arnold@hypeneedz.com (Geschäftsführer)
2026-03-16 06:47:44 [INFO   ]     ✅ [firstname.lastname] hewad.amiri@hypeneedz.com (Vice President M&A at group.one | Driving Growth in SaaS & Digital Platforms | Partnering with Founders to Scale | Passion for Strategy, Technology & Entrepreneurship)
2026-03-16 06:47:44 [INFO   ]     ✅ [firstname.lastname] michael.leube@hypeneedz.com (Geschäftsführer & COO bei HYPENEEDZ)
2026-03-16 06:47:44 [WARNING]     ⚠️  Skipping bad name: 'Lukas L.'
2026-03-16 06:47:44 [INFO   ] 
  📍 Harmonie im Garten (harmonie-im-garten.at)
2026-03-16 06:47:44 [INFO   ]     ✅ [firstname.lastname] johannes.klösch@harmonie-im-garten.at (Geschäftsführer bei Harmonie Im Garten)
2026-03-16 06:47:44 [INFO   ]   ⏭️  Skipping Huber Fine Watches & Jewellery (already contacted)
2026-03-16 06:47:45 [INFO   ] 
  📍 ISEKI-Food Association (iseki-food.net)
2026-03-16 06:47:45 [WARNING]     ⚠️  Skipping bad name: 'Charis M. Galanakis'
2026-03-16 06:47:45 [INFO   ]     ✅ [firstname.lastname] luis.mayor@iseki-food.net (Project Management at ISEKI-Food Association)
2026-03-16 06:47:45 [INFO   ]     ✅ [firstname.lastname] luminita.ciolacu@iseki-food.net (Project Manager at ISEKI-Food Association)
2026-03-16 06:47:45 [INFO   ]     ✅ [firstname.lastname] milan.vukić@iseki-food.net (Assistant Professor at University of East Sarajevo)
2026-03-16 06:47:45 [INFO   ]     ✅ [firstname.lastname] paola.pittia@iseki-food.net (Erasmus+ KA ASKFOOD project)
2026-03-16 06:47:45 [INFO   ]   ⏭️  Skipping ImageBiopsy Lab (already contacted)
2026-03-16 06:47:45 [INFO   ]   ⏭️  Skipping Innovation Authority (already contacted)
2026-03-16 06:47:45 [INFO   ] 
  📍 KONCEPT HOTELS (koncepthotels.com)
2026-03-16 06:47:45 [INFO   ]     ✅ [firstname.lastname] martin.stockburger@koncepthotels.com (Gründer und Geschäftsführer von Koncept Hotels)
2026-03-16 06:47:45 [INFO   ]     ✅ [firstname.lastname] yvonne.mertens@koncepthotels.com (Director of Operations & Sales bei Koncept Hotels)
2026-03-16 06:47:45 [INFO   ]     ✅ [firstname.lastname] alexandra.polaki@koncepthotels.com (Operations Supervisor @ KONCEPT HOTELS | BA in Multilingual Communication, Media & Culture)
2026-03-16 06:47:45 [INFO   ]     ✅ [firstname.lastname] elena.linke@koncepthotels.com (Finance / Prokuristin / Nachhaltigkeitsmanagerin bei Koncept Hotels)
2026-03-16 06:47:45 [INFO   ]     ✅ [firstname.lastname] katharina.behrenbeck@koncepthotels.com (Head of CSR and Sustainability bei Koncept Hotels)
2026-03-16 06:47:45 [INFO   ] 
  📍 Kalea (kalea.com)
2026-03-16 06:47:45 [INFO   ]     ✅ [firstname.lastname] alexandra.reimann@kalea.com (--)
2026-03-16 06:47:45 [INFO   ]     ✅ [firstname.lastname] christian.weglarz@kalea.com (Projektleitung)
2026-03-16 06:47:45 [INFO   ]     ✅ [firstname.lastname] maria.tiefgraber@kalea.com (--)
2026-03-16 06:47:45 [INFO   ]   ⏭️  Skipping LIGRE (already contacted)
2026-03-16 06:47:45 [INFO   ]   ⏭️  Skipping Langer® Magnet Austria (already contacted)
2026-03-16 06:47:46 [INFO   ] 
  📍 Lifestylehotels™ (lifestylehotels.net)
2026-03-16 06:47:46 [INFO   ]     ✅ [firstname.lastname] hardy.egger@lifestylehotels.net (CEO / Owner, Lifestylehotels™ & THE Stylemate)
2026-03-16 06:47:46 [INFO   ]     ✅ [firstname.lastname] sabina.riemer@lifestylehotels.net (Assistant to CEO bei LIFESTYLEHOTELS I PRIME TIME Touristik & Marketing GmbH)
2026-03-16 06:47:46 [INFO   ]     ✅ [firstname.lastname] thomas.holzleithner@lifestylehotels.net (CEO | OWNER LIFESTYLEHOTELS & THE Stylemate)
2026-03-16 06:47:46 [INFO   ]     ✅ [firstname.lastname] olfa.reyes@lifestylehotels.net (recepcionista en LIFESTYLEHOTELS)
2026-03-16 06:47:46 [INFO   ]   ⏭️  Skipping Lightcast.com (already contacted)
2026-03-16 06:47:46 [INFO   ]   ⏭️  Skipping LiteSentry - Softsolution - Strainoptics (already contacted)
2026-03-16 06:47:46 [INFO   ] 
  📍 Lueftner Cruises (lueftner-cruises.com)
2026-03-16 06:47:46 [INFO   ]     ✅ [firstname.lastname] george.dumitrescu@lueftner-cruises.com (Operations la Lueftner Cruises)
2026-03-16 06:47:46 [INFO   ]     ✅ [firstname.lastname] thorsten.schmitt@lueftner-cruises.com (Only teamwork makes the dreamwork !)
2026-03-16 06:47:46 [INFO   ]     ✅ [firstname.lastname] tim.van@lueftner-cruises.com (Hospitality Professional)
2026-03-16 06:47:46 [INFO   ]     ✅ [firstname.lastname] torsten.geserick@lueftner-cruises.com (Safety & Compliance Senior Fleet Manager)
2026-03-16 06:47:46 [WARNING]     ⚠️  Skipping bad name: 'Veisel B.'
2026-03-16 06:47:46 [INFO   ] 
  📍 MEAVO Office Phone Booths (meavo.com)
2026-03-16 06:47:46 [INFO   ]     ✅ [firstname.lastname] dimitar.zhelev@meavo.com (Managing Director at Meavo Office Phone Booths / CEO at Z prime Consulting)
2026-03-16 06:47:46 [INFO   ]     ✅ [firstname.lastname] georgi.georgiev@meavo.com (Chief engineer at Ribex Maritime LTD)
2026-03-16 06:47:46 [INFO   ]     ✅ [firstname.lastname] vojtech.kucera@meavo.com (Director of Operations at MEAVO | Driving focus on operational excellence. Scope: General management, Team development and Leadership, Operations, Customer & Technical support, Project management.)
2026-03-16 06:47:46 [INFO   ]     ✅ [firstname.lastname] yavor.mitev@meavo.com (Chief of Staff)
2026-03-16 06:47:46 [INFO   ]     ✅ [firstname.lastname] alexandra.dupont@meavo.com (City Sales Manager/PBSA //5 Star Hospitality Background // Ex Jumeirah & Nobu)
2026-03-16 06:47:46 [INFO   ]   ⏭️  Skipping MECHATRONIK AUSTRIA (already contacted)
2026-03-16 06:47:47 [INFO   ] 
  📍 MIIND GmbH (miind.at)
2026-03-16 06:47:47 [INFO   ]     ✅ [firstname.lastname] lukas.windbrechtinger@miind.at (Geschäftsführer SAPHIIR GmbH)
2026-03-16 06:47:47 [INFO   ]     ✅ [firstname.lastname] nikolaus.obermüller@miind.at (Gesellschafter MIIND GmbH Co-Founder Talentschmiede by Philipp Zulechner)
2026-03-16 06:47:47 [INFO   ]     ✅ [firstname.lastname] philip.obermüller@miind.at (GRÜNDER/ FOUNDER MIIND GMBH)
2026-03-16 06:47:47 [INFO   ] 
  📍 MIKKA GmbH (mikka.com)
2026-03-16 06:47:47 [INFO   ]     ✅ [firstname.lastname] eva.krieger@mikka.com (Marketing & Kommunikation bei MIKKA GmbH)
2026-03-16 06:47:47 [INFO   ]     ✅ [firstname.lastname] magda.koukol@mikka.com (--)
2026-03-16 06:47:47 [INFO   ]     ✅ [firstname.lastname] michael.kirchberger@mikka.com (Leitung Assembling & Logistik)
2026-03-16 06:47:47 [INFO   ]     ✅ [firstname.lastname] michael.matzner@mikka.com (Geschäftsleitung bei MIKKA GmbH)
2026-03-16 06:47:47 [INFO   ]     ✅ [firstname.lastname] patrick.holzhammer@mikka.com (Sales & Business Development Manager)
2026-03-16 06:47:47 [INFO   ]   ⏭️  Skipping MOSTLY AI (already contacted)
2026-03-16 06:47:47 [INFO   ]   ⏭️  Skipping Makaro Jewelry (already contacted)
2026-03-16 06:47:47 [INFO   ] 
  📍 Mond.com (mond.com)
2026-03-16 06:47:47 [INFO   ]     ✅ [firstname.lastname] alex.siebert@mond.com (Custom clothier at Mond of Copenhagen)
2026-03-16 06:47:47 [INFO   ]     ✅ [firstname.lastname] andreia.lopes@mond.com (Production Manager | Mond of Copenhagen)
2026-03-16 06:47:47 [INFO   ]     ✅ [firstname.lastname] benjamin.nick@mond.com (Student at DTU - Technical University of Denmark)
2026-03-16 06:47:47 [INFO   ]     ✅ [firstname.lastname] daniel.fisher@mond.com (At Mond of Copenhagen, pushing the boundaries of Made-To-Measure)
2026-03-16 06:47:47 [INFO   ]     ✅ [firstname.lastname] kristian.tranders@mond.com (Custom clothier hos Mond of Copenhagen)
2026-03-16 06:47:48 [INFO   ] 
  📍 NEOH (neoh.com)
2026-03-16 06:47:48 [INFO   ]     ✅ [firstname.lastname] adel.hafizovic@neoh.com (Chief Sales Officer & Co-Founder at NEOH)
2026-03-16 06:47:48 [INFO   ]     ✅ [firstname.lastname] clément.tischer@neoh.com (Head of FoodTech REWE Group | FoodTech Innovation, Startups, Business Development, Growth & Ventures | Board Director)
2026-03-16 06:47:48 [INFO   ]     ✅ [firstname.lastname] richard.wilkinson@neoh.com (UK MD, NEOH | Ex-Founder | Building the future of chocolate (without the sugar crash))
2026-03-16 06:47:48 [WARNING]     ⚠️  Skipping bad name: 'Sam M.'
2026-03-16 06:47:48 [INFO   ]     ✅ [firstname.lastname] eugen.lippert@neoh.com (Supply Chain Coordinator bei NEOH)
2026-03-16 06:47:48 [INFO   ] 
  📍 Novarion Systems (novarion.systems)
2026-03-16 06:47:48 [INFO   ]     ✅ [firstname.lastname] george.gesek@novarion.systems (CEO & Founder of Novarion Systems, CTO & Co-founder of QMware)
2026-03-16 06:47:48 [INFO   ]     ✅ [firstname.lastname] ana.aleksandrov@novarion.systems (Visual & Graphic Designer)
2026-03-16 06:47:48 [INFO   ]     ✅ [firstname.lastname] carsten.küperkoch@novarion.systems (Project Engineer Europe | High Performance Computing)
2026-03-16 06:47:48 [INFO   ]     ✅ [firstname.lastname] christoph.chvatal@novarion.systems (Strategische Planung & Technischer Support | Division Manager)
2026-03-16 06:47:48 [INFO   ]     ✅ [firstname.lastname] danyal.sleman@novarion.systems (Logistikerleiter und Techniker bei Novarion Systems)
2026-03-16 06:47:48 [INFO   ] 
  📍 OBERHOFER GmbH & Co KG (airlineuniform.com)
2026-03-16 06:47:48 [WARNING]     ⚠️  Skipping bad name: 'Barbara O.'
2026-03-16 06:47:48 [WARNING]     ⚠️  Skipping bad name: 'Hannes J. Oberhofer'
2026-03-16 06:47:48 [INFO   ]     🔄 Fallback: info@airlineuniform.com
2026-03-16 06:47:48 [INFO   ] 
  📍 Orderman (orderman.com)
2026-03-16 06:47:48 [INFO   ]     ✅ [firstname.lastname] rami.kaekati@orderman.com (Managing Director at Orderman UAE)
2026-03-16 06:47:48 [INFO   ]     ✅ [firstname.lastname] stefano.casarin@orderman.com (Chief Executive Officer | Executive MBA at Orderman Group (Italy/austria/ME))
2026-03-16 06:47:48 [INFO   ]     ✅ [firstname.lastname] amit.kumar@orderman.com (Finance Controller)
2026-03-16 06:47:48 [INFO   ]     ✅ [firstname.lastname] bernhard.zeppetzauer@orderman.com (Customer Care Manager bei Orderman)
2026-03-16 06:47:48 [INFO   ]     ✅ [firstname.lastname] homam.laham@orderman.com (Professional Services Consultant)
2026-03-16 06:47:48 [INFO   ] 
  📍 PRIME SHOES GmbH (prime-shoes.com)
2026-03-16 06:47:48 [INFO   ]     ✅ [firstname.lastname] dinesh.sanker@prime-shoes.com (ACCOUNTS MANAGER)
2026-03-16 06:47:48 [INFO   ]     ✅ [firstname.lastname] karthikeyan.subbaiyan@prime-shoes.com (Operations Manager at Prime Shoes)
2026-03-16 06:47:48 [INFO   ]     ✅ [firstname.lastname] marisol.rangel@prime-shoes.com (Consultor de SAP Business One | Especialista SAP Modulo MM | Tec. Informática.)
2026-03-16 06:47:48 [INFO   ]     ✅ [firstname.lastname] rita.suarez@prime-shoes.com (Gerente Retail)
2026-03-16 06:47:48 [INFO   ]     ✅ [firstname.lastname] zaheer.ahamed@prime-shoes.com (Quality assurance manager at Prime shoes)
2026-03-16 06:47:48 [INFO   ] 
  📍 Pfanner Austria Schutzbekleidung (pfanner-austria.at)
2026-03-16 06:47:48 [INFO   ]     ✅ [firstname.lastname] sebastian.metzler@pfanner-austria.at (CEO at Pfanner Schutzbekleidung GmbH and Protos GmbH)
2026-03-16 06:47:48 [INFO   ]     ✅ [firstname.lastname] claudia.schmid@pfanner-austria.at (Online Marketing Manager)
2026-03-16 06:47:48 [INFO   ]     ✅ [firstname.lastname] ingomar.bosch@pfanner-austria.at (Account Manager PFANNER Schutzbekleidung GmbH , PROTOS GmbH)
2026-03-16 06:47:48 [WARNING]     ⚠️  Skipping bad name: 'Jannik B.'
2026-03-16 06:47:48 [INFO   ]     ✅ [firstname.lastname] sabrina.kroeger@pfanner-austria.at (Vertrieb)
2026-03-16 06:47:48 [INFO   ] 
  📍 Phil Petter Knitwear GmbH & Co KG (shop.philpetter.com)
2026-03-16 06:47:48 [INFO   ]     ✅ [firstname.lastname] gerhard.wiedemann@shop.philpetter.com (Geschäftsführer)
2026-03-16 06:47:48 [INFO   ]     ✅ [firstname.lastname] axel.dreher@shop.philpetter.com (Supervisory Board Member)
2026-03-16 06:47:48 [INFO   ]     ✅ [firstname.lastname] max.wührer@shop.philpetter.com (Building quality and innovation with the team at Nuffinz – excited to take the brand to new heights!)
2026-03-16 06:47:48 [INFO   ]     ✅ [firstname.lastname] torsten.waack@shop.philpetter.com (-)
2026-03-16 06:47:49 [INFO   ] 
  📍 Putzerei Klaus (putzerei-klaus.at)
2026-03-16 06:47:49 [INFO   ]     ✅ [firstname.lastname] baharak.sadeghifar@putzerei-klaus.at (English)
2026-03-16 06:47:49 [INFO   ]     ✅ [firstname.lastname] markus.koller@putzerei-klaus.at (Mich schreckt kein Fleck)
2026-03-16 06:47:49 [INFO   ] 
  📍 QWSTION (qwstion.com)
2026-03-16 06:47:49 [INFO   ]     ✅ [firstname.lastname] fabrice.aeberhard@qwstion.com (Creative & Art Director, Industrial Designer, Entrepreneur)
2026-03-16 06:47:49 [INFO   ]     ✅ [firstname.lastname] hannes.schoenegger@qwstion.com (Co-founder, QWSTION + Bananatex®)
2026-03-16 06:47:49 [INFO   ]     ✅ [firstname.lastname] matthias.graf@qwstion.com (Co-Founder / Art Director at QWSTION + Bananatex)
2026-03-16 06:47:49 [INFO   ]     ✅ [firstname.lastname] christian.paul@qwstion.com (Designer, Entrepreneur, Lecturer – Designing for circularity, with plants instead of plastic)
2026-03-16 06:47:49 [INFO   ]     ✅ [firstname.lastname] luana.wüstiner@qwstion.com (Kommunikation mit Herz und Verstand.)
2026-03-16 06:47:49 [INFO   ] 
  📍 Red Bull SPECT EYEWEAR (specteyewear.com)
2026-03-16 06:47:49 [INFO   ]     ✅ [firstname.lastname] johannes.baumgartner@specteyewear.com (Geschäftsführer bei Kontaktpunkt Handels-Eventagentur)
2026-03-16 06:47:49 [INFO   ]     ✅ [firstname.lastname] marcel.haas@specteyewear.com (Key Account Manager DACH / Ex Red Bull / Owner Studio 7 Fuschlsee)
2026-03-16 06:47:49 [INFO   ]     ✅ [firstname.lastname] max.cools@specteyewear.com (Creëren van unieke raceobjecten met RACING.RENT // exclusief distributeur Red Bull SPECT // eigenaar Cools Group)
2026-03-16 06:47:49 [INFO   ]     ✅ [firstname.lastname] avin.kothari@specteyewear.com (Sales Manager at SPECT EYEWEAR)
2026-03-16 06:47:49 [INFO   ]     ✅ [firstname.lastname] dominik.völler@specteyewear.com (--)
2026-03-16 06:47:51 [INFO   ] 
  📍 Ropeways.net (seilbahn.net)
2026-03-16 06:47:51 [INFO   ]     ✅ [firstname.lastname] felix.viehauser@seilbahn.net (Ropeways.net / Seilbahn.net)
2026-03-16 06:47:51 [INFO   ]   ⏭️  Skipping SANSOL GmbH (already contacted)
2026-03-16 06:47:51 [INFO   ] 
  📍 STAY SPICED ! (stayspiced.com)
2026-03-16 06:47:51 [WARNING]     ⚠️  Skipping bad name: 'Lukas M. Walchhofer'
2026-03-16 06:47:51 [INFO   ]     ✅ [firstname.lastname] erik.allerberger@stayspiced.com (STAY SPICED ! 🌶️ Gewürze | Wir l(i)eben Gewürze | Wir helfen bei emotionalen Geschenken 🎁 & Lösungen für HORECA 👩‍🍳)
2026-03-16 06:47:51 [INFO   ]     ✅ [firstname.lastname] jonathan.tobischek@stayspiced.com (--)
2026-03-16 06:47:51 [INFO   ]     ✅ [firstname.lastname] megaela.manuela@stayspiced.com (Megaela)
2026-03-16 06:47:51 [WARNING]     ⚠️  Skipping bad name: 'Martina B.'
2026-03-16 06:47:51 [INFO   ] 
  📍 Schrankerl (schrankerl.at)
2026-03-16 06:47:51 [INFO   ]     ✅ [firstname.lastname] emilie.fauveau@schrankerl.at (Chief of Staff @ SCHRANKERL | FoodTech)
2026-03-16 06:47:51 [INFO   ]     ✅ [firstname.lastname] stephan.haymerle@schrankerl.at (Founder of SCHRANKERL | new work | great food | happy employees)
2026-03-16 06:47:51 [INFO   ]     ✅ [firstname.lastname] alexander.dullnig@schrankerl.at (Student at WU (Vienna University of Economics and Business))
2026-03-16 06:47:51 [INFO   ]     ✅ [firstname.lastname] anja.rack@schrankerl.at (Success with Innovation 💡💭 I Passion for food 🥙🍉)
2026-03-16 06:47:51 [INFO   ]     ✅ [firstname.lastname] karin.rosenberg@schrankerl.at (Food Science Professional | Product Development | Retail | Nutrition Coach)
2026-03-16 06:47:51 [INFO   ]   ⏭️  Skipping Schullin Wien (already contacted)
2026-03-16 06:47:51 [INFO   ] 
  📍 Sija Schmuck GmbH (sija.at)
2026-03-16 06:47:51 [INFO   ]     ✅ [firstname.lastname] birgit.freudenthaler@sija.at (Geschäftsführerin bei sija holding gmbh und sija schmuck gmbh)
2026-03-16 06:47:51 [INFO   ]     ✅ [firstname.lastname] jochen.kaiserseder@sija.at (Jok-by-Jok Ihre Immobilie mein Auftrag)
2026-03-16 06:47:52 [INFO   ] 
  📍 Sindbad - Social Business (sindbad.co.at)
2026-03-16 06:47:52 [INFO   ]     ✅ [firstname.lastname] alina.meyer@sindbad.co.at (Architecture & Design)
2026-03-16 06:47:52 [INFO   ]     ✅ [firstname.lastname] andrea.schneeberger@sindbad.co.at (Bildungsgestalterin | Educate. Develop. Innovate.)
2026-03-16 06:47:52 [INFO   ]     ✅ [firstname.lastname] elisabeth.langmann@sindbad.co.at (Community Managerin bei Sindbad - Social Business & In Ausbildung an der Universität Graz)
2026-03-16 06:47:52 [INFO   ]     ✅ [firstname.lastname] katharina.prielinger@sindbad.co.at (--)
2026-03-16 06:47:52 [INFO   ]     ✅ [firstname.lastname] lisa.heidrich@sindbad.co.at (Standortleitung bei Sindbad - Social Business in Görlitz)
2026-03-16 06:47:52 [INFO   ] 
  📍 TL Electronic GmbH (tl-electronic.de)
2026-03-16 06:47:52 [INFO   ]     ✅ [firstname.lastname] stefan.götz@tl-electronic.de (Geschäftsführer bei TL Electronic GmbH)
2026-03-16 06:47:52 [WARNING]     ⚠️  Skipping bad name: 'Cristian G.'
2026-03-16 06:47:52 [INFO   ]     ✅ [firstname.lastname] florian.heigl@tl-electronic.de (Produktmanager bei TL Electronic GmbH)
2026-03-16 06:47:52 [INFO   ]     ✅ [firstname.lastname] jürgen.nitsch@tl-electronic.de (Vertriebsexperte / Individuelle Beratung / Maßgeschneiderte Industrie PC Systeme die begeistern)
2026-03-16 06:47:52 [INFO   ]     ✅ [firstname.lastname] lucian.binder@tl-electronic.de (Vertrieb für industrielle IT Lösungen bei TL Electronic GmbH. Wir finden gemeinsam Lösungen zur Automatisierung und Visualisierung.)
2026-03-16 06:47:52 [INFO   ] 
  📍 Taurob (taurob.com)
2026-03-16 06:47:52 [INFO   ]     ✅ [firstname.lastname] lukas.silberbauer@taurob.com (Co-Founder & Managing Director, Taurob)
2026-03-16 06:47:52 [INFO   ]     ✅ [firstname.lastname] wolfgang.netzer@taurob.com (Director of Operations)
2026-03-16 06:47:52 [INFO   ]     ✅ [firstname.lastname] adriana.henríquez@taurob.com (Office Assistant bei Taurob)
2026-03-16 06:47:52 [INFO   ]     ✅ [firstname.lastname] alessandro.pasquino@taurob.com (Mechanical Engineer)
2026-03-16 06:47:52 [INFO   ]     ✅ [firstname.lastname] dmitrii.panasiuk@taurob.com (Mechanical Engineer / Robotics Application Engineer)
2026-03-16 06:47:52 [INFO   ] 
  📍 Terre Suisse AG (terresuisse.com)
2026-03-16 06:47:52 [INFO   ]     ✅ [firstname.lastname] martin.mettler@terresuisse.com (--)
2026-03-16 06:47:52 [INFO   ]     ✅ [firstname.lastname] patricia.seitz@terresuisse.com (Marketingfachfrau)
2026-03-16 06:47:53 [INFO   ] 
  📍 Trending Topics by newsrooms (trendingtopics.eu)
2026-03-16 06:47:53 [INFO   ]     ✅ [firstname.lastname] jakob.steinschaden@trendingtopics.eu (Co-founder newsrooms | Co-founder Trending Topics | Podcaster | Book Writer | Publisher | Moderator | Build, Baby, Build!)
2026-03-16 06:47:53 [WARNING]     ⚠️  Skipping bad name: 'Roberta Kostadinova💡'
2026-03-16 06:47:53 [INFO   ]     ✅ [firstname.lastname] anupam.kumar@trendingtopics.eu (Trending Topics में High School Teacher)
2026-03-16 06:47:53 [INFO   ]     ✅ [firstname.lastname] biftu.abduljelil@trendingtopics.eu (Sales/Marketing | Journalismus)
2026-03-16 06:47:53 [INFO   ]     ✅ [firstname.lastname] markus.kirchmaier@trendingtopics.eu (tailored software and staffing solutions. #gernperDu)
2026-03-16 06:47:53 [INFO   ] 
  📍 Unverschwendet (unverschwendet.at)
2026-03-16 06:47:53 [INFO   ]     ✅ [firstname.lastname] florian.welzl@unverschwendet.at (Managing Director | unverschwendet.at | Wir retten Lebensmittel & verwandeln sie in unvergessliche Geschenke für Mitarbeiter:innen und Kund:innen)
2026-03-16 06:47:53 [INFO   ]     ✅ [firstname.lastname] florian.ruckenbauer@unverschwendet.at (Operations & Partnermanagement bei Unverschwendet // M.Sc. Umwelt und Bioressourcenmanagement an der Universität für Bodenkultur)
2026-03-16 06:47:53 [INFO   ]     ✅ [firstname.lastname] gytis.paulauskas@unverschwendet.at (Teamlead for Sales&Shops @Unverschwendet 🥕🌱)
2026-03-16 06:47:53 [INFO   ]     ✅ [firstname.lastname] lena.oberwagner@unverschwendet.at (Operations Kostbar Markt)
2026-03-16 06:47:53 [INFO   ]     ✅ [firstname.lastname] louise.erba@unverschwendet.at (Team Lead Operations bei Unverschwendet GmbH)
2026-03-16 06:47:53 [INFO   ] 
  📍 VOCIER (vocier.com)
2026-03-16 06:47:53 [INFO   ]     ✅ [firstname.lastname] aishwarya.talekar@vocier.com (Social Media & Marketing Manager | Driving Brand Innovation through Creative Storytelling, Campaigns and Analytical Insights)
2026-03-16 06:47:53 [INFO   ]     ✅ [firstname.lastname] michael.kogelnik@vocier.com (working on the world's lightest luggage (lightest by far))
2026-03-16 06:47:53 [INFO   ]     ✅ [firstname.lastname] sabine.stieber@vocier.com (Geschäftsführender Inhaber bei SBS EDV-Dienstleistungen)
2026-03-16 06:47:53 [INFO   ]     ✅ [firstname.lastname] veronica.hurtado@vocier.com (Marketing and Category Management Specialist)
2026-03-16 06:47:53 [WARNING]     ⚠️  Skipping bad name: 'stephanie Antz-Mohr'
2026-03-16 06:47:53 [INFO   ] 
  📍 Whimsical (whimsical.com)
2026-03-16 06:47:53 [INFO   ]     ✅ [firstname.lastname] kaspars.dancis@whimsical.com (Co-founder & CEO, Whimsical)
2026-03-16 06:47:53 [WARNING]     ⚠️  Skipping bad name: 'Marcel Huss-Nielsen'
2026-03-16 06:47:53 [INFO   ]     ✅ [firstname.lastname] darta.rina@whimsical.com (Customer Experience | Whimsical)
2026-03-16 06:47:53 [INFO   ]     ✅ [firstname.lastname] diana.lace@whimsical.com (Head of Operations at Whimsical)
2026-03-16 06:47:53 [INFO   ]     ✅ [firstname.lastname] jānis.peisenieks@whimsical.com (Engineering Leader at Whimsical)
2026-03-16 06:47:53 [INFO   ] 
  📍 WomenTech Network (womentech.net)
2026-03-16 06:47:53 [INFO   ]     ✅ [firstname.lastname] amena.samar@womentech.net (Director|co-founder |Entrepreneur|State President-Telangana Information Technology Council , Wicci|Global Ambassador|SDG Ambassador|Board Member|State Chair|Good will Ambassador)
2026-03-16 06:47:53 [INFO   ]     ✅ [firstname.lastname] ami.patel@womentech.net (Founder of Nirvami Creations | 👩‍💻Technopreneur | Personal Branding | Women Tech Network🕸️ | Partner @ NRG Global Instruments)
2026-03-16 06:47:53 [INFO   ]     ✅ [firstname.lastname] ishita.kadian@womentech.net (CSE student at MIT Pune | AI ML enthusiast)
2026-03-16 06:47:53 [INFO   ]     ✅ [firstname.lastname] janani.thesu@womentech.net (WomenTech Global Ambassador | Devops with AI | Multicloud | Calico Big Cats Ambassador | Knowledge Sharing | Womenintech | TATA Consultancy Services)
2026-03-16 06:47:53 [WARNING]     ⚠️  Skipping bad name: 'Namrata Singh, GPHR, SHRM SCP, PSK I'
2026-03-16 06:47:53 [INFO   ] 
  📍 afreshed® (afreshed.at)
2026-03-16 06:47:53 [INFO   ]     ✅ [firstname.lastname] bernhard.bocksrucker@afreshed.at (Geschäftsführung @ afreshed GmbH | 🥕🍅🥦🍎🍐 | 6M ARR in Grocery as a Service 📦| We are hiring!🚀)
2026-03-16 06:47:53 [WARNING]     ⚠️  Skipping bad name: 'Frank R. S. Schmidt'
2026-03-16 06:47:53 [INFO   ]     ✅ [firstname.lastname] lukas.forsthuber@afreshed.at (Geschäftsführung @ afreshed GmbH | Einkauf & SCM | 6M ARR | Lean Enthusiast)
2026-03-16 06:47:53 [INFO   ]     ✅ [firstname.lastname] matthias.lang@afreshed.at (Inhaber Simple Solution. OG)
2026-03-16 06:47:53 [INFO   ]     ✅ [firstname.lastname] maximilian.welzenbach@afreshed.at (Geschäftsführung @ afreshed GmbH | 🥕🍅🥦🍎🍐 I Marketing)
2026-03-16 06:47:53 [INFO   ] 
  📍 brutkasten (brutkasten.com)
2026-03-16 06:47:53 [INFO   ]     ✅ [firstname.lastname] daniel.ignatenko@brutkasten.com (Sales / Marketing / Event Manager VC Magazin & StartingUp | Master of Science)
2026-03-16 06:47:53 [INFO   ]     ✅ [firstname.lastname] dominik.perlaki@brutkasten.com (Redakteur bei "Der Brutkasten"​)
2026-03-16 06:47:53 [INFO   ]     ✅ [firstname.lastname] hasan.derick@brutkasten.com (Responsable nettoyage chez derichbourg)
2026-03-16 06:47:53 [INFO   ]     ✅ [firstname.lastname] stefan.kottek@brutkasten.com (Media Consultant @brutkasten | für die Gestalter:Innen der Zukunft 🚀)
2026-03-16 06:47:54 [INFO   ] 
  📍 deli dip (delidip.com)
2026-03-16 06:47:54 [INFO   ]     ✅ [firstname.lastname] fanny.schreiber@delidip.com (Geschäftsführerin bei Deli Gourmet GmbH)
2026-03-16 06:47:54 [INFO   ]     ✅ [firstname.lastname] aleksandra.kubik@delidip.com (Supply Chain Management)
2026-03-16 06:47:54 [INFO   ] 
  📍 fischer BAUBOT (baubot.com)
2026-03-16 06:47:54 [INFO   ]     ✅ [firstname.lastname] victor.rodionov@baubot.com (Managing Director at Baubot)
2026-03-16 06:47:54 [INFO   ]     ✅ [firstname.lastname] georg.frühwirth@baubot.com (Team Lead Mechatronics | Build Better with Mobile Robotics at Baubot GmbH)
2026-03-16 06:47:54 [INFO   ]     ✅ [firstname.lastname] joseph.thomas@baubot.com (Mechanical/Production Engineer | Technical Project Manager)
2026-03-16 06:47:54 [INFO   ]     ✅ [firstname.lastname] nico.spiller@baubot.com (Data science, computational modeling, automated pipelines.)
2026-03-16 06:47:54 [INFO   ]     ✅ [firstname.lastname] ondřej.dvořáček@baubot.com (Mechanical and Testing Engineer at Baubot | Researcher & Engineer | Prototyping Specialist | Project Manager | Measurement & Data Acquisition Expert)
2026-03-16 06:47:54 [INFO   ] 
  📍 fragmentiX (fragmentix.com)
2026-03-16 06:47:54 [INFO   ]     ✅ [firstname.lastname] christoph.pacher@fragmentix.com (Chief Technology Officer at fragmentiX, Senior Scientist at AIT)
2026-03-16 06:47:54 [INFO   ]     ✅ [firstname.lastname] cyrill.eltschinger@fragmentix.com (Strategic Advisor, Consulting)
2026-03-16 06:47:54 [INFO   ]     ✅ [firstname.lastname] emre.okan@fragmentix.com (Software Developer @ fragmentiX Storage Solutions GmbH)
2026-03-16 06:47:54 [WARNING]     ⚠️  Skipping bad name: 'Ines Donabaum-Toth'
2026-03-16 06:47:54 [INFO   ]     ✅ [firstname.lastname] lena.johanna@fragmentix.com (People & Culture | Brand & Marketing Lead at fragmentiX)
2026-03-16 06:47:54 [INFO   ] 
  📍 haelsi (haelsi.at)
2026-03-16 06:47:54 [INFO   ]     ✅ [firstname.lastname] fanny.springer@haelsi.at (Founder's Associate at haelsi | Driving Strategy, Ops & Growth Hand-in-Hand with the CEO)
2026-03-16 06:47:54 [INFO   ]     ✅ [firstname.lastname] adham.kassab@haelsi.at (Healthcare Solutions Enthusiast)
2026-03-16 06:47:54 [WARNING]     ⚠️  Skipping bad name: 'Alexandra Schießbühl, Mag.'
2026-03-16 06:47:54 [INFO   ]     ✅ [firstname.lastname] dominik.gleich@haelsi.at (HNO-Facharzt | Spezialist für Nebenhöhlen- & Mittelohrchirurgie | Präzision & Empathie für die bestmögliche Behandlung)
2026-03-16 06:47:54 [INFO   ]     ✅ [firstname.lastname] eduard.momot@haelsi.at (AI Product Manager │ ex-Upwork │ CSPO, CSM)
2026-03-16 06:47:54 [INFO   ] 
  📍 ivii GmbH (ivii.eu)
2026-03-16 06:47:54 [INFO   ]     ✅ [firstname.lastname] peter.stelzer@ivii.eu (CEO bei ivii gmbH)
2026-03-16 06:47:54 [INFO   ]     ✅ [firstname.lastname] angela.mader@ivii.eu (Communications - Curious about all the things behind the scences.)
2026-03-16 06:47:54 [INFO   ]     ✅ [firstname.lastname] florian.rosenberg@ivii.eu (--)
2026-03-16 06:47:54 [INFO   ]     ✅ [firstname.lastname] helmut.schmidinger@ivii.eu (Head of Sales at ivii GmbH)
2026-03-16 06:47:54 [INFO   ]     ✅ [firstname.lastname] laurens.knasar@ivii.eu (Head of Controlling & Accounting bei KNAPP Industry Solutions & ivii GmbH)
2026-03-16 06:47:54 [INFO   ] 
  📍 markta.at (markta.at)
2026-03-16 06:47:54 [INFO   ]     ✅ [firstname.lastname] theresa.imre@markta.at (Founder markta.at | Forbes 30under30 | Österreicher:in des Jahres 2022 | Look! Woman of the Year 2021 | Unternehmerin des Jahres - Social Entrepreneurship 2021)
2026-03-16 06:47:54 [INFO   ]     ✅ [firstname.lastname] lisa.erbschwendtner@markta.at (Quality Management)
2026-03-16 06:47:54 [INFO   ]     ✅ [firstname.lastname] marlene.kothmayer@markta.at (Gerne per DU)
2026-03-16 06:47:54 [INFO   ]     ✅ [firstname.lastname] olivia.wahrbichler@markta.at (Creative Mind | Brand & Communications Enthusiast | Freelance Storyteller for Green & Social Businesses | Fortuneteller | Podcaster | Küchenpsychologin)
2026-03-16 06:47:54 [INFO   ] 
  📍 nyra health (nyra.health)
2026-03-16 06:47:54 [INFO   ]     ✅ [firstname.lastname] suthan.kethees@nyra.health (Senior Growth Manager - Lead Insurance | Nyra Health | Founder @ Comdu.it Deutschland | Public and Private Insurance)
2026-03-16 06:47:54 [INFO   ]     ✅ [firstname.lastname] batoul.belal@nyra.health (QMRA Team Lead @ nyra health)
2026-03-16 06:47:54 [INFO   ]     ✅ [firstname.lastname] bernhard.thallinger@nyra.health (Machine Learning Researcher/Engineer bei nyra health)
2026-03-16 06:47:54 [INFO   ]     ✅ [firstname.lastname] egor.mitin@nyra.health (Not in the market for a job. But for making things better.)
2026-03-16 06:47:54 [INFO   ]     ✅ [firstname.lastname] laura.hiller@nyra.health (Go-to-Market / Clinical Solutions & Sales Manager)
2026-03-16 06:47:54 [INFO   ] 
  📍 reiter design gmbh (reiter.design)
2026-03-16 06:47:54 [INFO   ]     ✅ [firstname.lastname] harald.franz@reiter.design (CEO Geschäftsführer - reiter design gmbh)
2026-03-16 06:47:54 [INFO   ]     ✅ [firstname.lastname] laurin.simon@reiter.design (Art Director bei reiter design gmbh)
2026-03-16 06:47:54 [INFO   ]     ✅ [firstname.lastname] manfred.bauer@reiter.design (Geschäftsführer bei der Hermann Tschabrun Gruppe)
2026-03-16 06:47:54 [INFO   ]     ✅ [firstname.lastname] anna.huber@reiter.design (Concept Design | Projektmanagement)
2026-03-16 06:47:54 [INFO   ] 
======================================================================
2026-03-16 06:47:54 [INFO   ]   EMAIL BREAKDOWN
2026-03-16 06:47:54 [INFO   ] ======================================================================
2026-03-16 06:47:54 [INFO   ]   Staff emails   : 198
2026-03-16 06:47:54 [INFO   ]     → firstname.lastname@domain (LinkedIn employees)
2026-03-16 06:47:54 [INFO   ]     → sent to named individuals found in the DB
2026-03-16 06:47:54 [INFO   ]   Generic info@  : 2
2026-03-16 06:47:54 [INFO   ]     → info@domain (fallback — no employee found)
2026-03-16 06:47:54 [INFO   ]     → sent to company inbox, not a named person
2026-03-16 06:47:54 [INFO   ]   Total available: 200
2026-03-16 06:47:54 [INFO   ] ======================================================================
2026-03-16 06:47:58 [INFO   ] 
  Sending: 5 per profile × 8 profiles = 40 emails
2026-03-16 06:47:58 [INFO   ] 
  Full list:
2026-03-16 06:47:58 [INFO   ]       1. [STAFF  ] adriana.pirvu@adriana-reinigungsservice.at  ← Adriana Pirvu (Geschäftsführer bei Adriana Reinigungsservice e.U)
2026-03-16 06:47:58 [INFO   ]       2. [STAFF  ] holger.hager@cyberith.com  ← Holger Hager (CEO & Co-Founder at Cyberith)
2026-03-16 06:47:58 [INFO   ]       3. [STAFF  ] tuncay.cakmak@cyberith.com  ← Tuncay Cakmak (CTO & Founder at Cyberith)
2026-03-16 06:47:58 [INFO   ]       4. [STAFF  ] gencay.cakmak@cyberith.com  ← Gencay Cakmak (Mechanical Engineer bei Cyberith)
2026-03-16 06:47:58 [INFO   ]       5. [STAFF  ] janine.johara@cyberith.com  ← Janine Johara Jägers (Project Management at Cyberith)
2026-03-16 06:47:58 [INFO   ]       6. [STAFF  ] patrick.bierwolf@goettinger.com  ← Patrick Bierwolf (Produktionsleiter bei Dessertmanufaktur Göttinger)
2026-03-16 06:47:58 [INFO   ]       7. [STAFF  ] thomas.göttinger@goettinger.com  ← Thomas Göttinger (Unsere Vision: Dessertgenuss mit Umweltplus)
2026-03-16 06:47:58 [INFO   ]       8. [STAFF  ] wolfgang.greiderer@goettinger.com  ← Wolfgang Greiderer (Prokurist, Verkauf & Marketing)
2026-03-16 06:47:58 [INFO   ]       9. [STAFF  ] armin.semmler@extoll.com  ← Armin Semmler (Chief Product Officer & Head of Marketing)
2026-03-16 06:47:58 [INFO   ]      10. [STAFF  ] ahmed.amar@extoll.com  ← Ahmed Amar (ASIC Engineering Manager)
2026-03-16 06:47:58 [INFO   ]      11. [STAFF  ] david.boikess@extoll.com  ← David Boikess (Sales and Marketing Consultant)
2026-03-16 06:47:58 [INFO   ]      12. [STAFF  ] felix.kaiser@extoll.com  ← Felix Kaiser (Functional Verification Engineer bei Extoll)
2026-03-16 06:47:58 [INFO   ]      13. [GENERIC] info@erber-edelbrand.com
2026-03-16 06:47:58 [INFO   ]      14. [STAFF  ] paul.loos@eskagloves.com  ← paul loos (Geschäftsführer bei ESKA Lederhandschuhfabrik Gesm.b.H & CoKG)
2026-03-16 06:47:58 [INFO   ]      15. [STAFF  ] adem.yavuz@eskagloves.com  ← Adem Yavuz (ESKA® Lederhandschuhfabrik GesmbH & Co KG şirketinde Tekstil)
2026-03-16 06:47:58 [INFO   ]      16. [STAFF  ] carina.hochmeier@eskagloves.com  ← Carina Hochmeier (In order to bloom, you must grow.)
2026-03-16 06:47:58 [INFO   ]      17. [STAFF  ] heidrun.raab@eskagloves.com  ← Heidrun Raab (Purchase bei Eska GmbH)
2026-03-16 06:47:58 [INFO   ]      18. [STAFF  ] bruno.zanchi@fristads.com  ← Bruno Zanchi (Agente Di commercio)
2026-03-16 06:47:58 [INFO   ]      19. [STAFF  ] martin.košík@fristads.com  ← Martin Košík (Sales Area Manager ve společnosti Fristads Kansas Austria)
2026-03-16 06:47:58 [INFO   ]      20. [STAFF  ] michael.kofler@fristads.com  ← Michael Kofler (Gebietsverkaufsleiter bei Fristads Austria GmbH - PSA Workwear & Outdoor)
2026-03-16 06:47:58 [INFO   ]      21. [STAFF  ] michael.wysocki@fristads.com  ← Michael Wysocki (Area Sales Manager - Austria East at Fristads Workwear)
2026-03-16 06:47:58 [INFO   ]      22. [STAFF  ] michael.pühringer@freiraum.cc  ← Michael Pühringer (Geschäftsleiter bei Freiraum Gartenarchitektur GmbH)
2026-03-16 06:47:58 [INFO   ]      23. [STAFF  ] jana.gransier@gransier.com  ← Jana Gransier (Organizational Development, Learning, Clinical Research)
2026-03-16 06:47:58 [INFO   ]      24. [STAFF  ] christoph.fink@garten-hoedl.at  ← Christoph Fink B. Eng. (Garten Hödl GmbH bei Garten Hödl GmbH)
2026-03-16 06:47:58 [INFO   ]      25. [STAFF  ] aqueel.akhtar@h-a-m.at  ← Aqueel Akhtar (--)
2026-03-16 06:47:58 [INFO   ]      26. [STAFF  ] christof.burgbacher@h-a-m.at  ← Christof Burgbacher (Sustainable Hospitality)
2026-03-16 06:47:58 [INFO   ]      27. [STAFF  ] elimane.hamidine@h-a-m.at  ← Elimane Hamidine SY (Consultant en Tourisme expérimenté)
2026-03-16 06:47:58 [INFO   ]      28. [STAFF  ] frans.jan@h-a-m.at  ← Frans Jan Soede (HAM independent hospitality & tourism advisors)
2026-03-16 06:47:58 [INFO   ]      29. [STAFF  ] mamadou.hamat@h-a-m.at  ← Mamadou Hamat Wane (Area Manager West Africa | HAM)
2026-03-16 06:47:58 [INFO   ]      30. [STAFF  ] fabian.arnold@hypeneedz.com  ← Fabian Arnold (Geschäftsführer)
2026-03-16 06:47:58 [INFO   ]      31. [STAFF  ] hewad.amiri@hypeneedz.com  ← Hewad Amiri (Vice President M&A at group.one | Driving Growth in SaaS & Digital Platforms | Partnering with Founders to Scale | Passion for Strategy, Technology & Entrepreneurship)
2026-03-16 06:47:58 [INFO   ]      32. [STAFF  ] michael.leube@hypeneedz.com  ← Michael Leube (Geschäftsführer & COO bei HYPENEEDZ)
2026-03-16 06:47:58 [INFO   ]      33. [STAFF  ] johannes.klösch@harmonie-im-garten.at  ← Johannes Klösch (Geschäftsführer bei Harmonie Im Garten)
2026-03-16 06:47:58 [INFO   ]      34. [STAFF  ] luis.mayor@iseki-food.net  ← Luis Mayor López (Project Management at ISEKI-Food Association)
2026-03-16 06:47:58 [INFO   ]      35. [STAFF  ] luminita.ciolacu@iseki-food.net  ← Luminita Ciolacu (Project Manager at ISEKI-Food Association)
2026-03-16 06:47:58 [INFO   ]      36. [STAFF  ] milan.vukić@iseki-food.net  ← Milan Vukić (Assistant Professor at University of East Sarajevo)
2026-03-16 06:47:58 [INFO   ]      37. [STAFF  ] paola.pittia@iseki-food.net  ← PAOLA PITTIA (Erasmus+ KA ASKFOOD project)
2026-03-16 06:47:58 [INFO   ]      38. [STAFF  ] martin.stockburger@koncepthotels.com  ← Martin Stockburger (Gründer und Geschäftsführer von Koncept Hotels)
2026-03-16 06:47:58 [INFO   ]      39. [STAFF  ] yvonne.mertens@koncepthotels.com  ← Yvonne Mertens (Director of Operations & Sales bei Koncept Hotels)
2026-03-16 06:47:58 [INFO   ]      40. [STAFF  ] alexandra.polaki@koncepthotels.com  ← Alexandra Polaki (Operations Supervisor @ KONCEPT HOTELS | BA in Multilingual Communication, Media & Culture)
2026-03-16 06:47:58 [INFO   ] 
  ✓ Template: email_template_with_link.htm
2026-03-16 06:47:58 [INFO   ] 
  Distribution across 8 profile(s):
2026-03-16 06:47:58 [INFO   ]     Profile 1 (m7mMvZI0.Profile 9): 5 emails
2026-03-16 06:47:58 [INFO   ]     Profile 2 (ifyvFjIj.Profile 15): 5 emails
2026-03-16 06:47:58 [INFO   ]     Profile 3 (RCn17qXW.Profile 13): 5 emails
2026-03-16 06:47:58 [INFO   ]     Profile 4 (SucUl2kq.Profile 11): 5 emails
2026-03-16 06:47:58 [INFO   ]     Profile 5 (1E3luMW0.Profile 14): 5 emails
2026-03-16 06:47:58 [INFO   ]     Profile 6 (8o7wlsow.Profile 10): 5 emails
2026-03-16 06:47:58 [INFO   ]     Profile 7 (RqhQVxMP.Profile 8): 5 emails
2026-03-16 06:47:58 [INFO   ]     Profile 8 (dnUqYTxV.Profile 12): 5 emails
2026-03-16 06:47:58 [INFO   ] 
======================================================================
2026-03-16 06:48:01 [INFO   ] 
  Sending 40 emails across 8 profile(s)...
2026-03-16 06:48:01 [INFO   ] 
[1/40] P1 | Adriana Reinigungsservice e.U. — Adriana Pirvu
2026-03-16 06:48:01 [INFO   ]   → adriana.pirvu@adriana-reinigungsservice.at
2026-03-16 06:48:06 [INFO   ]     ✓ SENT → adriana.pirvu@adriana-reinigungsservice.at
2026-03-16 06:48:11 [INFO   ] 
  🔄 Switching to Profile 2 (ifyvFjIj.Profile 15) — waiting 5s...
2026-03-16 06:48:16 [INFO   ] 
[2/40] P2 | Cyberith — Holger Hager
2026-03-16 06:48:16 [INFO   ]   → holger.hager@cyberith.com
2026-03-16 06:48:19 [ERROR  ]     ✗ AUTH ERROR for jain107sandeep@gmail.com — check App Password
2026-03-16 06:48:19 [INFO   ] 
  🔄 Switching to Profile 3 (RCn17qXW.Profile 13) — waiting 5s...
2026-03-16 06:48:24 [INFO   ] 
[3/40] P3 | Cyberith — Tuncay Cakmak
2026-03-16 06:48:24 [INFO   ]   → tuncay.cakmak@cyberith.com
2026-03-16 06:48:24 [INFO   ]   ⏸️  Domain cooldown: waiting 11s for cyberith.com...
2026-03-16 06:48:40 [INFO   ]     ✓ SENT → tuncay.cakmak@cyberith.com
2026-03-16 06:48:45 [INFO   ] 
  🔄 Switching to Profile 4 (SucUl2kq.Profile 11) — waiting 5s...
2026-03-16 06:48:50 [INFO   ] 
[4/40] P4 | Cyberith — Gencay Cakmak
2026-03-16 06:48:50 [INFO   ]   → gencay.cakmak@cyberith.com
2026-03-16 06:48:50 [INFO   ]   ⏸️  Domain cooldown: waiting 5s for cyberith.com...
2026-03-16 06:49:00 [INFO   ]     ✓ SENT → gencay.cakmak@cyberith.com
2026-03-16 06:49:05 [INFO   ] 
  🔄 Switching to Profile 5 (1E3luMW0.Profile 14) — waiting 5s...
2026-03-16 06:49:10 [INFO   ] 
[5/40] P5 | Cyberith — Janine Johara Jägers
2026-03-16 06:49:10 [INFO   ]   → janine.johara@cyberith.com
2026-03-16 06:49:10 [INFO   ]   ⏸️  Domain cooldown: waiting 5s for cyberith.com...
2026-03-16 06:49:20 [INFO   ]     ✓ SENT → janine.johara@cyberith.com
2026-03-16 06:49:20 [INFO   ] 💾 Progress saved — 195 emails sent total
2026-03-16 06:49:25 [INFO   ] 
  🔄 Switching to Profile 6 (8o7wlsow.Profile 10) — waiting 5s...
2026-03-16 06:49:30 [INFO   ] 
[6/40] P6 | Dessertmanufaktur Göttinger — Patrick Bierwolf
2026-03-16 06:49:30 [INFO   ]   → patrick.bierwolf@goettinger.com
2026-03-16 06:49:34 [INFO   ]     ✓ SENT → patrick.bierwolf@goettinger.com
2026-03-16 06:49:39 [INFO   ] 
  🔄 Switching to Profile 7 (RqhQVxMP.Profile 8) — waiting 5s...
2026-03-16 06:49:44 [INFO   ] 
[7/40] P7 | Dessertmanufaktur Göttinger — Thomas Göttinger
2026-03-16 06:49:44 [INFO   ]   → thomas.göttinger@goettinger.com
2026-03-16 06:49:44 [INFO   ]   ⏸️  Domain cooldown: waiting 5s for goettinger.com...
2026-03-16 06:49:53 [ERROR  ]     ✗ ERROR: {e}
2026-03-16 06:49:53 [INFO   ] 
  🔄 Switching to Profile 8 (dnUqYTxV.Profile 12) — waiting 5s...
2026-03-16 06:49:58 [INFO   ] 
[8/40] P8 | Dessertmanufaktur Göttinger — Wolfgang Greiderer
2026-03-16 06:49:58 [INFO   ]   → wolfgang.greiderer@goettinger.com
2026-03-16 06:49:58 [INFO   ]   ⏸️  Domain cooldown: waiting 12s for goettinger.com...
2026-03-16 06:50:15 [INFO   ]     ✓ SENT → wolfgang.greiderer@goettinger.com
2026-03-16 06:50:20 [INFO   ] 
  🔄 Switching to Profile 1 (m7mMvZI0.Profile 9) — waiting 5s...
2026-03-16 06:50:25 [INFO   ] 
[9/40] P1 | EXTOLL GmbH — Armin Semmler
2026-03-16 06:50:25 [INFO   ]   → armin.semmler@extoll.com
2026-03-16 06:50:31 [INFO   ]     ✓ SENT → armin.semmler@extoll.com
2026-03-16 06:50:36 [INFO   ] 
  🔄 Switching to Profile 2 (ifyvFjIj.Profile 15) — waiting 5s...
2026-03-16 06:50:41 [INFO   ] 
[10/40] P2 | EXTOLL GmbH — Ahmed Amar
2026-03-16 06:50:41 [INFO   ]   → ahmed.amar@extoll.com
2026-03-16 06:50:41 [INFO   ]   ⏸️  Domain cooldown: waiting 4s for extoll.com...
2026-03-16 06:50:48 [ERROR  ]     ✗ AUTH ERROR for jain107sandeep@gmail.com — check App Password
2026-03-16 06:50:48 [INFO   ] 
  🔄 Switching to Profile 3 (RCn17qXW.Profile 13) — waiting 5s...
2026-03-16 06:50:53 [INFO   ] 
[11/40] P3 | EXTOLL GmbH — David Boikess
2026-03-16 06:50:53 [INFO   ]   → david.boikess@extoll.com
2026-03-16 06:50:53 [INFO   ]   ⏸️  Domain cooldown: waiting 11s for extoll.com...
2026-03-16 06:51:09 [INFO   ]     ✓ SENT → david.boikess@extoll.com
2026-03-16 06:51:14 [INFO   ] 
  🔄 Switching to Profile 4 (SucUl2kq.Profile 11) — waiting 5s...
2026-03-16 06:51:19 [INFO   ] 
[12/40] P4 | EXTOLL GmbH — Felix Kaiser
2026-03-16 06:51:19 [INFO   ]   → felix.kaiser@extoll.com
2026-03-16 06:51:19 [INFO   ]   ⏸️  Domain cooldown: waiting 5s for extoll.com...
2026-03-16 06:51:29 [INFO   ]     ✓ SENT → felix.kaiser@extoll.com
2026-03-16 06:51:29 [INFO   ] 💾 Progress saved — 200 emails sent total
2026-03-16 06:51:34 [INFO   ] 
  🔄 Switching to Profile 5 (1E3luMW0.Profile 14) — waiting 5s...
2026-03-16 06:51:39 [INFO   ] 
[13/40] P5 | Erber Edelbrand | Brennhäusl
2026-03-16 06:51:39 [INFO   ]   → info@erber-edelbrand.com
2026-03-16 06:51:44 [INFO   ]     ✓ SENT → info@erber-edelbrand.com
2026-03-16 06:51:49 [INFO   ] 
  🛑 Batch break after 10 sent — waiting 30s...
2026-03-16 06:52:19 [INFO   ] 
  🔄 Switching to Profile 6 (8o7wlsow.Profile 10) — waiting 5s...
2026-03-16 06:52:24 [INFO   ] 
[14/40] P6 | Eska Gloves — paul loos
2026-03-16 06:52:24 [INFO   ]   → paul.loos@eskagloves.com
2026-03-16 06:52:28 [INFO   ]     ✓ SENT → paul.loos@eskagloves.com
2026-03-16 06:52:33 [INFO   ] 
  🔄 Switching to Profile 7 (RqhQVxMP.Profile 8) — waiting 5s...
2026-03-16 06:52:38 [INFO   ] 
[15/40] P7 | Eska Gloves — Adem Yavuz
2026-03-16 06:52:38 [INFO   ]   → adem.yavuz@eskagloves.com
2026-03-16 06:52:38 [INFO   ]   ⏸️  Domain cooldown: waiting 5s for eskagloves.com...
2026-03-16 06:52:48 [INFO   ]     ✓ SENT → adem.yavuz@eskagloves.com
2026-03-16 06:52:53 [INFO   ] 
  🔄 Switching to Profile 8 (dnUqYTxV.Profile 12) — waiting 5s...
2026-03-16 06:52:58 [INFO   ] 
[16/40] P8 | Eska Gloves — Carina Hochmeier
2026-03-16 06:52:58 [INFO   ]   → carina.hochmeier@eskagloves.com
2026-03-16 06:52:58 [INFO   ]   ⏸️  Domain cooldown: waiting 5s for eskagloves.com...
2026-03-16 06:53:08 [INFO   ]     ✓ SENT → carina.hochmeier@eskagloves.com
2026-03-16 06:53:13 [INFO   ] 
  🔄 Switching to Profile 1 (m7mMvZI0.Profile 9) — waiting 5s...
2026-03-16 06:53:18 [INFO   ] 
[17/40] P1 | Eska Gloves — Heidrun Raab
2026-03-16 06:53:18 [INFO   ]   → heidrun.raab@eskagloves.com
2026-03-16 06:53:18 [INFO   ]   ⏸️  Domain cooldown: waiting 5s for eskagloves.com...
2026-03-16 06:53:28 [INFO   ]     ✓ SENT → heidrun.raab@eskagloves.com
2026-03-16 06:53:28 [INFO   ] 💾 Progress saved — 205 emails sent total
2026-03-16 06:53:33 [INFO   ] 
  🔄 Switching to Profile 2 (ifyvFjIj.Profile 15) — waiting 5s...
2026-03-16 06:53:38 [INFO   ] 
[18/40] P2 | FRISTADS Alpine — Bruno Zanchi
2026-03-16 06:53:38 [INFO   ]   → bruno.zanchi@fristads.com
2026-03-16 06:53:42 [ERROR  ]     ✗ AUTH ERROR for jain107sandeep@gmail.com — check App Password
2026-03-16 06:53:42 [INFO   ] 
  🔄 Switching to Profile 3 (RCn17qXW.Profile 13) — waiting 5s...
2026-03-16 06:53:47 [INFO   ] 
[19/40] P3 | FRISTADS Alpine — Martin Košík
2026-03-16 06:53:47 [INFO   ]   → martin.košík@fristads.com
2026-03-16 06:53:47 [INFO   ]   ⏸️  Domain cooldown: waiting 11s for fristads.com...
2026-03-16 06:54:01 [ERROR  ]     ✗ ERROR: {e}
2026-03-16 06:54:01 [INFO   ] 
  🔄 Switching to Profile 4 (SucUl2kq.Profile 11) — waiting 5s...
2026-03-16 06:54:06 [INFO   ] 
[20/40] P4 | FRISTADS Alpine — Michael Kofler
2026-03-16 06:54:06 [INFO   ]   → michael.kofler@fristads.com
2026-03-16 06:54:06 [INFO   ]   ⏸️  Domain cooldown: waiting 12s for fristads.com...
2026-03-16 06:54:23 [INFO   ]     ✓ SENT → michael.kofler@fristads.com
2026-03-16 06:54:28 [INFO   ] 
  🔄 Switching to Profile 5 (1E3luMW0.Profile 14) — waiting 5s...
2026-03-16 06:54:33 [INFO   ] 
[21/40] P5 | FRISTADS Alpine — Michael Wysocki
2026-03-16 06:54:33 [INFO   ]   → michael.wysocki@fristads.com
2026-03-16 06:54:33 [INFO   ]   ⏸️  Domain cooldown: waiting 5s for fristads.com...
2026-03-16 06:54:43 [INFO   ]     ✓ SENT → michael.wysocki@fristads.com
2026-03-16 06:54:48 [INFO   ] 
  🔄 Switching to Profile 6 (8o7wlsow.Profile 10) — waiting 5s...
2026-03-16 06:54:53 [INFO   ] 
[22/40] P6 | Freiraum Gartenarchitektur GmbH — Michael Pühringer
2026-03-16 06:54:53 [INFO   ]   → michael.pühringer@freiraum.cc
2026-03-16 06:54:55 [ERROR  ]     ✗ ERROR: {e}
2026-03-16 06:54:55 [INFO   ] 
  🔄 Switching to Profile 7 (RqhQVxMP.Profile 8) — waiting 5s...
2026-03-16 06:55:00 [INFO   ] 
[23/40] P7 | G&A • Gransier & Associates — Jana Gransier
2026-03-16 06:55:00 [INFO   ]   → jana.gransier@gransier.com
2026-03-16 06:55:05 [INFO   ]     ✓ SENT → jana.gransier@gransier.com
2026-03-16 06:55:10 [INFO   ] 
  🔄 Switching to Profile 8 (dnUqYTxV.Profile 12) — waiting 5s...
2026-03-16 06:55:15 [INFO   ] 
[24/40] P8 | Garten Hödl GmbH — Christoph Fink B. Eng.
2026-03-16 06:55:15 [INFO   ]   → christoph.fink@garten-hoedl.at
2026-03-16 06:55:19 [INFO   ]     ✓ SENT → christoph.fink@garten-hoedl.at
2026-03-16 06:55:24 [INFO   ] 
  🔄 Switching to Profile 1 (m7mMvZI0.Profile 9) — waiting 5s...
2026-03-16 06:55:29 [INFO   ] 
[25/40] P1 | HAM independent hospitality & tourism advisors — Aqueel Akhtar
2026-03-16 06:55:29 [INFO   ]   → aqueel.akhtar@h-a-m.at
2026-03-16 06:55:34 [INFO   ]     ✓ SENT → aqueel.akhtar@h-a-m.at
2026-03-16 06:55:34 [INFO   ] 💾 Progress saved — 210 emails sent total
2026-03-16 06:55:39 [INFO   ] 
  🔄 Switching to Profile 2 (ifyvFjIj.Profile 15) — waiting 5s...
2026-03-16 06:55:44 [INFO   ] 
[26/40] P2 | HAM independent hospitality & tourism advisors — Christof Burgbacher
2026-03-16 06:55:44 [INFO   ]   → christof.burgbacher@h-a-m.at
2026-03-16 06:55:44 [INFO   ]   ⏸️  Domain cooldown: waiting 5s for h-a-m.at...
2026-03-16 06:55:52 [ERROR  ]     ✗ AUTH ERROR for jain107sandeep@gmail.com — check App Password
2026-03-16 06:55:52 [INFO   ] 
  🔄 Switching to Profile 3 (RCn17qXW.Profile 13) — waiting 5s...
2026-03-16 06:55:57 [INFO   ] 
[27/40] P3 | HAM independent hospitality & tourism advisors — Elimane Hamidine SY
2026-03-16 06:55:57 [INFO   ]   → elimane.hamidine@h-a-m.at
2026-03-16 06:55:57 [INFO   ]   ⏸️  Domain cooldown: waiting 11s for h-a-m.at...
2026-03-16 06:56:13 [INFO   ]     ✓ SENT → elimane.hamidine@h-a-m.at
2026-03-16 06:56:18 [INFO   ] 
  🛑 Batch break after 20 sent — waiting 30s...
2026-03-16 06:56:48 [INFO   ] 
  🔄 Switching to Profile 4 (SucUl2kq.Profile 11) — waiting 5s...
2026-03-16 06:56:53 [INFO   ] 
[28/40] P4 | HAM independent hospitality & tourism advisors — Frans Jan Soede
2026-03-16 06:56:53 [INFO   ]   → frans.jan@h-a-m.at
2026-03-16 06:56:59 [INFO   ]     ✓ SENT → frans.jan@h-a-m.at
2026-03-16 06:57:04 [INFO   ] 
  🔄 Switching to Profile 5 (1E3luMW0.Profile 14) — waiting 5s...
2026-03-16 06:57:09 [INFO   ] 
[29/40] P5 | HAM independent hospitality & tourism advisors — Mamadou Hamat Wane
2026-03-16 06:57:09 [INFO   ]   → mamadou.hamat@h-a-m.at
2026-03-16 06:57:09 [INFO   ]   ⏸️  Domain cooldown: waiting 4s for h-a-m.at...
2026-03-16 06:57:17 [INFO   ]     ✓ SENT → mamadou.hamat@h-a-m.at
2026-03-16 06:57:22 [INFO   ] 
  🔄 Switching to Profile 6 (8o7wlsow.Profile 10) — waiting 5s...
2026-03-16 06:57:27 [INFO   ] 
[30/40] P6 | HYPENEEDZ — Fabian Arnold
2026-03-16 06:57:27 [INFO   ]   → fabian.arnold@hypeneedz.com
2026-03-16 06:57:32 [INFO   ]     ✓ SENT → fabian.arnold@hypeneedz.com
2026-03-16 06:57:37 [INFO   ] 
  🔄 Switching to Profile 7 (RqhQVxMP.Profile 8) — waiting 5s...
2026-03-16 06:57:42 [INFO   ] 
[31/40] P7 | HYPENEEDZ — Hewad Amiri
2026-03-16 06:57:42 [INFO   ]   → hewad.amiri@hypeneedz.com
2026-03-16 06:57:42 [INFO   ]   ⏸️  Domain cooldown: waiting 5s for hypeneedz.com...
2026-03-16 06:57:52 [INFO   ]     ✓ SENT → hewad.amiri@hypeneedz.com
2026-03-16 06:57:52 [INFO   ] 💾 Progress saved — 215 emails sent total
2026-03-16 06:57:57 [INFO   ] 
  🔄 Switching to Profile 8 (dnUqYTxV.Profile 12) — waiting 5s...
2026-03-16 06:58:02 [INFO   ] 
[32/40] P8 | HYPENEEDZ — Michael Leube
2026-03-16 06:58:02 [INFO   ]   → michael.leube@hypeneedz.com
2026-03-16 06:58:02 [INFO   ]   ⏸️  Domain cooldown: waiting 5s for hypeneedz.com...
2026-03-16 06:58:12 [INFO   ]     ✓ SENT → michael.leube@hypeneedz.com
2026-03-16 06:58:17 [INFO   ] 
  🔄 Switching to Profile 1 (m7mMvZI0.Profile 9) — waiting 5s...
2026-03-16 06:58:22 [INFO   ] 
[33/40] P1 | Harmonie im Garten — Johannes Klösch
2026-03-16 06:58:22 [INFO   ]   → johannes.klösch@harmonie-im-garten.at
2026-03-16 06:58:25 [ERROR  ]     ✗ ERROR: {e}
2026-03-16 06:58:25 [INFO   ] 
  🔄 Switching to Profile 2 (ifyvFjIj.Profile 15) — waiting 5s...
2026-03-16 06:58:30 [INFO   ] 
[34/40] P2 | ISEKI-Food Association — Luis Mayor López
2026-03-16 06:58:30 [INFO   ]   → luis.mayor@iseki-food.net
2026-03-16 06:58:33 [ERROR  ]     ✗ AUTH ERROR for jain107sandeep@gmail.com — check App Password
2026-03-16 06:58:33 [INFO   ] 
  🔄 Switching to Profile 3 (RCn17qXW.Profile 13) — waiting 5s...
2026-03-16 06:58:38 [INFO   ] 
[35/40] P3 | ISEKI-Food Association — Luminita Ciolacu
2026-03-16 06:58:38 [INFO   ]   → luminita.ciolacu@iseki-food.net
2026-03-16 06:58:38 [INFO   ]   ⏸️  Domain cooldown: waiting 11s for iseki-food.net...
2026-03-16 06:58:54 [INFO   ]     ✓ SENT → luminita.ciolacu@iseki-food.net
2026-03-16 06:58:59 [INFO   ] 
  🔄 Switching to Profile 4 (SucUl2kq.Profile 11) — waiting 5s...
2026-03-16 06:59:04 [INFO   ] 
[36/40] P4 | ISEKI-Food Association — Milan Vukić
2026-03-16 06:59:04 [INFO   ]   → milan.vukić@iseki-food.net
2026-03-16 06:59:04 [INFO   ]   ⏸️  Domain cooldown: waiting 5s for iseki-food.net...
2026-03-16 06:59:13 [ERROR  ]     ✗ ERROR: {e}
2026-03-16 06:59:13 [INFO   ] 
  🔄 Switching to Profile 5 (1E3luMW0.Profile 14) — waiting 5s...
2026-03-16 06:59:18 [INFO   ] 
[37/40] P5 | ISEKI-Food Association — PAOLA PITTIA
2026-03-16 06:59:18 [INFO   ]   → paola.pittia@iseki-food.net
2026-03-16 06:59:18 [INFO   ]   ⏸️  Domain cooldown: waiting 11s for iseki-food.net...
2026-03-16 06:59:34 [INFO   ]     ✓ SENT → paola.pittia@iseki-food.net
2026-03-16 06:59:39 [INFO   ] 
  🔄 Switching to Profile 6 (8o7wlsow.Profile 10) — waiting 5s...
2026-03-16 06:59:44 [INFO   ] 
[38/40] P6 | KONCEPT HOTELS — Martin Stockburger
2026-03-16 06:59:44 [INFO   ]   → martin.stockburger@koncepthotels.com
2026-03-16 06:59:48 [INFO   ]     ✓ SENT → martin.stockburger@koncepthotels.com
2026-03-16 06:59:53 [INFO   ] 
  🔄 Switching to Profile 7 (RqhQVxMP.Profile 8) — waiting 5s...
2026-03-16 06:59:58 [INFO   ] 
[39/40] P7 | KONCEPT HOTELS — Yvonne Mertens
2026-03-16 06:59:58 [INFO   ]   → yvonne.mertens@koncepthotels.com
2026-03-16 06:59:58 [INFO   ]   ⏸️  Domain cooldown: waiting 5s for koncepthotels.com...
2026-03-16 07:00:08 [INFO   ]     ✓ SENT → yvonne.mertens@koncepthotels.com
2026-03-16 07:00:08 [INFO   ] 💾 Progress saved — 220 emails sent total
2026-03-16 07:00:13 [INFO   ] 
  🔄 Switching to Profile 8 (dnUqYTxV.Profile 12) — waiting 5s...
2026-03-16 07:00:18 [INFO   ] 
[40/40] P8 | KONCEPT HOTELS — Alexandra Polaki
2026-03-16 07:00:18 [INFO   ]   → alexandra.polaki@koncepthotels.com
2026-03-16 07:00:18 [INFO   ]   ⏸️  Domain cooldown: waiting 5s for koncepthotels.com...
2026-03-16 07:00:28 [INFO   ]     ✓ SENT → alexandra.polaki@koncepthotels.com
2026-03-16 07:00:33 [INFO   ] 
  🛑 Batch break after 30 sent — waiting 30s...
2026-03-16 07:01:03 [INFO   ] 💾 Progress saved — 221 emails sent total
2026-03-16 07:01:03 [INFO   ] 
======================================================================
2026-03-16 07:01:03 [INFO   ]   DONE
2026-03-16 07:01:03 [INFO   ] ======================================================================
2026-03-16 07:01:03 [INFO   ]   ✓ Sent this run : 30
2026-03-16 07:01:03 [INFO   ]   ✗ Failed        : 10
2026-03-16 07:01:03 [INFO   ]   📧 Grand total  : 221
2026-03-16 07:01:03 [INFO   ]   💡 To start fresh, delete: email_progress_linkedin.json
2026-03-16 07:01:03 [INFO   ] ======================================================================
2026-03-21 14:59:53 [INFO   ] ======================================================================
2026-03-21 14:59:53 [INFO   ]   LINKEDIN DB — COLD EMAIL SENDER
2026-03-21 14:59:53 [INFO   ]   Run started: 2026-03-21 14:59:53
2026-03-21 14:59:53 [INFO   ]   Log file   : C:\Users\sandeep\Downloads\CVL\send_linkedin_campaigns.log
2026-03-21 14:59:53 [INFO   ] ======================================================================
2026-03-21 14:59:53 [INFO   ] 
  Database : C:\Users\sandeep\Downloads\CVL\linkedin_data.db
2026-03-21 14:59:53 [INFO   ]   Companies: 100  (with domain: 99)
2026-03-21 14:59:53 [INFO   ]   Employees: 612
2026-03-21 14:59:53 [INFO   ] 
  Countries available:
2026-03-21 14:59:53 [INFO   ]      1. Austria  (100 companies)
2026-03-21 14:59:53 [INFO   ]      2. All countries
2026-03-21 14:59:55 [INFO   ] 
  Country filter: Austria
2026-03-21 14:59:55 [INFO   ] ✓ Loaded 10 SMTP password(s)
2026-03-21 14:59:55 [INFO   ]   ✓ 8 sending profile(s) ready
2026-03-21 14:59:55 [INFO   ] 
  📋 Resume mode: 221 emails already sent
2026-03-21 14:59:55 [INFO   ]      Companies already contacted: 124
2026-03-21 14:59:55 [INFO   ] 
  Loading companies from database...
2026-03-21 14:59:55 [INFO   ]   ✓ 99 companies loaded
2026-03-21 14:59:55 [INFO   ] 
======================================================================
2026-03-21 14:59:55 [INFO   ]   BUILDING EMAIL LIST
2026-03-21 14:59:55 [INFO   ] ======================================================================
2026-03-21 14:59:55 [INFO   ]   ⏭️  Skipping 3Dmensionals (already contacted)
2026-03-21 14:59:55 [INFO   ]   ⏭️  Skipping AIRSKIN (already contacted)
2026-03-21 14:59:55 [INFO   ]   ⏭️  Skipping AQT (already contacted)
2026-03-21 14:59:55 [INFO   ]   ⏭️  Skipping Adriana Reinigungsservice e.U. (already contacted)
2026-03-21 14:59:55 [INFO   ]   ⏭️  Skipping Alles Strass (already contacted)
2026-03-21 14:59:55 [INFO   ]   ⏭️  Skipping Alphagate Automatisierungstechnik GmbH (already contacted)
2026-03-21 14:59:55 [INFO   ]   ⏭️  Skipping Am Hof 8 - Private Members Club (already contacted)
2026-03-21 14:59:55 [INFO   ]   ⏭️  Skipping Amaze - Destination managed (already contacted)
2026-03-21 14:59:55 [INFO   ]   ⏭️  Skipping Arena International Events Group (already contacted)
2026-03-21 14:59:55 [INFO   ]   ⏭️  Skipping Ausserbrunner GmbH (already contacted)
2026-03-21 14:59:55 [INFO   ]   ⏭️  Skipping Austrian Hotel Association (already contacted)
2026-03-21 14:59:55 [INFO   ]   ⏭️  Skipping BACKBONE (already contacted)
2026-03-21 14:59:55 [INFO   ]   ⏭️  Skipping BRUNA (already contacted)
2026-03-21 14:59:55 [INFO   ]   ⏭️  Skipping Beckhoff Automation Österreich (already contacted)
2026-03-21 14:59:55 [INFO   ]   ⏭️  Skipping Beetronics (already contacted)
2026-03-21 14:59:55 [INFO   ]   ⏭️  Skipping BenQ DACH (already contacted)
2026-03-21 14:59:55 [INFO   ]   ⏭️  Skipping Burkert Danmark A/S (already contacted)
2026-03-21 14:59:55 [INFO   ]   ⏭️  Skipping CVIR Endovascular (already contacted)
2026-03-21 14:59:55 [INFO   ]   ⏭️  Skipping Cardiovascular and Interventional Radiological Society of Europe (CIRSE) (already contacted)
2026-03-21 14:59:55 [INFO   ]   ⏭️  Skipping Cartken (already contacted)
2026-03-21 14:59:55 [INFO   ]   ⏭️  Skipping CrateDB (already contacted)
2026-03-21 14:59:55 [INFO   ]   ⏭️  Skipping Cyberith (already contacted)
2026-03-21 14:59:55 [INFO   ]   ⏭️  Skipping Dessertmanufaktur Göttinger (already contacted)
2026-03-21 14:59:55 [INFO   ]   ⏭️  Skipping EXTOLL GmbH (already contacted)
2026-03-21 14:59:55 [INFO   ]   ⏭️  Skipping Eder Gartenarchitektur (already contacted)
2026-03-21 14:59:55 [INFO   ]   ⏭️  Skipping Erber Edelbrand | Brennhäusl (already contacted)
2026-03-21 14:59:55 [INFO   ]   ⏭️  Skipping Eska Gloves (already contacted)
2026-03-21 14:59:55 [INFO   ]   ⏭️  Skipping EuSoMII - European Society of Medical Imaging Informatics (already contacted)
2026-03-21 14:59:55 [INFO   ]   ⏭️  Skipping European Academy of Neurology (already contacted)
2026-03-21 14:59:55 [INFO   ]   ⏭️  Skipping European Conference on Interventional Oncology (already contacted)
2026-03-21 14:59:55 [INFO   ]   ⏭️  Skipping FRISTADS Alpine (already contacted)
2026-03-21 14:59:55 [INFO   ]   ⏭️  Skipping Florissa GmbH (already contacted)
2026-03-21 14:59:55 [INFO   ]   ⏭️  Skipping Forbes Austria (already contacted)
2026-03-21 14:59:56 [INFO   ] 
  📍 Freiraum Gartenarchitektur GmbH (freiraum.cc)
2026-03-21 14:59:56 [INFO   ]     ✅ [firstname.lastname] michael.pühringer@freiraum.cc (Geschäftsleiter bei Freiraum Gartenarchitektur GmbH)
2026-03-21 14:59:56 [INFO   ]   ⏭️  Skipping G&A • Gransier & Associates (already contacted)
2026-03-21 14:59:56 [INFO   ]   ⏭️  Skipping Garten Hödl GmbH (already contacted)
2026-03-21 14:59:56 [INFO   ]   ⏭️  Skipping Gartengestaltung Reinisch (already contacted)
2026-03-21 14:59:56 [INFO   ]   ⏭️  Skipping Global Second Opinion (already contacted)
2026-03-21 14:59:56 [INFO   ]   ⏭️  Skipping Gruber & Söhne GmbH (already contacted)
2026-03-21 14:59:56 [INFO   ]   ⏭️  Skipping HAM independent hospitality & tourism advisors (already contacted)
2026-03-21 14:59:56 [INFO   ]   ⏭️  Skipping HYPENEEDZ (already contacted)
2026-03-21 14:59:56 [INFO   ] 
  📍 Harmonie im Garten (harmonie-im-garten.at)
2026-03-21 14:59:56 [INFO   ]     ✅ [firstname.lastname] johannes.klösch@harmonie-im-garten.at (Geschäftsführer bei Harmonie Im Garten)
2026-03-21 14:59:56 [INFO   ]   ⏭️  Skipping Huber Fine Watches & Jewellery (already contacted)
2026-03-21 14:59:56 [INFO   ]   ⏭️  Skipping ISEKI-Food Association (already contacted)
2026-03-21 14:59:56 [INFO   ]   ⏭️  Skipping ImageBiopsy Lab (already contacted)
2026-03-21 14:59:56 [INFO   ]   ⏭️  Skipping Innovation Authority (already contacted)
2026-03-21 14:59:56 [INFO   ]   ⏭️  Skipping KONCEPT HOTELS (already contacted)
2026-03-21 14:59:57 [INFO   ] 
  📍 Kalea (kalea.com)
2026-03-21 14:59:57 [INFO   ]     ✅ [firstname.lastname] alexandra.reimann@kalea.com (--)
2026-03-21 14:59:57 [INFO   ]     ✅ [firstname.lastname] christian.weglarz@kalea.com (Projektleitung)
2026-03-21 14:59:57 [INFO   ]     ✅ [firstname.lastname] maria.tiefgraber@kalea.com (--)
2026-03-21 14:59:57 [INFO   ]   ⏭️  Skipping LIGRE (already contacted)
2026-03-21 14:59:57 [INFO   ]   ⏭️  Skipping Langer® Magnet Austria (already contacted)
2026-03-21 14:59:57 [INFO   ] 
  📍 Lifestylehotels™ (lifestylehotels.net)
2026-03-21 14:59:57 [INFO   ]     ✅ [firstname.lastname] hardy.egger@lifestylehotels.net (CEO / Owner, Lifestylehotels™ & THE Stylemate)
2026-03-21 14:59:57 [INFO   ]     ✅ [firstname.lastname] sabina.riemer@lifestylehotels.net (Assistant to CEO bei LIFESTYLEHOTELS I PRIME TIME Touristik & Marketing GmbH)
2026-03-21 14:59:57 [INFO   ]     ✅ [firstname.lastname] thomas.holzleithner@lifestylehotels.net (CEO | OWNER LIFESTYLEHOTELS & THE Stylemate)
2026-03-21 14:59:57 [INFO   ]     ✅ [firstname.lastname] olfa.reyes@lifestylehotels.net (recepcionista en LIFESTYLEHOTELS)
2026-03-21 14:59:57 [INFO   ]   ⏭️  Skipping Lightcast.com (already contacted)
2026-03-21 14:59:57 [INFO   ]   ⏭️  Skipping LiteSentry - Softsolution - Strainoptics (already contacted)
2026-03-21 14:59:58 [INFO   ] 
  📍 Lueftner Cruises (lueftner-cruises.com)
2026-03-21 14:59:58 [INFO   ]     ✅ [firstname.lastname] george.dumitrescu@lueftner-cruises.com (Operations la Lueftner Cruises)
2026-03-21 14:59:58 [INFO   ]     ✅ [firstname.lastname] thorsten.schmitt@lueftner-cruises.com (Only teamwork makes the dreamwork !)
2026-03-21 14:59:58 [INFO   ]     ✅ [firstname.lastname] tim.van@lueftner-cruises.com (Hospitality Professional)
2026-03-21 14:59:58 [INFO   ]     ✅ [firstname.lastname] torsten.geserick@lueftner-cruises.com (Safety & Compliance Senior Fleet Manager)
2026-03-21 14:59:58 [WARNING]     ⚠️  Skipping bad name: 'Veisel B.'
2026-03-21 14:59:59 [INFO   ] 
  📍 MEAVO Office Phone Booths (meavo.com)
2026-03-21 14:59:59 [INFO   ]     ✅ [firstname.lastname] dimitar.zhelev@meavo.com (Managing Director at Meavo Office Phone Booths / CEO at Z prime Consulting)
2026-03-21 14:59:59 [INFO   ]     ✅ [firstname.lastname] georgi.georgiev@meavo.com (Chief engineer at Ribex Maritime LTD)
2026-03-21 14:59:59 [INFO   ]     ✅ [firstname.lastname] vojtech.kucera@meavo.com (Director of Operations at MEAVO | Driving focus on operational excellence. Scope: General management, Team development and Leadership, Operations, Customer & Technical support, Project management.)
2026-03-21 14:59:59 [INFO   ]     ✅ [firstname.lastname] yavor.mitev@meavo.com (Chief of Staff)
2026-03-21 14:59:59 [INFO   ]     ✅ [firstname.lastname] alexandra.dupont@meavo.com (City Sales Manager/PBSA //5 Star Hospitality Background // Ex Jumeirah & Nobu)
2026-03-21 14:59:59 [INFO   ]   ⏭️  Skipping MECHATRONIK AUSTRIA (already contacted)
2026-03-21 14:59:59 [INFO   ] 
  📍 MIIND GmbH (miind.at)
2026-03-21 14:59:59 [INFO   ]     ✅ [firstname.lastname] lukas.windbrechtinger@miind.at (Geschäftsführer SAPHIIR GmbH)
2026-03-21 14:59:59 [INFO   ]     ✅ [firstname.lastname] nikolaus.obermüller@miind.at (Gesellschafter MIIND GmbH Co-Founder Talentschmiede by Philipp Zulechner)
2026-03-21 14:59:59 [INFO   ]     ✅ [firstname.lastname] philip.obermüller@miind.at (GRÜNDER/ FOUNDER MIIND GMBH)
2026-03-21 14:59:59 [INFO   ] 
  📍 MIKKA GmbH (mikka.com)
2026-03-21 14:59:59 [INFO   ]     ✅ [firstname.lastname] eva.krieger@mikka.com (Marketing & Kommunikation bei MIKKA GmbH)
2026-03-21 14:59:59 [INFO   ]     ✅ [firstname.lastname] magda.koukol@mikka.com (--)
2026-03-21 14:59:59 [INFO   ]     ✅ [firstname.lastname] michael.kirchberger@mikka.com (Leitung Assembling & Logistik)
2026-03-21 14:59:59 [INFO   ]     ✅ [firstname.lastname] michael.matzner@mikka.com (Geschäftsleitung bei MIKKA GmbH)
2026-03-21 14:59:59 [INFO   ]     ✅ [firstname.lastname] patrick.holzhammer@mikka.com (Sales & Business Development Manager)
2026-03-21 14:59:59 [INFO   ]   ⏭️  Skipping MOSTLY AI (already contacted)
2026-03-21 14:59:59 [INFO   ]   ⏭️  Skipping Makaro Jewelry (already contacted)
2026-03-21 15:00:00 [INFO   ] 
  📍 Mond.com (mond.com)
2026-03-21 15:00:00 [INFO   ]     ✅ [firstname.lastname] alex.siebert@mond.com (Custom clothier at Mond of Copenhagen)
2026-03-21 15:00:00 [INFO   ]     ✅ [firstname.lastname] andreia.lopes@mond.com (Production Manager | Mond of Copenhagen)
2026-03-21 15:00:00 [INFO   ]     ✅ [firstname.lastname] benjamin.nick@mond.com (Student at DTU - Technical University of Denmark)
2026-03-21 15:00:00 [INFO   ]     ✅ [firstname.lastname] daniel.fisher@mond.com (At Mond of Copenhagen, pushing the boundaries of Made-To-Measure)
2026-03-21 15:00:00 [INFO   ]     ✅ [firstname.lastname] kristian.tranders@mond.com (Custom clothier hos Mond of Copenhagen)
2026-03-21 15:00:00 [INFO   ] 
  📍 NEOH (neoh.com)
2026-03-21 15:00:00 [INFO   ]     ✅ [firstname.lastname] adel.hafizovic@neoh.com (Chief Sales Officer & Co-Founder at NEOH)
2026-03-21 15:00:00 [INFO   ]     ✅ [firstname.lastname] clément.tischer@neoh.com (Head of FoodTech REWE Group | FoodTech Innovation, Startups, Business Development, Growth & Ventures | Board Director)
2026-03-21 15:00:00 [INFO   ]     ✅ [firstname.lastname] richard.wilkinson@neoh.com (UK MD, NEOH | Ex-Founder | Building the future of chocolate (without the sugar crash))
2026-03-21 15:00:00 [WARNING]     ⚠️  Skipping bad name: 'Sam M.'
2026-03-21 15:00:00 [INFO   ]     ✅ [firstname.lastname] eugen.lippert@neoh.com (Supply Chain Coordinator bei NEOH)
2026-03-21 15:00:00 [INFO   ] 
  📍 Novarion Systems (novarion.systems)
2026-03-21 15:00:00 [INFO   ]     ✅ [firstname.lastname] george.gesek@novarion.systems (CEO & Founder of Novarion Systems, CTO & Co-founder of QMware)
2026-03-21 15:00:00 [INFO   ]     ✅ [firstname.lastname] ana.aleksandrov@novarion.systems (Visual & Graphic Designer)
2026-03-21 15:00:00 [INFO   ]     ✅ [firstname.lastname] carsten.küperkoch@novarion.systems (Project Engineer Europe | High Performance Computing)
2026-03-21 15:00:00 [INFO   ]     ✅ [firstname.lastname] christoph.chvatal@novarion.systems (Strategische Planung & Technischer Support | Division Manager)
2026-03-21 15:00:00 [INFO   ]     ✅ [firstname.lastname] danyal.sleman@novarion.systems (Logistikerleiter und Techniker bei Novarion Systems)
2026-03-21 15:00:00 [INFO   ] 
  📍 OBERHOFER GmbH & Co KG (airlineuniform.com)
2026-03-21 15:00:00 [WARNING]     ⚠️  Skipping bad name: 'Barbara O.'
2026-03-21 15:00:00 [WARNING]     ⚠️  Skipping bad name: 'Hannes J. Oberhofer'
2026-03-21 15:00:00 [INFO   ]     ⊘  No employees found for OBERHOFER GmbH & Co KG — skipped (generic disabled)
2026-03-21 15:00:01 [INFO   ] 
  📍 Orderman (orderman.com)
2026-03-21 15:00:01 [INFO   ]     ✅ [firstname.lastname] rami.kaekati@orderman.com (Managing Director at Orderman UAE)
2026-03-21 15:00:01 [INFO   ]     ✅ [firstname.lastname] stefano.casarin@orderman.com (Chief Executive Officer | Executive MBA at Orderman Group (Italy/austria/ME))
2026-03-21 15:00:01 [INFO   ]     ✅ [firstname.lastname] amit.kumar@orderman.com (Finance Controller)
2026-03-21 15:00:01 [INFO   ]     ✅ [firstname.lastname] bernhard.zeppetzauer@orderman.com (Customer Care Manager bei Orderman)
2026-03-21 15:00:01 [INFO   ]     ✅ [firstname.lastname] homam.laham@orderman.com (Professional Services Consultant)
2026-03-21 15:00:01 [INFO   ] 
  📍 PRIME SHOES GmbH (prime-shoes.com)
2026-03-21 15:00:01 [INFO   ]     ✅ [firstname.lastname] dinesh.sanker@prime-shoes.com (ACCOUNTS MANAGER)
2026-03-21 15:00:01 [INFO   ]     ✅ [firstname.lastname] karthikeyan.subbaiyan@prime-shoes.com (Operations Manager at Prime Shoes)
2026-03-21 15:00:01 [INFO   ]     ✅ [firstname.lastname] marisol.rangel@prime-shoes.com (Consultor de SAP Business One | Especialista SAP Modulo MM | Tec. Informática.)
2026-03-21 15:00:01 [INFO   ]     ✅ [firstname.lastname] rita.suarez@prime-shoes.com (Gerente Retail)
2026-03-21 15:00:01 [INFO   ]     ✅ [firstname.lastname] zaheer.ahamed@prime-shoes.com (Quality assurance manager at Prime shoes)
2026-03-21 15:00:01 [INFO   ] 
  📍 Pfanner Austria Schutzbekleidung (pfanner-austria.at)
2026-03-21 15:00:01 [INFO   ]     ✅ [firstname.lastname] sebastian.metzler@pfanner-austria.at (CEO at Pfanner Schutzbekleidung GmbH and Protos GmbH)
2026-03-21 15:00:01 [INFO   ]     ✅ [firstname.lastname] claudia.schmid@pfanner-austria.at (Online Marketing Manager)
2026-03-21 15:00:01 [INFO   ]     ✅ [firstname.lastname] ingomar.bosch@pfanner-austria.at (Account Manager PFANNER Schutzbekleidung GmbH , PROTOS GmbH)
2026-03-21 15:00:01 [WARNING]     ⚠️  Skipping bad name: 'Jannik B.'
2026-03-21 15:00:01 [INFO   ]     ✅ [firstname.lastname] sabrina.kroeger@pfanner-austria.at (Vertrieb)
2026-03-21 15:00:02 [INFO   ] 
  📍 Phil Petter Knitwear GmbH & Co KG (shop.philpetter.com)
2026-03-21 15:00:02 [INFO   ]     ✅ [firstname.lastname] gerhard.wiedemann@shop.philpetter.com (Geschäftsführer)
2026-03-21 15:00:02 [INFO   ]     ✅ [firstname.lastname] axel.dreher@shop.philpetter.com (Supervisory Board Member)
2026-03-21 15:00:02 [INFO   ]     ✅ [firstname.lastname] max.wührer@shop.philpetter.com (Building quality and innovation with the team at Nuffinz – excited to take the brand to new heights!)
2026-03-21 15:00:02 [INFO   ]     ✅ [firstname.lastname] torsten.waack@shop.philpetter.com (-)
2026-03-21 15:00:02 [INFO   ] 
  📍 Putzerei Klaus (putzerei-klaus.at)
2026-03-21 15:00:02 [INFO   ]     ✅ [firstname.lastname] baharak.sadeghifar@putzerei-klaus.at (English)
2026-03-21 15:00:02 [INFO   ]     ✅ [firstname.lastname] markus.koller@putzerei-klaus.at (Mich schreckt kein Fleck)
2026-03-21 15:00:02 [INFO   ] 
  📍 QWSTION (qwstion.com)
2026-03-21 15:00:02 [INFO   ]     ✅ [firstname.lastname] fabrice.aeberhard@qwstion.com (Creative & Art Director, Industrial Designer, Entrepreneur)
2026-03-21 15:00:02 [INFO   ]     ✅ [firstname.lastname] hannes.schoenegger@qwstion.com (Co-founder, QWSTION + Bananatex®)
2026-03-21 15:00:02 [INFO   ]     ✅ [firstname.lastname] matthias.graf@qwstion.com (Co-Founder / Art Director at QWSTION + Bananatex)
2026-03-21 15:00:02 [INFO   ]     ✅ [firstname.lastname] christian.paul@qwstion.com (Designer, Entrepreneur, Lecturer – Designing for circularity, with plants instead of plastic)
2026-03-21 15:00:02 [INFO   ]     ✅ [firstname.lastname] luana.wüstiner@qwstion.com (Kommunikation mit Herz und Verstand.)
2026-03-21 15:00:03 [INFO   ] 
  📍 Red Bull SPECT EYEWEAR (specteyewear.com)
2026-03-21 15:00:03 [INFO   ]     ✅ [firstname.lastname] johannes.baumgartner@specteyewear.com (Geschäftsführer bei Kontaktpunkt Handels-Eventagentur)
2026-03-21 15:00:03 [INFO   ]     ✅ [firstname.lastname] marcel.haas@specteyewear.com (Key Account Manager DACH / Ex Red Bull / Owner Studio 7 Fuschlsee)
2026-03-21 15:00:03 [INFO   ]     ✅ [firstname.lastname] max.cools@specteyewear.com (Creëren van unieke raceobjecten met RACING.RENT // exclusief distributeur Red Bull SPECT // eigenaar Cools Group)
2026-03-21 15:00:03 [INFO   ]     ✅ [firstname.lastname] avin.kothari@specteyewear.com (Sales Manager at SPECT EYEWEAR)
2026-03-21 15:00:03 [INFO   ]     ✅ [firstname.lastname] dominik.völler@specteyewear.com (--)
2026-03-21 15:00:03 [INFO   ] 
  📍 Ropeways.net (seilbahn.net)
2026-03-21 15:00:03 [INFO   ]     ✅ [firstname.lastname] felix.viehauser@seilbahn.net (Ropeways.net / Seilbahn.net)
2026-03-21 15:00:03 [INFO   ]   ⏭️  Skipping SANSOL GmbH (already contacted)
2026-03-21 15:00:04 [INFO   ] 
  📍 STAY SPICED ! (stayspiced.com)
2026-03-21 15:00:04 [WARNING]     ⚠️  Skipping bad name: 'Lukas M. Walchhofer'
2026-03-21 15:00:04 [INFO   ]     ✅ [firstname.lastname] erik.allerberger@stayspiced.com (STAY SPICED ! 🌶️ Gewürze | Wir l(i)eben Gewürze | Wir helfen bei emotionalen Geschenken 🎁 & Lösungen für HORECA 👩‍🍳)
2026-03-21 15:00:04 [INFO   ]     ✅ [firstname.lastname] jonathan.tobischek@stayspiced.com (--)
2026-03-21 15:00:04 [INFO   ]     ✅ [firstname.lastname] megaela.manuela@stayspiced.com (Megaela)
2026-03-21 15:00:04 [WARNING]     ⚠️  Skipping bad name: 'Martina B.'
2026-03-21 15:00:04 [INFO   ] 
  📍 Schrankerl (schrankerl.at)
2026-03-21 15:00:04 [INFO   ]     ✅ [firstname.lastname] emilie.fauveau@schrankerl.at (Chief of Staff @ SCHRANKERL | FoodTech)
2026-03-21 15:00:04 [INFO   ]     ✅ [firstname.lastname] stephan.haymerle@schrankerl.at (Founder of SCHRANKERL | new work | great food | happy employees)
2026-03-21 15:00:04 [INFO   ]     ✅ [firstname.lastname] alexander.dullnig@schrankerl.at (Student at WU (Vienna University of Economics and Business))
2026-03-21 15:00:04 [INFO   ]     ✅ [firstname.lastname] anja.rack@schrankerl.at (Success with Innovation 💡💭 I Passion for food 🥙🍉)
2026-03-21 15:00:04 [INFO   ]     ✅ [firstname.lastname] karin.rosenberg@schrankerl.at (Food Science Professional | Product Development | Retail | Nutrition Coach)
2026-03-21 15:00:04 [INFO   ]   ⏭️  Skipping Schullin Wien (already contacted)
2026-03-21 15:00:04 [INFO   ] 
  📍 Sija Schmuck GmbH (sija.at)
2026-03-21 15:00:04 [INFO   ]     ✅ [firstname.lastname] birgit.freudenthaler@sija.at (Geschäftsführerin bei sija holding gmbh und sija schmuck gmbh)
2026-03-21 15:00:04 [INFO   ]     ✅ [firstname.lastname] jochen.kaiserseder@sija.at (Jok-by-Jok Ihre Immobilie mein Auftrag)
2026-03-21 15:00:04 [INFO   ] 
  📍 Sindbad - Social Business (sindbad.co.at)
2026-03-21 15:00:04 [INFO   ]     ✅ [firstname.lastname] alina.meyer@sindbad.co.at (Architecture & Design)
2026-03-21 15:00:04 [INFO   ]     ✅ [firstname.lastname] andrea.schneeberger@sindbad.co.at (Bildungsgestalterin | Educate. Develop. Innovate.)
2026-03-21 15:00:04 [INFO   ]     ✅ [firstname.lastname] elisabeth.langmann@sindbad.co.at (Community Managerin bei Sindbad - Social Business & In Ausbildung an der Universität Graz)
2026-03-21 15:00:04 [INFO   ]     ✅ [firstname.lastname] katharina.prielinger@sindbad.co.at (--)
2026-03-21 15:00:04 [INFO   ]     ✅ [firstname.lastname] lisa.heidrich@sindbad.co.at (Standortleitung bei Sindbad - Social Business in Görlitz)
2026-03-21 15:00:04 [INFO   ] 
  📍 TL Electronic GmbH (tl-electronic.de)
2026-03-21 15:00:04 [INFO   ]     ✅ [firstname.lastname] stefan.götz@tl-electronic.de (Geschäftsführer bei TL Electronic GmbH)
2026-03-21 15:00:04 [WARNING]     ⚠️  Skipping bad name: 'Cristian G.'
2026-03-21 15:00:04 [INFO   ]     ✅ [firstname.lastname] florian.heigl@tl-electronic.de (Produktmanager bei TL Electronic GmbH)
2026-03-21 15:00:04 [INFO   ]     ✅ [firstname.lastname] jürgen.nitsch@tl-electronic.de (Vertriebsexperte / Individuelle Beratung / Maßgeschneiderte Industrie PC Systeme die begeistern)
2026-03-21 15:00:04 [INFO   ]     ✅ [firstname.lastname] lucian.binder@tl-electronic.de (Vertrieb für industrielle IT Lösungen bei TL Electronic GmbH. Wir finden gemeinsam Lösungen zur Automatisierung und Visualisierung.)
2026-03-21 15:00:05 [INFO   ] 
  📍 Taurob (taurob.com)
2026-03-21 15:00:05 [INFO   ]     ✅ [firstname.lastname] lukas.silberbauer@taurob.com (Co-Founder & Managing Director, Taurob)
2026-03-21 15:00:05 [INFO   ]     ✅ [firstname.lastname] wolfgang.netzer@taurob.com (Director of Operations)
2026-03-21 15:00:05 [INFO   ]     ✅ [firstname.lastname] adriana.henríquez@taurob.com (Office Assistant bei Taurob)
2026-03-21 15:00:05 [INFO   ]     ✅ [firstname.lastname] alessandro.pasquino@taurob.com (Mechanical Engineer)
2026-03-21 15:00:05 [INFO   ]     ✅ [firstname.lastname] dmitrii.panasiuk@taurob.com (Mechanical Engineer / Robotics Application Engineer)
2026-03-21 15:00:05 [INFO   ] 
  📍 Terre Suisse AG (terresuisse.com)
2026-03-21 15:00:05 [INFO   ]     ✅ [firstname.lastname] martin.mettler@terresuisse.com (--)
2026-03-21 15:00:05 [INFO   ]     ✅ [firstname.lastname] patricia.seitz@terresuisse.com (Marketingfachfrau)
2026-03-21 15:00:05 [INFO   ] 
  📍 Trending Topics by newsrooms (trendingtopics.eu)
2026-03-21 15:00:05 [INFO   ]     ✅ [firstname.lastname] jakob.steinschaden@trendingtopics.eu (Co-founder newsrooms | Co-founder Trending Topics | Podcaster | Book Writer | Publisher | Moderator | Build, Baby, Build!)
2026-03-21 15:00:05 [WARNING]     ⚠️  Skipping bad name: 'Roberta Kostadinova💡'
2026-03-21 15:00:05 [INFO   ]     ✅ [firstname.lastname] anupam.kumar@trendingtopics.eu (Trending Topics में High School Teacher)
2026-03-21 15:00:05 [INFO   ]     ✅ [firstname.lastname] biftu.abduljelil@trendingtopics.eu (Sales/Marketing | Journalismus)
2026-03-21 15:00:05 [INFO   ]     ✅ [firstname.lastname] markus.kirchmaier@trendingtopics.eu (tailored software and staffing solutions. #gernperDu)
2026-03-21 15:00:05 [INFO   ] 
  📍 Unverschwendet (unverschwendet.at)
2026-03-21 15:00:05 [INFO   ]     ✅ [firstname.lastname] florian.welzl@unverschwendet.at (Managing Director | unverschwendet.at | Wir retten Lebensmittel & verwandeln sie in unvergessliche Geschenke für Mitarbeiter:innen und Kund:innen)
2026-03-21 15:00:05 [INFO   ]     ✅ [firstname.lastname] florian.ruckenbauer@unverschwendet.at (Operations & Partnermanagement bei Unverschwendet // M.Sc. Umwelt und Bioressourcenmanagement an der Universität für Bodenkultur)
2026-03-21 15:00:05 [INFO   ]     ✅ [firstname.lastname] gytis.paulauskas@unverschwendet.at (Teamlead for Sales&Shops @Unverschwendet 🥕🌱)
2026-03-21 15:00:05 [INFO   ]     ✅ [firstname.lastname] lena.oberwagner@unverschwendet.at (Operations Kostbar Markt)
2026-03-21 15:00:05 [INFO   ]     ✅ [firstname.lastname] louise.erba@unverschwendet.at (Team Lead Operations bei Unverschwendet GmbH)
2026-03-21 15:00:06 [INFO   ] 
  📍 VOCIER (vocier.com)
2026-03-21 15:00:06 [INFO   ]     ✅ [firstname.lastname] aishwarya.talekar@vocier.com (Social Media & Marketing Manager | Driving Brand Innovation through Creative Storytelling, Campaigns and Analytical Insights)
2026-03-21 15:00:06 [INFO   ]     ✅ [firstname.lastname] michael.kogelnik@vocier.com (working on the world's lightest luggage (lightest by far))
2026-03-21 15:00:06 [INFO   ]     ✅ [firstname.lastname] sabine.stieber@vocier.com (Geschäftsführender Inhaber bei SBS EDV-Dienstleistungen)
2026-03-21 15:00:06 [INFO   ]     ✅ [firstname.lastname] veronica.hurtado@vocier.com (Marketing and Category Management Specialist)
2026-03-21 15:00:06 [WARNING]     ⚠️  Skipping bad name: 'stephanie Antz-Mohr'
2026-03-21 15:00:06 [INFO   ] 
  📍 Whimsical (whimsical.com)
2026-03-21 15:00:06 [INFO   ]     ✅ [firstname.lastname] kaspars.dancis@whimsical.com (Co-founder & CEO, Whimsical)
2026-03-21 15:00:06 [WARNING]     ⚠️  Skipping bad name: 'Marcel Huss-Nielsen'
2026-03-21 15:00:06 [INFO   ]     ✅ [firstname.lastname] darta.rina@whimsical.com (Customer Experience | Whimsical)
2026-03-21 15:00:06 [INFO   ]     ✅ [firstname.lastname] diana.lace@whimsical.com (Head of Operations at Whimsical)
2026-03-21 15:00:06 [INFO   ]     ✅ [firstname.lastname] jānis.peisenieks@whimsical.com (Engineering Leader at Whimsical)
2026-03-21 15:00:06 [INFO   ] 
  📍 WomenTech Network (womentech.net)
2026-03-21 15:00:06 [INFO   ]     ✅ [firstname.lastname] amena.samar@womentech.net (Director|co-founder |Entrepreneur|State President-Telangana Information Technology Council , Wicci|Global Ambassador|SDG Ambassador|Board Member|State Chair|Good will Ambassador)
2026-03-21 15:00:06 [INFO   ]     ✅ [firstname.lastname] ami.patel@womentech.net (Founder of Nirvami Creations | 👩‍💻Technopreneur | Personal Branding | Women Tech Network🕸️ | Partner @ NRG Global Instruments)
2026-03-21 15:00:06 [INFO   ]     ✅ [firstname.lastname] ishita.kadian@womentech.net (CSE student at MIT Pune | AI ML enthusiast)
2026-03-21 15:00:06 [INFO   ]     ✅ [firstname.lastname] janani.thesu@womentech.net (WomenTech Global Ambassador | Devops with AI | Multicloud | Calico Big Cats Ambassador | Knowledge Sharing | Womenintech | TATA Consultancy Services)
2026-03-21 15:00:06 [WARNING]     ⚠️  Skipping bad name: 'Namrata Singh, GPHR, SHRM SCP, PSK I'
2026-03-21 15:00:06 [INFO   ] 
  📍 afreshed® (afreshed.at)
2026-03-21 15:00:06 [INFO   ]     ✅ [firstname.lastname] bernhard.bocksrucker@afreshed.at (Geschäftsführung @ afreshed GmbH | 🥕🍅🥦🍎🍐 | 6M ARR in Grocery as a Service 📦| We are hiring!🚀)
2026-03-21 15:00:06 [WARNING]     ⚠️  Skipping bad name: 'Frank R. S. Schmidt'
2026-03-21 15:00:06 [INFO   ]     ✅ [firstname.lastname] lukas.forsthuber@afreshed.at (Geschäftsführung @ afreshed GmbH | Einkauf & SCM | 6M ARR | Lean Enthusiast)
2026-03-21 15:00:06 [INFO   ]     ✅ [firstname.lastname] matthias.lang@afreshed.at (Inhaber Simple Solution. OG)
2026-03-21 15:00:06 [INFO   ]     ✅ [firstname.lastname] maximilian.welzenbach@afreshed.at (Geschäftsführung @ afreshed GmbH | 🥕🍅🥦🍎🍐 I Marketing)
2026-03-21 15:00:07 [INFO   ] 
  📍 brutkasten (brutkasten.com)
2026-03-21 15:00:07 [INFO   ]     ✅ [firstname.lastname] daniel.ignatenko@brutkasten.com (Sales / Marketing / Event Manager VC Magazin & StartingUp | Master of Science)
2026-03-21 15:00:07 [INFO   ]     ✅ [firstname.lastname] dominik.perlaki@brutkasten.com (Redakteur bei "Der Brutkasten"​)
2026-03-21 15:00:07 [INFO   ]     ✅ [firstname.lastname] hasan.derick@brutkasten.com (Responsable nettoyage chez derichbourg)
2026-03-21 15:00:07 [INFO   ]     ✅ [firstname.lastname] stefan.kottek@brutkasten.com (Media Consultant @brutkasten | für die Gestalter:Innen der Zukunft 🚀)
2026-03-21 15:00:07 [INFO   ] 
  📍 deli dip (delidip.com)
2026-03-21 15:00:07 [INFO   ]     ✅ [firstname.lastname] fanny.schreiber@delidip.com (Geschäftsführerin bei Deli Gourmet GmbH)
2026-03-21 15:00:07 [INFO   ]     ✅ [firstname.lastname] aleksandra.kubik@delidip.com (Supply Chain Management)
2026-03-21 15:00:07 [INFO   ] 
  📍 fischer BAUBOT (baubot.com)
2026-03-21 15:00:07 [INFO   ]     ✅ [firstname.lastname] victor.rodionov@baubot.com (Managing Director at Baubot)
2026-03-21 15:00:07 [INFO   ]     ✅ [firstname.lastname] georg.frühwirth@baubot.com (Team Lead Mechatronics | Build Better with Mobile Robotics at Baubot GmbH)
2026-03-21 15:00:07 [INFO   ]     ✅ [firstname.lastname] joseph.thomas@baubot.com (Mechanical/Production Engineer | Technical Project Manager)
2026-03-21 15:00:07 [INFO   ]     ✅ [firstname.lastname] nico.spiller@baubot.com (Data science, computational modeling, automated pipelines.)
2026-03-21 15:00:07 [INFO   ]     ✅ [firstname.lastname] ondřej.dvořáček@baubot.com (Mechanical and Testing Engineer at Baubot | Researcher & Engineer | Prototyping Specialist | Project Manager | Measurement & Data Acquisition Expert)
2026-03-21 15:00:07 [INFO   ] 
  📍 fragmentiX (fragmentix.com)
2026-03-21 15:00:07 [INFO   ]     ✅ [firstname.lastname] christoph.pacher@fragmentix.com (Chief Technology Officer at fragmentiX, Senior Scientist at AIT)
2026-03-21 15:00:07 [INFO   ]     ✅ [firstname.lastname] cyrill.eltschinger@fragmentix.com (Strategic Advisor, Consulting)
2026-03-21 15:00:07 [INFO   ]     ✅ [firstname.lastname] emre.okan@fragmentix.com (Software Developer @ fragmentiX Storage Solutions GmbH)
2026-03-21 15:00:07 [WARNING]     ⚠️  Skipping bad name: 'Ines Donabaum-Toth'
2026-03-21 15:00:07 [INFO   ]     ✅ [firstname.lastname] lena.johanna@fragmentix.com (People & Culture | Brand & Marketing Lead at fragmentiX)
2026-03-21 15:00:08 [INFO   ] 
  📍 haelsi (haelsi.at)
2026-03-21 15:00:08 [INFO   ]     ✅ [firstname.lastname] fanny.springer@haelsi.at (Founder's Associate at haelsi | Driving Strategy, Ops & Growth Hand-in-Hand with the CEO)
2026-03-21 15:00:08 [INFO   ]     ✅ [firstname.lastname] adham.kassab@haelsi.at (Healthcare Solutions Enthusiast)
2026-03-21 15:00:08 [WARNING]     ⚠️  Skipping bad name: 'Alexandra Schießbühl, Mag.'
2026-03-21 15:00:08 [INFO   ]     ✅ [firstname.lastname] dominik.gleich@haelsi.at (HNO-Facharzt | Spezialist für Nebenhöhlen- & Mittelohrchirurgie | Präzision & Empathie für die bestmögliche Behandlung)
2026-03-21 15:00:08 [INFO   ]     ✅ [firstname.lastname] eduard.momot@haelsi.at (AI Product Manager │ ex-Upwork │ CSPO, CSM)
2026-03-21 15:00:08 [INFO   ] 
  📍 ivii GmbH (ivii.eu)
2026-03-21 15:00:08 [INFO   ]     ✅ [firstname.lastname] peter.stelzer@ivii.eu (CEO bei ivii gmbH)
2026-03-21 15:00:08 [INFO   ]     ✅ [firstname.lastname] angela.mader@ivii.eu (Communications - Curious about all the things behind the scences.)
2026-03-21 15:00:08 [INFO   ]     ✅ [firstname.lastname] florian.rosenberg@ivii.eu (--)
2026-03-21 15:00:08 [INFO   ]     ✅ [firstname.lastname] helmut.schmidinger@ivii.eu (Head of Sales at ivii GmbH)
2026-03-21 15:00:08 [INFO   ]     ✅ [firstname.lastname] laurens.knasar@ivii.eu (Head of Controlling & Accounting bei KNAPP Industry Solutions & ivii GmbH)
2026-03-21 15:00:08 [INFO   ] 
  📍 markta.at (markta.at)
2026-03-21 15:00:08 [INFO   ]     ✅ [firstname.lastname] theresa.imre@markta.at (Founder markta.at | Forbes 30under30 | Österreicher:in des Jahres 2022 | Look! Woman of the Year 2021 | Unternehmerin des Jahres - Social Entrepreneurship 2021)
2026-03-21 15:00:08 [INFO   ]     ✅ [firstname.lastname] lisa.erbschwendtner@markta.at (Quality Management)
2026-03-21 15:00:08 [INFO   ]     ✅ [firstname.lastname] marlene.kothmayer@markta.at (Gerne per DU)
2026-03-21 15:00:08 [INFO   ]     ✅ [firstname.lastname] olivia.wahrbichler@markta.at (Creative Mind | Brand & Communications Enthusiast | Freelance Storyteller for Green & Social Businesses | Fortuneteller | Podcaster | Küchenpsychologin)
2026-03-21 15:00:08 [INFO   ] 
  📍 nyra health (nyra.health)
2026-03-21 15:00:08 [INFO   ]     ✅ [firstname.lastname] suthan.kethees@nyra.health (Senior Growth Manager - Lead Insurance | Nyra Health | Founder @ Comdu.it Deutschland | Public and Private Insurance)
2026-03-21 15:00:08 [INFO   ]     ✅ [firstname.lastname] batoul.belal@nyra.health (QMRA Team Lead @ nyra health)
2026-03-21 15:00:08 [INFO   ]     ✅ [firstname.lastname] bernhard.thallinger@nyra.health (Machine Learning Researcher/Engineer bei nyra health)
2026-03-21 15:00:08 [INFO   ]     ✅ [firstname.lastname] egor.mitin@nyra.health (Not in the market for a job. But for making things better.)
2026-03-21 15:00:08 [INFO   ]     ✅ [firstname.lastname] laura.hiller@nyra.health (Go-to-Market / Clinical Solutions & Sales Manager)
2026-03-21 15:00:08 [INFO   ] 
  📍 reiter design gmbh (reiter.design)
2026-03-21 15:00:08 [INFO   ]     ✅ [firstname.lastname] harald.franz@reiter.design (CEO Geschäftsführer - reiter design gmbh)
2026-03-21 15:00:08 [INFO   ]     ✅ [firstname.lastname] laurin.simon@reiter.design (Art Director bei reiter design gmbh)
2026-03-21 15:00:08 [INFO   ]     ✅ [firstname.lastname] manfred.bauer@reiter.design (Geschäftsführer bei der Hermann Tschabrun Gruppe)
2026-03-21 15:00:08 [INFO   ]     ✅ [firstname.lastname] anna.huber@reiter.design (Concept Design | Projektmanagement)
2026-03-21 15:00:08 [INFO   ]     ✅ [firstname.lastname] anna.scheier@reiter.design (Interior design bei reiter design gmbh)
2026-03-21 15:00:08 [INFO   ] 
  📍 sheconomy (sheconomy.media)
2026-03-21 15:00:08 [INFO   ]     ✅ [firstname.lastname] patrycja.gabriela@sheconomy.media (Founder of Xenia I FemTech for Women’s Wellness I Business Development & Sales 🚀)
2026-03-21 15:00:08 [WARNING]     ⚠️  Skipping bad name: 'Lena Z.'
2026-03-21 15:00:08 [INFO   ]     ✅ [firstname.lastname] nadezhda.makarova@sheconomy.media (Online Redaktion | Marketing)
2026-03-21 15:00:08 [INFO   ]     ✅ [firstname.lastname] stefan.löffelmann@sheconomy.media (Man kann nicht nicht kommunizieren)
2026-03-21 15:00:08 [INFO   ]     ✅ [firstname.lastname] yvonne.molek@sheconomy.media (Herausgeberin sheconomy - Die Wirtschaftsplattform für Frauen. 365 Tage im Jahr. Preisträgerin IHK-Preis 2024 für Wirtschaftsjournalismus “Ernst Schneider”)
2026-03-21 15:00:09 [INFO   ] 
  📍 vibe moves you (vibemovesyou.com)
2026-03-21 15:00:09 [INFO   ]     ✅ [firstname.lastname] martin.rada@vibemovesyou.com (Managing Director Sales and International Operations)
2026-03-21 15:00:09 [INFO   ]     ✅ [firstname.lastname] stefan.hombauer@vibemovesyou.com (vibe moves you | Operations & drivebeem | Geschäftsführer)
2026-03-21 15:00:09 [INFO   ]     ✅ [firstname.lastname] andrea.tunka@vibemovesyou.com (A smooth sea never made a great sailor)
2026-03-21 15:00:09 [INFO   ]     ✅ [firstname.lastname] kristin.himler@vibemovesyou.com (Head of PMO, Innovation & AI | vibe moves you)
2026-03-21 15:00:09 [INFO   ]     ✅ [firstname.lastname] marc.hahn@vibemovesyou.com (Fleet & Delivery bei vibe moves you)
2026-03-21 15:00:09 [INFO   ] 
  📍 Ölmühle Fandler GmbH (fandler.at)
2026-03-21 15:00:09 [INFO   ]     ✅ [firstname.lastname] josef.spindler@fandler.at (Geschäftsführer bei der Ölmühle Fandler GmbH)
2026-03-21 15:00:09 [INFO   ]     ✅ [firstname.lastname] carina.elisabeth@fandler.at (Carpe Diem)
2026-03-21 15:00:09 [INFO   ]     ✅ [firstname.lastname] gernot.kerschbaumer@fandler.at (Service Friends Kaiser)
2026-03-21 15:00:09 [INFO   ]     ✅ [firstname.lastname] julia.fandler@fandler.at (Unternehmensinhaber bei Ölmühle Fandler GmbH)
2026-03-21 15:00:09 [INFO   ]     ✅ [firstname.lastname] julia.jamnig@fandler.at (Qualitätsmanagement & Produktentwicklung)
2026-03-21 15:00:09 [INFO   ] 
======================================================================
2026-03-21 15:00:09 [INFO   ]   EMAIL BREAKDOWN
2026-03-21 15:00:09 [INFO   ] ======================================================================
2026-03-21 15:00:09 [INFO   ]   Staff emails   : 174
2026-03-21 15:00:09 [INFO   ]     → firstname.lastname@domain (LinkedIn employees)
2026-03-21 15:00:09 [INFO   ]     → sent to named individuals found in the DB
2026-03-21 15:00:09 [INFO   ]   Generic info@  : 0
2026-03-21 15:00:09 [INFO   ]     → info@domain (fallback — no employee found)
2026-03-21 15:00:09 [INFO   ]     → sent to company inbox, not a named person
2026-03-21 15:00:09 [INFO   ]   Total available: 174
2026-03-21 15:00:09 [INFO   ] ======================================================================
2026-03-21 15:00:16 [INFO   ] 
  Sending: 5 per profile × 8 profiles = 40 emails
2026-03-21 15:00:16 [INFO   ] 
  Full list:
2026-03-21 15:00:16 [INFO   ]       1. [STAFF  ] michael.pühringer@freiraum.cc  ← Michael Pühringer (Geschäftsleiter bei Freiraum Gartenarchitektur GmbH)
2026-03-21 15:00:16 [INFO   ]       2. [STAFF  ] johannes.klösch@harmonie-im-garten.at  ← Johannes Klösch (Geschäftsführer bei Harmonie Im Garten)
2026-03-21 15:00:16 [INFO   ]       3. [STAFF  ] alexandra.reimann@kalea.com  ← Alexandra Reimann (--)
2026-03-21 15:00:16 [INFO   ]       4. [STAFF  ] christian.weglarz@kalea.com  ← Christian Weglarz (Projektleitung)
2026-03-21 15:00:16 [INFO   ]       5. [STAFF  ] maria.tiefgraber@kalea.com  ← Maria Tiefgraber (--)
2026-03-21 15:00:16 [INFO   ]       6. [STAFF  ] hardy.egger@lifestylehotels.net  ← Hardy Egger (CEO / Owner, Lifestylehotels™ & THE Stylemate)
2026-03-21 15:00:16 [INFO   ]       7. [STAFF  ] sabina.riemer@lifestylehotels.net  ← Sabina Riemer (Assistant to CEO bei LIFESTYLEHOTELS I PRIME TIME Touristik & Marketing GmbH)
2026-03-21 15:00:16 [INFO   ]       8. [STAFF  ] thomas.holzleithner@lifestylehotels.net  ← Thomas Holzleithner (CEO | OWNER LIFESTYLEHOTELS & THE Stylemate)
2026-03-21 15:00:16 [INFO   ]       9. [STAFF  ] olfa.reyes@lifestylehotels.net  ← Olfa Reyes (recepcionista en LIFESTYLEHOTELS)
2026-03-21 15:00:16 [INFO   ]      10. [STAFF  ] george.dumitrescu@lueftner-cruises.com  ← George Dumitrescu (Operations la Lueftner Cruises)
2026-03-21 15:00:16 [INFO   ]      11. [STAFF  ] thorsten.schmitt@lueftner-cruises.com  ← Thorsten Schmitt (Only teamwork makes the dreamwork !)
2026-03-21 15:00:16 [INFO   ]      12. [STAFF  ] tim.van@lueftner-cruises.com  ← Tim van Bladel (Hospitality Professional)
2026-03-21 15:00:16 [INFO   ]      13. [STAFF  ] torsten.geserick@lueftner-cruises.com  ← Torsten Geserick (Safety & Compliance Senior Fleet Manager)
2026-03-21 15:00:16 [INFO   ]      14. [STAFF  ] dimitar.zhelev@meavo.com  ← Dimitar Zhelev (Managing Director at Meavo Office Phone Booths / CEO at Z prime Consulting)
2026-03-21 15:00:16 [INFO   ]      15. [STAFF  ] georgi.georgiev@meavo.com  ← Georgi Georgiev (Chief engineer at Ribex Maritime LTD)
2026-03-21 15:00:16 [INFO   ]      16. [STAFF  ] vojtech.kucera@meavo.com  ← Vojtech Kucera (Director of Operations at MEAVO | Driving focus on operational excellence. Scope: General management, Team development and Leadership, Operations, Customer & Technical support, Project management.)
2026-03-21 15:00:16 [INFO   ]      17. [STAFF  ] yavor.mitev@meavo.com  ← Yavor Mitev (Chief of Staff)
2026-03-21 15:00:16 [INFO   ]      18. [STAFF  ] alexandra.dupont@meavo.com  ← Alexandra Dupont (City Sales Manager/PBSA //5 Star Hospitality Background // Ex Jumeirah & Nobu)
2026-03-21 15:00:16 [INFO   ]      19. [STAFF  ] lukas.windbrechtinger@miind.at  ← Lukas Windbrechtinger (Geschäftsführer SAPHIIR GmbH)
2026-03-21 15:00:16 [INFO   ]      20. [STAFF  ] nikolaus.obermüller@miind.at  ← Nikolaus Obermüller (Gesellschafter MIIND GmbH Co-Founder Talentschmiede by Philipp Zulechner)
2026-03-21 15:00:16 [INFO   ]      21. [STAFF  ] philip.obermüller@miind.at  ← Philip Obermüller (GRÜNDER/ FOUNDER MIIND GMBH)
2026-03-21 15:00:16 [INFO   ]      22. [STAFF  ] eva.krieger@mikka.com  ← Eva Krieger (Marketing & Kommunikation bei MIKKA GmbH)
2026-03-21 15:00:16 [INFO   ]      23. [STAFF  ] magda.koukol@mikka.com  ← Magda Koukol (--)
2026-03-21 15:00:16 [INFO   ]      24. [STAFF  ] michael.kirchberger@mikka.com  ← Michael Kirchberger (Leitung Assembling & Logistik)
2026-03-21 15:00:16 [INFO   ]      25. [STAFF  ] michael.matzner@mikka.com  ← Michael Matzner (Geschäftsleitung bei MIKKA GmbH)
2026-03-21 15:00:16 [INFO   ]      26. [STAFF  ] patrick.holzhammer@mikka.com  ← Patrick Holzhammer (Sales & Business Development Manager)
2026-03-21 15:00:16 [INFO   ]      27. [STAFF  ] alex.siebert@mond.com  ← Alex Siebert (Custom clothier at Mond of Copenhagen)
2026-03-21 15:00:16 [INFO   ]      28. [STAFF  ] andreia.lopes@mond.com  ← Andreia Lopes Vaz Patto (Production Manager | Mond of Copenhagen)
2026-03-21 15:00:16 [INFO   ]      29. [STAFF  ] benjamin.nick@mond.com  ← Benjamin Nick Hugenschmidt (Student at DTU - Technical University of Denmark)
2026-03-21 15:00:16 [INFO   ]      30. [STAFF  ] daniel.fisher@mond.com  ← Daniel Fisher (At Mond of Copenhagen, pushing the boundaries of Made-To-Measure)
2026-03-21 15:00:16 [INFO   ]      31. [STAFF  ] kristian.tranders@mond.com  ← Kristian Tranders (Custom clothier hos Mond of Copenhagen)
2026-03-21 15:00:16 [INFO   ]      32. [STAFF  ] adel.hafizovic@neoh.com  ← Adel Hafizovic (Chief Sales Officer & Co-Founder at NEOH)
2026-03-21 15:00:16 [INFO   ]      33. [STAFF  ] clément.tischer@neoh.com  ← Clément Tischer (Head of FoodTech REWE Group | FoodTech Innovation, Startups, Business Development, Growth & Ventures | Board Director)
2026-03-21 15:00:16 [INFO   ]      34. [STAFF  ] richard.wilkinson@neoh.com  ← Richard Wilkinson (UK MD, NEOH | Ex-Founder | Building the future of chocolate (without the sugar crash))
2026-03-21 15:00:16 [INFO   ]      35. [STAFF  ] eugen.lippert@neoh.com  ← Eugen Lippert (Supply Chain Coordinator bei NEOH)
2026-03-21 15:00:16 [INFO   ]      36. [STAFF  ] george.gesek@novarion.systems  ← George Gesek (CEO & Founder of Novarion Systems, CTO & Co-founder of QMware)
2026-03-21 15:00:16 [INFO   ]      37. [STAFF  ] ana.aleksandrov@novarion.systems  ← Ana Aleksandrov (Visual & Graphic Designer)
2026-03-21 15:00:16 [INFO   ]      38. [STAFF  ] carsten.küperkoch@novarion.systems  ← Carsten Küperkoch (Project Engineer Europe | High Performance Computing)
2026-03-21 15:00:16 [INFO   ]      39. [STAFF  ] christoph.chvatal@novarion.systems  ← Christoph Chvatal (Strategische Planung & Technischer Support | Division Manager)
2026-03-21 15:00:16 [INFO   ]      40. [STAFF  ] danyal.sleman@novarion.systems  ← Danyal sleman (Logistikerleiter und Techniker bei Novarion Systems)
2026-03-21 15:00:16 [INFO   ] 
  ✓ Template: email_template_with_link.htm
2026-03-21 15:00:16 [INFO   ] 
  Distribution across 8 profile(s):
2026-03-21 15:00:16 [INFO   ]     Profile 1 (m7mMvZI0.Profile 9): 5 emails
2026-03-21 15:00:16 [INFO   ]     Profile 2 (ifyvFjIj.Profile 15): 5 emails
2026-03-21 15:00:16 [INFO   ]     Profile 3 (RCn17qXW.Profile 13): 5 emails
2026-03-21 15:00:16 [INFO   ]     Profile 4 (SucUl2kq.Profile 11): 5 emails
2026-03-21 15:00:16 [INFO   ]     Profile 5 (1E3luMW0.Profile 14): 5 emails
2026-03-21 15:00:16 [INFO   ]     Profile 6 (8o7wlsow.Profile 10): 5 emails
2026-03-21 15:00:16 [INFO   ]     Profile 7 (RqhQVxMP.Profile 8): 5 emails
2026-03-21 15:00:16 [INFO   ]     Profile 8 (dnUqYTxV.Profile 12): 5 emails
2026-03-21 15:00:16 [INFO   ] 
======================================================================
2026-03-21 15:00:18 [INFO   ] 
  Sending 40 emails across 8 profile(s)...
2026-03-21 15:00:18 [INFO   ] 
[1/40] P1 | Freiraum Gartenarchitektur GmbH — Michael Pühringer
2026-03-21 15:00:18 [INFO   ]   → michael.pühringer@freiraum.cc
2026-03-21 15:00:20 [ERROR  ]     ✗ ERROR: {e}
2026-03-21 15:00:20 [INFO   ] 
  🔄 Switching to Profile 2 (ifyvFjIj.Profile 15) — waiting 5s...
2026-03-21 15:00:25 [INFO   ] 
[2/40] P2 | Harmonie im Garten — Johannes Klösch
2026-03-21 15:00:25 [INFO   ]   → johannes.klösch@harmonie-im-garten.at
2026-03-21 15:00:29 [ERROR  ]     ✗ AUTH ERROR for jain107sandeep@gmail.com — check App Password
2026-03-21 15:00:29 [INFO   ] 
  🔄 Switching to Profile 3 (RCn17qXW.Profile 13) — waiting 5s...
2026-03-21 15:00:34 [INFO   ] 
[3/40] P3 | Kalea — Alexandra Reimann
2026-03-21 15:00:34 [INFO   ]   → alexandra.reimann@kalea.com
2026-03-21 15:00:39 [INFO   ]     ✓ SENT → alexandra.reimann@kalea.com
2026-03-21 15:00:44 [INFO   ] 
  🔄 Switching to Profile 4 (SucUl2kq.Profile 11) — waiting 5s...
2026-03-21 15:00:49 [INFO   ] 
[4/40] P4 | Kalea — Christian Weglarz
2026-03-21 15:00:49 [INFO   ]   → christian.weglarz@kalea.com
2026-03-21 15:00:49 [INFO   ]   ⏸️  Domain cooldown: waiting 5s for kalea.com...
2026-03-21 15:00:59 [INFO   ]     ✓ SENT → christian.weglarz@kalea.com
2026-03-21 15:01:04 [INFO   ] 
  🔄 Switching to Profile 5 (1E3luMW0.Profile 14) — waiting 5s...
2026-03-21 15:01:09 [INFO   ] 
[5/40] P5 | Kalea — Maria Tiefgraber
2026-03-21 15:01:09 [INFO   ]   → maria.tiefgraber@kalea.com
2026-03-21 15:01:09 [INFO   ]   ⏸️  Domain cooldown: waiting 5s for kalea.com...
2026-03-21 15:01:19 [INFO   ]     ✓ SENT → maria.tiefgraber@kalea.com
2026-03-21 15:01:24 [INFO   ] 
  🔄 Switching to Profile 6 (8o7wlsow.Profile 10) — waiting 5s...
2026-03-21 15:01:29 [INFO   ] 
[6/40] P6 | Lifestylehotels™ — Hardy Egger
2026-03-21 15:01:29 [INFO   ]   → hardy.egger@lifestylehotels.net
2026-03-21 15:01:34 [INFO   ]     ✓ SENT → hardy.egger@lifestylehotels.net
2026-03-21 15:01:34 [INFO   ] 💾 Progress saved — 225 emails sent total
2026-03-21 15:01:39 [INFO   ] 
  🔄 Switching to Profile 7 (RqhQVxMP.Profile 8) — waiting 5s...
2026-03-21 15:01:44 [INFO   ] 
[7/40] P7 | Lifestylehotels™ — Sabina Riemer
2026-03-21 15:01:44 [INFO   ]   → sabina.riemer@lifestylehotels.net
2026-03-21 15:01:44 [INFO   ]   ⏸️  Domain cooldown: waiting 5s for lifestylehotels.net...
2026-03-21 15:01:54 [INFO   ]     ✓ SENT → sabina.riemer@lifestylehotels.net
2026-03-21 15:01:59 [INFO   ] 
  🔄 Switching to Profile 8 (dnUqYTxV.Profile 12) — waiting 5s...
2026-03-21 15:02:04 [INFO   ] 
[8/40] P8 | Lifestylehotels™ — Thomas Holzleithner
2026-03-21 15:02:04 [INFO   ]   → thomas.holzleithner@lifestylehotels.net
2026-03-21 15:02:04 [INFO   ]   ⏸️  Domain cooldown: waiting 5s for lifestylehotels.net...
2026-03-21 15:02:14 [INFO   ]     ✓ SENT → thomas.holzleithner@lifestylehotels.net
2026-03-21 15:02:19 [INFO   ] 
  🔄 Switching to Profile 1 (m7mMvZI0.Profile 9) — waiting 5s...
2026-03-21 15:02:24 [INFO   ] 
[9/40] P1 | Lifestylehotels™ — Olfa Reyes
2026-03-21 15:02:24 [INFO   ]   → olfa.reyes@lifestylehotels.net
2026-03-21 15:02:24 [INFO   ]   ⏸️  Domain cooldown: waiting 5s for lifestylehotels.net...
2026-03-21 15:02:34 [INFO   ]     ✓ SENT → olfa.reyes@lifestylehotels.net
2026-03-21 15:02:39 [INFO   ] 
  🔄 Switching to Profile 2 (ifyvFjIj.Profile 15) — waiting 5s...
2026-03-21 15:02:44 [INFO   ] 
[10/40] P2 | Lueftner Cruises — George Dumitrescu
2026-03-21 15:02:44 [INFO   ]   → george.dumitrescu@lueftner-cruises.com
2026-03-21 15:02:48 [ERROR  ]     ✗ AUTH ERROR for jain107sandeep@gmail.com — check App Password
2026-03-21 15:02:48 [INFO   ] 
  🔄 Switching to Profile 3 (RCn17qXW.Profile 13) — waiting 5s...
2026-03-21 15:02:53 [INFO   ] 
[11/40] P3 | Lueftner Cruises — Thorsten Schmitt
2026-03-21 15:02:53 [INFO   ]   → thorsten.schmitt@lueftner-cruises.com
2026-03-21 15:02:53 [INFO   ]   ⏸️  Domain cooldown: waiting 11s for lueftner-cruises.com...
2026-03-21 15:03:09 [INFO   ]     ✓ SENT → thorsten.schmitt@lueftner-cruises.com
2026-03-21 15:03:14 [INFO   ] 
  🔄 Switching to Profile 4 (SucUl2kq.Profile 11) — waiting 5s...
2026-03-21 15:03:19 [INFO   ] 
[12/40] P4 | Lueftner Cruises — Tim van Bladel
2026-03-21 15:03:19 [INFO   ]   → tim.van@lueftner-cruises.com
2026-03-21 15:03:19 [INFO   ]   ⏸️  Domain cooldown: waiting 5s for lueftner-cruises.com...
2026-03-21 15:03:29 [INFO   ]     ✓ SENT → tim.van@lueftner-cruises.com
2026-03-21 15:03:29 [INFO   ] 💾 Progress saved — 230 emails sent total
2026-03-21 15:03:34 [INFO   ] 
  🔄 Switching to Profile 5 (1E3luMW0.Profile 14) — waiting 5s...
2026-03-21 15:03:39 [INFO   ] 
[13/40] P5 | Lueftner Cruises — Torsten Geserick
2026-03-21 15:03:39 [INFO   ]   → torsten.geserick@lueftner-cruises.com
2026-03-21 15:03:39 [INFO   ]   ⏸️  Domain cooldown: waiting 5s for lueftner-cruises.com...
2026-03-21 15:03:49 [INFO   ]     ✓ SENT → torsten.geserick@lueftner-cruises.com
2026-03-21 15:03:54 [INFO   ] 
  🛑 Batch break after 10 sent — waiting 30s...
2026-03-21 15:04:24 [INFO   ] 
  🔄 Switching to Profile 6 (8o7wlsow.Profile 10) — waiting 5s...
2026-03-21 15:04:29 [INFO   ] 
[14/40] P6 | MEAVO Office Phone Booths — Dimitar Zhelev
2026-03-21 15:04:29 [INFO   ]   → dimitar.zhelev@meavo.com
2026-03-21 15:04:33 [INFO   ]     ✓ SENT → dimitar.zhelev@meavo.com
2026-03-21 15:04:38 [INFO   ] 
  🔄 Switching to Profile 7 (RqhQVxMP.Profile 8) — waiting 5s...
2026-03-21 15:04:43 [INFO   ] 
[15/40] P7 | MEAVO Office Phone Booths — Georgi Georgiev
2026-03-21 15:04:43 [INFO   ]   → georgi.georgiev@meavo.com
2026-03-21 15:04:43 [INFO   ]   ⏸️  Domain cooldown: waiting 5s for meavo.com...
2026-03-21 15:04:55 [ERROR  ]     ✗ ERROR: {e}
2026-03-21 15:04:55 [INFO   ] 
  🔄 Switching to Profile 8 (dnUqYTxV.Profile 12) — waiting 5s...
2026-03-21 15:05:00 [INFO   ] 
[16/40] P8 | MEAVO Office Phone Booths — Vojtech Kucera
2026-03-21 15:05:00 [INFO   ]   → vojtech.kucera@meavo.com
2026-03-21 15:05:00 [INFO   ]   ⏸️  Domain cooldown: waiting 9s for meavo.com...
2026-03-21 15:05:13 [INFO   ]     ✓ SENT → vojtech.kucera@meavo.com
2026-03-21 15:05:18 [INFO   ] 
  🔄 Switching to Profile 1 (m7mMvZI0.Profile 9) — waiting 5s...
2026-03-21 15:05:23 [INFO   ] 
[17/40] P1 | MEAVO Office Phone Booths — Yavor Mitev
2026-03-21 15:05:23 [INFO   ]   → yavor.mitev@meavo.com
2026-03-21 15:05:23 [INFO   ]   ⏸️  Domain cooldown: waiting 5s for meavo.com...
2026-03-21 15:05:33 [INFO   ]     ✓ SENT → yavor.mitev@meavo.com
2026-03-21 15:05:38 [INFO   ] 
  🔄 Switching to Profile 2 (ifyvFjIj.Profile 15) — waiting 5s...
2026-03-21 15:05:43 [INFO   ] 
[18/40] P2 | MEAVO Office Phone Booths — Alexandra Dupont
2026-03-21 15:05:43 [INFO   ]   → alexandra.dupont@meavo.com
2026-03-21 15:05:43 [INFO   ]   ⏸️  Domain cooldown: waiting 5s for meavo.com...
2026-03-21 15:05:52 [ERROR  ]     ✗ AUTH ERROR for jain107sandeep@gmail.com — check App Password
2026-03-21 15:05:52 [INFO   ] 
  🔄 Switching to Profile 3 (RCn17qXW.Profile 13) — waiting 5s...
2026-03-21 15:05:57 [INFO   ] 
[19/40] P3 | MIIND GmbH — Lukas Windbrechtinger
2026-03-21 15:05:57 [INFO   ]   → lukas.windbrechtinger@miind.at
2026-03-21 15:06:02 [INFO   ]     ✓ SENT → lukas.windbrechtinger@miind.at
2026-03-21 15:06:02 [INFO   ] 💾 Progress saved — 235 emails sent total
2026-03-21 15:06:07 [INFO   ] 
  🔄 Switching to Profile 4 (SucUl2kq.Profile 11) — waiting 5s...
2026-03-21 15:06:12 [INFO   ] 
[20/40] P4 | MIIND GmbH — Nikolaus Obermüller
2026-03-21 15:06:12 [INFO   ]   → nikolaus.obermüller@miind.at
2026-03-21 15:06:12 [INFO   ]   ⏸️  Domain cooldown: waiting 5s for miind.at...
2026-03-21 15:06:20 [ERROR  ]     ✗ ERROR: {e}
2026-03-21 15:06:20 [INFO   ] 
  🔄 Switching to Profile 5 (1E3luMW0.Profile 14) — waiting 5s...
2026-03-21 15:06:25 [INFO   ] 
[21/40] P5 | MIIND GmbH — Philip Obermüller
2026-03-21 15:06:25 [INFO   ]   → philip.obermüller@miind.at
2026-03-21 15:06:25 [INFO   ]   ⏸️  Domain cooldown: waiting 12s for miind.at...
2026-03-21 15:06:40 [ERROR  ]     ✗ ERROR: {e}
2026-03-21 15:06:40 [INFO   ] 
  🔄 Switching to Profile 6 (8o7wlsow.Profile 10) — waiting 5s...
2026-03-21 15:06:45 [INFO   ] 
[22/40] P6 | MIKKA GmbH — Eva Krieger
2026-03-21 15:06:45 [INFO   ]   → eva.krieger@mikka.com
2026-03-21 15:06:49 [INFO   ]     ✓ SENT → eva.krieger@mikka.com
2026-03-21 15:06:54 [INFO   ] 
  🔄 Switching to Profile 7 (RqhQVxMP.Profile 8) — waiting 5s...
2026-03-21 15:06:59 [INFO   ] 
[23/40] P7 | MIKKA GmbH — Magda Koukol
2026-03-21 15:06:59 [INFO   ]   → magda.koukol@mikka.com
2026-03-21 15:06:59 [INFO   ]   ⏸️  Domain cooldown: waiting 5s for mikka.com...
2026-03-21 15:07:12 [INFO   ]     ✓ SENT → magda.koukol@mikka.com
2026-03-21 15:07:17 [INFO   ] 
  🔄 Switching to Profile 8 (dnUqYTxV.Profile 12) — waiting 5s...
2026-03-21 15:07:22 [INFO   ] 
[24/40] P8 | MIKKA GmbH — Michael Kirchberger
2026-03-21 15:07:22 [INFO   ]   → michael.kirchberger@mikka.com
2026-03-21 15:07:22 [INFO   ]   ⏸️  Domain cooldown: waiting 3s for mikka.com...
2026-03-21 15:07:29 [INFO   ]     ✓ SENT → michael.kirchberger@mikka.com
2026-03-21 15:07:34 [INFO   ] 
  🔄 Switching to Profile 1 (m7mMvZI0.Profile 9) — waiting 5s...
2026-03-21 15:07:39 [INFO   ] 
[25/40] P1 | MIKKA GmbH — Michael Matzner
2026-03-21 15:07:39 [INFO   ]   → michael.matzner@mikka.com
2026-03-21 15:07:39 [INFO   ]   ⏸️  Domain cooldown: waiting 5s for mikka.com...
2026-03-21 15:07:50 [INFO   ]     ✓ SENT → michael.matzner@mikka.com
2026-03-21 15:07:55 [INFO   ] 
  🔄 Switching to Profile 2 (ifyvFjIj.Profile 15) — waiting 5s...
2026-03-21 15:08:00 [INFO   ] 
[26/40] P2 | MIKKA GmbH — Patrick Holzhammer
2026-03-21 15:08:00 [INFO   ]   → patrick.holzhammer@mikka.com
2026-03-21 15:08:00 [INFO   ]   ⏸️  Domain cooldown: waiting 5s for mikka.com...
2026-03-21 15:08:08 [ERROR  ]     ✗ AUTH ERROR for jain107sandeep@gmail.com — check App Password
2026-03-21 15:08:08 [INFO   ] 
  🔄 Switching to Profile 3 (RCn17qXW.Profile 13) — waiting 5s...
2026-03-21 15:08:13 [INFO   ] 
[27/40] P3 | Mond.com — Alex Siebert
2026-03-21 15:08:13 [INFO   ]   → alex.siebert@mond.com
2026-03-21 15:08:18 [INFO   ]     ✓ SENT → alex.siebert@mond.com
2026-03-21 15:08:18 [INFO   ] 💾 Progress saved — 240 emails sent total
2026-03-21 15:08:23 [INFO   ] 
  🔄 Switching to Profile 4 (SucUl2kq.Profile 11) — waiting 5s...
2026-03-21 15:08:28 [INFO   ] 
[28/40] P4 | Mond.com — Andreia Lopes Vaz Patto
2026-03-21 15:08:28 [INFO   ]   → andreia.lopes@mond.com
2026-03-21 15:08:28 [INFO   ]   ⏸️  Domain cooldown: waiting 5s for mond.com...
2026-03-21 15:08:38 [INFO   ]     ✓ SENT → andreia.lopes@mond.com
2026-03-21 15:08:43 [INFO   ] 
  🛑 Batch break after 20 sent — waiting 30s...
2026-03-21 15:09:13 [INFO   ] 
  🔄 Switching to Profile 5 (1E3luMW0.Profile 14) — waiting 5s...
2026-03-21 15:09:18 [INFO   ] 
[29/40] P5 | Mond.com — Benjamin Nick Hugenschmidt
2026-03-21 15:09:18 [INFO   ]   → benjamin.nick@mond.com
2026-03-21 15:09:22 [INFO   ]     ✓ SENT → benjamin.nick@mond.com
2026-03-21 15:09:27 [INFO   ] 
  🔄 Switching to Profile 6 (8o7wlsow.Profile 10) — waiting 5s...
2026-03-21 15:09:32 [INFO   ] 
[30/40] P6 | Mond.com — Daniel Fisher
2026-03-21 15:09:32 [INFO   ]   → daniel.fisher@mond.com
2026-03-21 15:09:32 [INFO   ]   ⏸️  Domain cooldown: waiting 5s for mond.com...
2026-03-21 15:09:42 [INFO   ]     ✓ SENT → daniel.fisher@mond.com
2026-03-21 15:09:47 [INFO   ] 
  🔄 Switching to Profile 7 (RqhQVxMP.Profile 8) — waiting 5s...
2026-03-21 15:09:52 [INFO   ] 
[31/40] P7 | Mond.com — Kristian Tranders
2026-03-21 15:09:52 [INFO   ]   → kristian.tranders@mond.com
2026-03-21 15:09:52 [INFO   ]   ⏸️  Domain cooldown: waiting 5s for mond.com...
2026-03-21 15:10:02 [INFO   ]     ✓ SENT → kristian.tranders@mond.com
2026-03-21 15:10:07 [INFO   ] 
  🔄 Switching to Profile 8 (dnUqYTxV.Profile 12) — waiting 5s...
2026-03-21 15:10:12 [INFO   ] 
[32/40] P8 | NEOH — Adel Hafizovic
2026-03-21 15:10:12 [INFO   ]   → adel.hafizovic@neoh.com
2026-03-21 15:10:17 [INFO   ]     ✓ SENT → adel.hafizovic@neoh.com
2026-03-21 15:10:17 [INFO   ] 💾 Progress saved — 245 emails sent total
2026-03-21 15:10:22 [INFO   ] 
  🔄 Switching to Profile 1 (m7mMvZI0.Profile 9) — waiting 5s...
2026-03-21 15:10:27 [INFO   ] 
[33/40] P1 | NEOH — Clément Tischer
2026-03-21 15:10:27 [INFO   ]   → clément.tischer@neoh.com
2026-03-21 15:10:27 [INFO   ]   ⏸️  Domain cooldown: waiting 5s for neoh.com...
2026-03-21 15:10:35 [ERROR  ]     ✗ ERROR: {e}
2026-03-21 15:10:35 [INFO   ] 
  🔄 Switching to Profile 2 (ifyvFjIj.Profile 15) — waiting 5s...
2026-03-21 15:10:40 [INFO   ] 
[34/40] P2 | NEOH — Richard Wilkinson
2026-03-21 15:10:40 [INFO   ]   → richard.wilkinson@neoh.com
2026-03-21 15:10:40 [INFO   ]   ⏸️  Domain cooldown: waiting 12s for neoh.com...
2026-03-21 15:10:56 [ERROR  ]     ✗ AUTH ERROR for jain107sandeep@gmail.com — check App Password
2026-03-21 15:10:56 [INFO   ] 
  🔄 Switching to Profile 3 (RCn17qXW.Profile 13) — waiting 5s...
2026-03-21 15:11:01 [INFO   ] 
[35/40] P3 | NEOH — Eugen Lippert
2026-03-21 15:11:01 [INFO   ]   → eugen.lippert@neoh.com
2026-03-21 15:11:01 [INFO   ]   ⏸️  Domain cooldown: waiting 11s for neoh.com...
2026-03-21 15:11:17 [INFO   ]     ✓ SENT → eugen.lippert@neoh.com
2026-03-21 15:11:22 [INFO   ] 
  🔄 Switching to Profile 4 (SucUl2kq.Profile 11) — waiting 5s...
2026-03-21 15:11:27 [INFO   ] 
[36/40] P4 | Novarion Systems — George Gesek
2026-03-21 15:11:27 [INFO   ]   → george.gesek@novarion.systems
2026-03-21 15:11:31 [INFO   ]     ✓ SENT → george.gesek@novarion.systems
2026-03-21 15:11:36 [INFO   ] 
  🔄 Switching to Profile 5 (1E3luMW0.Profile 14) — waiting 5s...
2026-03-21 15:11:41 [INFO   ] 
[37/40] P5 | Novarion Systems — Ana Aleksandrov
2026-03-21 15:11:41 [INFO   ]   → ana.aleksandrov@novarion.systems
2026-03-21 15:11:41 [INFO   ]   ⏸️  Domain cooldown: waiting 5s for novarion.systems...
2026-03-21 15:11:51 [INFO   ]     ✓ SENT → ana.aleksandrov@novarion.systems
2026-03-21 15:11:56 [INFO   ] 
  🔄 Switching to Profile 6 (8o7wlsow.Profile 10) — waiting 5s...
2026-03-21 15:12:01 [INFO   ] 
[38/40] P6 | Novarion Systems — Carsten Küperkoch
2026-03-21 15:12:01 [INFO   ]   → carsten.küperkoch@novarion.systems
2026-03-21 15:12:01 [INFO   ]   ⏸️  Domain cooldown: waiting 5s for novarion.systems...
2026-03-21 15:12:10 [ERROR  ]     ✗ ERROR: {e}
2026-03-21 15:12:10 [INFO   ] 
  🔄 Switching to Profile 7 (RqhQVxMP.Profile 8) — waiting 5s...
2026-03-21 15:12:15 [INFO   ] 
[39/40] P7 | Novarion Systems — Christoph Chvatal
2026-03-21 15:12:15 [INFO   ]   → christoph.chvatal@novarion.systems
2026-03-21 15:12:15 [INFO   ]   ⏸️  Domain cooldown: waiting 12s for novarion.systems...
2026-03-21 15:12:31 [INFO   ]     ✓ SENT → christoph.chvatal@novarion.systems
2026-03-21 15:12:36 [INFO   ] 
  🔄 Switching to Profile 8 (dnUqYTxV.Profile 12) — waiting 5s...
2026-03-21 15:12:41 [INFO   ] 
[40/40] P8 | Novarion Systems — Danyal sleman
2026-03-21 15:12:41 [INFO   ]   → danyal.sleman@novarion.systems
2026-03-21 15:12:41 [INFO   ]   ⏸️  Domain cooldown: waiting 5s for novarion.systems...
2026-03-21 15:12:51 [INFO   ]     ✓ SENT → danyal.sleman@novarion.systems
2026-03-21 15:12:51 [INFO   ] 💾 Progress saved — 250 emails sent total
2026-03-21 15:12:56 [INFO   ] 💾 Progress saved — 250 emails sent total
2026-03-21 15:12:56 [INFO   ] 
======================================================================
2026-03-21 15:12:56 [INFO   ]   DONE
2026-03-21 15:12:56 [INFO   ] ======================================================================
2026-03-21 15:12:56 [INFO   ]   ✓ Sent this run : 29
2026-03-21 15:12:56 [INFO   ]   ✗ Failed        : 11
2026-03-21 15:12:56 [INFO   ]   📧 Grand total  : 250
2026-03-21 15:12:56 [INFO   ]   💡 To start fresh, delete: email_progress_linkedin.json
2026-03-21 15:12:56 [INFO   ] ======================================================================
2026-03-21 15:37:02 [INFO   ] ======================================================================
2026-03-21 15:37:02 [INFO   ]   LINKEDIN DB — COLD EMAIL SENDER
2026-03-21 15:37:02 [INFO   ]   Run started: 2026-03-21 15:37:02
2026-03-21 15:37:02 [INFO   ]   Log file   : C:\Users\sandeep\Downloads\CVL\send_linkedin_campaigns.log
2026-03-21 15:37:02 [INFO   ] ======================================================================
2026-03-21 15:37:02 [INFO   ] 
  Database : C:\Users\sandeep\Downloads\CVL\linkedin_data.db
2026-03-21 15:37:02 [INFO   ]   Companies: 100  (with domain: 99)
2026-03-21 15:37:02 [INFO   ]   Employees: 612
2026-03-21 15:37:02 [INFO   ] 
  Countries available:
2026-03-21 15:37:02 [INFO   ]      1. Austria  (100 companies)
2026-03-21 15:37:02 [INFO   ]      2. All countries
2026-03-21 15:37:04 [INFO   ] 
  Country filter: Austria
2026-03-21 15:37:04 [INFO   ] ✓ Loaded 10 SMTP password(s)
2026-03-21 15:37:04 [INFO   ]   ✓ 8 sending profile(s) ready
2026-03-21 15:37:04 [INFO   ] 
  📋 Resume mode: 250 emails already sent
2026-03-21 15:37:04 [INFO   ]      Companies already contacted: 133
2026-03-21 15:37:04 [INFO   ] 
  Loading companies from database...
2026-03-21 15:37:04 [INFO   ]   ✓ 99 companies loaded
2026-03-21 15:37:04 [INFO   ] 
======================================================================
2026-03-21 15:37:04 [INFO   ]   BUILDING EMAIL LIST
2026-03-21 15:37:04 [INFO   ] ======================================================================
2026-03-21 15:37:04 [INFO   ]   ⏭️  Skipping 3Dmensionals (already contacted)
2026-03-21 15:37:04 [INFO   ]   ⏭️  Skipping AIRSKIN (already contacted)
2026-03-21 15:37:04 [INFO   ]   ⏭️  Skipping AQT (already contacted)
2026-03-21 15:37:04 [INFO   ]   ⏭️  Skipping Adriana Reinigungsservice e.U. (already contacted)
2026-03-21 15:37:04 [INFO   ]   ⏭️  Skipping Alles Strass (already contacted)
2026-03-21 15:37:04 [INFO   ]   ⏭️  Skipping Alphagate Automatisierungstechnik GmbH (already contacted)
2026-03-21 15:37:04 [INFO   ]   ⏭️  Skipping Am Hof 8 - Private Members Club (already contacted)
2026-03-21 15:37:04 [INFO   ]   ⏭️  Skipping Amaze - Destination managed (already contacted)
2026-03-21 15:37:04 [INFO   ]   ⏭️  Skipping Arena International Events Group (already contacted)
2026-03-21 15:37:04 [INFO   ]   ⏭️  Skipping Ausserbrunner GmbH (already contacted)
2026-03-21 15:37:04 [INFO   ]   ⏭️  Skipping Austrian Hotel Association (already contacted)
2026-03-21 15:37:04 [INFO   ]   ⏭️  Skipping BACKBONE (already contacted)
2026-03-21 15:37:04 [INFO   ]   ⏭️  Skipping BRUNA (already contacted)
2026-03-21 15:37:04 [INFO   ]   ⏭️  Skipping Beckhoff Automation Österreich (already contacted)
2026-03-21 15:37:04 [INFO   ]   ⏭️  Skipping Beetronics (already contacted)
2026-03-21 15:37:04 [INFO   ]   ⏭️  Skipping BenQ DACH (already contacted)
2026-03-21 15:37:04 [INFO   ]   ⏭️  Skipping Burkert Danmark A/S (already contacted)
2026-03-21 15:37:04 [INFO   ]   ⏭️  Skipping CVIR Endovascular (already contacted)
2026-03-21 15:37:04 [INFO   ]   ⏭️  Skipping Cardiovascular and Interventional Radiological Society of Europe (CIRSE) (already contacted)
2026-03-21 15:37:04 [INFO   ]   ⏭️  Skipping Cartken (already contacted)
2026-03-21 15:37:04 [INFO   ]   ⏭️  Skipping CrateDB (already contacted)
2026-03-21 15:37:04 [INFO   ]   ⏭️  Skipping Cyberith (already contacted)
2026-03-21 15:37:04 [INFO   ]   ⏭️  Skipping Dessertmanufaktur Göttinger (already contacted)
2026-03-21 15:37:04 [INFO   ]   ⏭️  Skipping EXTOLL GmbH (already contacted)
2026-03-21 15:37:04 [INFO   ]   ⏭️  Skipping Eder Gartenarchitektur (already contacted)
2026-03-21 15:37:04 [INFO   ]   ⏭️  Skipping Erber Edelbrand | Brennhäusl (already contacted)
2026-03-21 15:37:04 [INFO   ]   ⏭️  Skipping Eska Gloves (already contacted)
2026-03-21 15:37:04 [INFO   ]   ⏭️  Skipping EuSoMII - European Society of Medical Imaging Informatics (already contacted)
2026-03-21 15:37:04 [INFO   ]   ⏭️  Skipping European Academy of Neurology (already contacted)
2026-03-21 15:37:04 [INFO   ]   ⏭️  Skipping European Conference on Interventional Oncology (already contacted)
2026-03-21 15:37:04 [INFO   ]   ⏭️  Skipping FRISTADS Alpine (already contacted)
2026-03-21 15:37:04 [INFO   ]   ⏭️  Skipping Florissa GmbH (already contacted)
2026-03-21 15:37:04 [INFO   ]   ⏭️  Skipping Forbes Austria (already contacted)
2026-03-21 15:37:04 [INFO   ] 
  📍 Freiraum Gartenarchitektur GmbH (freiraum.cc)
2026-03-21 15:37:04 [INFO   ]     ✅ [firstname.lastname] michael.pühringer@freiraum.cc (Geschäftsleiter bei Freiraum Gartenarchitektur GmbH)
2026-03-21 15:37:04 [INFO   ]   ⏭️  Skipping G&A • Gransier & Associates (already contacted)
2026-03-21 15:37:04 [INFO   ]   ⏭️  Skipping Garten Hödl GmbH (already contacted)
2026-03-21 15:37:04 [INFO   ]   ⏭️  Skipping Gartengestaltung Reinisch (already contacted)
2026-03-21 15:37:04 [INFO   ]   ⏭️  Skipping Global Second Opinion (already contacted)
2026-03-21 15:37:04 [INFO   ]   ⏭️  Skipping Gruber & Söhne GmbH (already contacted)
2026-03-21 15:37:04 [INFO   ]   ⏭️  Skipping HAM independent hospitality & tourism advisors (already contacted)
2026-03-21 15:37:04 [INFO   ]   ⏭️  Skipping HYPENEEDZ (already contacted)
2026-03-21 15:37:04 [INFO   ] 
  📍 Harmonie im Garten (harmonie-im-garten.at)
2026-03-21 15:37:04 [INFO   ]     ✅ [firstname.lastname] johannes.klösch@harmonie-im-garten.at (Geschäftsführer bei Harmonie Im Garten)
2026-03-21 15:37:04 [INFO   ]   ⏭️  Skipping Huber Fine Watches & Jewellery (already contacted)
2026-03-21 15:37:04 [INFO   ]   ⏭️  Skipping ISEKI-Food Association (already contacted)
2026-03-21 15:37:04 [INFO   ]   ⏭️  Skipping ImageBiopsy Lab (already contacted)
2026-03-21 15:37:04 [INFO   ]   ⏭️  Skipping Innovation Authority (already contacted)
2026-03-21 15:37:04 [INFO   ]   ⏭️  Skipping KONCEPT HOTELS (already contacted)
2026-03-21 15:37:04 [INFO   ]   ⏭️  Skipping Kalea (already contacted)
2026-03-21 15:37:04 [INFO   ]   ⏭️  Skipping LIGRE (already contacted)
2026-03-21 15:37:04 [INFO   ]   ⏭️  Skipping Langer® Magnet Austria (already contacted)
2026-03-21 15:37:04 [INFO   ]   ⏭️  Skipping Lifestylehotels™ (already contacted)
2026-03-21 15:37:04 [INFO   ]   ⏭️  Skipping Lightcast.com (already contacted)
2026-03-21 15:37:04 [INFO   ]   ⏭️  Skipping LiteSentry - Softsolution - Strainoptics (already contacted)
2026-03-21 15:37:04 [INFO   ]   ⏭️  Skipping Lueftner Cruises (already contacted)
2026-03-21 15:37:04 [INFO   ]   ⏭️  Skipping MEAVO Office Phone Booths (already contacted)
2026-03-21 15:37:04 [INFO   ]   ⏭️  Skipping MECHATRONIK AUSTRIA (already contacted)
2026-03-21 15:37:04 [INFO   ]   ⏭️  Skipping MIIND GmbH (already contacted)
2026-03-21 15:37:04 [INFO   ]   ⏭️  Skipping MIKKA GmbH (already contacted)
2026-03-21 15:37:04 [INFO   ]   ⏭️  Skipping MOSTLY AI (already contacted)
2026-03-21 15:37:04 [INFO   ]   ⏭️  Skipping Makaro Jewelry (already contacted)
2026-03-21 15:37:04 [INFO   ]   ⏭️  Skipping Mond.com (already contacted)
2026-03-21 15:37:04 [INFO   ]   ⏭️  Skipping NEOH (already contacted)
2026-03-21 15:37:04 [INFO   ]   ⏭️  Skipping Novarion Systems (already contacted)
2026-03-21 15:37:04 [INFO   ] 
  📍 OBERHOFER GmbH & Co KG (airlineuniform.com)
2026-03-21 15:37:04 [WARNING]     ⚠️  Skipping bad name: 'Barbara O.'
2026-03-21 15:37:04 [WARNING]     ⚠️  Skipping bad name: 'Hannes J. Oberhofer'
2026-03-21 15:37:04 [INFO   ]     ⊘  No employees found for OBERHOFER GmbH & Co KG — skipped (generic disabled)
2026-03-21 15:37:05 [INFO   ] 
  📍 Orderman (orderman.com)
2026-03-21 15:37:05 [INFO   ]     ✅ [firstname.lastname] rami.kaekati@orderman.com (Managing Director at Orderman UAE)
2026-03-21 15:37:05 [INFO   ]     ✅ [firstname.lastname] stefano.casarin@orderman.com (Chief Executive Officer | Executive MBA at Orderman Group (Italy/austria/ME))
2026-03-21 15:37:05 [INFO   ]     ✅ [firstname.lastname] amit.kumar@orderman.com (Finance Controller)
2026-03-21 15:37:05 [INFO   ]     ✅ [firstname.lastname] bernhard.zeppetzauer@orderman.com (Customer Care Manager bei Orderman)
2026-03-21 15:37:05 [INFO   ]     ✅ [firstname.lastname] homam.laham@orderman.com (Professional Services Consultant)
2026-03-21 15:37:05 [INFO   ] 
  📍 PRIME SHOES GmbH (prime-shoes.com)
2026-03-21 15:37:05 [INFO   ]     ✅ [firstname.lastname] dinesh.sanker@prime-shoes.com (ACCOUNTS MANAGER)
2026-03-21 15:37:05 [INFO   ]     ✅ [firstname.lastname] karthikeyan.subbaiyan@prime-shoes.com (Operations Manager at Prime Shoes)
2026-03-21 15:37:05 [INFO   ]     ✅ [firstname.lastname] marisol.rangel@prime-shoes.com (Consultor de SAP Business One | Especialista SAP Modulo MM | Tec. Informática.)
2026-03-21 15:37:05 [INFO   ]     ✅ [firstname.lastname] rita.suarez@prime-shoes.com (Gerente Retail)
2026-03-21 15:37:05 [INFO   ]     ✅ [firstname.lastname] zaheer.ahamed@prime-shoes.com (Quality assurance manager at Prime shoes)
2026-03-21 15:37:05 [INFO   ] 
  📍 Pfanner Austria Schutzbekleidung (pfanner-austria.at)
2026-03-21 15:37:05 [INFO   ]     ✅ [firstname.lastname] sebastian.metzler@pfanner-austria.at (CEO at Pfanner Schutzbekleidung GmbH and Protos GmbH)
2026-03-21 15:37:05 [INFO   ]     ✅ [firstname.lastname] claudia.schmid@pfanner-austria.at (Online Marketing Manager)
2026-03-21 15:37:05 [INFO   ]     ✅ [firstname.lastname] ingomar.bosch@pfanner-austria.at (Account Manager PFANNER Schutzbekleidung GmbH , PROTOS GmbH)
2026-03-21 15:37:05 [WARNING]     ⚠️  Skipping bad name: 'Jannik B.'
2026-03-21 15:37:05 [INFO   ]     ✅ [firstname.lastname] sabrina.kroeger@pfanner-austria.at (Vertrieb)
2026-03-21 15:37:05 [INFO   ] 
  📍 Phil Petter Knitwear GmbH & Co KG (shop.philpetter.com)
2026-03-21 15:37:05 [INFO   ]     ✅ [firstname.lastname] gerhard.wiedemann@shop.philpetter.com (Geschäftsführer)
2026-03-21 15:37:05 [INFO   ]     ✅ [firstname.lastname] axel.dreher@shop.philpetter.com (Supervisory Board Member)
2026-03-21 15:37:05 [INFO   ]     ✅ [firstname.lastname] max.wührer@shop.philpetter.com (Building quality and innovation with the team at Nuffinz – excited to take the brand to new heights!)
2026-03-21 15:37:05 [INFO   ]     ✅ [firstname.lastname] torsten.waack@shop.philpetter.com (-)
2026-03-21 15:37:05 [INFO   ] 
  📍 Putzerei Klaus (putzerei-klaus.at)
2026-03-21 15:37:05 [INFO   ]     ✅ [firstname.lastname] baharak.sadeghifar@putzerei-klaus.at (English)
2026-03-21 15:37:05 [INFO   ]     ✅ [firstname.lastname] markus.koller@putzerei-klaus.at (Mich schreckt kein Fleck)
2026-03-21 15:37:05 [INFO   ] 
  📍 QWSTION (qwstion.com)
2026-03-21 15:37:05 [INFO   ]     ✅ [firstname.lastname] fabrice.aeberhard@qwstion.com (Creative & Art Director, Industrial Designer, Entrepreneur)
2026-03-21 15:37:05 [INFO   ]     ✅ [firstname.lastname] hannes.schoenegger@qwstion.com (Co-founder, QWSTION + Bananatex®)
2026-03-21 15:37:05 [INFO   ]     ✅ [firstname.lastname] matthias.graf@qwstion.com (Co-Founder / Art Director at QWSTION + Bananatex)
2026-03-21 15:37:05 [INFO   ]     ✅ [firstname.lastname] christian.paul@qwstion.com (Designer, Entrepreneur, Lecturer – Designing for circularity, with plants instead of plastic)
2026-03-21 15:37:05 [INFO   ]     ✅ [firstname.lastname] luana.wüstiner@qwstion.com (Kommunikation mit Herz und Verstand.)
2026-03-21 15:37:05 [INFO   ] 
  📍 Red Bull SPECT EYEWEAR (specteyewear.com)
2026-03-21 15:37:05 [INFO   ]     ✅ [firstname.lastname] johannes.baumgartner@specteyewear.com (Geschäftsführer bei Kontaktpunkt Handels-Eventagentur)
2026-03-21 15:37:05 [INFO   ]     ✅ [firstname.lastname] marcel.haas@specteyewear.com (Key Account Manager DACH / Ex Red Bull / Owner Studio 7 Fuschlsee)
2026-03-21 15:37:05 [INFO   ]     ✅ [firstname.lastname] max.cools@specteyewear.com (Creëren van unieke raceobjecten met RACING.RENT // exclusief distributeur Red Bull SPECT // eigenaar Cools Group)
2026-03-21 15:37:05 [INFO   ]     ✅ [firstname.lastname] avin.kothari@specteyewear.com (Sales Manager at SPECT EYEWEAR)
2026-03-21 15:37:05 [INFO   ]     ✅ [firstname.lastname] dominik.völler@specteyewear.com (--)
2026-03-21 15:37:05 [INFO   ] 
  📍 Ropeways.net (seilbahn.net)
2026-03-21 15:37:05 [INFO   ]     ✅ [firstname.lastname] felix.viehauser@seilbahn.net (Ropeways.net / Seilbahn.net)
2026-03-21 15:37:05 [INFO   ]   ⏭️  Skipping SANSOL GmbH (already contacted)
2026-03-21 15:37:05 [INFO   ] 
  📍 STAY SPICED ! (stayspiced.com)
2026-03-21 15:37:05 [WARNING]     ⚠️  Skipping bad name: 'Lukas M. Walchhofer'
2026-03-21 15:37:05 [INFO   ]     ✅ [firstname.lastname] erik.allerberger@stayspiced.com (STAY SPICED ! 🌶️ Gewürze | Wir l(i)eben Gewürze | Wir helfen bei emotionalen Geschenken 🎁 & Lösungen für HORECA 👩‍🍳)
2026-03-21 15:37:05 [INFO   ]     ✅ [firstname.lastname] jonathan.tobischek@stayspiced.com (--)
2026-03-21 15:37:05 [INFO   ]     ✅ [firstname.lastname] megaela.manuela@stayspiced.com (Megaela)
2026-03-21 15:37:05 [WARNING]     ⚠️  Skipping bad name: 'Martina B.'
2026-03-21 15:37:05 [INFO   ] 
  📍 Schrankerl (schrankerl.at)
2026-03-21 15:37:05 [INFO   ]     ✅ [firstname.lastname] emilie.fauveau@schrankerl.at (Chief of Staff @ SCHRANKERL | FoodTech)
2026-03-21 15:37:05 [INFO   ]     ✅ [firstname.lastname] stephan.haymerle@schrankerl.at (Founder of SCHRANKERL | new work | great food | happy employees)
2026-03-21 15:37:05 [INFO   ]     ✅ [firstname.lastname] alexander.dullnig@schrankerl.at (Student at WU (Vienna University of Economics and Business))
2026-03-21 15:37:05 [INFO   ]     ✅ [firstname.lastname] anja.rack@schrankerl.at (Success with Innovation 💡💭 I Passion for food 🥙🍉)
2026-03-21 15:37:05 [INFO   ]     ✅ [firstname.lastname] karin.rosenberg@schrankerl.at (Food Science Professional | Product Development | Retail | Nutrition Coach)
2026-03-21 15:37:05 [INFO   ]   ⏭️  Skipping Schullin Wien (already contacted)
2026-03-21 15:37:05 [INFO   ] 
  📍 Sija Schmuck GmbH (sija.at)
2026-03-21 15:37:05 [INFO   ]     ✅ [firstname.lastname] birgit.freudenthaler@sija.at (Geschäftsführerin bei sija holding gmbh und sija schmuck gmbh)
2026-03-21 15:37:05 [INFO   ]     ✅ [firstname.lastname] jochen.kaiserseder@sija.at (Jok-by-Jok Ihre Immobilie mein Auftrag)
2026-03-21 15:37:05 [INFO   ] 
  📍 Sindbad - Social Business (sindbad.co.at)
2026-03-21 15:37:05 [INFO   ]     ✅ [firstname.lastname] alina.meyer@sindbad.co.at (Architecture & Design)
2026-03-21 15:37:05 [INFO   ]     ✅ [firstname.lastname] andrea.schneeberger@sindbad.co.at (Bildungsgestalterin | Educate. Develop. Innovate.)
2026-03-21 15:37:05 [INFO   ]     ✅ [firstname.lastname] elisabeth.langmann@sindbad.co.at (Community Managerin bei Sindbad - Social Business & In Ausbildung an der Universität Graz)
2026-03-21 15:37:05 [INFO   ]     ✅ [firstname.lastname] katharina.prielinger@sindbad.co.at (--)
2026-03-21 15:37:05 [INFO   ]     ✅ [firstname.lastname] lisa.heidrich@sindbad.co.at (Standortleitung bei Sindbad - Social Business in Görlitz)
2026-03-21 15:37:05 [INFO   ] 
  📍 TL Electronic GmbH (tl-electronic.de)
2026-03-21 15:37:05 [INFO   ]     ✅ [firstname.lastname] stefan.götz@tl-electronic.de (Geschäftsführer bei TL Electronic GmbH)
2026-03-21 15:37:05 [WARNING]     ⚠️  Skipping bad name: 'Cristian G.'
2026-03-21 15:37:05 [INFO   ]     ✅ [firstname.lastname] florian.heigl@tl-electronic.de (Produktmanager bei TL Electronic GmbH)
2026-03-21 15:37:05 [INFO   ]     ✅ [firstname.lastname] jürgen.nitsch@tl-electronic.de (Vertriebsexperte / Individuelle Beratung / Maßgeschneiderte Industrie PC Systeme die begeistern)
2026-03-21 15:37:05 [INFO   ]     ✅ [firstname.lastname] lucian.binder@tl-electronic.de (Vertrieb für industrielle IT Lösungen bei TL Electronic GmbH. Wir finden gemeinsam Lösungen zur Automatisierung und Visualisierung.)
2026-03-21 15:37:05 [INFO   ] 
  📍 Taurob (taurob.com)
2026-03-21 15:37:05 [INFO   ]     ✅ [firstname.lastname] lukas.silberbauer@taurob.com (Co-Founder & Managing Director, Taurob)
2026-03-21 15:37:05 [INFO   ]     ✅ [firstname.lastname] wolfgang.netzer@taurob.com (Director of Operations)
2026-03-21 15:37:05 [INFO   ]     ✅ [firstname.lastname] adriana.henríquez@taurob.com (Office Assistant bei Taurob)
2026-03-21 15:37:05 [INFO   ]     ✅ [firstname.lastname] alessandro.pasquino@taurob.com (Mechanical Engineer)
2026-03-21 15:37:05 [INFO   ]     ✅ [firstname.lastname] dmitrii.panasiuk@taurob.com (Mechanical Engineer / Robotics Application Engineer)
2026-03-21 15:37:05 [INFO   ] 
  📍 Terre Suisse AG (terresuisse.com)
2026-03-21 15:37:05 [INFO   ]     ✅ [firstname.lastname] martin.mettler@terresuisse.com (--)
2026-03-21 15:37:05 [INFO   ]     ✅ [firstname.lastname] patricia.seitz@terresuisse.com (Marketingfachfrau)
2026-03-21 15:37:05 [INFO   ] 
  📍 Trending Topics by newsrooms (trendingtopics.eu)
2026-03-21 15:37:05 [INFO   ]     ✅ [firstname.lastname] jakob.steinschaden@trendingtopics.eu (Co-founder newsrooms | Co-founder Trending Topics | Podcaster | Book Writer | Publisher | Moderator | Build, Baby, Build!)
2026-03-21 15:37:05 [WARNING]     ⚠️  Skipping bad name: 'Roberta Kostadinova💡'
2026-03-21 15:37:05 [INFO   ]     ✅ [firstname.lastname] anupam.kumar@trendingtopics.eu (Trending Topics में High School Teacher)
2026-03-21 15:37:05 [INFO   ]     ✅ [firstname.lastname] biftu.abduljelil@trendingtopics.eu (Sales/Marketing | Journalismus)
2026-03-21 15:37:05 [INFO   ]     ✅ [firstname.lastname] markus.kirchmaier@trendingtopics.eu (tailored software and staffing solutions. #gernperDu)
2026-03-21 15:37:05 [INFO   ] 
  📍 Unverschwendet (unverschwendet.at)
2026-03-21 15:37:05 [INFO   ]     ✅ [firstname.lastname] florian.welzl@unverschwendet.at (Managing Director | unverschwendet.at | Wir retten Lebensmittel & verwandeln sie in unvergessliche Geschenke für Mitarbeiter:innen und Kund:innen)
2026-03-21 15:37:05 [INFO   ]     ✅ [firstname.lastname] florian.ruckenbauer@unverschwendet.at (Operations & Partnermanagement bei Unverschwendet // M.Sc. Umwelt und Bioressourcenmanagement an der Universität für Bodenkultur)
2026-03-21 15:37:05 [INFO   ]     ✅ [firstname.lastname] gytis.paulauskas@unverschwendet.at (Teamlead for Sales&Shops @Unverschwendet 🥕🌱)
2026-03-21 15:37:05 [INFO   ]     ✅ [firstname.lastname] lena.oberwagner@unverschwendet.at (Operations Kostbar Markt)
2026-03-21 15:37:05 [INFO   ]     ✅ [firstname.lastname] louise.erba@unverschwendet.at (Team Lead Operations bei Unverschwendet GmbH)
2026-03-21 15:37:05 [INFO   ] 
  📍 VOCIER (vocier.com)
2026-03-21 15:37:05 [INFO   ]     ✅ [firstname.lastname] aishwarya.talekar@vocier.com (Social Media & Marketing Manager | Driving Brand Innovation through Creative Storytelling, Campaigns and Analytical Insights)
2026-03-21 15:37:05 [INFO   ]     ✅ [firstname.lastname] michael.kogelnik@vocier.com (working on the world's lightest luggage (lightest by far))
2026-03-21 15:37:05 [INFO   ]     ✅ [firstname.lastname] sabine.stieber@vocier.com (Geschäftsführender Inhaber bei SBS EDV-Dienstleistungen)
2026-03-21 15:37:05 [INFO   ]     ✅ [firstname.lastname] veronica.hurtado@vocier.com (Marketing and Category Management Specialist)
2026-03-21 15:37:05 [WARNING]     ⚠️  Skipping bad name: 'stephanie Antz-Mohr'
2026-03-21 15:37:05 [INFO   ] 
  📍 Whimsical (whimsical.com)
2026-03-21 15:37:05 [INFO   ]     ✅ [firstname.lastname] kaspars.dancis@whimsical.com (Co-founder & CEO, Whimsical)
2026-03-21 15:37:05 [WARNING]     ⚠️  Skipping bad name: 'Marcel Huss-Nielsen'
2026-03-21 15:37:05 [INFO   ]     ✅ [firstname.lastname] darta.rina@whimsical.com (Customer Experience | Whimsical)
2026-03-21 15:37:05 [INFO   ]     ✅ [firstname.lastname] diana.lace@whimsical.com (Head of Operations at Whimsical)
2026-03-21 15:37:05 [INFO   ]     ✅ [firstname.lastname] jānis.peisenieks@whimsical.com (Engineering Leader at Whimsical)
2026-03-21 15:37:05 [INFO   ] 
  📍 WomenTech Network (womentech.net)
2026-03-21 15:37:05 [INFO   ]     ✅ [firstname.lastname] amena.samar@womentech.net (Director|co-founder |Entrepreneur|State President-Telangana Information Technology Council , Wicci|Global Ambassador|SDG Ambassador|Board Member|State Chair|Good will Ambassador)
2026-03-21 15:37:05 [INFO   ]     ✅ [firstname.lastname] ami.patel@womentech.net (Founder of Nirvami Creations | 👩‍💻Technopreneur | Personal Branding | Women Tech Network🕸️ | Partner @ NRG Global Instruments)
2026-03-21 15:37:05 [INFO   ]     ✅ [firstname.lastname] ishita.kadian@womentech.net (CSE student at MIT Pune | AI ML enthusiast)
2026-03-21 15:37:05 [INFO   ]     ✅ [firstname.lastname] janani.thesu@womentech.net (WomenTech Global Ambassador | Devops with AI | Multicloud | Calico Big Cats Ambassador | Knowledge Sharing | Womenintech | TATA Consultancy Services)
2026-03-21 15:37:05 [WARNING]     ⚠️  Skipping bad name: 'Namrata Singh, GPHR, SHRM SCP, PSK I'
2026-03-21 15:37:05 [INFO   ] 
  📍 afreshed® (afreshed.at)
2026-03-21 15:37:05 [INFO   ]     ✅ [firstname.lastname] bernhard.bocksrucker@afreshed.at (Geschäftsführung @ afreshed GmbH | 🥕🍅🥦🍎🍐 | 6M ARR in Grocery as a Service 📦| We are hiring!🚀)
2026-03-21 15:37:05 [WARNING]     ⚠️  Skipping bad name: 'Frank R. S. Schmidt'
2026-03-21 15:37:05 [INFO   ]     ✅ [firstname.lastname] lukas.forsthuber@afreshed.at (Geschäftsführung @ afreshed GmbH | Einkauf & SCM | 6M ARR | Lean Enthusiast)
2026-03-21 15:37:05 [INFO   ]     ✅ [firstname.lastname] matthias.lang@afreshed.at (Inhaber Simple Solution. OG)
2026-03-21 15:37:05 [INFO   ]     ✅ [firstname.lastname] maximilian.welzenbach@afreshed.at (Geschäftsführung @ afreshed GmbH | 🥕🍅🥦🍎🍐 I Marketing)
2026-03-21 15:37:06 [INFO   ] 
  📍 brutkasten (brutkasten.com)
2026-03-21 15:37:06 [INFO   ]     ✅ [firstname.lastname] daniel.ignatenko@brutkasten.com (Sales / Marketing / Event Manager VC Magazin & StartingUp | Master of Science)
2026-03-21 15:37:06 [INFO   ]     ✅ [firstname.lastname] dominik.perlaki@brutkasten.com (Redakteur bei "Der Brutkasten"​)
2026-03-21 15:37:06 [INFO   ]     ✅ [firstname.lastname] hasan.derick@brutkasten.com (Responsable nettoyage chez derichbourg)
2026-03-21 15:37:06 [INFO   ]     ✅ [firstname.lastname] stefan.kottek@brutkasten.com (Media Consultant @brutkasten | für die Gestalter:Innen der Zukunft 🚀)
2026-03-21 15:37:06 [INFO   ] 
  📍 deli dip (delidip.com)
2026-03-21 15:37:06 [INFO   ]     ✅ [firstname.lastname] fanny.schreiber@delidip.com (Geschäftsführerin bei Deli Gourmet GmbH)
2026-03-21 15:37:06 [INFO   ]     ✅ [firstname.lastname] aleksandra.kubik@delidip.com (Supply Chain Management)
2026-03-21 15:37:06 [INFO   ] 
  📍 fischer BAUBOT (baubot.com)
2026-03-21 15:37:06 [INFO   ]     ✅ [firstname.lastname] victor.rodionov@baubot.com (Managing Director at Baubot)
2026-03-21 15:37:06 [INFO   ]     ✅ [firstname.lastname] georg.frühwirth@baubot.com (Team Lead Mechatronics | Build Better with Mobile Robotics at Baubot GmbH)
2026-03-21 15:37:06 [INFO   ]     ✅ [firstname.lastname] joseph.thomas@baubot.com (Mechanical/Production Engineer | Technical Project Manager)
2026-03-21 15:37:06 [INFO   ]     ✅ [firstname.lastname] nico.spiller@baubot.com (Data science, computational modeling, automated pipelines.)
2026-03-21 15:37:06 [INFO   ]     ✅ [firstname.lastname] ondřej.dvořáček@baubot.com (Mechanical and Testing Engineer at Baubot | Researcher & Engineer | Prototyping Specialist | Project Manager | Measurement & Data Acquisition Expert)
2026-03-21 15:37:06 [INFO   ] 
  📍 fragmentiX (fragmentix.com)
2026-03-21 15:37:06 [INFO   ]     ✅ [firstname.lastname] christoph.pacher@fragmentix.com (Chief Technology Officer at fragmentiX, Senior Scientist at AIT)
2026-03-21 15:37:06 [INFO   ]     ✅ [firstname.lastname] cyrill.eltschinger@fragmentix.com (Strategic Advisor, Consulting)
2026-03-21 15:37:06 [INFO   ]     ✅ [firstname.lastname] emre.okan@fragmentix.com (Software Developer @ fragmentiX Storage Solutions GmbH)
2026-03-21 15:37:06 [WARNING]     ⚠️  Skipping bad name: 'Ines Donabaum-Toth'
2026-03-21 15:37:06 [INFO   ]     ✅ [firstname.lastname] lena.johanna@fragmentix.com (People & Culture | Brand & Marketing Lead at fragmentiX)
2026-03-21 15:37:06 [INFO   ] 
  📍 haelsi (haelsi.at)
2026-03-21 15:37:06 [INFO   ]     ✅ [firstname.lastname] fanny.springer@haelsi.at (Founder's Associate at haelsi | Driving Strategy, Ops & Growth Hand-in-Hand with the CEO)
2026-03-21 15:37:06 [INFO   ]     ✅ [firstname.lastname] adham.kassab@haelsi.at (Healthcare Solutions Enthusiast)
2026-03-21 15:37:06 [WARNING]     ⚠️  Skipping bad name: 'Alexandra Schießbühl, Mag.'
2026-03-21 15:37:06 [INFO   ]     ✅ [firstname.lastname] dominik.gleich@haelsi.at (HNO-Facharzt | Spezialist für Nebenhöhlen- & Mittelohrchirurgie | Präzision & Empathie für die bestmögliche Behandlung)
2026-03-21 15:37:06 [INFO   ]     ✅ [firstname.lastname] eduard.momot@haelsi.at (AI Product Manager │ ex-Upwork │ CSPO, CSM)
2026-03-21 15:37:06 [INFO   ] 
  📍 ivii GmbH (ivii.eu)
2026-03-21 15:37:06 [INFO   ]     ✅ [firstname.lastname] peter.stelzer@ivii.eu (CEO bei ivii gmbH)
2026-03-21 15:37:06 [INFO   ]     ✅ [firstname.lastname] angela.mader@ivii.eu (Communications - Curious about all the things behind the scences.)
2026-03-21 15:37:06 [INFO   ]     ✅ [firstname.lastname] florian.rosenberg@ivii.eu (--)
2026-03-21 15:37:06 [INFO   ]     ✅ [firstname.lastname] helmut.schmidinger@ivii.eu (Head of Sales at ivii GmbH)
2026-03-21 15:37:06 [INFO   ]     ✅ [firstname.lastname] laurens.knasar@ivii.eu (Head of Controlling & Accounting bei KNAPP Industry Solutions & ivii GmbH)
2026-03-21 15:37:06 [INFO   ] 
  📍 markta.at (markta.at)
2026-03-21 15:37:06 [INFO   ]     ✅ [firstname.lastname] theresa.imre@markta.at (Founder markta.at | Forbes 30under30 | Österreicher:in des Jahres 2022 | Look! Woman of the Year 2021 | Unternehmerin des Jahres - Social Entrepreneurship 2021)
2026-03-21 15:37:06 [INFO   ]     ✅ [firstname.lastname] lisa.erbschwendtner@markta.at (Quality Management)
2026-03-21 15:37:06 [INFO   ]     ✅ [firstname.lastname] marlene.kothmayer@markta.at (Gerne per DU)
2026-03-21 15:37:06 [INFO   ]     ✅ [firstname.lastname] olivia.wahrbichler@markta.at (Creative Mind | Brand & Communications Enthusiast | Freelance Storyteller for Green & Social Businesses | Fortuneteller | Podcaster | Küchenpsychologin)
2026-03-21 15:37:06 [INFO   ] 
  📍 nyra health (nyra.health)
2026-03-21 15:37:06 [INFO   ]     ✅ [firstname.lastname] suthan.kethees@nyra.health (Senior Growth Manager - Lead Insurance | Nyra Health | Founder @ Comdu.it Deutschland | Public and Private Insurance)
2026-03-21 15:37:06 [INFO   ]     ✅ [firstname.lastname] batoul.belal@nyra.health (QMRA Team Lead @ nyra health)
2026-03-21 15:37:06 [INFO   ]     ✅ [firstname.lastname] bernhard.thallinger@nyra.health (Machine Learning Researcher/Engineer bei nyra health)
2026-03-21 15:37:06 [INFO   ]     ✅ [firstname.lastname] egor.mitin@nyra.health (Not in the market for a job. But for making things better.)
2026-03-21 15:37:06 [INFO   ]     ✅ [firstname.lastname] laura.hiller@nyra.health (Go-to-Market / Clinical Solutions & Sales Manager)
2026-03-21 15:37:06 [INFO   ] 
  📍 reiter design gmbh (reiter.design)
2026-03-21 15:37:06 [INFO   ]     ✅ [firstname.lastname] harald.franz@reiter.design (CEO Geschäftsführer - reiter design gmbh)
2026-03-21 15:37:06 [INFO   ]     ✅ [firstname.lastname] laurin.simon@reiter.design (Art Director bei reiter design gmbh)
2026-03-21 15:37:06 [INFO   ]     ✅ [firstname.lastname] manfred.bauer@reiter.design (Geschäftsführer bei der Hermann Tschabrun Gruppe)
2026-03-21 15:37:06 [INFO   ]     ✅ [firstname.lastname] anna.huber@reiter.design (Concept Design | Projektmanagement)
2026-03-21 15:37:06 [INFO   ]     ✅ [firstname.lastname] anna.scheier@reiter.design (Interior design bei reiter design gmbh)
2026-03-21 15:37:06 [INFO   ] 
  📍 sheconomy (sheconomy.media)
2026-03-21 15:37:06 [INFO   ]     ✅ [firstname.lastname] patrycja.gabriela@sheconomy.media (Founder of Xenia I FemTech for Women’s Wellness I Business Development & Sales 🚀)
2026-03-21 15:37:06 [WARNING]     ⚠️  Skipping bad name: 'Lena Z.'
2026-03-21 15:37:06 [INFO   ]     ✅ [firstname.lastname] nadezhda.makarova@sheconomy.media (Online Redaktion | Marketing)
2026-03-21 15:37:06 [INFO   ]     ✅ [firstname.lastname] stefan.löffelmann@sheconomy.media (Man kann nicht nicht kommunizieren)
2026-03-21 15:37:06 [INFO   ]     ✅ [firstname.lastname] yvonne.molek@sheconomy.media (Herausgeberin sheconomy - Die Wirtschaftsplattform für Frauen. 365 Tage im Jahr. Preisträgerin IHK-Preis 2024 für Wirtschaftsjournalismus “Ernst Schneider”)
2026-03-21 15:37:06 [INFO   ] 
  📍 vibe moves you (vibemovesyou.com)
2026-03-21 15:37:06 [INFO   ]     ✅ [firstname.lastname] martin.rada@vibemovesyou.com (Managing Director Sales and International Operations)
2026-03-21 15:37:06 [INFO   ]     ✅ [firstname.lastname] stefan.hombauer@vibemovesyou.com (vibe moves you | Operations & drivebeem | Geschäftsführer)
2026-03-21 15:37:06 [INFO   ]     ✅ [firstname.lastname] andrea.tunka@vibemovesyou.com (A smooth sea never made a great sailor)
2026-03-21 15:37:06 [INFO   ]     ✅ [firstname.lastname] kristin.himler@vibemovesyou.com (Head of PMO, Innovation & AI | vibe moves you)
2026-03-21 15:37:06 [INFO   ]     ✅ [firstname.lastname] marc.hahn@vibemovesyou.com (Fleet & Delivery bei vibe moves you)
2026-03-21 15:37:06 [INFO   ] 
  📍 Ölmühle Fandler GmbH (fandler.at)
2026-03-21 15:37:06 [INFO   ]     ✅ [firstname.lastname] josef.spindler@fandler.at (Geschäftsführer bei der Ölmühle Fandler GmbH)
2026-03-21 15:37:06 [INFO   ]     ✅ [firstname.lastname] carina.elisabeth@fandler.at (Carpe Diem)
2026-03-21 15:37:06 [INFO   ]     ✅ [firstname.lastname] gernot.kerschbaumer@fandler.at (Service Friends Kaiser)
2026-03-21 15:37:06 [INFO   ]     ✅ [firstname.lastname] julia.fandler@fandler.at (Unternehmensinhaber bei Ölmühle Fandler GmbH)
2026-03-21 15:37:06 [INFO   ]     ✅ [firstname.lastname] julia.jamnig@fandler.at (Qualitätsmanagement & Produktentwicklung)
2026-03-21 15:37:06 [INFO   ] 
======================================================================
2026-03-21 15:37:06 [INFO   ]   EMAIL BREAKDOWN
2026-03-21 15:37:06 [INFO   ] ======================================================================
2026-03-21 15:37:06 [INFO   ]   Staff emails   : 136
2026-03-21 15:37:06 [INFO   ]     → firstname.lastname@domain (LinkedIn employees)
2026-03-21 15:37:06 [INFO   ]     → sent to named individuals found in the DB
2026-03-21 15:37:06 [INFO   ]   Generic info@  : 0
2026-03-21 15:37:06 [INFO   ]     → info@domain (fallback — no employee found)
2026-03-21 15:37:06 [INFO   ]     → sent to company inbox, not a named person
2026-03-21 15:37:06 [INFO   ]   Total available: 136
2026-03-21 15:37:06 [INFO   ] ======================================================================
2026-03-21 15:37:08 [INFO   ] 
  Sending: 5 per profile × 8 profiles = 40 emails
2026-03-21 15:37:08 [INFO   ] 
  Full list:
2026-03-21 15:37:08 [INFO   ]       1. [STAFF  ] michael.pühringer@freiraum.cc  ← Michael Pühringer (Geschäftsleiter bei Freiraum Gartenarchitektur GmbH)
2026-03-21 15:37:08 [INFO   ]       2. [STAFF  ] johannes.klösch@harmonie-im-garten.at  ← Johannes Klösch (Geschäftsführer bei Harmonie Im Garten)
2026-03-21 15:37:08 [INFO   ]       3. [STAFF  ] rami.kaekati@orderman.com  ← Rami Kaekati (Managing Director at Orderman UAE)
2026-03-21 15:37:08 [INFO   ]       4. [STAFF  ] stefano.casarin@orderman.com  ← Stefano Casarin (Chief Executive Officer | Executive MBA at Orderman Group (Italy/austria/ME))
2026-03-21 15:37:08 [INFO   ]       5. [STAFF  ] amit.kumar@orderman.com  ← Amit Kumar Chauhan (Finance Controller)
2026-03-21 15:37:08 [INFO   ]       6. [STAFF  ] bernhard.zeppetzauer@orderman.com  ← Bernhard Zeppetzauer (Customer Care Manager bei Orderman)
2026-03-21 15:37:08 [INFO   ]       7. [STAFF  ] homam.laham@orderman.com  ← Homam Laham (Professional Services Consultant)
2026-03-21 15:37:08 [INFO   ]       8. [STAFF  ] dinesh.sanker@prime-shoes.com  ← Dinesh Sanker (ACCOUNTS MANAGER)
2026-03-21 15:37:08 [INFO   ]       9. [STAFF  ] karthikeyan.subbaiyan@prime-shoes.com  ← Karthikeyan Subbaiyan (Operations Manager at Prime Shoes)
2026-03-21 15:37:08 [INFO   ]      10. [STAFF  ] marisol.rangel@prime-shoes.com  ← Marisol Rangel (Consultor de SAP Business One | Especialista SAP Modulo MM | Tec. Informática.)
2026-03-21 15:37:08 [INFO   ]      11. [STAFF  ] rita.suarez@prime-shoes.com  ← Rita Suarez (Gerente Retail)
2026-03-21 15:37:08 [INFO   ]      12. [STAFF  ] zaheer.ahamed@prime-shoes.com  ← Zaheer Ahamed (Quality assurance manager at Prime shoes)
2026-03-21 15:37:08 [INFO   ]      13. [STAFF  ] sebastian.metzler@pfanner-austria.at  ← Sebastian Metzler (CEO at Pfanner Schutzbekleidung GmbH and Protos GmbH)
2026-03-21 15:37:08 [INFO   ]      14. [STAFF  ] claudia.schmid@pfanner-austria.at  ← Claudia Schmid (Online Marketing Manager)
2026-03-21 15:37:08 [INFO   ]      15. [STAFF  ] ingomar.bosch@pfanner-austria.at  ← Ingomar Bosch (Account Manager PFANNER Schutzbekleidung GmbH , PROTOS GmbH)
2026-03-21 15:37:08 [INFO   ]      16. [STAFF  ] sabrina.kroeger@pfanner-austria.at  ← Sabrina Kroeger (Vertrieb)
2026-03-21 15:37:08 [INFO   ]      17. [STAFF  ] gerhard.wiedemann@shop.philpetter.com  ← Gerhard Wiedemann (Geschäftsführer)
2026-03-21 15:37:08 [INFO   ]      18. [STAFF  ] axel.dreher@shop.philpetter.com  ← Axel Dreher (Supervisory Board Member)
2026-03-21 15:37:08 [INFO   ]      19. [STAFF  ] max.wührer@shop.philpetter.com  ← Max Wührer (Building quality and innovation with the team at Nuffinz – excited to take the brand to new heights!)
2026-03-21 15:37:08 [INFO   ]      20. [STAFF  ] torsten.waack@shop.philpetter.com  ← Torsten Waack van Wasen (-)
2026-03-21 15:37:08 [INFO   ]      21. [STAFF  ] baharak.sadeghifar@putzerei-klaus.at  ← Baharak Sadeghifar (English)
2026-03-21 15:37:08 [INFO   ]      22. [STAFF  ] markus.koller@putzerei-klaus.at  ← Markus Koller (Mich schreckt kein Fleck)
2026-03-21 15:37:08 [INFO   ]      23. [STAFF  ] fabrice.aeberhard@qwstion.com  ← Fabrice Aeberhard (Creative & Art Director, Industrial Designer, Entrepreneur)
2026-03-21 15:37:08 [INFO   ]      24. [STAFF  ] hannes.schoenegger@qwstion.com  ← Hannes Schoenegger (Co-founder, QWSTION + Bananatex®)
2026-03-21 15:37:08 [INFO   ]      25. [STAFF  ] matthias.graf@qwstion.com  ← Matthias Graf (Co-Founder / Art Director at QWSTION + Bananatex)
2026-03-21 15:37:08 [INFO   ]      26. [STAFF  ] christian.paul@qwstion.com  ← Christian Paul Kaegi (Designer, Entrepreneur, Lecturer – Designing for circularity, with plants instead of plastic)
2026-03-21 15:37:08 [INFO   ]      27. [STAFF  ] luana.wüstiner@qwstion.com  ← Luana Wüstiner (Kommunikation mit Herz und Verstand.)
2026-03-21 15:37:08 [INFO   ]      28. [STAFF  ] johannes.baumgartner@specteyewear.com  ← Johannes Baumgartner (Geschäftsführer bei Kontaktpunkt Handels-Eventagentur)
2026-03-21 15:37:08 [INFO   ]      29. [STAFF  ] marcel.haas@specteyewear.com  ← Marcel Haas (Key Account Manager DACH / Ex Red Bull / Owner Studio 7 Fuschlsee)
2026-03-21 15:37:08 [INFO   ]      30. [STAFF  ] max.cools@specteyewear.com  ← Max Cools (Creëren van unieke raceobjecten met RACING.RENT // exclusief distributeur Red Bull SPECT // eigenaar Cools Group)
2026-03-21 15:37:08 [INFO   ]      31. [STAFF  ] avin.kothari@specteyewear.com  ← Avin Kothari (Sales Manager at SPECT EYEWEAR)
2026-03-21 15:37:08 [INFO   ]      32. [STAFF  ] dominik.völler@specteyewear.com  ← Dominik Völler (--)
2026-03-21 15:37:08 [INFO   ]      33. [STAFF  ] felix.viehauser@seilbahn.net  ← Felix Viehauser (Ropeways.net / Seilbahn.net)
2026-03-21 15:37:08 [INFO   ]      34. [STAFF  ] erik.allerberger@stayspiced.com  ← Erik Allerberger (STAY SPICED ! 🌶️ Gewürze | Wir l(i)eben Gewürze | Wir helfen bei emotionalen Geschenken 🎁 & Lösungen für HORECA 👩‍🍳)
2026-03-21 15:37:08 [INFO   ]      35. [STAFF  ] jonathan.tobischek@stayspiced.com  ← Jonathan Tobischek (--)
2026-03-21 15:37:08 [INFO   ]      36. [STAFF  ] megaela.manuela@stayspiced.com  ← MEGAELA Manuela Reich (Megaela)
2026-03-21 15:37:08 [INFO   ]      37. [STAFF  ] emilie.fauveau@schrankerl.at  ← Emilie Fauveau (Chief of Staff @ SCHRANKERL | FoodTech)
2026-03-21 15:37:08 [INFO   ]      38. [STAFF  ] stephan.haymerle@schrankerl.at  ← Stephan Haymerle 🍋 (Founder of SCHRANKERL | new work | great food | happy employees)
2026-03-21 15:37:08 [INFO   ]      39. [STAFF  ] alexander.dullnig@schrankerl.at  ← Alexander Dullnig (Student at WU (Vienna University of Economics and Business))
2026-03-21 15:37:08 [INFO   ]      40. [STAFF  ] anja.rack@schrankerl.at  ← Anja Rack (Success with Innovation 💡💭 I Passion for food 🥙🍉)
2026-03-21 15:37:08 [INFO   ] 
  ✓ Template: email_template_with_link.htm
2026-03-21 15:37:08 [INFO   ] 
  Distribution across 8 profile(s):
2026-03-21 15:37:08 [INFO   ]     Profile 1 (m7mMvZI0.Profile 9): 5 emails
2026-03-21 15:37:08 [INFO   ]     Profile 2 (ifyvFjIj.Profile 15): 5 emails
2026-03-21 15:37:08 [INFO   ]     Profile 3 (RCn17qXW.Profile 13): 5 emails
2026-03-21 15:37:08 [INFO   ]     Profile 4 (SucUl2kq.Profile 11): 5 emails
2026-03-21 15:37:08 [INFO   ]     Profile 5 (1E3luMW0.Profile 14): 5 emails
2026-03-21 15:37:08 [INFO   ]     Profile 6 (8o7wlsow.Profile 10): 5 emails
2026-03-21 15:37:08 [INFO   ]     Profile 7 (RqhQVxMP.Profile 8): 5 emails
2026-03-21 15:37:08 [INFO   ]     Profile 8 (dnUqYTxV.Profile 12): 5 emails
2026-03-21 15:37:08 [INFO   ] 
======================================================================
2026-03-21 15:37:11 [INFO   ] 
  Sending 40 emails across 8 profile(s)...
2026-03-21 15:37:11 [INFO   ] 
[1/40] P1 | Freiraum Gartenarchitektur GmbH — Michael Pühringer
2026-03-21 15:37:11 [INFO   ]   → michael.pühringer@freiraum.cc
2026-03-21 15:37:14 [ERROR  ]     ✗ ERROR: {e}
2026-03-21 15:37:14 [INFO   ] 
  🔄 Switching to Profile 2 (ifyvFjIj.Profile 15) — waiting 5s...
2026-03-21 15:37:19 [INFO   ] 
[2/40] P2 | Harmonie im Garten — Johannes Klösch
2026-03-21 15:37:19 [INFO   ]   → johannes.klösch@harmonie-im-garten.at
2026-03-21 15:37:22 [ERROR  ]     ✗ AUTH ERROR for jain107sandeep@gmail.com — check App Password
2026-03-21 15:37:22 [INFO   ] 
  🔄 Switching to Profile 3 (RCn17qXW.Profile 13) — waiting 5s...
2026-03-21 15:37:27 [INFO   ] 
[3/40] P3 | Orderman — Rami Kaekati
2026-03-21 15:37:27 [INFO   ]   → rami.kaekati@orderman.com
2026-03-21 15:37:32 [INFO   ]     ✓ SENT → rami.kaekati@orderman.com
2026-03-21 15:37:37 [INFO   ] 
  🔄 Switching to Profile 4 (SucUl2kq.Profile 11) — waiting 5s...
2026-03-21 15:37:42 [INFO   ] 
[4/40] P4 | Orderman — Stefano Casarin
2026-03-21 15:37:42 [INFO   ]   → stefano.casarin@orderman.com
2026-03-21 15:37:42 [INFO   ]   ⏸️  Domain cooldown: waiting 5s for orderman.com...
2026-03-21 15:37:52 [INFO   ]     ✓ SENT → stefano.casarin@orderman.com
2026-03-21 15:37:57 [INFO   ] 
  🔄 Switching to Profile 5 (1E3luMW0.Profile 14) — waiting 5s...
2026-03-21 15:38:02 [INFO   ] 
[5/40] P5 | Orderman — Amit Kumar Chauhan
2026-03-21 15:38:02 [INFO   ]   → amit.kumar@orderman.com
2026-03-21 15:38:02 [INFO   ]   ⏸️  Domain cooldown: waiting 5s for orderman.com...
2026-03-21 15:38:11 [INFO   ]     ✓ SENT → amit.kumar@orderman.com
2026-03-21 15:38:16 [INFO   ] 
  🔄 Switching to Profile 6 (8o7wlsow.Profile 10) — waiting 5s...
2026-03-21 15:38:21 [INFO   ] 
[6/40] P6 | Orderman — Bernhard Zeppetzauer
2026-03-21 15:38:21 [INFO   ]   → bernhard.zeppetzauer@orderman.com
2026-03-21 15:38:21 [INFO   ]   ⏸️  Domain cooldown: waiting 5s for orderman.com...
2026-03-21 15:38:32 [INFO   ]     ✓ SENT → bernhard.zeppetzauer@orderman.com
2026-03-21 15:38:37 [INFO   ] 
  🔄 Switching to Profile 7 (RqhQVxMP.Profile 8) — waiting 5s...
2026-03-21 15:38:42 [INFO   ] 
[7/40] P7 | Orderman — Homam Laham
2026-03-21 15:38:42 [INFO   ]   → homam.laham@orderman.com
2026-03-21 15:38:42 [INFO   ]   ⏸️  Domain cooldown: waiting 5s for orderman.com...
2026-03-21 15:38:52 [INFO   ]     ✓ SENT → homam.laham@orderman.com
2026-03-21 15:38:52 [INFO   ] 💾 Progress saved — 255 emails sent total
2026-03-21 15:38:57 [INFO   ] 
  🔄 Switching to Profile 8 (dnUqYTxV.Profile 12) — waiting 5s...
2026-03-21 15:39:02 [INFO   ] 
[8/40] P8 | PRIME SHOES GmbH — Dinesh Sanker
2026-03-21 15:39:02 [INFO   ]   → dinesh.sanker@prime-shoes.com
2026-03-21 15:39:06 [INFO   ]     ✓ SENT → dinesh.sanker@prime-shoes.com
2026-03-21 15:39:11 [INFO   ] 
  🔄 Switching to Profile 1 (m7mMvZI0.Profile 9) — waiting 5s...
2026-03-21 15:39:16 [INFO   ] 
[9/40] P1 | PRIME SHOES GmbH — Karthikeyan Subbaiyan
2026-03-21 15:39:16 [INFO   ]   → karthikeyan.subbaiyan@prime-shoes.com
2026-03-21 15:39:16 [INFO   ]   ⏸️  Domain cooldown: waiting 5s for prime-shoes.com...
2026-03-21 15:39:27 [INFO   ]     ✓ SENT → karthikeyan.subbaiyan@prime-shoes.com
2026-03-21 15:39:32 [INFO   ] 
  🔄 Switching to Profile 2 (ifyvFjIj.Profile 15) — waiting 5s...
2026-03-21 15:39:37 [INFO   ] 
[10/40] P2 | PRIME SHOES GmbH — Marisol Rangel
2026-03-21 15:39:37 [INFO   ]   → marisol.rangel@prime-shoes.com
2026-03-21 15:39:37 [INFO   ]   ⏸️  Domain cooldown: waiting 5s for prime-shoes.com...
2026-03-21 15:39:45 [ERROR  ]     ✗ AUTH ERROR for jain107sandeep@gmail.com — check App Password
2026-03-21 15:39:45 [INFO   ] 
  🔄 Switching to Profile 3 (RCn17qXW.Profile 13) — waiting 5s...
2026-03-21 15:39:50 [INFO   ] 
[11/40] P3 | PRIME SHOES GmbH — Rita Suarez
2026-03-21 15:39:50 [INFO   ]   → rita.suarez@prime-shoes.com
2026-03-21 15:39:50 [INFO   ]   ⏸️  Domain cooldown: waiting 11s for prime-shoes.com...
2026-03-21 15:40:07 [INFO   ]     ✓ SENT → rita.suarez@prime-shoes.com
2026-03-21 15:40:12 [INFO   ] 
  🔄 Switching to Profile 4 (SucUl2kq.Profile 11) — waiting 5s...
2026-03-21 15:40:17 [INFO   ] 
[12/40] P4 | PRIME SHOES GmbH — Zaheer Ahamed
2026-03-21 15:40:17 [INFO   ]   → zaheer.ahamed@prime-shoes.com
2026-03-21 15:40:17 [INFO   ]   ⏸️  Domain cooldown: waiting 5s for prime-shoes.com...
2026-03-21 15:40:26 [INFO   ]     ✓ SENT → zaheer.ahamed@prime-shoes.com
2026-03-21 15:40:31 [INFO   ] 
  🔄 Switching to Profile 5 (1E3luMW0.Profile 14) — waiting 5s...
2026-03-21 15:40:36 [INFO   ] 
[13/40] P5 | Pfanner Austria Schutzbekleidung — Sebastian Metzler
2026-03-21 15:40:36 [INFO   ]   → sebastian.metzler@pfanner-austria.at
2026-03-21 15:40:41 [INFO   ]     ✓ SENT → sebastian.metzler@pfanner-austria.at
2026-03-21 15:40:41 [INFO   ] 💾 Progress saved — 260 emails sent total
2026-03-21 15:40:46 [INFO   ] 
  🛑 Batch break after 10 sent — waiting 30s...
2026-03-21 15:41:16 [INFO   ] 
  🔄 Switching to Profile 6 (8o7wlsow.Profile 10) — waiting 5s...
2026-03-21 15:41:21 [INFO   ] 
[14/40] P6 | Pfanner Austria Schutzbekleidung — Claudia Schmid
2026-03-21 15:41:21 [INFO   ]   → claudia.schmid@pfanner-austria.at
2026-03-21 15:41:25 [INFO   ]     ✓ SENT → claudia.schmid@pfanner-austria.at
2026-03-21 15:41:30 [INFO   ] 
  🔄 Switching to Profile 7 (RqhQVxMP.Profile 8) — waiting 5s...
2026-03-21 15:41:35 [INFO   ] 
[15/40] P7 | Pfanner Austria Schutzbekleidung — Ingomar Bosch
2026-03-21 15:41:35 [INFO   ]   → ingomar.bosch@pfanner-austria.at
2026-03-21 15:41:35 [INFO   ]   ⏸️  Domain cooldown: waiting 5s for pfanner-austria.at...
2026-03-21 15:41:45 [INFO   ]     ✓ SENT → ingomar.bosch@pfanner-austria.at
2026-03-21 15:41:50 [INFO   ] 
  🔄 Switching to Profile 8 (dnUqYTxV.Profile 12) — waiting 5s...
2026-03-21 15:41:55 [INFO   ] 
[16/40] P8 | Pfanner Austria Schutzbekleidung — Sabrina Kroeger
2026-03-21 15:41:55 [INFO   ]   → sabrina.kroeger@pfanner-austria.at
2026-03-21 15:41:55 [INFO   ]   ⏸️  Domain cooldown: waiting 5s for pfanner-austria.at...
2026-03-21 15:42:05 [INFO   ]     ✓ SENT → sabrina.kroeger@pfanner-austria.at
2026-03-21 15:42:10 [INFO   ] 
  🔄 Switching to Profile 1 (m7mMvZI0.Profile 9) — waiting 5s...
2026-03-21 15:42:15 [INFO   ] 
[17/40] P1 | Phil Petter Knitwear GmbH & Co KG — Gerhard Wiedemann
2026-03-21 15:42:15 [INFO   ]   → gerhard.wiedemann@shop.philpetter.com
2026-03-21 15:42:19 [INFO   ]     ✓ SENT → gerhard.wiedemann@shop.philpetter.com
2026-03-21 15:42:24 [INFO   ] 
  🔄 Switching to Profile 2 (ifyvFjIj.Profile 15) — waiting 5s...
2026-03-21 15:42:29 [INFO   ] 
[18/40] P2 | Phil Petter Knitwear GmbH & Co KG — Axel Dreher
2026-03-21 15:42:29 [INFO   ]   → axel.dreher@shop.philpetter.com
2026-03-21 15:42:29 [INFO   ]   ⏸️  Domain cooldown: waiting 5s for shop.philpetter.com...
2026-03-21 15:42:38 [ERROR  ]     ✗ AUTH ERROR for jain107sandeep@gmail.com — check App Password
2026-03-21 15:42:38 [INFO   ] 
  🔄 Switching to Profile 3 (RCn17qXW.Profile 13) — waiting 5s...
2026-03-21 15:42:43 [INFO   ] 
[19/40] P3 | Phil Petter Knitwear GmbH & Co KG — Max Wührer
2026-03-21 15:42:43 [INFO   ]   → max.wührer@shop.philpetter.com
2026-03-21 15:42:43 [INFO   ]   ⏸️  Domain cooldown: waiting 11s for shop.philpetter.com...
2026-03-21 15:42:58 [ERROR  ]     ✗ ERROR: {e}
2026-03-21 15:42:58 [INFO   ] 
  🔄 Switching to Profile 4 (SucUl2kq.Profile 11) — waiting 5s...
2026-03-21 15:43:03 [INFO   ] 
[20/40] P4 | Phil Petter Knitwear GmbH & Co KG — Torsten Waack van Wasen
2026-03-21 15:43:03 [INFO   ]   → torsten.waack@shop.philpetter.com
2026-03-21 15:43:03 [INFO   ]   ⏸️  Domain cooldown: waiting 12s for shop.philpetter.com...
2026-03-21 15:43:19 [INFO   ]     ✓ SENT → torsten.waack@shop.philpetter.com
2026-03-21 15:43:19 [INFO   ] 💾 Progress saved — 265 emails sent total
2026-03-21 15:43:24 [INFO   ] 
  🔄 Switching to Profile 5 (1E3luMW0.Profile 14) — waiting 5s...
2026-03-21 15:43:29 [INFO   ] 
[21/40] P5 | Putzerei Klaus — Baharak Sadeghifar
2026-03-21 15:43:29 [INFO   ]   → baharak.sadeghifar@putzerei-klaus.at
2026-03-21 15:43:33 [INFO   ]     ✓ SENT → baharak.sadeghifar@putzerei-klaus.at
2026-03-21 15:43:38 [INFO   ] 
  🔄 Switching to Profile 6 (8o7wlsow.Profile 10) — waiting 5s...
2026-03-21 15:43:43 [INFO   ] 
[22/40] P6 | Putzerei Klaus — Markus Koller
2026-03-21 15:43:43 [INFO   ]   → markus.koller@putzerei-klaus.at
2026-03-21 15:43:43 [INFO   ]   ⏸️  Domain cooldown: waiting 5s for putzerei-klaus.at...
2026-03-21 15:43:54 [INFO   ]     ✓ SENT → markus.koller@putzerei-klaus.at
2026-03-21 15:43:59 [INFO   ] 
  🔄 Switching to Profile 7 (RqhQVxMP.Profile 8) — waiting 5s...
2026-03-21 15:44:04 [INFO   ] 
[23/40] P7 | QWSTION — Fabrice Aeberhard
2026-03-21 15:44:04 [INFO   ]   → fabrice.aeberhard@qwstion.com
2026-03-21 15:44:08 [INFO   ]     ✓ SENT → fabrice.aeberhard@qwstion.com
2026-03-21 15:44:13 [INFO   ] 
  🔄 Switching to Profile 8 (dnUqYTxV.Profile 12) — waiting 5s...
2026-03-21 15:44:18 [INFO   ] 
[24/40] P8 | QWSTION — Hannes Schoenegger
2026-03-21 15:44:18 [INFO   ]   → hannes.schoenegger@qwstion.com
2026-03-21 15:44:18 [INFO   ]   ⏸️  Domain cooldown: waiting 5s for qwstion.com...
2026-03-21 15:44:28 [INFO   ]     ✓ SENT → hannes.schoenegger@qwstion.com
2026-03-21 15:44:33 [INFO   ] 
  🔄 Switching to Profile 1 (m7mMvZI0.Profile 9) — waiting 5s...
2026-03-21 15:44:38 [INFO   ] 
[25/40] P1 | QWSTION — Matthias Graf
2026-03-21 15:44:38 [INFO   ]   → matthias.graf@qwstion.com
2026-03-21 15:44:38 [INFO   ]   ⏸️  Domain cooldown: waiting 5s for qwstion.com...
2026-03-21 15:44:48 [INFO   ]     ✓ SENT → matthias.graf@qwstion.com
2026-03-21 15:44:48 [INFO   ] 💾 Progress saved — 270 emails sent total
2026-03-21 15:44:53 [INFO   ] 
  🛑 Batch break after 20 sent — waiting 30s...
2026-03-21 15:45:23 [INFO   ] 
  🔄 Switching to Profile 2 (ifyvFjIj.Profile 15) — waiting 5s...
2026-03-21 15:45:28 [INFO   ] 
[26/40] P2 | QWSTION — Christian Paul Kaegi
2026-03-21 15:45:28 [INFO   ]   → christian.paul@qwstion.com
2026-03-21 15:45:32 [ERROR  ]     ✗ AUTH ERROR for jain107sandeep@gmail.com — check App Password
2026-03-21 15:45:32 [INFO   ] 
  🔄 Switching to Profile 3 (RCn17qXW.Profile 13) — waiting 5s...
2026-03-21 15:45:37 [INFO   ] 
[27/40] P3 | QWSTION — Luana Wüstiner
2026-03-21 15:45:37 [INFO   ]   → luana.wüstiner@qwstion.com
2026-03-21 15:45:37 [INFO   ]   ⏸️  Domain cooldown: waiting 11s for qwstion.com...
2026-03-21 15:45:51 [ERROR  ]     ✗ ERROR: {e}
2026-03-21 15:45:51 [INFO   ] 
  🔄 Switching to Profile 4 (SucUl2kq.Profile 11) — waiting 5s...
2026-03-21 15:45:56 [INFO   ] 
[28/40] P4 | Red Bull SPECT EYEWEAR — Johannes Baumgartner
2026-03-21 15:45:56 [INFO   ]   → johannes.baumgartner@specteyewear.com
2026-03-21 15:46:00 [INFO   ]     ✓ SENT → johannes.baumgartner@specteyewear.com
2026-03-21 15:46:05 [INFO   ] 
  🔄 Switching to Profile 5 (1E3luMW0.Profile 14) — waiting 5s...
2026-03-21 15:46:10 [INFO   ] 
[29/40] P5 | Red Bull SPECT EYEWEAR — Marcel Haas
2026-03-21 15:46:10 [INFO   ]   → marcel.haas@specteyewear.com
2026-03-21 15:46:10 [INFO   ]   ⏸️  Domain cooldown: waiting 5s for specteyewear.com...
2026-03-21 15:46:20 [INFO   ]     ✓ SENT → marcel.haas@specteyewear.com
2026-03-21 15:46:25 [INFO   ] 
  🔄 Switching to Profile 6 (8o7wlsow.Profile 10) — waiting 5s...
2026-03-21 15:46:30 [INFO   ] 
[30/40] P6 | Red Bull SPECT EYEWEAR — Max Cools
2026-03-21 15:46:30 [INFO   ]   → max.cools@specteyewear.com
2026-03-21 15:46:30 [INFO   ]   ⏸️  Domain cooldown: waiting 5s for specteyewear.com...
2026-03-21 15:46:40 [INFO   ]     ✓ SENT → max.cools@specteyewear.com
2026-03-21 15:46:45 [INFO   ] 
  🔄 Switching to Profile 7 (RqhQVxMP.Profile 8) — waiting 5s...
2026-03-21 15:46:50 [INFO   ] 
[31/40] P7 | Red Bull SPECT EYEWEAR — Avin Kothari
2026-03-21 15:46:50 [INFO   ]   → avin.kothari@specteyewear.com
2026-03-21 15:46:50 [INFO   ]   ⏸️  Domain cooldown: waiting 5s for specteyewear.com...
2026-03-21 15:47:00 [INFO   ]     ✓ SENT → avin.kothari@specteyewear.com
2026-03-21 15:47:05 [INFO   ] 
  🔄 Switching to Profile 8 (dnUqYTxV.Profile 12) — waiting 5s...
2026-03-21 15:47:10 [INFO   ] 
[32/40] P8 | Red Bull SPECT EYEWEAR — Dominik Völler
2026-03-21 15:47:10 [INFO   ]   → dominik.völler@specteyewear.com
2026-03-21 15:47:10 [INFO   ]   ⏸️  Domain cooldown: waiting 5s for specteyewear.com...
2026-03-21 15:47:19 [ERROR  ]     ✗ ERROR: {e}
2026-03-21 15:47:19 [INFO   ] 
  🔄 Switching to Profile 1 (m7mMvZI0.Profile 9) — waiting 5s...
2026-03-21 15:47:24 [INFO   ] 
[33/40] P1 | Ropeways.net — Felix Viehauser
2026-03-21 15:47:24 [INFO   ]   → felix.viehauser@seilbahn.net
2026-03-21 15:47:28 [INFO   ]     ✓ SENT → felix.viehauser@seilbahn.net
2026-03-21 15:47:28 [INFO   ] 💾 Progress saved — 275 emails sent total
2026-03-21 15:47:33 [INFO   ] 
  🔄 Switching to Profile 2 (ifyvFjIj.Profile 15) — waiting 5s...
2026-03-21 15:47:38 [INFO   ] 
[34/40] P2 | STAY SPICED ! — Erik Allerberger
2026-03-21 15:47:38 [INFO   ]   → erik.allerberger@stayspiced.com
2026-03-21 15:47:42 [ERROR  ]     ✗ AUTH ERROR for jain107sandeep@gmail.com — check App Password
2026-03-21 15:47:42 [INFO   ] 
  🔄 Switching to Profile 3 (RCn17qXW.Profile 13) — waiting 5s...
2026-03-21 15:47:47 [INFO   ] 
[35/40] P3 | STAY SPICED ! — Jonathan Tobischek
2026-03-21 15:47:47 [INFO   ]   → jonathan.tobischek@stayspiced.com
2026-03-21 15:47:47 [INFO   ]   ⏸️  Domain cooldown: waiting 11s for stayspiced.com...
2026-03-21 15:48:03 [INFO   ]     ✓ SENT → jonathan.tobischek@stayspiced.com
2026-03-21 15:48:08 [INFO   ] 
  🔄 Switching to Profile 4 (SucUl2kq.Profile 11) — waiting 5s...
2026-03-21 15:48:13 [INFO   ] 
[36/40] P4 | STAY SPICED ! — MEGAELA Manuela Reich
2026-03-21 15:48:13 [INFO   ]   → megaela.manuela@stayspiced.com
2026-03-21 15:48:13 [INFO   ]   ⏸️  Domain cooldown: waiting 5s for stayspiced.com...
2026-03-21 15:48:23 [INFO   ]     ✓ SENT → megaela.manuela@stayspiced.com
2026-03-21 15:48:28 [INFO   ] 
  🔄 Switching to Profile 5 (1E3luMW0.Profile 14) — waiting 5s...
2026-03-21 15:48:33 [INFO   ] 
[37/40] P5 | Schrankerl — Emilie Fauveau
2026-03-21 15:48:33 [INFO   ]   → emilie.fauveau@schrankerl.at
2026-03-21 15:48:37 [INFO   ]     ✓ SENT → emilie.fauveau@schrankerl.at
2026-03-21 15:48:42 [INFO   ] 
  🔄 Switching to Profile 6 (8o7wlsow.Profile 10) — waiting 5s...
2026-03-21 15:48:47 [INFO   ] 
[38/40] P6 | Schrankerl — Stephan Haymerle 🍋
2026-03-21 15:48:47 [INFO   ]   → stephan.haymerle@schrankerl.at
2026-03-21 15:48:47 [INFO   ]   ⏸️  Domain cooldown: waiting 5s for schrankerl.at...
2026-03-21 15:48:57 [INFO   ]     ✓ SENT → stephan.haymerle@schrankerl.at
2026-03-21 15:49:02 [INFO   ] 
  🔄 Switching to Profile 7 (RqhQVxMP.Profile 8) — waiting 5s...
2026-03-21 15:49:07 [INFO   ] 
[39/40] P7 | Schrankerl — Alexander Dullnig
2026-03-21 15:49:07 [INFO   ]   → alexander.dullnig@schrankerl.at
2026-03-21 15:49:07 [INFO   ]   ⏸️  Domain cooldown: waiting 5s for schrankerl.at...
2026-03-21 15:49:17 [INFO   ]     ✓ SENT → alexander.dullnig@schrankerl.at
2026-03-21 15:49:17 [INFO   ] 💾 Progress saved — 280 emails sent total
2026-03-21 15:49:22 [INFO   ] 
  🛑 Batch break after 30 sent — waiting 30s...
2026-03-21 15:49:52 [INFO   ] 
  🔄 Switching to Profile 8 (dnUqYTxV.Profile 12) — waiting 5s...
2026-03-21 15:49:57 [INFO   ] 
[40/40] P8 | Schrankerl — Anja Rack
2026-03-21 15:49:57 [INFO   ]   → anja.rack@schrankerl.at
2026-03-21 15:50:01 [INFO   ]     ✓ SENT → anja.rack@schrankerl.at
2026-03-21 15:50:06 [INFO   ] 💾 Progress saved — 281 emails sent total
2026-03-21 15:50:06 [INFO   ] 
======================================================================
2026-03-21 15:50:06 [INFO   ]   DONE
2026-03-21 15:50:06 [INFO   ] ======================================================================
2026-03-21 15:50:06 [INFO   ]   ✓ Sent this run : 31
2026-03-21 15:50:06 [INFO   ]   ✗ Failed        : 9
2026-03-21 15:50:06 [INFO   ]   📧 Grand total  : 281
2026-03-21 15:50:06 [INFO   ]   💡 To start fresh, delete: email_progress_linkedin.json
2026-03-21 15:50:06 [INFO   ] ======================================================================
