id,linkedin_url,company_name,country,company_domain,website_raw,industry,company_size,headquarters,company_type,founded,followers,description,scraped_timestamp,updated_timestamp
270,https://www.linkedin.com/company/nyrahealth,nyra health,Austria,nyra.health,https://www.nyra.health,Hospitals and Health Care,11-50 employees,"Wien , Wien",,2021,,,2026-03-14T12:44:45Z,2026-03-14T12:45:22Z
271,https://www.linkedin.com/company/cardiovascular-and-interventional-radiological-society-of-europe,Cardiovascular and Interventional Radiological Society of Europe (CIRSE),Austria,cirse.org,http://cirse.org/,Medical Practices,11-50 employees,,,1984,,,2026-03-14T12:45:52Z,2026-03-14T12:46:25Z
272,https://www.linkedin.com/company/imagebiopsy-lab,ImageBiopsy Lab,Austria,imagebiopsy.com,http://www.imagebiopsy.com,Hospitals and Health Care,11-50 employees,,,2016,,,2026-03-14T12:46:57Z,2026-03-14T12:47:31Z
273,https://www.linkedin.com/company/eusomii,EuSoMII - European Society of Medical Imaging Informatics,Austria,eusomii.org,https://eusomii.org,Hospitals and Health Care,11-50 employees,,,2013,,,2026-03-14T12:48:00Z,2026-03-14T12:48:37Z
274,https://www.linkedin.com/company/global-second-opinion,Global Second Opinion,Austria,globalsecondopinion.com,https://www.globalsecondopinion.com/,Medical Practices,11-50 employees,"Boston, Massachusetts",,2019,,,2026-03-14T12:49:04Z,2026-03-14T12:49:38Z
275,https://www.linkedin.com/company/european-academy-of-neurology,European Academy of Neurology,Austria,ean.org,http://www.ean.org/,Hospitals and Health Care,11-50 employees,"Vienna, Vienna",,2014,,,2026-03-14T12:50:06Z,2026-03-14T12:50:40Z
276,https://www.linkedin.com/company/sindbad-social-business,Sindbad - Social Business,Austria,sindbad.co.at,http://www.sindbad.co.at/,Individual and Family Services,11-50 employees,,,2016,,,2026-03-14T12:51:06Z,2026-03-14T12:51:39Z
277,https://www.linkedin.com/company/haelsiat,haelsi,Austria,haelsi.at,https://www.haelsi.at,Hospitals and Health Care,11-50 employees,,,,,,2026-03-14T12:52:08Z,2026-03-14T12:52:43Z
278,https://www.linkedin.com/company/european-conference-on-interventional-oncology,European Conference on Interventional Oncology,Austria,ecio.org,http://www.ecio.org,Hospitals and Health Care,11-50 employees,"Vienna, Vienna",,,,,2026-03-14T12:53:06Z,2026-03-14T12:53:41Z
279,https://www.linkedin.com/company/cvir-endovascular,CVIR Endovascular,Austria,cvirendovascular.org,https://www.cvirendovascular.org,Medical Practices,11-50 employees,,,2015,,,2026-03-14T12:54:04Z,2026-03-14T12:54:39Z
280,https://www.linkedin.com/company/makarojewelry,Makaro Jewelry,Austria,makarojewelry.com,http://www.makarojewelry.com,Retail Luxury Goods and Jewelry,11-50 employees,,,2015,,,2026-03-14T12:55:07Z,2026-03-14T12:55:39Z
281,https://www.linkedin.com/company/brunathelabel,BRUNA,Austria,brunathelabel.com,https://brunathelabel.com,Luxury Goods & Jewelry,11-50 employees,,,2019,,,2026-03-14T12:56:11Z,2026-03-14T12:56:48Z
282,https://www.linkedin.com/company/uhren-juwelen-winkler,Juwelier Winkler,Austria,,,Retail Luxury Goods and Jewelry,11-50 employees,"Landeck, Tirol",,1953,,,2026-03-14T12:57:13Z,2026-03-14T12:57:49Z
283,https://www.linkedin.com/company/langer-magnet-austria,Langer® Magnet Austria,Austria,langer-magnet.com,https://www.langer-magnet.com,Retail Luxury Goods and Jewelry,11-50 employees,"Enns, Upper Austria",,1968,,,2026-03-14T12:58:14Z,2026-03-14T12:58:54Z
284,https://www.linkedin.com/company/schullin-wien,Schullin Wien,Austria,schullin.com,http://www.schullin.com,Retail Luxury Goods and Jewelry,11-50 employees,,,1955,,,2026-03-14T12:59:23Z,2026-03-14T12:59:59Z
285,https://www.linkedin.com/company/ligre-company,LIGRE,Austria,ligre.com,www.ligre.com,Retail Luxury Goods and Jewelry,11-50 employees,"Niederndorf bei Kufstein, Tirol",,2019,,,2026-03-14T13:00:30Z,2026-03-14T13:01:06Z
286,https://www.linkedin.com/company/vocier,VOCIER,Austria,vocier.com,http://www.vocier.com,Retail Luxury Goods and Jewelry,11-50 employees,"Düsseldorf, North Rhine-Westphalia",,2012,,,2026-03-14T13:01:33Z,2026-03-14T13:02:08Z
287,https://www.linkedin.com/company/huber-fine-watches-&-jewellery,Huber Fine Watches & Jewellery,Austria,huber.li,http://www.huber.li,Retail Luxury Goods and Jewelry,11-50 employees,,,1900,,,2026-03-14T13:02:34Z,2026-03-14T13:03:07Z
288,https://www.linkedin.com/company/alles-strass,Alles Strass,Austria,alles-strass.at,www.alles-strass.at,Retail Luxury Goods and Jewelry,11-50 employees,"Lustenau, Vorarlberg",,1983,,,2026-03-14T13:03:31Z,2026-03-14T13:04:09Z
289,https://www.linkedin.com/company/sija-schmuck-gmbh,Sija Schmuck GmbH,Austria,sija.at,http://www.sija.at,Retail Luxury Goods and Jewelry,11-50 employees,"Enns, Oberösterreich",,1951,,,2026-03-14T13:04:37Z,2026-03-14T13:05:16Z
290,https://www.linkedin.com/company/gocartken,Cartken,Austria,cartken.com,http://www.cartken.com,Robot Manufacturing,11-50 employees,"Oakland, CA",,,,,2026-03-14T13:05:43Z,2026-03-14T13:06:15Z
291,https://www.linkedin.com/company/airskin-by-blue-danube-robotics,AIRSKIN,Austria,airskin.io,https://www.airskin.io/,Automation Machinery Manufacturing,11-50 employees,,,2013,,,2026-03-14T13:06:42Z,2026-03-14T13:07:15Z
292,https://www.linkedin.com/company/baubot,fischer BAUBOT,Austria,baubot.com,www.baubot.com,Robot Manufacturing,11-50 employees,"Wien, Wien",,2017,,,2026-03-14T13:07:42Z,2026-03-14T13:08:19Z
293,https://www.linkedin.com/company/burkert-danmark,Burkert Danmark A/S,Austria,burkert.dk,http://www.burkert.dk,Automation Machinery Manufacturing,11-50 employees,"Skovlunde, Capital Region of Denmark",,1946,,,2026-03-14T13:08:47Z,2026-03-14T13:09:19Z
294,https://www.linkedin.com/company/alphagate-hmi-solutions,Alphagate Automatisierungstechnik GmbH,Austria,alphagate.eu,http://www.alphagate.eu,Industrial Automation,11-50 employees,"Rankweil, Vorarlberg",,1999,,,2026-03-14T13:09:49Z,2026-03-14T13:10:24Z
295,https://www.linkedin.com/company/mechatronik-austria,MECHATRONIK AUSTRIA,Austria,mechatronik-austria.at,http://www.mechatronik-austria.at,Automation Machinery Manufacturing,11-50 employees,"Saalfelden am Steinernen Meer, Salzburg",,2016,,,2026-03-14T13:10:55Z,2026-03-14T13:11:29Z
296,https://www.linkedin.com/company/ivii,ivii GmbH,Austria,ivii.eu,http://www.ivii.eu/,Automation Machinery Manufacturing,11-50 employees,"Dobl-Zwaring, Steiermark",,2016,,,2026-03-14T13:11:57Z,2026-03-14T13:12:32Z
297,https://www.linkedin.com/company/litesentry-llc,LiteSentry - Softsolution - Strainoptics,Austria,glassquality.com,http://glassquality.com,Automation Machinery Manufacturing,11-50 employees,"Burnsville, Minnesota",,1985,,,2026-03-14T13:13:01Z,2026-03-14T13:13:33Z
298,https://www.linkedin.com/company/beckhoff-automation-oesterreich,Beckhoff Automation Österreich,Austria,beckhoff.at,https://www.beckhoff.at/,Automation Machinery Manufacturing,11-50 employees,,,1997,,,2026-03-14T13:14:02Z,2026-03-14T13:14:37Z
299,https://www.linkedin.com/company/taurob-gmbh,Taurob,Austria,taurob.com,http://www.taurob.com,Automation Machinery Manufacturing,11-50 employees,,,2010,,,2026-03-14T13:15:05Z,2026-03-14T13:15:40Z
300,https://www.linkedin.com/company/garten-eder,Eder Gartenarchitektur,Austria,garten-eder.at,www.garten-eder.at,Horticulture,11-50 employees,"Kundl, Tyrol",,,,,2026-03-14T13:16:09Z,2026-03-14T13:16:41Z
301,https://www.linkedin.com/company/florissa,Florissa GmbH,Austria,florissa.at,www.florissa.at,Horticulture,11-50 employees,"Mondsee, Upper Austria",,2002,,,2026-03-14T13:17:05Z,2026-03-14T13:17:36Z
302,https://www.linkedin.com/company/terre-suisse,Terre Suisse AG,Austria,terresuisse.com,https://www.terresuisse.com/,Horticulture,11-50 employees,"Altstätten, St Gallen",,1999,,,2026-03-14T13:18:03Z,2026-03-14T13:18:44Z
303,https://www.linkedin.com/company/gartenhoedl,Garten Hödl GmbH,Austria,garten-hoedl.at,https://www.garten-hoedl.at,Horticulture,11-50 employees,"Vasoldsberg, Styria",,1994,,,2026-03-14T13:19:15Z,2026-03-14T13:19:52Z
304,https://www.linkedin.com/company/ausserbrunner-gmbh,Ausserbrunner GmbH,Austria,ausserbrunner.at,https://www.ausserbrunner.at/,Horticulture,11-50 employees,"Dornbirn, Vorarlberg",,2010,,,2026-03-14T13:20:19Z,2026-03-14T13:20:52Z
305,https://www.linkedin.com/company/sanlight-solution,SANSOL GmbH,Austria,sansol.eu,www.sansol.eu,Horticulture,11-50 employees,"Jennersdorf, Burgenland",,2018,,,2026-03-14T13:21:19Z,2026-03-14T13:21:54Z
306,https://www.linkedin.com/company/freiraum-gartenarchitektur-gmbh,Freiraum Gartenarchitektur GmbH,Austria,freiraum.cc,www.freiraum.cc,Horticulture,11-50 employees,"Alkoven, Upper Austria",,1999,,,2026-03-14T13:22:17Z,2026-03-14T13:22:53Z
307,https://www.linkedin.com/company/garten-reinisch,Gartengestaltung Reinisch,Austria,garten-reinisch.at,https://www.garten-reinisch.at/,Horticulture,11-50 employees,"Tattendorf, Niederösterreich",,2005,,,2026-03-14T13:23:22Z,2026-03-14T13:23:55Z
308,https://www.linkedin.com/company/harmonie-im-garten,Harmonie im Garten,Austria,harmonie-im-garten.at,www.harmonie-im-garten.at,Horticulture,11-50 employees,"Seeboden, Carinthia",,2017,,,2026-03-14T13:24:25Z,2026-03-14T13:25:00Z
309,https://www.linkedin.com/company/gruber-s%C3%B6hne-gmbh,Gruber & Söhne GmbH,Austria,grubersoehne.at,www.grubersoehne.at,Horticulture,11-50 employees,"Bad Sauerbrunn, Burgenland",,1997,,,2026-03-14T13:25:29Z,2026-03-14T13:26:06Z
310,https://www.linkedin.com/company/womentech-network,WomenTech Network,Austria,womentech.net,https://www.womentech.net,"Technology, Information and Media","501-1,000 employees","Mountain View, California",,,,,2026-03-14T13:26:32Z,2026-03-14T13:27:06Z
311,https://www.linkedin.com/company/mostlyai,MOSTLY AI,Austria,mostly.ai,https://mostly.ai/,Software Development,11-50 employees,,,2017,,,2026-03-14T13:27:38Z,2026-03-14T13:28:12Z
312,https://www.linkedin.com/company/innovationauthority,Innovation Authority,Austria,innovationauthority.com,https://innovationauthority.com,Business Content,11-50 employees,,,2025,,,2026-03-14T13:28:45Z,2026-03-14T13:29:24Z
313,https://www.linkedin.com/company/brutkasten-com,brutkasten,Austria,brutkasten.com,https://www.brutkasten.com/,Media Production,11-50 employees,,,2015,,,2026-03-14T13:29:54Z,2026-03-14T13:30:28Z
314,https://www.linkedin.com/company/whimsical,Whimsical,Austria,whimsical.com,https://whimsical.com,Software Development,11-50 employees,"Denver, Colorado",,2017,,,2026-03-14T13:30:52Z,2026-03-14T13:31:28Z
315,https://www.linkedin.com/company/forbesat,Forbes Austria,Austria,forbes.at,http://www.forbes.at,Newspaper Publishing,11-50 employees,"Vienna, Vienna",,2017,,,2026-03-14T13:31:53Z,2026-03-14T13:32:26Z
316,https://www.linkedin.com/company/sheconomy-wirtschaftsmagazin,sheconomy,Austria,sheconomy.media,http://sheconomy.media,Newspaper Publishing,11-50 employees,,,2018,,,2026-03-14T13:32:57Z,2026-03-14T13:33:31Z
317,https://www.linkedin.com/company/lightcast,Lightcast.com,Austria,lightcast.com,https://www.lightcast.com,Online Audio and Video Media,11-50 employees,"Charlotte, North Carolina",,2010,,,2026-03-14T13:33:57Z,2026-03-14T13:34:30Z
318,https://www.linkedin.com/company/trendingtopics-eu,Trending Topics by newsrooms,Austria,trendingtopics.eu,https://www.trendingtopics.eu/de/,"Technology, Information and Media",11-50 employees,"Vienna, Vienna",,2015,,,2026-03-14T13:34:59Z,2026-03-14T13:35:34Z
319,https://www.linkedin.com/company/crateio,CrateDB,Austria,cratedb.com,https://cratedb.com,Software Development,11-50 employees,"Redwood City, CA",,2013,,,2026-03-14T13:35:59Z,2026-03-14T13:36:33Z
320,https://www.linkedin.com/company/prime-shoes-gmbh,PRIME SHOES GmbH,Austria,prime-shoes.com,http://www.prime-shoes.com,Retail Apparel and Fashion,11-50 employees,,,1993,,,2026-03-15T17:17:02Z,2026-03-15T17:17:35Z
321,https://www.linkedin.com/company/pfanner-austria-schutzbekleidung,Pfanner Austria Schutzbekleidung,Austria,pfanner-austria.at,http://www.pfanner-austria.at,Retail Apparel and Fashion,11-50 employees,"Koblach, Vorarlberg",,1990,,,2026-03-15T17:18:00Z,2026-03-15T17:18:33Z
322,https://www.linkedin.com/company/phil-petter,Phil Petter Knitwear GmbH & Co KG,Austria,shop.philpetter.com,https://www.shop.philpetter.com,Retail Apparel and Fashion,11-50 employees,"Dornbirn, Vorarlberg",,1973,,,2026-03-15T17:19:04Z,2026-03-15T17:19:41Z
323,https://www.linkedin.com/company/eska-lederhandschuhfabrik-gesmbh-co-kg,Eska Gloves,Austria,eskagloves.com,http://www.eskagloves.com,Retail Apparel and Fashion,11-50 employees,"Thalheim bei Wels, Oberösterreich",,1912,,,2026-03-15T17:20:05Z,2026-03-15T17:20:42Z
324,https://www.linkedin.com/company/oberhofer-uniform,OBERHOFER GmbH & Co KG,Austria,airlineuniform.com,http://www.airlineuniform.com,Retail Apparel and Fashion,11-50 employees,"Kramsach, Tirol",,1955,,,2026-03-15T17:21:08Z,2026-03-15T17:21:43Z
325,https://www.linkedin.com/company/mond-of-copenhagen,Mond.com,Austria,mond.com,http://www.mond.com,Retail Apparel and Fashion,11-50 employees,"KBH V, Danmark",,2011,,,2026-03-15T17:22:09Z,2026-03-15T17:22:43Z
326,https://www.linkedin.com/company/spect-eyewear,Red Bull SPECT EYEWEAR,Austria,specteyewear.com,http://www.specteyewear.com,Retail Apparel and Fashion,11-50 employees,"Graz, Styria",,2016,,,2026-03-15T17:23:11Z,2026-03-15T17:23:45Z
327,https://www.linkedin.com/company/fristadsaustria,FRISTADS Alpine,Austria,fristads.com,https://www.fristads.com/de-at/,Retail Apparel and Fashion,11-50 employees,"Salzburg, Österreich",,1925,,,2026-03-15T17:24:12Z,2026-03-15T17:24:47Z
328,https://www.linkedin.com/company/qwstionthenorm,QWSTION,Austria,qwstion.com,http://www.qwstion.com/pages/about-us,Retail Apparel and Fashion,11-50 employees,"Zurich, Zurich",,2008,,,2026-03-15T17:25:14Z,2026-03-15T17:25:50Z
329,https://www.linkedin.com/company/hypeneedz,HYPENEEDZ,Austria,hypeneedz.com,http://hypeneedz.com,Retail Apparel and Fashion,11-50 employees,"München, Bayern",,2017,,,2026-03-15T17:26:18Z,2026-03-15T17:26:51Z
330,https://www.linkedin.com/company/am-hof-8,Am Hof 8 - Private Members Club,Austria,amhof8.com,https://www.amhof8.com/,Hospitality,11-50 employees,,,,,,2026-03-15T17:27:21Z,2026-03-15T17:27:56Z
331,https://www.linkedin.com/company/dessertmanufaktur-goettinger,Dessertmanufaktur Göttinger,Austria,goettinger.com,www.goettinger.com,Mobile Food Services,11-50 employees,"Groß-Siegharts, Lower Austria",,1901,,,2026-03-15T17:28:24Z,2026-03-15T17:29:01Z
332,https://www.linkedin.com/company/schrankerl,Schrankerl,Austria,schrankerl.at,http://www.schrankerl.at,Food and Beverage Services,11-50 employees,,,2021,,,2026-03-15T17:29:34Z,2026-03-15T17:30:09Z
333,https://www.linkedin.com/company/lifestylehotels,Lifestylehotels™,Austria,lifestylehotels.net,http://www.lifestylehotels.net,Hospitality,11-50 employees,,,2001,,,2026-03-15T17:30:36Z,2026-03-15T17:31:07Z
334,https://www.linkedin.com/company/koncepthotels,KONCEPT HOTELS,Austria,koncepthotels.com,https://www.koncepthotels.com,Hospitality,11-50 employees,"Leverkusen, Nordrhein-Westfalen",,2017,,,2026-03-15T17:31:34Z,2026-03-15T17:32:11Z
335,https://www.linkedin.com/company/iseki-food,ISEKI-Food Association,Austria,iseki-food.net,https://www.iseki-food.net,Food and Beverage Services,11-50 employees,,,2005,,,2026-03-15T17:32:39Z,2026-03-15T17:33:13Z
336,https://www.linkedin.com/company/ham-hospitality-advisors,HAM independent hospitality & tourism advisors,Austria,h-a-m.at,http://www.h-a-m.at/,Hospitality,11-50 employees,,,2002,,,2026-03-15T17:33:44Z,2026-03-15T17:34:21Z
337,https://www.linkedin.com/company/gransier-associates,G&A • Gransier & Associates,Austria,gransier.com,https://gransier.com,Hospitality,11-50 employees,,,2011,,,2026-03-15T17:34:47Z,2026-03-15T17:35:21Z
338,https://www.linkedin.com/company/arena-international-events-group,Arena International Events Group,Austria,arena-international.com,https://www.arena-international.com,Events Services,51-200 employees,,,,,,2026-03-15T17:35:48Z,2026-03-15T17:36:23Z
339,https://www.linkedin.com/company/oesterreichische-hotelvereinigung,Austrian Hotel Association,Austria,oehv.at,http://www.oehv.at,Hospitality,11-50 employees,"Wien, Österreich",,1953,,,2026-03-15T17:36:53Z,2026-03-15T17:37:29Z
340,https://www.linkedin.com/company/stayspiced,STAY SPICED !,Austria,stayspiced.com,https://www.stayspiced.com,Retail Groceries,11-50 employees,"Salzburg, Salzburg",,2005,,,2026-03-15T17:37:53Z,2026-03-15T17:38:30Z
341,https://www.linkedin.com/company/unverschwendet,Unverschwendet,Austria,unverschwendet.at,http://www.unverschwendet.at,Retail Groceries,11-50 employees,"Wien, Wien",,2016,,,2026-03-15T17:38:57Z,2026-03-15T17:39:33Z
342,https://www.linkedin.com/company/neohinternational,NEOH,Austria,neoh.com,http://www.neoh.com,Retail Groceries,11-50 employees,"Wien, Wien",,2017,,,2026-03-15T17:40:01Z,2026-03-15T17:40:36Z
343,https://www.linkedin.com/company/markta-at,markta.at,Austria,markta.at,http://www.markta.at,Retail Groceries,11-50 employees,,,2017,,,2026-03-15T17:41:04Z,2026-03-15T17:41:39Z
344,https://www.linkedin.com/company/miind-gmbh,MIIND GmbH,Austria,miind.at,https://miind.at,Retail Groceries,11-50 employees,"Wiener Neustadt, Lower Austria",,2018,,,2026-03-15T17:42:15Z,2026-03-15T17:42:50Z
345,https://www.linkedin.com/company/originalkalea,Kalea,Austria,kalea.com,https://www.kalea.com/,Retail Groceries,11-50 employees,"Salzburg, Osterreich",,2010,,,2026-03-15T17:43:20Z,2026-03-15T17:43:54Z
346,https://www.linkedin.com/company/%C3%B6lm%C3%BChle-fandler-gmbh,Ölmühle Fandler GmbH,Austria,fandler.at,http://fandler.at,Retail Groceries,11-50 employees,"Pöllau, Styria",,1926,,,2026-03-15T17:44:18Z,2026-03-15T17:44:53Z
347,https://www.linkedin.com/company/erber-edelbrand-brennh%C3%A4usl,Erber Edelbrand | Brennhäusl,Austria,erber-edelbrand.com,https://www.erber-edelbrand.com/,Retail Groceries,11-50 employees,"Brixen im Thale, Tyrol",,1651,,,2026-03-15T17:45:23Z,2026-03-15T17:45:58Z
348,https://www.linkedin.com/company/afreshed,afreshed®,Austria,afreshed.at,http://www.afreshed.at/,Retail Groceries,11-50 employees,"Linz, Upper Austria",,2021,,,2026-03-15T17:46:22Z,2026-03-15T17:46:57Z
349,https://www.linkedin.com/company/deli-dip,deli dip,Austria,delidip.com,www.delidip.com,Retail Groceries,11-50 employees,,,2012,,,2026-03-15T17:47:23Z,2026-03-15T17:47:58Z
350,https://www.linkedin.com/company/adriana-reinigungsservice-eu,Adriana Reinigungsservice e.U.,Austria,adriana-reinigungsservice.at,https://adriana-reinigungsservice.at,Laundry and Drycleaning Services,11-50 employees,"Wien, Wien",,2011,,,2026-03-15T17:48:26Z,2026-03-15T17:48:59Z
351,https://www.linkedin.com/company/putzerei-klaus,Putzerei Klaus,Austria,putzerei-klaus.at,www.putzerei-klaus.at,Laundry and Drycleaning Services,11-50 employees,"Wolkersdorf im Weinviertel, Niederösterreich",,1968,,,2026-03-15T17:49:26Z,2026-03-15T17:50:02Z
352,https://www.linkedin.com/company/reiter-design-gmbh,reiter design gmbh,Austria,reiter.design,www.reiter.design,Retail Furniture and Home Furnishings,11-50 employees,"Weiler, Vorarlberg",,1984,,,2026-03-15T17:50:27Z,2026-03-15T17:51:02Z
353,https://www.linkedin.com/company/orderman,Orderman,Austria,orderman.com,https://orderman.com/,Retail Office Equipment,11-50 employees,,,1993,,,2026-03-15T17:51:30Z,2026-03-15T17:52:04Z
354,https://www.linkedin.com/company/meavo,MEAVO Office Phone Booths,Austria,meavo.com,http://www.meavo.com,Retail Office Equipment,11-50 employees,"London, England",,2018,,,2026-03-15T17:52:32Z,2026-03-15T17:53:07Z
355,https://www.linkedin.com/company/vibemovesyou,vibe moves you,Austria,vibemovesyou.com,https://vibemovesyou.com,Retail Motor Vehicles,11-50 employees,,,2019,,,2026-03-15T17:53:38Z,2026-03-15T17:54:14Z
356,https://www.linkedin.com/company/3dmensionals,3Dmensionals,Austria,3dmensionals.de,https://www.3dmensionals.de/,Wholesale,11-50 employees,"Köln, Nordrhein-Westfahlen",,2013,,,2026-03-15T17:54:37Z,2026-03-15T17:55:12Z
357,https://www.linkedin.com/company/mikka-gmbh,MIKKA GmbH,Austria,mikka.com,https://mikka.com,Computer Hardware Manufacturing,11-50 employees,"Ansfelden, Oberösterreich",,2013,,,2026-03-15T17:55:42Z,2026-03-15T17:56:19Z
358,https://www.linkedin.com/company/alpine-quantum-technologies-gmbh,AQT,Austria,aqt.eu,http://www.aqt.eu,Computer Hardware Manufacturing,11-50 employees,"Innsbruck, Tyrol",,2018,,,2026-03-15T17:56:44Z,2026-03-15T17:57:26Z
359,https://www.linkedin.com/company/tl-electronic-gmbh,TL Electronic GmbH,Austria,tl-electronic.de,https://www.tl-electronic.de,Computer Hardware Manufacturing,11-50 employees,,,1983,,,2026-03-15T17:57:53Z,2026-03-15T17:58:27Z
360,https://www.linkedin.com/company/fragmentix-storage-solutions-gmbh,fragmentiX,Austria,fragmentix.com,https://www.fragmentix.com,Computer Hardware Manufacturing,11-50 employees,"Klosterneuburg, Niederösterreich",,2018,,,2026-03-15T17:58:55Z,2026-03-15T17:59:31Z
361,https://www.linkedin.com/company/backbone-io,BACKBONE,Austria,backbone.io,http://www.backbone.io,Computer Hardware Manufacturing,11-50 employees,"Vienna, Vienna",,2014,,,2026-03-15T17:59:57Z,2026-03-15T18:00:34Z
362,https://www.linkedin.com/company/extoll,EXTOLL GmbH,Austria,extoll.com,http://www.extoll.com,Computer Hardware Manufacturing,11-50 employees,"Mannheim, Baden-Württemberg",,2011,,,2026-03-15T18:01:05Z,2026-03-15T18:01:39Z
363,https://www.linkedin.com/company/benq-business,BenQ DACH,Austria,benq.eu,https://www.benq.eu/de-de/index.html,Computer Hardware Manufacturing,11-50 employees,"Oberhausen, Nordrhein-Westfalen",,,,,2026-03-15T18:02:09Z,2026-03-15T18:02:43Z
364,https://www.linkedin.com/company/beetronics,Beetronics,Austria,beetronics.com,https://www.beetronics.com,Computer Hardware Manufacturing,11-50 employees,"Amsterdam, North Holland",,2004,,,2026-03-15T18:03:10Z,2026-03-15T18:03:47Z
365,https://www.linkedin.com/company/cyberith,Cyberith,Austria,cyberith.com,http://www.cyberith.com,Computer Hardware,11-50 employees,"Vienna, Vienna",,2014,,,2026-03-15T18:04:15Z,2026-03-15T18:04:51Z
366,https://www.linkedin.com/company/novarion,Novarion Systems,Austria,novarion.systems,https://www.novarion.systems/de/,Computer Hardware Manufacturing,11-50 employees,"Wien, Wien",,2004,,,2026-03-15T18:05:17Z,2026-03-15T18:05:51Z
367,https://www.linkedin.com/company/lueftner-cruises,Lueftner Cruises,Austria,lueftner-cruises.com,http://www.lueftner-cruises.com,"Leisure, Travel & Tourism",11-50 employees,,,1997,,,2026-03-15T18:06:18Z,2026-03-15T18:06:53Z
368,https://www.linkedin.com/company/seilbahn-net-ropeways-net,Ropeways.net,Austria,seilbahn.net,http://www.seilbahn.net,Travel Arrangements,11-50 employees,"Bad Hofgastein, Salzburg",,1998,,,2026-03-15T18:07:19Z,2026-03-15T18:07:54Z
369,https://www.linkedin.com/company/amazedm,Amaze - Destination managed,Austria,amazedm.com,https://amazedm.com/,Travel Arrangements,11-50 employees,,,2021,,,2026-03-15T18:08:20Z,2026-03-15T18:08:55Z
370,https://www.linkedin.com/company/asi-reisen-alpinschule-innsbruck-gmbh,ASI Reisen,Austria,asi.at,https://www.asi.at,Travel Arrangements,11-50 employees,"Natters, Tyrol",,1963,,,2026-03-21T14:07:37Z,2026-03-21T14:08:11Z
371,https://www.linkedin.com/company/zellamsee-kaprun,Zell am See-Kaprun,Austria,zellamsee-kaprun.com,https://zellamsee-kaprun.com,Travel Arrangements,11-50 employees,"Zell am See, Salzburg",,1988,,,2026-03-21T14:08:36Z,2026-03-21T14:09:11Z
372,https://www.linkedin.com/company/maxlux-travel,MAX LUX TRAVEL,Austria,maxlux-travel.com,www.maxlux-travel.com,Travel Arrangements,11-50 employees,"Vienna, Vienna",,2022,,,2026-03-21T14:09:42Z,2026-03-21T14:10:19Z
373,https://www.linkedin.com/company/linz-tourismus,Linz Tourismus,Austria,linztourismus.at,https://www.linztourismus.at/business/,Travel Arrangements,11-50 employees,"Linz, Oberösterreich",,1951,,,2026-03-21T14:10:51Z,2026-03-21T14:11:26Z
374,https://www.linkedin.com/company/edel-&-stark-ag---luxury-car-hire-switzerland-germany-france-and-italy,Edel & Stark Group - Luxury Car Hire in Europe and UAE,Austria,edelstark.com,http://www.edelstark.com/en/,Travel Arrangements,11-50 employees,"Olten, Solothurn",,2011,,,2026-03-21T14:11:56Z,2026-03-21T14:12:31Z
375,https://www.linkedin.com/company/niederoesterreich-werbung,Niederösterreich-Werbung GmbH,Austria,tourismus.niederoesterreich.at,http://www.tourismus.niederoesterreich.at,Travel Arrangements,11-50 employees,"Sankt Pölten, Niederösterreich",,1995,,,2026-03-21T14:12:59Z,2026-03-21T14:13:32Z
376,https://www.linkedin.com/company/ober%C3%B6sterreich-tourismus,Oberösterreich Tourismus,Austria,oberoesterreich-tourismus.at,https://www.oberoesterreich-tourismus.at/,"Leisure, Travel & Tourism",11-50 employees,"Linz, Oberösterreich",,,,,2026-03-21T14:14:06Z,2026-03-21T14:14:40Z
377,https://www.linkedin.com/company/seminargo-gmbh,seminargo,Austria,seminargo.com,http://www.seminargo.com,Hospitality,11-50 employees,"Wien, Wien",,2001,,,2026-03-21T14:15:13Z,2026-03-21T14:15:50Z
378,https://www.linkedin.com/company/konen-&-lorenzen-recruitment-consultants,Konen & Lorenzen Recruitment Consultants,Austria,konen-lorenzen.com,http://www.konen-lorenzen.com,Hospitality,51-200 employees,,,1997,,,2026-03-21T14:16:15Z,2026-03-21T14:16:54Z
379,https://www.linkedin.com/company/urban-vintage-experiences,Obruk Kervansaray Museum | Hotel by CK Legacy Hotels Vienna,Austria,drcemkinay.com,http://www.drcemkinay.com,Hospitality,11-50 employees,"Vienna , Vienna",,2024,,,2026-03-21T14:17:23Z,2026-03-21T14:17:58Z
380,https://www.linkedin.com/company/securaze,Securaze,Austria,securaze.com,http://www.securaze.com,Data Security Software Products,11-50 employees,"Vienna, Austria",,2017,,,2026-03-21T14:18:25Z,2026-03-21T14:19:00Z
381,https://www.linkedin.com/company/prighter,Prighter,Austria,prighter.com,https://prighter.com/,Data Security Software Products,11-50 employees,,,,,,2026-03-21T14:19:32Z,2026-03-21T14:20:06Z
382,https://www.linkedin.com/company/spixnet-gmbh,spixnet gmbh,Austria,spixnet.com,https://spixnet.com,Data Security Software Products,11-50 employees,"Mattersburg, Burgenland",,2022,,,2026-03-21T14:20:32Z,2026-03-21T14:21:07Z
383,https://www.linkedin.com/company/motto-am-fluss,Motto am Fluss,Austria,mottoamfluss.at,https://www.mottoamfluss.at/de/willkommen/,Restaurants,11-50 employees,,,2010,,,2026-03-21T14:21:34Z,2026-03-21T14:22:11Z
384,https://www.linkedin.com/company/st-peter-stiftskulinarium,St. Peter Stiftskulinarium,Austria,stpeter.at,https://www.stpeter.at,Restaurants,11-50 employees,,,1992,,,2026-03-21T14:22:40Z,2026-03-21T14:23:13Z
385,https://www.linkedin.com/company/kelsen-parlament-%C3%B6sterreich,Kelsen im Parlament,Austria,kelsen.at,www.kelsen.at,Restaurants,11-50 employees,"Wien, Österreich, Wien",,2022,,,2026-03-21T14:23:44Z,2026-03-21T14:24:21Z
386,https://www.linkedin.com/company/webrestaurant,WebRestaurant,Austria,webrestaurant.at,https://www.webrestaurant.at/wochenmenu/,Restaurants,11-50 employees,"Vienna, Wien",,,,,2026-03-21T14:24:48Z,2026-03-21T14:25:23Z
387,https://www.linkedin.com/company/marcosimonistheartofpassion,Marco Simonis Urban Appetite,Austria,marcosimonis.com,https://www.marcosimonis.com/catering/,Restaurants,11-50 employees,"Vienna, Vienna",,2012,,,2026-03-21T14:25:47Z,2026-03-21T14:26:22Z
388,https://www.linkedin.com/company/wrapstars,Wrapstars,Austria,wrapstars.at,http://www.wrapstars.at,Restaurants,11-50 employees,,,2013,,,2026-03-21T14:26:57Z,2026-03-21T14:27:33Z
389,https://www.linkedin.com/company/tuya-restaurant-bar,TUYA Restaurant & Bar,Austria,tuya.rest,https://tuya.rest,Restaurants,11-50 employees,"Vienna, Innere Stadt",,2019,,,2026-03-21T14:28:06Z,2026-03-21T14:28:39Z
390,https://www.linkedin.com/company/genusscatering-berner-monitzer,Genusscatering Berner&Monitzer,Austria,genuss-catering.net,https://www.genuss-catering.net/,Restaurants,11-50 employees,"Kitzbühel, Tyrol",,2021,,,2026-03-21T14:29:07Z,2026-03-21T14:29:42Z
391,https://www.linkedin.com/company/thegreengarden,TheGreenGarden,Austria,thegreengarden.at,http://www.thegreengarden.at,Restaurants,11-50 employees,"Salzburg, Salzburg",,2013,,,2026-03-21T14:30:12Z,2026-03-21T14:30:50Z
392,https://www.linkedin.com/company/151-restaurant-bar,151 Restaurant Bar,Austria,151.at,http://www.151.at,Restaurants,11-50 employees,"Klagenfurt-Viktring, Kärnten",,2016,,,2026-03-21T14:31:18Z,2026-03-21T14:31:53Z
393,https://www.linkedin.com/company/e-motion-group,emotion group,Austria,emotiongroup.com,http://www.emotiongroup.com,Spectator Sports,11-50 employees,,,1991,,,2026-03-21T14:32:19Z,2026-03-21T14:32:54Z
394,https://www.linkedin.com/company/oeoc,Austrian Olympic Committee,Austria,olympia.at,http://www.olympia.at,Spectator Sports,11-50 employees,,,1908,,,2026-03-21T14:33:20Z,2026-03-21T14:33:54Z
395,https://www.linkedin.com/company/ehf-marketing,EHF Marketing,Austria,eurohandball.com,https://www.eurohandball.com/en/who-we-are/ehf-marketing-gmbh/,Spectator Sports,11-50 employees,"Vienna, Wien",,2005,,,2026-03-21T14:34:25Z,2026-03-21T14:35:00Z
396,https://www.linkedin.com/company/strykerlabs,Strykerlabs,Austria,strykerlabs.io,https://www.strykerlabs.io/,Spectator Sports,11-50 employees,,,2020,,,2026-03-21T14:35:30Z,2026-03-21T14:36:07Z
397,https://www.linkedin.com/company/ibsfsliding,International Bobsleigh & Skeleton Federation (IBSF),Austria,ibsf.org,http://www.ibsf.org,Spectator Sports,11-50 employees,,,1923,,,2026-03-21T14:36:37Z,2026-03-21T14:37:12Z
398,https://www.linkedin.com/company/playerhunter,PLAYERHUNTER,Austria,playerhunter.com,https://playerhunter.com/,Spectator Sports,11-50 employees,"Vienna, Vienna",,2016,,,2026-03-21T14:37:46Z,2026-03-21T14:38:20Z
399,https://www.linkedin.com/company/first-vienna-f.c.,First Vienna FC 1894,Austria,1894.at,http://www.1894.at,Spectator Sports,11-50 employees,,,,,,2026-03-21T14:38:49Z,2026-03-21T14:39:24Z
400,https://www.linkedin.com/company/international-biathlon-union,International Biathlon Union,Austria,biathlonworld.com,https://www.biathlonworld.com/,Spectator Sports,11-50 employees,"Anif, Salzburg",,1993,,,2026-03-21T14:39:54Z,2026-03-21T14:40:30Z
401,https://www.linkedin.com/company/lask-gmbh,LASK,Austria,lask.at,https://www.lask.at,Spectator Sports,11-50 employees,"Pasching, Oberösterreich",,1908,,,2026-03-21T14:41:01Z,2026-03-21T14:41:35Z
402,https://www.linkedin.com/company/oefbl,Österreichische Fußball-Bundesliga,Austria,oefbl.at,http://www.oefbl.at,Spectator Sports,11-50 employees,,,1974,,,2026-03-21T14:42:04Z,2026-03-21T14:42:43Z
403,https://www.linkedin.com/company/basenbox,Basenbox,Austria,basenbox.life,http://www.basenbox.life,Mobile Food Services,11-50 employees,"Wien, Österreich",,2016,,,2026-03-21T14:43:15Z,2026-03-21T14:43:51Z
404,https://www.linkedin.com/company/kissa-tea,KISSA Tea - part of AIYA Europe GmbH,Austria,kissatea.com,http://www.kissatea.com,Food and Beverage Services,11-50 employees,,,2015,,,2026-03-21T14:44:21Z,2026-03-21T14:44:58Z
405,https://www.linkedin.com/company/curtice-brothers,Curtice Brothers,Austria,curticebrothers.co,http://curticebrothers.co,Food and Beverage Services,11-50 employees,,,2015,,,2026-03-21T14:45:25Z,2026-03-21T14:46:01Z
406,https://www.linkedin.com/company/hoellersolutions,Hoeller Solutions,Austria,hoeller-solutions.com,https://hoeller-solutions.com/welcome,Food and Beverage Services,11-50 employees,"Amstetten, Lower Austria",,1989,,,2026-03-21T14:46:25Z,2026-03-21T14:47:01Z
407,https://www.linkedin.com/company/ims-h-llinger-gmbh,IMS Hollinger GmbH,Austria,hoellinger-juice.at,http://www.hoellinger-juice.at,Food and Beverage Services,11-50 employees,"Pressbaum, Niederösterreich",,1997,,,2026-03-21T14:47:31Z,2026-03-21T14:48:06Z
408,https://www.linkedin.com/company/purora,Purora,Austria,purora.at,http://www.purora.at,Food and Beverage Services,11-50 employees,,,2019,,,2026-03-21T14:48:32Z,2026-03-21T14:49:14Z
409,https://www.linkedin.com/company/timber-online-net,TIMBER-ONLINE.net,Austria,timber-online.net,http://www.timber-online.net,Media Production,11-50 employees,"Wien, Wien",,2001,,,2026-03-21T14:49:45Z,2026-03-21T14:50:21Z
410,https://www.linkedin.com/company/holzkurier,HOLZKURIER,Austria,holzkurier.com,https://www.holzkurier.com,Media Production,11-50 employees,"Wien, Wien",,1946,,,2026-03-21T14:50:51Z,2026-03-21T14:51:26Z
411,https://www.linkedin.com/company/gastro-news,Gastro.News,Austria,gastro.news,https://gastro.news,Media Production,11-50 employees,"Wien, Wien",,2015,,,2026-03-21T14:51:50Z,2026-03-21T14:52:24Z
412,https://www.linkedin.com/company/top-tirol,top.tirol – Die Plattform für Tirols Wirtschaft,Austria,top.tirol,https://www.top.tirol/,Media Production,11-50 employees,"Innsbruck, Tirol",,2015,,,2026-03-21T14:52:56Z,2026-03-21T14:53:29Z
413,https://www.linkedin.com/company/tirolerin,TIROLERIN,Austria,tirolerin.at,http://www.tirolerin.at,Media Production,11-50 employees,"Innsbruck, Tirol",,1988,,,2026-03-21T14:53:58Z,2026-03-21T14:54:34Z
414,https://www.linkedin.com/company/diemacher,DIE MACHER - Wirtschafts- & Lifestylemagazin,Austria,diemacher.at,https://www.diemacher.at,Media Production,11-50 employees,"Linz, Oberösterreich",,2012,,,2026-03-21T14:55:02Z,2026-03-21T14:55:38Z
415,https://www.linkedin.com/company/napalmrecords,Napalm Records,Austria,label.napalmrecords.com,https://label.napalmrecords.com/,Music,11-50 employees,,,,,,2026-03-21T14:56:09Z,2026-03-21T14:56:50Z
416,https://www.linkedin.com/company/moment-magazin,Moment Magazin,Austria,moment.at,https://www.moment.at/,Media Production,11-50 employees,"Rudolfsheim-Fünfhaus, Vienna",,2019,,,2026-03-21T14:57:21Z,2026-03-21T14:57:55Z
417,https://www.linkedin.com/company/regal-verlagsges-m-b-h,Regal Verlagsges.m.b.H,Austria,regal.at,http://www.regal.at,Media Production,11-50 employees,"Wien, Österreich",,,,,2026-03-21T14:58:23Z,2026-03-21T14:59:01Z
418,https://www.linkedin.com/company/toolsonair-broadcast-engineering-gmbh,ToolsOnAir Broadcast Engineering GmbH,Austria,toolsonair.com,https://www.toolsonair.com,Broadcast Media Production and Distribution,11-50 employees,,,2008,,,2026-03-21T14:59:32Z,2026-03-21T15:00:14Z
419,https://www.linkedin.com/company/simpliat,simpliTV,Austria,simpli.at,https://www.simpli.at/,Broadcast Media Production and Distribution,11-50 employees,,,2013,,,2026-03-21T15:00:43Z,2026-03-21T15:01:19Z
420,https://www.linkedin.com/company/your-family-entertainment,Your Family Entertainment AG,Austria,yfe.tv,http://www.yfe.tv,Broadcast Media Production and Distribution,11-50 employees,"Munich, Bavaria",,,,,2026-03-27T16:43:38Z,2026-03-27T16:44:09Z
421,https://www.linkedin.com/company/tvstartupswomen,DirectorsTV24 / Female Founders TV,Austria,nordic.thewhitecross.org,https://nordic.thewhitecross.org/event/tv-startups-women/,Broadcast Media Production and Distribution,11-50 employees,"Stockholm, Stockholm",,2019,,,2026-03-27T16:44:38Z,2026-03-27T16:45:08Z
422,https://www.linkedin.com/company/spidercam-ross,spidercam,Austria,rossvideo.com,rossvideo.com/spidercam,Broadcast Media Production and Distribution,11-50 employees,"Feistritz im Rosental, Kärnten",,2000,,,2026-03-27T16:45:34Z,2026-03-27T16:46:09Z
423,https://www.linkedin.com/company/rts-regional-tv-salzburg,RTS - Regional TV Salzburg,Austria,rts-salzburg.at,https://www.rts-salzburg.at/,Broadcast Media Production and Distribution,11-50 employees,"Wals-Himmelreich, Salzburg",,2009,,,2026-03-27T16:46:38Z,2026-03-27T16:47:15Z
424,https://www.linkedin.com/company/radiosuperfly,Radio Superfly,Austria,superfly.fm,http://www.superfly.fm,Broadcast Media Production and Distribution,11-50 employees,,,2005,,,2026-03-27T16:47:37Z,2026-03-27T16:48:08Z
425,https://www.linkedin.com/company/liferadio,Life Radio,Austria,liferadio.at,http://www.liferadio.at,Broadcast Media Production and Distribution,11-50 employees,"Linz, Oberösterreich",,1998,,,2026-03-27T16:48:37Z,2026-03-27T16:49:09Z
426,https://www.linkedin.com/company/radio886,Radio 88.6,Austria,radio886.at,http://www.radio886.at,Broadcast Media Production and Distribution,11-50 employees,"Wien, Wien",,,,,2026-03-27T16:49:36Z,2026-03-27T16:50:08Z
427,https://www.linkedin.com/company/radio-arabella-gmbh,Radio Arabella GmbH,Austria,arabella.at,http://www.arabella.at/,Broadcast Media Production and Distribution,11-50 employees,,,2001,,,2026-03-27T16:50:35Z,2026-03-27T16:51:07Z
428,https://www.linkedin.com/company/architekturzentrumwien,Architekturzentrum Wien,Austria,azw.at,www.azw.at,Museums,11-50 employees,"Vienna, Austria",,1993,,,2026-03-27T16:51:42Z,2026-03-27T16:52:17Z
429,https://www.linkedin.com/company/volkskundemuseum-wien,Volkskundemuseum Wien,Austria,volkskundemuseum.at,www.volkskundemuseum.at,"Museums, Historical Sites, and Zoos",11-50 employees,"Vienna, Wien",,1895,,,2026-03-27T16:52:47Z,2026-03-27T16:53:20Z
430,https://www.linkedin.com/company/kunsthalle-wien-swk,Kunsthalle Wien,Austria,kunsthallewien.at,https://kunsthallewien.at/en/,Museums,11-50 employees,,,1992,,,2026-03-27T16:53:51Z,2026-03-27T16:54:24Z
431,https://www.linkedin.com/company/sigmund-freud-museum,Sigmund Freud Museum,Austria,freud-museum.at,http://www.freud-museum.at,"Museums, Historical Sites, and Zoos",11-50 employees,"Wien, Wien",,1971,,,2026-03-27T16:54:51Z,2026-03-27T16:55:25Z
432,https://www.linkedin.com/company/mythosmozart,MYTHOS MOZART,Austria,mythos-mozart.com,www.mythos-mozart.com,"Museums, Historical Sites, and Zoos",11-50 employees,"Wien, Wien",,2022,,,2026-03-27T16:55:52Z,2026-03-27T16:56:24Z
433,https://www.linkedin.com/company/tba21-academy,TBA21,Austria,tba21.org,https://www.tba21.org/,"Museums, Historical Sites, and Zoos",11-50 employees,"Madrid, Community of Madrid",,2002,,,2026-03-27T16:56:52Z,2026-03-27T16:57:25Z
434,https://www.linkedin.com/company/orpheo-group,Orpheo,Austria,orpheogroup.com,http://orpheogroup.com/,"Museums, Historical Sites, and Zoos",11-50 employees,"Seyssinet-Pariset, Auvergne-Rhône-Alpes",,1992,,,2026-03-27T16:57:50Z,2026-03-27T16:58:25Z
435,https://www.linkedin.com/company/creartive-group-vienna,CreARTive Group Vienna,Austria,creartive-group.com,https://creartive-group.com/,Museums,201-500 employees,,,1997,,,2026-03-27T16:58:49Z,2026-03-27T16:59:25Z
436,https://www.linkedin.com/company/bota-art-gallery,Bota Art Gallery,Austria,botaartgallery.com,www.botaartgallery.com,Museums,11-50 employees,"Mutters, Tyrol",,,,,2026-03-27T16:59:56Z,2026-03-27T17:00:29Z
437,https://www.linkedin.com/company/kinderkunstlabor,KinderKunstLabor,Austria,kinderkunstlabor.at,https://www.kinderkunstlabor.at/de,Museums,11-50 employees,"St Pölten, Lower Austria",,,,,2026-03-27T17:00:54Z,2026-03-27T17:01:25Z
438,https://www.linkedin.com/company/vienna-digital-lab,Vienna Digital Lab,Austria,vdl.art,https://www.vdl.art/,Artists and Writers,11-50 employees,,,2021,,,2026-03-27T17:01:53Z,2026-03-27T17:02:27Z
439,https://www.linkedin.com/company/viennacontemporary,viennacontemporary,Austria,viennacontemporary.at,http://www.viennacontemporary.at/en/,Artists and Writers,11-50 employees,,,2014,,,2026-03-27T17:02:52Z,2026-03-27T17:03:26Z
440,https://www.linkedin.com/company/kurdisches-kulturinstitut-wien,Kurdisches Kulturinstitut Wien,Austria,kurdischeskulturinstitut.at,http://www.kurdischeskulturinstitut.at/,Artists and Writers,11-50 employees,"Vienna, Vienna",,2017,,,2026-03-27T17:03:55Z,2026-03-27T17:04:35Z
441,https://www.linkedin.com/company/wendy-network,wendy.network,Austria,wendy.network,http://wendy.network/,Artists and Writers,11-50 employees,,,,,,2026-03-27T17:12:55Z,2026-03-27T17:13:28Z
442,https://www.linkedin.com/company/steirischerherbst,steirischerherbst festival gmbh,Austria,steirischerherbst.at,http://www.steirischerherbst.at,Artists and Writers,11-50 employees,,,1968,,,2026-03-27T17:13:58Z,2026-03-27T17:14:32Z
443,https://www.linkedin.com/company/anasaea,ANASAEA,Austria,anasaea.com,http://www.anasaea.com,Artists and Writers,11-50 employees,,,2022,,,2026-03-27T17:15:02Z,2026-03-27T17:15:37Z
444,https://www.linkedin.com/company/beck-&-eggeling,Beck & Eggeling · International Fine Art,Austria,beck-eggeling.de,http://www.beck-eggeling.de,Artists and Writers,11-50 employees,"Düsseldorf, Nordrhein Westfalen",,1994,,,2026-03-27T17:16:06Z,2026-03-27T17:16:40Z
445,https://www.linkedin.com/company/around-culture-s-p-a-,Around Culture,Austria,aroundculture.com,http://www.aroundculture.com,Artists and Writers,11-50 employees,"Roma, Rm",,2015,,,2026-03-27T17:17:05Z,2026-03-27T17:17:38Z
446,https://www.linkedin.com/company/galerie-eva-presenhuber,Galerie Eva Presenhuber,Austria,presenhuber.com,http://www.presenhuber.com,Artists and Writers,11-50 employees,,,,,,2026-03-27T17:18:08Z,2026-03-27T17:18:40Z
447,https://www.linkedin.com/company/salzburger-kunstverein,Salzburger Kunstverein,Austria,salzburger-kunstverein.at,http://www.salzburger-kunstverein.at,Artists and Writers,11-50 employees,"Salzburg, Salzburg",,1844,,,2026-03-27T17:19:06Z,2026-03-27T17:19:48Z
448,https://www.linkedin.com/company/linbit,LINBIT,Austria,linbit.com,https://www.linbit.com,Software Development,11-50 employees,"Tualatin, Oregon",,2001,,,2026-03-27T17:20:19Z,2026-03-27T17:20:53Z
449,https://www.linkedin.com/company/kickscale,Kickscale,Austria,kickscale.com,http://www.kickscale.com,Software Development,11-50 employees,,,,,,2026-03-27T17:21:21Z,2026-03-27T17:21:53Z
450,https://www.linkedin.com/company/avataris,Avataris,Austria,avataris.io,https://avataris.io,Software Development,11-50 employees,"Graz, Styria",,2019,,,2026-03-27T17:22:24Z,2026-03-27T17:22:55Z
451,https://www.linkedin.com/company/data-science-conference,Data Science Conference,Austria,datasciconference.com,http://datasciconference.com/,Software Development,11-50 employees,"Belgrade, Belgrade",,2015,,,2026-03-27T17:23:20Z,2026-03-27T17:23:54Z
452,https://www.linkedin.com/company/monkifyai,wiloo.io,Austria,wiloo.io,https://wiloo.io,IT System Custom Software Development,11-50 employees,"Linz, Oberösterreich",,2025,,,2026-03-27T17:24:18Z,2026-03-27T17:24:52Z
453,https://www.linkedin.com/company/ibmtxture,IBM Txture,Austria,txture.io,https://www.txture.io,Software Development,11-50 employees,"Innsbruck, Tyrol",,,,,2026-03-27T17:25:20Z,2026-03-27T17:25:53Z
454,https://www.linkedin.com/company/glaciereco,Glacier,Austria,glacier.eco,http://www.glacier.eco,Software Development,11-50 employees,"Wien, Wien",,2020,,,2026-03-27T17:26:19Z,2026-03-27T17:26:51Z
455,https://www.linkedin.com/company/asko-assekuranzmakler-gmbh-at,asko assekuranzmakler GmbH Austria,Austria,asko24.com,http://www.asko24.com,Insurance,11-50 employees,"Schwoich, Tirol",,1998,,,2026-03-27T17:27:17Z,2026-03-27T17:27:51Z
456,https://www.linkedin.com/company/i-r-h-tschrepitsch-versicherungsmakler,I R H Tschrepitsch Versicherungsmakler,Austria,tschrepitsch.at,https://www.tschrepitsch.at,Insurance,11-50 employees,,,1978,,,2026-03-27T17:28:21Z,2026-03-27T17:28:55Z
457,https://www.linkedin.com/company/hidothealth,hi.health,Austria,hi.health,http://hi.health,Insurance,11-50 employees,,,2018,,,2026-03-27T17:29:20Z,2026-03-27T17:29:51Z
458,https://www.linkedin.com/company/bsurance,bsurance,Austria,bsurance.com,https://www.bsurance.com,Insurance,11-50 employees,"Wien, Wien",,2018,,,2026-03-27T17:30:22Z,2026-03-27T17:30:57Z
459,https://www.linkedin.com/company/schinasi-insurance-brokers,Schinasi Insurance Brokers Srl,Austria,schinasi.it,http://www.schinasi.it,Insurance,11-50 employees,"Milan, MI",,1967,,,2026-03-27T17:31:25Z,2026-03-27T17:31:59Z
460,https://www.linkedin.com/company/r-v-%C3%B6sterreich,R+V Versicherung Österreich,Austria,ruv.at,http://www.ruv.at,Insurance,11-50 employees,"Wien, Wien",,2010,,,2026-03-27T17:32:31Z,2026-03-27T17:33:03Z
461,https://www.linkedin.com/company/verag,VERAG Versicherungsmakler GmbH,Austria,verag.at,https://www.verag.at,Insurance,11-50 employees,"Wien, Wien",,1964,,,2026-03-27T17:33:35Z,2026-03-27T17:34:10Z
462,https://www.linkedin.com/company/ck-versicherungsmakler-gmbh,CK Versicherungsmakler GmbH,Austria,klausner-versichert.at,https://www.klausner-versichert.at/,Insurance Agencies and Brokerages,11-50 employees,"Innsbruck, Tirol",,2008,,,2026-03-27T17:34:39Z,2026-03-27T17:35:13Z
463,https://www.linkedin.com/company/ccc-comcreditcontor,CCC Com Credit Contor Maklergesellschaft mbH & Co. KG,Austria,comcredit.de,http://www.comcredit.de,Insurance,11-50 employees,"28357, Bremen",,1993,,,2026-03-27T17:35:36Z,2026-03-27T17:36:09Z
464,https://www.linkedin.com/company/austrion-life,austrion Life,Austria,austrionlife.at,www.austrionlife.at,Insurance,11-50 employees,,,1994,,,2026-03-27T17:36:37Z,2026-03-27T17:37:10Z
465,https://www.linkedin.com/company/miete24,miete24.com,Austria,miete24.com,https://www.miete24.com,Financial Services,11-50 employees,,,2015,,,2026-03-27T17:37:34Z,2026-03-27T17:38:11Z
466,https://www.linkedin.com/company/cyclopsinc,Cyclops,Austria,cyclops.io,Cyclops.io,Financial Services,11-50 employees,,,,,,2026-03-27T17:38:35Z,2026-03-27T17:39:09Z
467,https://www.linkedin.com/company/massar-capital-management-lp,"Massar Capital Management, LP",Austria,massarcapital.com,http://www.massarcapital.com/,Financial Services,11-50 employees,"Stamford, Connecticut",,2015,,,2026-03-27T17:39:37Z,2026-03-27T17:40:10Z
468,https://www.linkedin.com/company/inmotion-tech-distribution,Inmotion | USA Tech Sales Partner,Austria,inmotion.global,http://www.inmotion.global,International Trade and Development,11-50 employees,"Jacksonville Beach, Florida",,2015,,,2026-03-27T17:40:38Z,2026-03-27T17:41:11Z
469,https://www.linkedin.com/company/seedblink,SeedBlink,Austria,seedblink.com,https://seedblink.com,Financial Services,11-50 employees,,,2020,,,2026-03-27T17:41:41Z,2026-03-27T17:42:15Z
470,https://www.linkedin.com/company/coinpanion,Coinpanion,Austria,coinpanion.com,https://coinpanion.com,Financial Services,11-50 employees,,,2019,,,2026-04-05T15:44:21Z,2026-04-05T15:44:56Z
471,https://www.linkedin.com/company/marco-polo-institute,Marco Polo Institute,Austria,mpinstitute.eu,http://www.mpinstitute.eu,International Trade and Development,11-50 employees,,,2019,,,2026-04-05T15:45:26Z,2026-04-05T15:46:01Z
472,https://www.linkedin.com/company/joint-vienna-institute,Joint Vienna Institute,Austria,jvi.org,http://www.jvi.org,International Trade and Development,11-50 employees,,,1992,,,2026-04-05T15:46:32Z,2026-04-05T15:47:07Z
473,https://www.linkedin.com/company/i5growth,i5growth,Austria,i5growth.com,http://www.i5growth.com,Venture Capital and Private Equity Principals,11-50 employees,"San Francisco, California",,2014,,,2026-04-05T15:47:34Z,2026-04-05T15:48:08Z
474,https://www.linkedin.com/company/investinbavaria,Invest in Bavaria - The Business Promotion Agency of the State of Bavaria,Austria,invest-in-bavaria.com,https://www.invest-in-bavaria.com/en.html,International Trade and Development,11-50 employees,"München, Bavaria",,1999,,,2026-04-05T15:48:39Z,2026-04-05T15:49:15Z
475,https://www.linkedin.com/company/galcap-europe,GalCap Europe,Austria,galcap-europe.com,http://www.galcap-europe.com,Real Estate,11-50 employees,,,2015,,,2026-04-05T15:49:41Z,2026-04-05T15:50:16Z
476,https://www.linkedin.com/company/technopark-raaba,Technopark Raaba Holding,Austria,technopark-raaba.com,http://www.technopark-raaba.com,Real Estate,11-50 employees,"Raaba, Steiermark",,1999,,,2026-04-05T15:50:47Z,2026-04-05T15:51:21Z
477,https://www.linkedin.com/company/viennaestate-immobilien-ag,ViennaEstate Immobilien AG,Austria,viennaestate.com,http://viennaestate.com,Real Estate,11-50 employees,,,,,,2026-04-05T15:51:45Z,2026-04-05T15:52:18Z
478,https://www.linkedin.com/company/winegg-realit%C3%A4ten-gmbh,WINEGG Realitäten GmbH,Austria,winegg.at,https://winegg.at,Real Estate,11-50 employees,"Vienna, Wien",,1998,,,2026-04-05T15:52:49Z,2026-04-05T15:53:20Z
479,https://www.linkedin.com/company/valueone,Value One,Austria,value-one.com,http://www.value-one.com,Real Estate,11-50 employees,,,2003,,,2026-04-05T15:53:48Z,2026-04-05T15:54:22Z
480,https://www.linkedin.com/company/mrp-hotels,mrp hotels,Austria,mrp-hotels.com,http://www.mrp-hotels.com,Real Estate,11-50 employees,,,2008,,,2026-04-05T15:54:51Z,2026-04-05T15:55:27Z
481,https://www.linkedin.com/company/c&p-immobilien-ag,C&P Immobilien GmbH,Austria,cp-ag.at,http://www.cp-ag.at,Real Estate,11-50 employees,"Graz, Österreich/Steiermark",,2006,,,2026-04-05T15:55:58Z,2026-04-05T15:56:32Z
482,https://www.linkedin.com/company/falcon-real-estate,Falcon Real Estate Investment Management,Austria,falconreal.com,http://www.falconreal.com,Commercial Real Estate,11-50 employees,"Dallas, Texas",,1991,,,2026-04-05T15:57:03Z,2026-04-05T15:57:35Z
483,https://www.linkedin.com/company/payuca-gmbh,PAYUCA Park & Charge,Austria,payuca.com,https://payuca.com/de/b2b/,Real Estate,11-50 employees,"Wien, Wien",,,,,2026-04-05T15:58:06Z,2026-04-05T15:58:43Z
484,https://www.linkedin.com/company/tabakfabrik-linz,Tabakfabrik Linz,Austria,tabakfabrik-linz.at,https://tabakfabrik-linz.at/,Real Estate,11-50 employees,"Linz, Oberösterreich",,,,,2026-04-05T15:59:12Z,2026-04-05T15:59:45Z
485,https://www.linkedin.com/company/techipadvisory,Tech+IP Advisory,Austria,techip.ai,http://www.techip.ai,Investment Banking,11-50 employees,"Arlington, Virginia",,,,,2026-04-05T16:00:19Z,2026-04-05T16:00:54Z
486,https://www.linkedin.com/company/sazun,Sazun GmbH - m&a PLUS®,Austria,sazun.net,http://www.sazun.net,Investment Banking,11-50 employees,,,2015,,,2026-04-05T16:01:26Z,2026-04-05T16:01:58Z
487,https://www.linkedin.com/company/vienna-capital-partners,Vienna Capital Partners,Austria,vcpag.com,http://www.vcpag.com,Investment Banking,11-50 employees,"Vienna, Vienna",,1998,,,2026-04-05T16:02:30Z,2026-04-05T16:03:04Z
488,https://www.linkedin.com/company/ithuba-capital-ag,Ithuba Capital AG,Austria,ithubacapital.com,http://www.ithubacapital.com/,Investment Banking,11-50 employees,"Vienna Branch, Vienna",,2008,,,2026-04-05T16:03:28Z,2026-04-05T16:04:04Z
489,https://www.linkedin.com/company/bestincapital,bestin.capital,Austria,bestin.capital,https://bestin.capital/,Investment Banking,11-50 employees,"Salzburg, Salzburg",,2008,,,2026-04-05T16:04:32Z,2026-04-05T16:05:10Z
490,https://www.linkedin.com/company/vinc-healthcare,VINC - Healthcare Advisory,Austria,vinc-healthcare.com,www.vinc-healthcare.com,Investment Banking,11-50 employees,,,2017,,,2026-04-05T16:05:43Z,2026-04-05T16:06:16Z
491,https://www.linkedin.com/company/acuityadvisors,Acuity Advisors,Austria,acuity.co.uk,http://www.acuity.co.uk,Investment Banking,11-50 employees,"London, England",,2006,,,2026-04-05T16:06:47Z,2026-04-05T16:07:19Z
492,https://www.linkedin.com/company/strotbek-capital-ag-investment-banking,STROTBEK Capital Partners AG,Austria,strotbek.ch,http://www.strotbek.ch,Investment Banking,11-50 employees,"Engelberg (CH), Obwalden",,2021,,,2026-04-05T16:07:44Z,2026-04-05T16:08:17Z
493,https://www.linkedin.com/company/digital-findet-stadt,Digital Findet Stadt,Austria,digitalfindetstadt.at,http://www.digitalfindetstadt.at,Construction,11-50 employees,,,2020,,,2026-04-05T16:08:47Z,2026-04-05T16:09:21Z
494,https://www.linkedin.com/company/rubapro,Rubapro - New Generation Rubber,Austria,instagram.com,https://www.instagram.com/ua_rubapro,Construction,11-50 employees,,,2008,,,2026-04-05T16:09:47Z,2026-04-05T16:10:20Z
495,https://www.linkedin.com/company/bauconsult-group,BauConsult Group,Austria,bauconsult.com,https://bauconsult.com/,Construction,11-50 employees,"Viertel Zwei, Wien",,1979,,,2026-04-05T16:10:52Z,2026-04-05T16:11:26Z
496,https://www.linkedin.com/company/form-on,Form-on,Austria,form-on.com,https://www.form-on.com/,Construction,11-50 employees,,,2012,,,2026-04-05T16:11:55Z,2026-04-05T16:12:28Z
497,https://www.linkedin.com/company/woodrocks,WoodRocks Bau GmbH,Austria,wood-rocks.com,https://www.wood-rocks.com/,Construction,11-50 employees,"Bregenz, Vorarlberg",,2020,,,2026-04-05T16:13:01Z,2026-04-05T16:13:36Z
498,https://www.linkedin.com/company/neumayer-projektmanagement-gmbh,Neumayer Projektmanagement GmbH,Austria,neumayer-pm.at,https://neumayer-pm.at/,Construction,11-50 employees,,,2014,,,2026-04-05T16:14:02Z,2026-04-05T16:14:35Z
499,https://www.linkedin.com/company/gft-fassaden,GFT Fassaden AG,Austria,gft-fassaden.swiss,http://www.gft-fassaden.swiss,Construction,11-50 employees,"St Gallen, SG",,2003,,,2026-04-05T16:15:00Z,2026-04-05T16:15:31Z
500,https://www.linkedin.com/company/renowate,RENOWATE,Austria,renowate.earth,https://www.renowate.earth/,Construction,11-50 employees,"Düsseldorf, North Rhine-Westphalia",,2022,,,2026-04-05T16:15:57Z,2026-04-05T16:16:33Z
501,https://www.linkedin.com/company/sodex-innovations,Sodex Innovations,Austria,sodex-innovations.com,http://sodex-innovations.com,Construction,11-50 employees,"Lorüns 20 , Vorarlberg",,2021,,,2026-04-05T16:16:59Z,2026-04-05T16:17:33Z
502,https://www.linkedin.com/company/creebuildings,CREE BUILDINGS,Austria,creebuildings.com,https://www.creebuildings.com/,Construction,11-50 employees,"Dornbirn, Vorarlberg",,2010,,,2026-04-05T16:18:02Z,2026-04-05T16:18:35Z
503,https://www.linkedin.com/company/zmp-holzbausysteme,ZMP Holzbausysteme,Austria,massivholzsystem.at,https://www.massivholzsystem.at,Wholesale Building Materials,11-50 employees,"Raaba-Grambach, Styria",,2009,,,2026-04-05T16:19:04Z,2026-04-05T16:19:39Z
504,https://www.linkedin.com/company/organoid-gmbh,ORGANOID,Austria,organoids.com,https://www.organoids.com,Wholesale Building Materials,11-50 employees,"Fließ, Tyrol",,2012,,,2026-04-05T16:20:09Z,2026-04-05T16:20:40Z
505,https://www.linkedin.com/company/overtec,overtec GmbH,Austria,overtec.com,http://www.overtec.com,Wholesale Building Materials,11-50 employees,,,1979,,,2026-04-05T16:21:09Z,2026-04-05T16:21:44Z
506,https://www.linkedin.com/company/ertex-solar,ertex solar,Austria,ertex-solar.at,https://www.ertex-solar.at/,Wholesale Building Materials,11-50 employees,,,2004,,,2026-04-05T16:22:14Z,2026-04-05T16:22:51Z
507,https://www.linkedin.com/company/kenda-abwassertechnik,Kenda Abwassertechnik GmbH,Austria,kendaabwassertechnik.at,http://kendaabwassertechnik.at,Wholesale Building Materials,11-50 employees,,,1985,,,2026-04-05T16:23:18Z,2026-04-05T16:23:51Z
508,https://www.linkedin.com/company/inndata-datentechnik-gmbh,Inndata Datentechnik GmbH,Austria,inndata.at,http://www.inndata.at,Wholesale Building Materials,11-50 employees,"Innsbruck, Tirol",,1998,,,2026-04-05T16:24:17Z,2026-04-05T16:24:49Z
509,https://www.linkedin.com/company/airfiretech,Air Fire Tech,Austria,airfiretech.at,https://www.airfiretech.at/,Wholesale Building Materials,11-50 employees,"Bad Vöslau, Lower Austria",,2001,,,2026-04-05T16:25:20Z,2026-04-05T16:25:52Z
510,https://www.linkedin.com/company/soprema-gmbh-%C3%B6sterreich,"Soprema GmbH, Österreich",Austria,soprema.at,https://www.soprema.at,Wholesale Building Materials,11-50 employees,,,2015,,,2026-04-05T16:26:25Z,2026-04-05T16:26:57Z
511,https://www.linkedin.com/company/paneelpartner-gmbh,PANEELPARTNER GmbH,Austria,paneelpartner.at,https://www.paneelpartner.at/,Wholesale Building Materials,11-50 employees,"Seiersberg-Pirka, Steiermark",,2022,,,2026-04-05T16:27:31Z,2026-04-05T16:28:06Z
512,https://www.linkedin.com/company/hirnb%C3%B6ck-stabau,Hirnböck Stabau,Austria,spundbohle.at,https://www.spundbohle.at/,Wholesale Building Materials,11-50 employees,"Elixhausen, Salzburg",,,,,2026-04-05T16:28:36Z,2026-04-05T16:29:12Z
513,https://www.linkedin.com/company/ant-handels--und-dienstleistungs-gmbh,ANT Handels- und Dienstleistungs GmbH,Austria,ant.co.at,http://www.ant.co.at,Computer Networking Products,11-50 employees,,,2007,,,2026-04-05T16:29:44Z,2026-04-05T16:30:16Z
514,https://www.linkedin.com/company/wyconn,Wyconn,Austria,wyconn.com,http://www.wyconn.com,Computer Networking Products,11-50 employees,,,2013,,,2026-04-05T16:30:49Z,2026-04-05T16:31:20Z
515,https://www.linkedin.com/company/mdvsoft-,MDVsoft®,Austria,mdvsoft.eu,http://mdvsoft.eu,Computer Networking Products,11-50 employees,,,1998,,,2026-04-05T16:31:50Z,2026-04-05T16:32:23Z
516,https://www.linkedin.com/company/wi-fi-uk,SmartConnectUK,Austria,,,Computer Networking Products,11-50 employees,,,2017,,,2026-04-05T16:32:53Z,2026-04-05T16:33:28Z
517,https://www.linkedin.com/company/sophron-engineering,Sophron Engineering,Austria,sophron.ai,https://sophron.ai,Computer Networking Products,11-50 employees,"Yerevan, Yerevan",,2018,,,2026-04-05T16:33:55Z,2026-04-05T16:34:29Z
518,https://www.linkedin.com/company/niederoesterreichische-glasfaserinfrastrukturgesellschaft,nöGIG Service GmbH,Austria,noegig.at,https://www.noegig.at,Computer Networking Products,11-50 employees,"St. Pölten, Niederösterreich",,2014,,,2026-04-05T16:34:53Z,2026-04-05T16:35:27Z
519,https://www.linkedin.com/company/tttech-labs,TTTech Labs,Austria,labs.tttech.com,https://labs.tttech.com,Computer Networking Products,11-50 employees,,,2014,,,2026-04-05T16:35:58Z,2026-04-05T16:36:31Z
520,https://www.linkedin.com/company/itguards,IT Guards- eine Marke der Gerald Köck GmbH,Austria,computer-koeck.at,https://www.computer-koeck.at,Computer Networking Products,11-50 employees,"Hainburg/Donau, Niederösterreich",,1998,,,2026-04-10T15:06:08Z,2026-04-10T15:06:43Z
521,https://www.linkedin.com/company/bucher-netzwerke-gmbh,Bucher Netzwerke GmbH - IT FOR ENGINEERS,Austria,bucher-netzwerke.de,https://www.bucher-netzwerke.de,Computer Networking Products,11-50 employees,"Weingarten, Baden-Württemberg",,2001,,,2026-04-10T15:07:13Z,2026-04-10T15:07:47Z
522,https://www.linkedin.com/company/dmaa-at,DMAA | Delugan Meissl Associated Architects,Austria,dmaa.at,http://dmaa.at,Architecture and Planning,11-50 employees,,,1993,,,2026-04-10T15:08:14Z,2026-04-10T15:08:50Z
523,https://www.linkedin.com/company/megatabs,.MEGATABS architekten,Austria,megatabs.com,https://megatabs.com,Architecture and Planning,11-50 employees,"Wien, Wien",,2014,,,2026-04-10T15:09:17Z,2026-04-10T15:09:49Z
524,https://www.linkedin.com/company/voepe,VÖPE - Vereinigung Österreichischer Projektentwickler,Austria,voepe.at,https://www.voepe.at/,Architecture and Planning,11-50 employees,,,2020,,,2026-04-10T15:10:16Z,2026-04-10T15:10:51Z
525,https://www.linkedin.com/company/coco-architecture,CoCo Architecture,Austria,cocoarchitecture.fr,https://www.cocoarchitecture.fr/,Architecture and Planning,11-50 employees,"Sarlat-la-Canéda, Nouvelle-Aquitaine",,2005,,,2026-04-10T15:11:21Z,2026-04-10T15:11:54Z
526,https://www.linkedin.com/company/querkraftarchitektur,querkraft,Austria,querkraft.at,http://www.querkraft.at,Architecture and Planning,11-50 employees,,,1998,,,2026-04-10T15:12:23Z,2026-04-10T15:12:57Z
527,https://www.linkedin.com/company/bwm-architekten,BWM Architekten und Partner ZT GmbH,Austria,bwm.at,http://www.bwm.at,Architecture and Planning,11-50 employees,,,2004,,,2026-04-10T15:13:23Z,2026-04-10T15:13:59Z
528,https://www.linkedin.com/company/love-architecture-and-urbanism-zt-gmbh,LOVE architecture and urbanism,Austria,love-architecture.com,https://love-architecture.com,Architecture and Planning,11-50 employees,"Graz, Steiermark",,1998,,,2026-04-10T15:14:24Z,2026-04-10T15:14:58Z
529,https://www.linkedin.com/company/raumposition,Raumposition. GmbH,Austria,raumposition.at,https://www.raumposition.at,Architecture and Planning,11-50 employees,,,2014,,,2026-04-10T15:15:27Z,2026-04-10T15:16:03Z
530,https://www.linkedin.com/company/domus-vivendi-prime,Domus Vivendi Group,Austria,dv-group.de,http://www.dv-group.de,Architecture and Planning,11-50 employees,"Königstein im Taunus, Hessen",,,,,2026-04-10T15:16:30Z,2026-04-10T15:17:04Z
531,https://www.linkedin.com/company/mkp-ing,merz kley partner,Austria,mkp-ing.com,http://www.mkp-ing.com,Architecture and Planning,11-50 employees,"Dornbirn, Vorarlberg",,1994,,,2026-04-10T15:17:34Z,2026-04-10T15:18:08Z
532,https://www.linkedin.com/company/air6-systems,AIR6 SYSTEMS | AIRBORNE ROBOTICS,Austria,air6systems.com,https://www.air6systems.com,Aviation & Aerospace,11-50 employees,"Klagenfurt am Wörthersee, Kärnten",,,,,2026-04-10T15:18:35Z,2026-04-10T15:19:09Z
533,https://www.linkedin.com/company/gatespace,GATE Space,Austria,gate.space,https://www.gate.space,Aviation & Aerospace,11-50 employees,,,2022,,,2026-04-10T15:19:39Z,2026-04-10T15:20:12Z
534,https://www.linkedin.com/company/heading365,Heading365,Austria,heading365.com,http://www.heading365.com,Aviation & Aerospace,11-50 employees,"Schwechat, Lower Austria",,2022,,,2026-04-10T15:20:39Z,2026-04-10T15:21:10Z
535,https://www.linkedin.com/company/asgardia,Asgardia,Austria,asgardia.space,https://asgardia.space/,Aviation and Aerospace Component Manufacturing,11-50 employees,"Vienna, Vienna",,2016,,,2026-04-10T15:21:40Z,2026-04-10T15:22:12Z
536,https://www.linkedin.com/company/lauda-motion,LaudaMotion GmbH,Austria,laudamotion.com,http://www.laudamotion.com,Aviation and Aerospace Component Manufacturing,11-50 employees,"Schwechat, Niederösterreich",,,,,2026-04-10T15:22:39Z,2026-04-10T15:23:11Z
537,https://www.linkedin.com/company/unmannedhelicopters,Unmanned Helicopters group of companies,Austria,unmannedhelicopters.aero,https://unmannedhelicopters.aero,Aviation and Aerospace Component Manufacturing,11-50 employees,,,2019,,,2026-04-10T15:23:41Z,2026-04-10T15:24:16Z
538,https://www.linkedin.com/company/quantumtechnologylaboratoriesgmbh,qtlabs - Quantum Technology Laboratories GmbH,Austria,qtlabs.at,http://www.qtlabs.at,Aviation and Aerospace Component Manufacturing,11-50 employees,"Vienna, Wien",,2017,,,2026-04-10T15:24:46Z,2026-04-10T15:25:18Z
539,https://www.linkedin.com/company/m&h-cnc-technik-gmbh,M&H CNC Technik GmbH,Austria,mhcnc.com,http://www.mhcnc.com,Aviation & Aerospace,11-50 employees,"Ilz, Steiermark",,1998,,,2026-04-10T15:25:48Z,2026-04-10T15:26:22Z
540,https://www.linkedin.com/company/primusavia,PRIMUS AVIA,Austria,primusavia.com,http://www.primusavia.com,Aviation & Aerospace,11-50 employees,"Graz, Styria",,2010,,,2026-04-10T15:26:48Z,2026-04-10T15:27:24Z
541,https://www.linkedin.com/company/skytec-aerospace-gmbh,Skytec Aerospace GmbH,Austria,skytec-aero.com,http://www.skytec-aero.com,Aviation & Aerospace,11-50 employees,"Weikersdorf, Niederösterreich",,2019,,,2026-04-10T15:27:47Z,2026-04-10T15:28:30Z
542,https://www.linkedin.com/company/suzuki-austria-automobil-handels-gesellschaft-m-b-h-,Suzuki Austria Automobil Handels Gesellschaft m.b.H.,Austria,suzuki.at,http://www.suzuki.at,Motor Vehicle Manufacturing,11-50 employees,,,1980,,,2026-04-10T15:28:58Z,2026-04-10T15:29:34Z
543,https://www.linkedin.com/company/stard-austria,STARD,Austria,stard.at,http://stard.at/blog/,Motor Vehicle Manufacturing,11-50 employees,"Groß-Enzersdorf, Niederösterreich",,2002,,,2026-04-10T15:30:03Z,2026-04-10T15:30:37Z
544,https://www.linkedin.com/company/acstyria-autocluster-gmbh,ACstyria Mobilitätscluster,Austria,acstyria.com,http://www.acstyria.com,Motor Vehicle Manufacturing,11-50 employees,"Raaba-Grambach, Styria",,1995,,,2026-04-10T15:31:05Z,2026-04-10T15:31:39Z
545,https://www.linkedin.com/company/tu-graz-racing-team,TU Graz Racing Team,Austria,tugracing.at,https://www.tugracing.at/,Motor Vehicle Manufacturing,11-50 employees,"Graz, Steiermark",,2002,,,2026-04-10T15:32:09Z,2026-04-10T15:32:44Z
546,https://www.linkedin.com/company/green-testing-lab,Green Testing Lab,Austria,greentestinglab.com,http://www.greentestinglab.com,Motor Vehicle Manufacturing,11-50 employees,"Greinbach, Styria",,2020,,,2026-04-10T15:41:06Z,2026-04-10T15:41:43Z
547,https://www.linkedin.com/company/volvocarat,Volvo Car Österreich,Austria,volvocars.at,http://www.volvocars.at,Motor Vehicle Manufacturing,11-50 employees,"Wien, Wien",,,,,2026-04-10T15:42:15Z,2026-04-10T15:42:49Z
548,https://www.linkedin.com/company/ktm-x-bow,KTM X-BOW,Austria,ktm-xbow.com,http://www.ktm-xbow.com/,Motor Vehicle Manufacturing,11-50 employees,"Graz, Steiermark",,2008,,,2026-04-10T15:43:13Z,2026-04-10T15:43:54Z
549,https://www.linkedin.com/company/byd-austria,BYD Austria,Austria,bydauto.at,https://www.bydauto.at,Automotive,11-50 employees,"Wien, Wien",,2022,,,2026-04-10T15:44:17Z,2026-04-10T15:44:50Z
550,https://www.linkedin.com/company/hyundai-austria,Hyundai Österreich,Austria,hyundai.at,http://www.hyundai.at,Automotive,11-50 employees,"Wien, Wien",,1991,,,2026-04-10T15:45:20Z,2026-04-10T15:45:53Z
551,https://www.linkedin.com/company/mg-motor-austria,MG Motor Austria,Austria,mgmotor.eu,http://www.mgmotor.eu,Motor Vehicle Manufacturing,11-50 employees,,,1924,,,2026-04-10T15:46:24Z,2026-04-10T15:46:55Z
552,https://www.linkedin.com/company/american-chemical-technologies-inc-,"American Chemical Technologies, Inc.",Austria,americanchemtech.com,http://www.americanchemtech.com/,Chemical Manufacturing,11-50 employees,"Howell, Michigan",,1977,,,2026-04-10T15:47:22Z,2026-04-10T15:47:57Z
553,https://www.linkedin.com/company/celeristx,Celeris Therapeutics,Austria,celeristx.com,https://celeristx.com,Pharmaceutical Manufacturing,11-50 employees,"Menlo Park, Kalifornien",,2021,,,2026-04-10T15:48:34Z,2026-04-10T15:49:09Z
554,https://www.linkedin.com/company/bdi-biolife-science-gmbh,BDI-BioLife Science,Austria,bdi-biolifescience.com,https://www.bdi-biolifescience.com,Biotechnology,11-50 employees,"Raaba-Grambach, Steiermark",,2015,,,2026-04-10T15:49:34Z,2026-04-10T15:50:08Z
555,https://www.linkedin.com/company/drehm-pharma,DREHM Pharma GmbH,Austria,drehm.at,http://www.drehm.at,Pharmaceutical Manufacturing,11-50 employees,"Vienna, Wien",,2004,,,2026-04-10T15:50:33Z,2026-04-10T15:51:08Z
556,https://www.linkedin.com/company/haleon-gebro-consumer-health-gmbh,Haleon - Gebro Austria,Austria,haleon-gebro.at,https://www.haleon-gebro.at/,Pharmaceutical Manufacturing,11-50 employees,"Fieberbrunn, Tirol",,,,,2026-04-10T15:51:35Z,2026-04-10T15:52:06Z
557,https://www.linkedin.com/company/marinomed-biotech-ag,Marinomed Biotech AG,Austria,marinomed.com,https://www.marinomed.com/en,Biotechnology,11-50 employees,"Korneuburg, Niederösterreich",,2006,,,2026-04-10T15:52:34Z,2026-04-10T15:53:13Z
558,https://www.linkedin.com/company/flavine-international,Flavine,Austria,flavine.com,http://www.flavine.com,Pharmaceutical Manufacturing,11-50 employees,"Paramus, New Jersey",,1975,,,2026-04-10T15:53:36Z,2026-04-10T15:54:13Z
559,https://www.linkedin.com/company/gxp-engaged-services-gmbh,GxP Engaged,Austria,gxp-auditing.com,http://www.gxp-auditing.com,Pharmaceutical Manufacturing,51-200 employees,"Munich, Bavaria",,2005,,,2026-04-10T15:54:39Z,2026-04-10T15:55:18Z
560,https://www.linkedin.com/company/pharmig,PHARMIG,Austria,pharmig.at,https://www.pharmig.at,Pharmaceutical Manufacturing,11-50 employees,"Wien, Wien",,1954,,,2026-04-10T15:55:47Z,2026-04-10T15:56:22Z
561,https://www.linkedin.com/company/kiorapharma,"Kiora Pharmaceuticals, Inc.",Austria,kiorapharma.com,https://kiorapharma.com/,Biotechnology,11-50 employees,"Encinitas, California",,2013,,,2026-04-10T15:56:51Z,2026-04-10T15:57:26Z
562,https://www.linkedin.com/company/biofuel-express,Biofuel Express,Austria,biofuel-express.com,http://www.biofuel-express.com,Oil and Gas,11-50 employees,,,2008,,,2026-04-10T15:57:55Z,2026-04-10T15:58:27Z
563,https://www.linkedin.com/company/eralytics,eralytics GmbH,Austria,eralytics.com,http://www.eralytics.com,Oil and Gas,11-50 employees,,,2007,,,2026-04-10T15:58:57Z,2026-04-10T16:00:57Z
564,https://www.linkedin.com/company/seaway-technologies-gmbh,SEAWAY Technologies GmbH,Austria,seaway.at,http://www.seaway.at,Oil and Gas,11-50 employees,,,,,,2026-04-10T16:02:33Z,2026-04-10T16:03:15Z
565,https://www.linkedin.com/company/adx-energy,ADX Energy Ltd,Austria,adxenergy.com.au,http://www.adxenergy.com.au,Oil and Gas,11-50 employees,"Claremont, Western Australia",,,,,2026-04-10T16:03:44Z,2026-04-10T16:04:24Z
566,https://www.linkedin.com/company/cegh,Central European Gas Hub AG,Austria,cegh.at,http://www.cegh.at,Oil and Gas,11-50 employees,,,2005,,,2026-04-10T16:25:22Z,2026-04-10T16:25:58Z
567,https://www.linkedin.com/company/interpetrol-sa-switzerland-,Interpetrol GROUP,Austria,interpetrolgroup.com,http://www.interpetrolgroup.com,Oil and Gas,11-50 employees,"Geneva, Geneva",,,,,2026-04-10T16:26:22Z,2026-04-10T16:26:57Z
568,https://www.linkedin.com/company/mudozangl,MudoZangl,Austria,mudozangl.com,https://www.mudozangl.com,Oil and Gas,11-50 employees,,,,,,2026-04-10T16:27:23Z,2026-04-10T16:27:59Z
569,https://www.linkedin.com/company/lngcluster,LNG Cluster,Austria,lngcluster.com,http://www.lngcluster.com,Oil and Gas,11-50 employees,"San Diego, CA",,2005,,,2026-04-10T16:28:26Z,2026-04-10T16:29:02Z
570,https://www.linkedin.com/company/princess-yachts-%C3%B6sterreich,Princess Yachts Österreich,Austria,princessyachtsaustria.at,https://www.princessyachtsaustria.at/,Maritime Transportation,11-50 employees,,,,,,2026-04-23T03:00:30Z,2026-04-23T03:01:04Z
571,https://www.linkedin.com/company/mco-sailing,MCO Sailing,Austria,mco-sailing.com,http://www.mco-sailing.com,Maritime,11-50 employees,,,2014,,,2026-04-23T03:01:34Z,2026-04-23T03:02:07Z
572,https://www.linkedin.com/company/fuelsome-eu-project,FuelSOME project,Austria,,,Maritime Transportation,11-50 employees,,,2022,,,2026-04-23T03:02:36Z,2026-04-23T03:03:10Z
573,https://www.linkedin.com/company/avcon-yacht,Avcon Yacht,Austria,avconyacht.at,https://avconyacht.at/,Maritime Transportation,11-50 employees,,,2024,,,2026-04-23T03:03:34Z,2026-04-23T03:04:07Z
574,https://www.linkedin.com/company/masteryachting,MASTER YACHTING,Austria,masteryachting.com,http://www.masteryachting.com/de/,Maritime,11-50 employees,,,1978,,,2026-04-23T03:04:33Z,2026-04-23T03:05:09Z
575,https://www.linkedin.com/company/mega-yacht-transport,Mega Yacht Transport,Austria,megayachttransport.com,http://megayachttransport.com,Maritime,11-50 employees,,,2009,,,2026-04-23T03:05:35Z,2026-04-23T03:06:09Z
576,https://www.linkedin.com/company/aquamot-electric-motors-gmbh,Aquamot Electric Motors GmbH,Austria,aquamot.com,www.aquamot.com,Maritime Transportation,11-50 employees,"Vöcklamarkt, Upper Austria",,2003,,,2026-04-23T03:06:36Z,2026-04-23T03:07:12Z
577,https://www.linkedin.com/company/bluplanet-digital,bluplanet,Austria,bluplanet-ai.com,http://www.bluplanet-ai.com,IT Services and IT Consulting,11-50 employees,"Berlin, Berlin",,2021,,,2026-04-23T03:07:37Z,2026-04-23T03:08:14Z
578,https://www.linkedin.com/company/codeship,CodeShip (acquired by CloudBees),Austria,codeship.com,https://www.codeship.com,IT Services and IT Consulting,11-50 employees,"Boston, MA",,2011,,,2026-04-23T03:08:38Z,2026-04-23T03:09:13Z
579,https://www.linkedin.com/company/tems-gmbh,TEMS Ltd.,Austria,tems.at,http://www.tems.at,IT Services and IT Consulting,11-50 employees,,,2017,,,2026-04-23T03:09:38Z,2026-04-23T03:10:13Z
580,https://www.linkedin.com/company/tenfold-software-gmbh,tenfold Software,Austria,tenfold-security.com,https://www.tenfold-security.com,IT Services and IT Consulting,11-50 employees,"New York, NY",,,,,2026-04-23T03:10:41Z,2026-04-23T03:11:16Z
581,https://www.linkedin.com/company/sproof,sproof,Austria,sproof.com,https://www.sproof.com,Computer and Network Security,11-50 employees,"Puch bei Hallein, Salzburg",,2019,,,2026-04-23T03:11:42Z,2026-04-23T03:12:17Z
582,https://www.linkedin.com/company/jennifersoft,JENNIFERSOFT,Austria,jennifersoft.com,http://www.jennifersoft.com,IT Services and IT Consulting,11-50 employees,"Burlingame, CA",,2005,,,2026-04-23T03:12:51Z,2026-04-23T03:13:24Z
583,https://www.linkedin.com/company/fundsenseio,FundSense,Austria,fundsense.io,https://fundsense.io,IT Services and IT Consulting,11-50 employees,"London, England",,2020,,,2026-04-23T03:13:53Z,2026-04-23T03:14:26Z
584,https://www.linkedin.com/company/kinosec,KinoSec.ai,Austria,kinosec.ai,https://www.kinosec.ai,Computer and Network Security,11-50 employees,"San Francisco, California",,2026,,,2026-04-23T03:14:50Z,2026-04-23T03:15:24Z
585,https://www.linkedin.com/company/parityqc,ParityQC,Austria,parityqc.com,http://www.parityqc.com,IT Services and IT Consulting,11-50 employees,"Innsbruck, Tirol",,,,,2026-04-23T03:15:49Z,2026-04-23T03:16:21Z
586,https://www.linkedin.com/company/av-comparatives,AV-Comparatives,Austria,av-comparatives.org,https://www.av-comparatives.org,Computer and Network Security,11-50 employees,"Innsbruck, Tyrol",,2003,,,2026-04-23T03:16:55Z,2026-04-23T03:17:29Z
587,https://www.linkedin.com/company/enpulsion,ENPULSION,Austria,enpulsion.com,https://www.enpulsion.com,Defense and Space Manufacturing,51-200 employees,"Wien-Flughafen, Niederösterreich",,2016,,,2026-04-23T03:17:57Z,2026-04-23T03:18:33Z
588,https://www.linkedin.com/company/underpearl,UnderPearl,Austria,underpearl.com,underpearl.com,Defense and Space Manufacturing,51-200 employees,"Klagenfurt, Carinthia",,2017,,,2026-04-23T03:19:02Z,2026-04-23T03:19:35Z
589,https://www.linkedin.com/company/raytech-vertriebsgmbh,Raytech VertriebsgmbH,Austria,raytech-group.com,http://www.raytech-group.com,Defense & Space,51-200 employees,"Brunn am Gebirge, Niederösterreich",,1992,,,2026-04-23T03:20:02Z,2026-04-23T03:20:37Z
590,https://www.linkedin.com/company/dhruvaspace,Dhruva Space,Austria,dhruvaspace.com,https://www.dhruvaspace.com/,Defense and Space Manufacturing,51-200 employees,"Hyderabad, Telangana",,2012,,,2026-04-23T03:21:04Z,2026-04-23T03:21:38Z
591,https://www.linkedin.com/company/hirtenberger-defence-systems,Hirtenberger Defence Systems,Austria,hds.hirtenberger.com,http://hds.hirtenberger.com/,Defense & Space,51-200 employees,"Hirtenberg, Niederösterreich",,1860,,,2026-04-23T03:22:02Z,2026-04-23T03:22:38Z
592,https://www.linkedin.com/company/pik-as-austria,PIK-AS Austria GmbH,Austria,pikas.at,http://www.pikas.at,Defense and Space Manufacturing,51-200 employees,"Mariasdorf, Burgenland",,1981,,,2026-04-23T03:23:02Z,2026-04-23T03:23:35Z
593,https://www.linkedin.com/company/foodwatch,foodwatch International,Austria,foodwatch.org,https://www.foodwatch.org,Non-profit Organizations,51-200 employees,,,2002,,,2026-04-23T03:23:57Z,2026-04-23T03:24:30Z
594,https://www.linkedin.com/company/the-global-initiative-against-transnational-organized-crime,Global Initiative against Transnational Organized Crime,Austria,globalinitiative.net,http://www.globalinitiative.net,Non-profit Organizations,51-200 employees,"Geneva, Geneva",,2013,,,2026-04-23T03:25:00Z,2026-04-23T03:25:34Z
595,https://www.linkedin.com/company/aerzte-ohne-grenzen-oesterreich,Ärzte ohne Grenzen Österreich,Austria,aerzte-ohne-grenzen.at,http://www.aerzte-ohne-grenzen.at,Non-profit Organizations,51-200 employees,"Wien, Vienna",,,,,2026-04-23T03:26:03Z,2026-04-23T03:26:36Z
596,https://www.linkedin.com/company/esr-journals,ESR Journals,Austria,journals.myesr.org,https://journals.myesr.org/,Non-profit Organizations,51-200 employees,"Vienna, Vienna",,,,,2026-04-23T03:27:05Z,2026-04-23T03:27:41Z
597,https://www.linkedin.com/company/climatalk,ClimaTalk,Austria,climatalk.org,https://climatalk.org/,Non-profit Organizations,51-200 employees,,,2020,,,2026-04-23T03:28:11Z,2026-04-23T03:28:43Z
598,https://www.linkedin.com/company/ackercommunity,Acker,Austria,acker.co,https://www.acker.co/Impressum,Non-profit Organizations,51-200 employees,,,2014,,,2026-04-23T03:29:14Z,2026-04-23T03:29:46Z
599,https://www.linkedin.com/company/esr-european-society-of-radiology,European Society of Radiology,Austria,myesr.org,http://www.myESR.org,Non-profit Organizations,51-200 employees,"Vienna, Vienna",,,,,2026-04-23T03:30:10Z,2026-04-23T03:30:44Z
600,https://www.linkedin.com/company/seforall,Sustainable Energy for All (SEforALL),Austria,seforall.org,http://www.seforall.org,Non-profit Organizations,51-200 employees,,,2012,,,2026-04-23T03:31:15Z,2026-04-23T03:31:51Z
601,https://www.linkedin.com/company/industriellenvereinigung,Federation of Austrian Industries,Austria,iv.at,http://www.iv.at,Non-profit Organizations,51-200 employees,"Wien, Österreich",,,,,2026-04-23T03:32:18Z,2026-04-23T03:32:51Z
602,https://www.linkedin.com/company/alpenverein-at,Österreichischer Alpenverein,Austria,alpenverein.at,http://www.alpenverein.at,Non-profit Organization Management,51-200 employees,"Innsbruck, Tirol",,1862,,,2026-04-23T03:33:21Z,2026-04-23T03:33:53Z
603,https://www.linkedin.com/company/capus,Capus AS,Austria,capus.no,http://www.capus.no,Staffing and Recruiting,51-200 employees,,,1999,,,2026-04-23T03:34:22Z,2026-04-23T03:34:57Z
604,https://www.linkedin.com/company/ratbacher-gmbh,Ratbacher GmbH,Austria,ratbacher.com,https://www.ratbacher.com,Staffing and Recruiting,51-200 employees,"Stuttgart, Baden-Württemberg",,2006,,,2026-04-23T03:35:26Z,2026-04-23T03:36:02Z
605,https://www.linkedin.com/company/eo-executive-search-austria,EO Executives Austria,Austria,eoexecutives.at,https://www.eoexecutives.at,Staffing and Recruiting,51-200 employees,"Wien, Wien",,1997,,,2026-04-23T03:36:34Z,2026-04-23T03:37:06Z
606,https://www.linkedin.com/company/chapmancg,ChapmanCG,Austria,chapmancg.com,http://www.chapmancg.com,Staffing and Recruiting,51-200 employees,"Singapore, Singapore",,2008,,,2026-04-23T03:37:35Z,2026-04-23T03:38:07Z
607,https://www.linkedin.com/company/michael-bailey-associates,Michael Bailey Associates,Austria,michaelbaileyassociates.com,http://www.michaelbaileyassociates.com,Staffing and Recruiting,51-200 employees,"London, England",,1989,,,2026-04-23T03:38:30Z,2026-04-23T03:39:03Z
608,https://www.linkedin.com/company/hapeko-hanseatisches-personalkontor,HAPEKO Deutschland,Austria,hapeko.de,https://hapeko.de,Staffing and Recruiting,51-200 employees,"Hamburg, HH",,2003,,,2026-04-23T03:39:30Z,2026-04-23T03:40:06Z
609,https://www.linkedin.com/company/aristogroup,Aristo Group,Austria,aristo-group.com,http://www.aristo-group.com,Staffing and Recruiting,51-200 employees,"München, Bayern",,,,,2026-04-23T03:40:29Z,2026-04-23T03:41:05Z
610,https://www.linkedin.com/company/eoexecutives,EO Executives - Results through people,Austria,eoexecutives.com,http://www.eoexecutives.com,Staffing and Recruiting,51-200 employees,"Köln, Nordrhein-Westfalen",,2000,,,2026-04-23T03:41:35Z,2026-04-23T03:42:09Z
611,https://www.linkedin.com/company/bluebird-international,Bluebird,Austria,bluebird.hu,https://bluebird.hu,Staffing and Recruiting,51-200 employees,,,2001,,,2026-04-23T03:42:38Z,2026-04-23T03:43:12Z
612,https://www.linkedin.com/company/schulmeister-management-consulting,Schulmeister Management Consulting,Austria,schulmeister-consulting.com,http://www.schulmeister-consulting.com,Staffing and Recruiting,51-200 employees,,,2001,,,2026-04-23T03:43:40Z,2026-04-23T03:44:16Z
613,https://www.linkedin.com/company/janek-performance-group,Janek Performance Group,Austria,janek.com,https://www.janek.com/,Professional Training and Coaching,51-200 employees,"Henderson, Nevada",,2005,,,2026-04-23T03:44:43Z,2026-04-23T03:45:17Z
614,https://www.linkedin.com/company/ti-communication,ti communication worldwide,Austria,ticommunication.eu,https://www.ticommunication.eu/de/,Professional Training and Coaching,51-200 employees,"Regensburg, Bavaria",,2000,,,2026-04-23T03:45:44Z,2026-04-23T03:46:19Z
615,https://www.linkedin.com/company/digitall360,DigitAll360,Austria,digitall360.com,http://www.digitAll360.com,Professional Training and Coaching,51-200 employees,"Orlando, Florida",,2018,,,2026-04-23T03:46:50Z,2026-04-23T03:47:25Z
616,https://www.linkedin.com/company/hansen-beck,Hansen Beck,Austria,hansenbeck.com,http://www.hansenbeck.com,Professional Training and Coaching,51-200 employees,,,2019,,,2026-04-23T03:47:52Z,2026-04-23T03:48:26Z
617,https://www.linkedin.com/company/deutschakademie-gruppe-gmbh,DeutschAkademie,Austria,deutschakademie.de,https://www.deutschakademie.de,Professional Training and Coaching,51-200 employees,"Vienna, Vienna",,1999,,,2026-04-23T03:48:53Z,2026-04-23T03:49:29Z
618,https://www.linkedin.com/company/ita-cert,"Inspection, Testing & Assurance Company",Austria,ita-cert.co.uk,http://ita-cert.co.uk,Professional Training and Coaching,51-200 employees,,,2010,,,2026-04-23T03:49:52Z,2026-04-23T03:50:27Z
619,https://www.linkedin.com/company/entrepreneurship-avenue,Entrepreneurship Avenue,Austria,entrepreneurshipavenue.com,https://www.entrepreneurshipavenue.com/,Professional Training and Coaching,51-200 employees,,,2014,,,2026-04-23T03:50:54Z,2026-04-23T03:51:29Z
620,https://www.linkedin.com/company/kern-ag-training,KERN Training,Austria,kerntraining.com,https://www.kerntraining.com/de/,Professional Training and Coaching,51-200 employees,"Frankfurt am Main, Hessen",,1969,,,2026-04-26T00:58:22Z,2026-04-26T00:58:58Z
621,https://www.linkedin.com/company/volt-oesterreich,Volt Austria,Austria,voltoesterreich.org,https://www.voltoesterreich.org/,Political Organizations,51-200 employees,,,,,,2026-04-26T00:59:24Z,2026-04-26T01:00:00Z
622,https://www.linkedin.com/company/%C3%B6sterreichische-%C3%A4rztekammer,Österreichische Ärztekammer,Austria,aerztekammer.at,http://www.aerztekammer.at,Political Organizations,51-200 employees,,,,,,2026-04-26T01:00:24Z,2026-04-26T01:00:59Z
623,https://www.linkedin.com/company/sozialdemokratische-partei-%C3%B6sterreichs,Sozialdemokratische Partei Österreichs (SPÖ),Austria,spoe.at,http://www.spoe.at,Political Organizations,51-200 employees,,,1889,,,2026-04-26T01:01:25Z,2026-04-26T01:01:58Z
624,https://www.linkedin.com/company/european-association-of-political-consultants,European Association of Political Consultants (EAPC),Austria,eapc.eu,www.eapc.eu,Political Organizations,51-200 employees,,,1996,,,2026-04-26T01:02:30Z,2026-04-26T01:03:03Z
625,https://www.linkedin.com/company/neos,NEOS,Austria,neos.eu,http://neos.eu,Political Organizations,51-200 employees,"Vienna, Vienna",,2012,,,2026-04-26T01:03:28Z,2026-04-26T01:04:01Z
626,https://www.linkedin.com/company/spoe-parlamentsklub,SPÖ Parlamentsklub,Austria,spoe.at,https://www.spoe.at/klub/,Political Organizations,51-200 employees,,,,,,2026-04-26T01:04:32Z,2026-04-26T01:05:08Z
627,https://www.linkedin.com/company/aekwien,Kammer für Ärztinnen und Ärzte in Wien,Austria,aekwien.at,https://www.aekwien.at,Political Organizations,51-200 employees,,,1891,,,2026-04-26T01:05:36Z,2026-04-26T01:06:09Z
628,https://www.linkedin.com/company/die-gr-nen-im-parlamentsklub,Die Grünen Österreich,Austria,gruene.at,http://www.gruene.at,Political Organizations,51-200 employees,,,1986,,,2026-04-26T01:06:37Z,2026-04-26T01:07:13Z
629,https://www.linkedin.com/company/junos-junge-liberale-studierende,JUNOS - Junge liberale Studierende,Austria,studierende.junos.at,http://studierende.junos.at,Political Organizations,51-200 employees,,,2011,,,2026-04-26T01:07:38Z,2026-04-26T01:08:13Z
630,https://www.linkedin.com/company/spooe,SPÖ Oberösterreich,Austria,spooe.at,http://spooe.at,Political Organizations,51-200 employees,"Linz, Oberösterreich",,1891,,,2026-04-26T01:08:39Z,2026-04-26T01:09:14Z
631,https://www.linkedin.com/company/companion-group-ltd,Companion Group,Austria,companiongroup.io,https://companiongroup.io,Computer Games,51-200 employees,"London, England",,2022,,,2026-04-26T01:09:47Z,2026-04-26T01:10:22Z
632,https://www.linkedin.com/company/mipumi-games,Mi'pu'mi Games,Austria,mipumi.com,http://www.mipumi.com/,Computer Games,51-200 employees,,,2009,,,2026-04-26T01:10:50Z,2026-04-26T01:11:24Z
633,https://www.linkedin.com/company/funstage,Funstage,Austria,funstage.com,http://www.funstage.com,Computer Games,51-200 employees,"Wien, Österreich",,,,,2026-04-26T01:11:54Z,2026-04-26T01:12:26Z
634,https://www.linkedin.com/company/purple-lamp,Purple Lamp,Austria,purplelamp.com,https://www.purplelamp.com,Computer Games,51-200 employees,"Vienna, Vienna",,2018,,,2026-04-26T01:12:52Z,2026-04-26T01:13:26Z
635,https://www.linkedin.com/company/bongfish-gmbh,Bongfish GmbH,Austria,bongfish.com,http://www.bongfish.com,Computer Games,51-200 employees,"Graz, Styria",,2006,,,2026-04-26T01:13:58Z,2026-04-26T01:14:32Z
636,https://www.linkedin.com/company/jowood-productions-software-ag,JoWooD Productions Software AG,Austria,jowood.com,http://www.jowood.com,Computer Games,51-200 employees,"Vienna, Vienna",,1995,,,2026-04-26T01:15:01Z,2026-04-26T01:15:33Z
637,https://www.linkedin.com/company/palmhr,palm.hr,Austria,palmhr.net,https://palmhr.net,Human Resources Services,51-200 employees,,,2018,,,2026-04-26T01:16:01Z,2026-04-26T01:16:34Z
638,https://www.linkedin.com/company/hubertwartner,HUBERT WARTNER International Group,Austria,hubertwartner.com,http://www.HubertWartner.com,Business Consulting and Services,51-200 employees,,,2000,,,2026-04-26T01:17:04Z,2026-04-26T01:17:40Z
639,https://www.linkedin.com/company/insuvia,Insuvia,Austria,insuvia.com,http://www.insuvia.com,Business Consulting and Services,51-200 employees,,,2013,,,2026-04-26T01:18:06Z,2026-04-26T01:18:38Z
640,https://www.linkedin.com/company/ngs-global,NGS Global,Austria,ngs-global.com,http://www.ngs-global.com,Business Consulting and Services,51-200 employees,"Wilmington, Delaware",,,,,2026-04-26T01:19:04Z,2026-04-26T01:19:36Z
641,https://www.linkedin.com/company/zukunftsinstitut-gmbh,Zukunftsinstitut GmbH,Austria,zukunftsinstitut.de,https://www.zukunftsinstitut.de/,Business Consulting and Services,51-200 employees,"Frankfurt am Main, Hessen",,1998,,,2026-04-26T01:20:05Z,2026-04-26T01:20:41Z
642,https://www.linkedin.com/company/nordic-interim,Nordic Interim SE - A Valtus Company,Austria,nordicinterim.com,https://www.nordicinterim.com,Business Consulting and Services,51-200 employees,"Stockholm, Stockholm County",,2004,,,2026-04-26T01:21:12Z,2026-04-26T01:21:47Z
643,https://www.linkedin.com/company/land,LAND,Austria,landsrl.com,http://www.landsrl.com,Environmental Services,51-200 employees,"Milano, Italia",,1990,,,2026-04-26T01:22:14Z,2026-04-26T01:22:47Z
644,https://www.linkedin.com/company/keyjordan,Key Jordan,Austria,keyjordan.com,www.keyjordan.com,Outsourcing and Offshoring Consulting,51-200 employees,,,2013,,,2026-04-26T01:23:12Z,2026-04-26T01:23:43Z
645,https://www.linkedin.com/company/myclimate,myclimate,Austria,myclimate.org,https://www.myclimate.org,Environmental Services,51-200 employees,,,2002,,,2026-04-26T01:24:11Z,2026-04-26T01:24:44Z
646,https://www.linkedin.com/company/transiris,Transiris,Austria,transiris.com,http://www.transiris.com,Marketing Services,51-200 employees,"San Francisco, California",,2012,,,2026-04-26T01:25:15Z,2026-04-26T01:25:52Z
647,https://www.linkedin.com/company/time-change,time change GmbH,Austria,time-change.com,http://www.time-change.com,Events Services,51-200 employees,"Berlin, Berlin",,,,,2026-04-26T01:26:18Z,2026-04-26T01:26:51Z
648,https://www.linkedin.com/company/habegger-ag,Habegger AG,Austria,habegger.ch,https://www.habegger.ch/en/,Events Services,51-200 employees,"Regensdorf, ZH",,1982,,,2026-04-26T01:27:22Z,2026-04-26T01:27:57Z
649,https://www.linkedin.com/company/cti-meeting-technology,CTI Meeting Technology,Austria,ctimeetingtech.com,http://ctimeetingtech.com,Events Services,51-200 employees,"Chicago, IL",,1982,,,2026-04-26T01:28:29Z,2026-04-26T01:29:04Z
650,https://www.linkedin.com/company/196-plus,196+ events,Austria,196plus.com,https://196plus.com/,Events Services,51-200 employees,,,,,,2026-04-26T01:29:37Z,2026-04-26T01:30:12Z
651,https://www.linkedin.com/company/ics---international-conference-services-ltd-,International Conference Services (ICS),Austria,icsevents.com,http://www.icsevents.com,Events Services,51-200 employees,"Vancouver, British Columbia",,1976,,,2026-04-26T01:30:40Z,2026-04-26T01:31:18Z
652,https://www.linkedin.com/company/austriacentervienna,Austria Center Vienna - Internationales Kongresszentrum,Austria,acv.at,https://www.acv.at,Events Services,51-200 employees,"Wien, Wien",,,,,2026-04-26T01:31:43Z,2026-04-26T01:32:17Z
653,https://www.linkedin.com/company/messe-wels-gmbh,Messe Wels GmbH,Austria,messe-wels.at,http://www.messe-wels.at,Events Services,51-200 employees,"Wels, Upper Austria",,,,,2026-04-26T01:32:44Z,2026-04-26T01:33:17Z
654,https://www.linkedin.com/company/b-network,bnetwork,Austria,bnetwork.com,http://www.bnetwork.com,Events Services,51-200 employees,"Paris, Île-de-France",,2005,,,2026-04-26T01:33:45Z,2026-04-26T01:34:17Z
655,https://www.linkedin.com/company/proske,Proske,Austria,proske.com,http://www.proske.com,Events Services,51-200 employees,"München, Bayern",,1986,,,2026-04-26T01:34:47Z,2026-04-26T01:35:21Z
656,https://www.linkedin.com/company/vieconcenter,VIECON – Vienna Congress & Convention Center,Austria,vieconcenter.at,http://www.vieconcenter.at,Events Services,51-200 employees,"Wien, Österreich",,2004,,,2026-04-26T01:35:49Z,2026-04-26T01:36:27Z
657,https://www.linkedin.com/company/s.-sch-sswender-werke-metall--und-schmiedekunst-gmbh,"S. Schösswender Werke, Metall- und Schmiedekunst GmbH",Austria,anras.schoesswender.at,http://www.anras.schoesswender.at,Arts & Crafts,51-200 employees,"Anras, Tirol",,1976,,,2026-04-26T01:36:57Z,2026-04-26T01:37:31Z
658,https://www.linkedin.com/company/didrot,Didrot,Austria,didrot.com,http://www.didrot.com,Retail Art Supplies,51-200 employees,"Vienna, Vienna",,2020,,,2026-04-26T01:37:58Z,2026-04-26T01:38:34Z
659,https://www.linkedin.com/company/tele-controls-inc,TELE Controls Inc.,Austria,tele-controls.com,https://www.tele-controls.com,"Appliances, Electrical, and Electronics Manufacturing",51-200 employees,"Herndon, Virginia",,1963,,,2026-04-26T01:39:04Z,2026-04-26T01:39:38Z
660,https://www.linkedin.com/company/juniper-systems,Juniper Systems,Austria,junipersys.com,http://www.junipersys.com,"Appliances, Electrical, and Electronics Manufacturing",51-200 employees,"Logan, Utah",,1993,,,2026-04-26T01:40:01Z,2026-04-26T01:40:36Z
661,https://www.linkedin.com/company/go-e-gmbh,go-e,Austria,go-e.com,www.go-e.com,"Appliances, Electrical, and Electronics Manufacturing",51-200 employees,"Feldkirchen in Kärnten, Kärnten",,2015,,,2026-04-26T01:41:08Z,2026-04-26T01:41:43Z
662,https://www.linkedin.com/company/seaelectricev,SEA Electric,Austria,exro.com,http://www.exro.com,"Appliances, Electrical, and Electronics Manufacturing",51-200 employees,"Torrance, California",,2012,,,2026-04-26T01:42:11Z,2026-04-26T01:42:46Z
663,https://www.linkedin.com/company/baur-pruef-und-messtechnik-gmbh,BAUR GmbH,Austria,baur.eu,https://www.baur.eu,"Appliances, Electrical, and Electronics Manufacturing",51-200 employees,,,1945,,,2026-04-26T01:43:12Z,2026-04-26T01:43:46Z
664,https://www.linkedin.com/company/akg-acoustics-gmbh,AKG,Austria,akg.com,http://www.akg.com,"Appliances, Electrical, and Electronics Manufacturing",51-200 employees,,,1947,,,2026-04-26T01:44:16Z,2026-04-26T01:44:48Z
665,https://www.linkedin.com/company/loytec-electronics-gmbh,LOYTEC,Austria,loytec.com,https://www.loytec.com,"Appliances, Electrical, and Electronics Manufacturing",51-200 employees,"Wien, Wien",,,,,2026-04-26T01:45:16Z,2026-04-26T01:45:50Z
666,https://www.linkedin.com/company/hitzingergmbh,HITZINGER Power Solutions GmbH,Austria,hitzinger.at,http://www.hitzinger.at,"Appliances, Electrical, and Electronics Manufacturing",51-200 employees,,,1946,,,2026-04-26T01:46:22Z,2026-04-26T01:46:55Z
667,https://www.linkedin.com/company/buck-lighting,BUCK Lighting,Austria,buck.lighting,http://buck.lighting,"Appliances, Electrical, and Electronics Manufacturing",51-200 employees,,,1992,,,2026-04-26T01:47:22Z,2026-04-26T01:47:56Z
668,https://www.linkedin.com/company/ewo,ewo,Austria,ewo.com,http://www.ewo.com,"Appliances, Electrical, and Electronics Manufacturing",51-200 employees,"Cortaccia, Alto Adige",,1996,,,2026-04-26T01:48:25Z,2026-04-26T01:49:00Z
669,https://www.linkedin.com/company/akm,AKM,Austria,akm.at,https://www.akm.at/,Musicians,51-200 employees,,,1897,,,2026-04-26T01:49:28Z,2026-04-26T01:50:01Z
670,https://www.linkedin.com/company/salzburg-voice-festival,Salzburg Voice Festival,Austria,salzburgvoicefestival.com,http://www.salzburgvoicefestival.com,Musicians,51-200 employees,,,2010,,,2026-04-28T04:49:45Z,2026-04-28T04:50:19Z
671,https://www.linkedin.com/company/wiener-konzerthausgesellschaft,Wiener Konzerthausgesellschaft,Austria,konzerthaus.at,https://konzerthaus.at/,Musicians,51-200 employees,"Wien, Wien",,1913,,,2026-04-28T04:50:42Z,2026-04-28T04:51:16Z
672,https://www.linkedin.com/company/mahler-philharmoniker,Mahler Philharmoniker,Austria,mahlerphil.org,http://www.mahlerphil.org,Musicians,51-200 employees,,,2012,,,2026-04-28T04:51:46Z,2026-04-28T04:52:21Z
673,https://www.linkedin.com/company/popchor-wien,Popchor Wien,Austria,popchor.wien,https://www.popchor.wien/,Musicians,51-200 employees,,,2015,,,2026-04-28T04:52:47Z,2026-04-28T04:53:22Z
674,https://www.linkedin.com/company/jam-music-lab-private-university,JAM MUSIC LAB Private University,Austria,jammusiclab.com,http://www.jammusiclab.com,Musicians,51-200 employees,"Vienna, Vienna",,2017,,,2026-04-28T04:53:52Z,2026-04-28T04:54:26Z
675,https://www.linkedin.com/company/boesendorfer,Bösendorfer,Austria,boesendorfer.com,http://www.boesendorfer.com,Musicians,51-200 employees,,,1828,,,2026-04-28T04:54:50Z,2026-04-28T04:55:24Z
676,https://www.linkedin.com/company/nowsymphony,Nova Orchester Wien (NOW!),Austria,nowsymphony.com,http://nowsymphony.com,Musicians,51-200 employees,"Vienna, Vienna",,2020,,,2026-04-28T04:55:54Z,2026-04-28T04:56:28Z
677,https://www.linkedin.com/company/wiener-symphoniker,Wiener Symphoniker,Austria,wienersymphoniker.at,http://www.wienersymphoniker.at,Musicians,51-200 employees,"Wien, Wien",,1900,,,2026-04-28T04:56:54Z,2026-04-28T04:57:30Z
678,https://www.linkedin.com/company/viennaboyschoir,Vienna Boys Choir,Austria,wsk.at,http://www.wsk.at,Musicians,51-200 employees,,,1498,,,2026-04-28T04:57:57Z,2026-04-28T04:58:31Z
679,https://www.linkedin.com/company/skysidevienna,Skyside Aviation,Austria,skyside.aero,http://skyside.aero,Airlines and Aviation,51-200 employees,,,,,,2026-04-28T04:58:57Z,2026-04-28T04:59:31Z
680,https://www.linkedin.com/company/cycle-eco,CYCLE,Austria,cycle.eco,http://www.cycle.eco,"Transportation, Logistics, Supply Chain and Storage",51-200 employees,,,2018,,,2026-04-28T05:00:03Z,2026-04-28T05:00:39Z
681,https://www.linkedin.com/company/globeair,GlobeAir,Austria,linktr.ee,https://linktr.ee/GlobeAir,Airlines and Aviation,51-200 employees,"Hörsching, Oberösterreich",,2007,,,2026-04-28T05:01:09Z,2026-04-28T05:01:44Z
682,https://www.linkedin.com/company/sensonic,Sensonic,Austria,sensonic.com,https://www.sensonic.com,Rail Transportation,51-200 employees,"Schärding, Upper Austria",,2019,,,2026-04-28T05:02:12Z,2026-04-28T05:02:47Z
683,https://www.linkedin.com/company/sea-ai,SEA.AI,Austria,sea.ai,http://sea.ai,Maritime,51-200 employees,"Linz, Upper Austria",,2018,,,2026-04-28T05:03:15Z,2026-04-28T05:03:52Z
684,https://www.linkedin.com/company/stamh,STAMH Group,Austria,stamh.com,http://www.stamh.com/,Warehousing and Storage,51-200 employees,"Sofia, Sofia-City",,2000,,,2026-04-28T05:04:22Z,2026-04-28T05:04:57Z
685,https://www.linkedin.com/company/galleria-di-base-del-brennero-brenner-basistunnel-bbt-se,GALLERIA DI BASE DEL BRENNERO - BRENNER BASISTUNNEL BBT SE,Austria,bbt-se.com,https://www.bbt-se.com,Rail Transportation,51-200 employees,,,2007,,,2026-04-28T05:05:23Z,2026-04-28T05:05:58Z
686,https://www.linkedin.com/company/pjm,PJ Messtechnik GmbH / PJ Monitoring GmbH,Austria,pjm.co.at,http://pjm.co.at,Rail Transportation,51-200 employees,"Graz, Steiermark",,2006,,,2026-04-28T05:06:24Z,2026-04-28T05:06:57Z
687,https://www.linkedin.com/company/mjet-gmbh,MJET,Austria,mjet.eu,https://mjet.eu,Airlines and Aviation,51-200 employees,,,2007,,,2026-04-28T05:07:29Z,2026-04-28T05:08:03Z
688,https://www.linkedin.com/company/fl3xx,FL3XX,Austria,fl3xx.com,https://www.fl3xx.com,Airlines and Aviation,51-200 employees,,,2010,,,2026-04-28T05:08:31Z,2026-04-28T05:09:08Z
689,https://www.linkedin.com/company/secunia,Secunia,Austria,secunia.com,http://secunia.com,Computer and Network Security,51-200 employees,"Copenhagen, Copenhagen",,2002,,,2026-04-28T05:09:34Z,2026-04-28T05:10:08Z
690,https://www.linkedin.com/company/secure-business-austria,SBA Research,Austria,sba-research.org,http://www.sba-research.org,Computer and Network Security,51-200 employees,"Wien, Wien",,2006,,,2026-04-28T05:10:34Z,2026-04-28T05:11:09Z
691,https://www.linkedin.com/company/whaleboneio,Whalebone,Austria,whalebone.io,https://www.whalebone.io/,Computer and Network Security,51-200 employees,,,2016,,,2026-04-28T05:11:36Z,2026-04-28T05:12:11Z
692,https://www.linkedin.com/company/crea-plus,CREAPLUS,Austria,creaplus.com,https://www.creaplus.com,Computer and Network Security,51-200 employees,,,2002,,,2026-04-28T05:12:42Z,2026-04-28T05:13:18Z
693,https://www.linkedin.com/company/ikarus-security-gmbh,IKARUS Security GmbH,Austria,ikarussecurity.com,https://www.IKARUSsecurity.com,Computer and Network Security,51-200 employees,"Wien, Wien",,1986,,,2026-04-28T05:13:48Z,2026-04-28T05:14:23Z
694,https://www.linkedin.com/company/secutec,Secutec,Austria,secutec.com,https://www.secutec.com,Computer and Network Security,51-200 employees,"Aartselaar, Antwerp",,2005,,,2026-04-28T05:14:54Z,2026-04-28T05:15:27Z
695,https://www.linkedin.com/company/cyandigitalsecurity,cyan Digital Security,Austria,cyansecurity.com,https://www.cyansecurity.com/,Computer and Network Security,51-200 employees,"Wien, Wien",,2006,,,2026-04-28T05:15:56Z,2026-04-28T05:16:31Z
696,https://www.linkedin.com/company/acronet-handelsgmbh,Cubro Network Visibility,Austria,cubro.com,https://www.cubro.com,Computer and Network Security,51-200 employees,,,2003,,,2026-04-28T05:17:02Z,2026-04-28T05:17:35Z
697,https://www.linkedin.com/company/softpromeurope,Softprom Europe,Austria,softprom.com,https://softprom.com,Computer and Network Security,51-200 employees,"Vienna, Wien",,1999,,,2026-04-28T05:18:05Z,2026-04-28T05:18:38Z
698,https://www.linkedin.com/company/advenica,Advenica,Austria,advenica.com,https://advenica.com,Computer and Network Security,51-200 employees,,,1993,,,2026-04-28T05:19:14Z,2026-04-28T05:19:48Z
699,https://www.linkedin.com/company/haus-der-schl%C3%B6sser,Haus der Schlösser,Austria,schluessel.at,http://schluessel.at,Security Systems Services,51-200 employees,"Linz, Oberösterreich",,,,,2026-04-28T05:20:14Z,2026-04-28T05:20:46Z
700,https://www.linkedin.com/company/mavritpictures,Mavrit Pictures,Austria,,,Animation and Post-production,51-200 employees,,,2022,,,2026-05-02T09:43:18Z,2026-05-02T09:43:54Z
701,https://www.linkedin.com/company/big-bad-boo-studios,Big Bad Boo Studios,Austria,bigbadboo.com,http://www.bigbadboo.com,Animation and Post-production,51-200 employees,"Vancouver, British Columbia",,2010,,,2026-05-02T09:44:22Z,2026-05-02T09:44:58Z
702,https://www.linkedin.com/company/arxanima,arx anima,Austria,arxanima.com,http://www.arxanima.com,Animation and Post-production,51-200 employees,"Vienna, Austria",,2011,,,2026-05-02T09:45:26Z,2026-05-02T09:45:59Z
703,https://www.linkedin.com/company/citymark-%C3%B6sterreich,CityMark Österreich,Austria,citymark.at,http://www.citymark.at,Leasing Non-residential Real Estate,51-200 employees,,,1999,,,2026-05-02T09:46:31Z,2026-05-02T09:47:06Z
704,https://www.linkedin.com/company/talente-%C3%B6sterreich,Talente Österreich,Austria,talenteoesterreich.at,http://www.talenteoesterreich.at,Think Tanks,51-200 employees,,,2008,,,2026-05-02T09:47:36Z,2026-05-02T09:48:10Z
705,https://www.linkedin.com/company/nims---network-of-innovation-management-and-strategy,NIMS - Network of Innovation Management and Strategy,Austria,nims-global.com,https://nims-global.com,Think Tanks,51-200 employees,,,2015,,,2026-05-02T09:48:42Z,2026-05-02T09:49:14Z
706,https://www.linkedin.com/company/southeastern-europe-security-center,Southeastern Europe Security Center,Austria,sesecuritycenter.org,https://sesecuritycenter.org,Think Tanks,51-200 employees,,,2018,,,2026-05-02T09:49:43Z,2026-05-02T09:50:16Z
707,https://www.linkedin.com/company/club1031,Club1031,Austria,club1031.at,https://www.club1031.at/,Think Tanks,51-200 employees,"Vienna, Wien",,1973,,,2026-05-02T09:50:41Z,2026-05-02T09:51:17Z
708,https://www.linkedin.com/company/jungeindustrie,Junge Industrie,Austria,jungeindustrie.at,https://www.jungeindustrie.at,Think Tanks,51-200 employees,"Wien, Wien",,,,,2026-05-02T09:51:46Z,2026-05-02T09:52:19Z
709,https://www.linkedin.com/company/uxpro-austria,UXpro Austria,Austria,uxpro.at,http://uxpro.at,Think Tanks,51-200 employees,,,2013,,,2026-05-02T09:52:45Z,2026-05-02T09:53:20Z
710,https://www.linkedin.com/company/greepi-international-tourism-&-consulting-group,Greepi International Tourism & Consulting Group,Austria,greepi.net,http://greepi.net,Think Tanks,51-200 employees,"beijing, Beijing",,2012,,,2026-05-02T09:53:47Z,2026-05-02T09:54:20Z
711,https://www.linkedin.com/company/colt-pr%C3%BCf-und-test-gmbh,CoLT Prüf und Test GmbH,Austria,colt-lab.com,http://www.colt-lab.com,Think Tanks,51-200 employees,"Sankt Martin im Innkreis, Oberösterreich",,2013,,,2026-05-02T09:54:45Z,2026-05-02T09:55:17Z
712,https://www.linkedin.com/company/digital-makers-hub,Digital Makers Hub,Austria,digitalmakershub.at,https://www.digitalmakershub.at/,Think Tanks,51-200 employees,"St. Pölten, Niederösterreich",,,,,2026-05-02T09:55:41Z,2026-05-02T09:56:17Z
713,https://www.linkedin.com/company/ladies-circle-austria,Ladies' Circle Austria,Austria,ladiescircle.at,http://www.ladiescircle.at,Philanthropic Fundraising Services,51-200 employees,,,1986,,,2026-05-02T09:56:47Z,2026-05-02T09:57:20Z
714,https://www.linkedin.com/company/porticus,Porticus,Austria,porticus.com,https://www.porticus.com,Philanthropy,51-200 employees,"Amsterdam, North Holland",,,,,2026-05-02T09:57:46Z,2026-05-02T09:58:21Z
715,https://www.linkedin.com/company/lomographic-society-international,Lomography,Austria,lomography.com,http://www.lomography.com,Photography,51-200 employees,"Vienna, Vienna",,1992,,,2026-05-02T09:58:52Z,2026-05-02T09:59:27Z
716,https://www.linkedin.com/company/eyepixx-iris-fotografie,EYEPIXX® Iris-Fotografie,Austria,iris-fotografie.de,https://iris-fotografie.de/,Photography,51-200 employees,"Leipzig, Sachsen",,,,,2026-05-02T09:59:56Z,2026-05-02T10:00:32Z
717,https://www.linkedin.com/company/press-the-button,PRESS THE BUTTON,Austria,pressthebutton.net,http://www.pressthebutton.net,Photography,51-200 employees,"Wels, Oberösterreich",,2011,,,2026-05-02T10:01:03Z,2026-05-02T10:01:39Z
718,https://www.linkedin.com/company/die-portraitschmiede,Die Portraitschmiede,Austria,ms-portraitschmiede.com,http://ms-portraitschmiede.com,Photography,51-200 employees,,,,,,2026-05-02T10:02:06Z,2026-05-02T10:02:41Z
719,https://www.linkedin.com/company/foto-sulzer,Foto Sulzer,Austria,foto-sulzer.at,http://www.foto-sulzer.at,Photography,51-200 employees,"Salzburg, Salzburg",,1979,,,2026-05-02T10:03:07Z,2026-05-02T10:03:44Z
720,https://www.linkedin.com/company/whitewall-media-gmbh,WhiteWall Media GmbH,Austria,whitewall.com,https://www.whitewall.com/,Photography,51-200 employees,"Frechen, Frechen",,2007,,,2026-05-02T10:04:12Z,2026-05-02T10:04:48Z
721,https://www.linkedin.com/company/shell-personnel,SHELL Personnel,Austria,shellpersonnel.com.au,http://www.shellpersonnel.com.au,Human Resources Services,51-200 employees,"Box Hill, VIC",,1992,,,2026-05-02T10:05:13Z,2026-05-02T10:05:48Z
722,https://www.linkedin.com/company/perspective-global-executive-search,PERSPECTIVE Global Executive Search,Austria,perspective.at,http://www.perspective.at/,Human Resources Services,51-200 employees,,,2001,,,2026-05-02T10:06:18Z,2026-05-02T10:06:53Z
723,https://www.linkedin.com/company/hros-hungary,HROS.io Hungary,Austria,match.hros.io,https://match.hros.io,Human Resources Services,51-200 employees,,,2018,,,2026-05-02T10:07:20Z,2026-05-02T10:07:52Z
724,https://www.linkedin.com/company/iventagroup,Iventa. The Human Management Group,Austria,iventa.eu,http://www.iventa.eu,Human Resources Services,51-200 employees,,,1991,,,2026-05-02T10:08:20Z,2026-05-02T10:08:53Z
725,https://www.linkedin.com/company/voestalpine-hr-services-gmbh,voestalpine HR Services GmbH,Austria,voestalpine.com,https://www.voestalpine.com/hr-services,Human Resources Services,51-200 employees,"Linz, Oberösterreich",,,,,2026-05-02T10:09:20Z,2026-05-02T10:09:57Z
726,https://www.linkedin.com/company/businessupperaustria,Business Upper Austria - OÖ. Wirtschaftsagentur GmbH,Austria,biz-up.at,http://www.biz-up.at,Business Consulting and Services,51-200 employees,"Linz, Oberösterreich",,,,,2026-05-02T10:10:25Z,2026-05-02T10:11:01Z
727,https://www.linkedin.com/company/permed-medizinische-personaldienstleistung-gmbh,PerMed medizinische Personaldienstleistung GmbH,Austria,permed.at,https://www.permed.at/uber-uns/,Human Resources Services,51-200 employees,"Seiersberg, Steiermark",,2018,,,2026-05-02T10:11:32Z,2026-05-02T10:12:06Z
728,https://www.linkedin.com/company/hr-group-personaldienstleistung,HR Group Personaldienstleistung GmbH,Austria,hr-group.co.at,https://www.hr-group.co.at,Human Resources Services,51-200 employees,"Raaba-Grambach, Steiermark",,2014,,,2026-05-02T10:12:31Z,2026-05-02T10:13:04Z
729,https://www.linkedin.com/company/hrosio,HROS.io,Austria,hros.io,https://hros.io/,Human Resources Services,51-200 employees,"Wien, Wien",,2016,,,2026-05-02T10:13:33Z,2026-05-02T10:14:09Z
730,https://www.linkedin.com/company/arge-sozialdienst-mostviertel,ARGE Sozialdienst Mostviertel,Austria,sozialdienst.net,http://www.sozialdienst.net,Mental Health Care,51-200 employees,"Amstetten, Lower Austria",,1981,,,2026-05-02T10:14:34Z,2026-05-02T10:15:09Z
731,https://www.linkedin.com/company/autistenhilfe,Autistenhilfe,Austria,autistenhilfe.at,https://www.autistenhilfe.at,Mental Health Care,51-200 employees,"Wien, Wien",,1979,,,2026-05-02T10:15:39Z,2026-05-02T10:16:15Z
732,https://www.linkedin.com/company/pro-mente-tirol,pro mente tirol,Austria,promente-tirol.at,http://promente-tirol.at,Mental Health Care,51-200 employees,,,1975,,,2026-05-02T10:16:43Z,2026-05-02T10:17:16Z
733,https://www.linkedin.com/company/oegwg,ÖGWG,Austria,oegwg.at,www.oegwg.at,Mental Health Care,51-200 employees,,,1974,,,2026-05-02T10:17:44Z,2026-05-02T10:18:20Z
734,https://www.linkedin.com/company/instahelp,Instahelp,Austria,instahelp.me,https://instahelp.me/business,Mental Health Care,51-200 employees,"Graz, Österreich",,2015,,,2026-05-02T10:18:46Z,2026-05-02T10:19:21Z
735,https://www.linkedin.com/company/esnm,European Society of Neurogastroenterology and Motility,Austria,esnm.eu,http://www.esnm.eu,Medical Practices,51-200 employees,"Wien, Austria",,,,,2026-05-02T10:19:49Z,2026-05-02T10:20:22Z
736,https://www.linkedin.com/company/europeantraineeforum,CIRSE European Trainee Forum,Austria,cirse.org,https://www.cirse.org/trainees/,Medical Practices,51-200 employees,,,2015,,,2026-05-02T10:20:52Z,2026-05-02T10:21:28Z
737,https://www.linkedin.com/company/espinea-endoscopic-spine-academy,ESPINEA® Endoscopic Spine Academy,Austria,espinea.org,https://www.espinea.org/,Hospitals and Health Care,51-200 employees,"Karlsruhe, Baden-Württemberg",,2019,,,2026-05-02T10:21:59Z,2026-05-02T10:22:35Z
738,https://www.linkedin.com/company/esmrmb,European Society for Magnetic Resonance in Medicine and Biology,Austria,esmrmb.org,https://www.esmrmb.org/,Hospitals and Health Care,51-200 employees,,,,,,2026-05-02T10:23:02Z,2026-05-02T10:23:39Z
739,https://www.linkedin.com/company/xund,XUND,Austria,xund.ai,https://xund.ai,Hospitals and Health Care,51-200 employees,,,2018,,,2026-05-02T10:24:08Z,2026-05-02T10:24:41Z
740,https://www.linkedin.com/company/bloomdiagnostics,Bloom Diagnostics,Austria,bloomdiagnostics.com,http://www.bloomdiagnostics.com,Home Health Care Services,51-200 employees,,,2018,,,2026-05-02T10:25:12Z,2026-05-02T10:25:48Z
741,https://www.linkedin.com/company/cvir,CardioVascular and Interventional Radiology (CVIR),Austria,cvironline.org,http://www.cvironline.org,Medical Practices,51-200 employees,"Vienna, Vienna",,1978,,,2026-05-02T10:26:20Z,2026-05-02T10:26:55Z
742,https://www.linkedin.com/company/amex,AMEX Healthcare,Austria,amex-healthcare.com,http://www.amex-healthcare.com,Hospitals and Health Care,51-200 employees,,,1980,,,2026-05-02T10:27:26Z,2026-05-02T10:28:01Z
743,https://www.linkedin.com/company/paxerahealthcorp,PaxeraHealth,Austria,paxerahealth.com,http://www.paxerahealth.com,Hospitals and Health Care,51-200 employees,"Boston, MA",,2009,,,2026-05-02T10:28:28Z,2026-05-02T10:29:01Z
744,https://www.linkedin.com/company/robbe-berking,Robbe & Berking,Austria,robbeberking.com,http://www.robbeberking.com,Retail Luxury Goods and Jewelry,51-200 employees,"Flensburg, Schleswig-Holstein",,1874,,,2026-05-02T10:29:27Z,2026-05-02T10:30:02Z
745,https://www.linkedin.com/company/m%C3%BCnze-%C3%B6sterreich-ag,Münze Österreich,Austria,muenzeoesterreich.at,https://www.muenzeoesterreich.at,Retail Luxury Goods and Jewelry,51-200 employees,"Wien, Wien",,1194,,,2026-05-02T10:30:34Z,2026-05-02T10:31:09Z
746,https://www.linkedin.com/company/joh.-springer%27s-erben,Joh. Springer's Erben,Austria,springer-vienna.com,https://www.springer-vienna.com/de,Retail Luxury Goods and Jewelry,51-200 employees,,,1836,,,2026-05-02T10:31:35Z,2026-05-02T10:32:09Z
747,https://www.linkedin.com/company/buben-zorweg,BUBEN&ZORWEG,Austria,buben-zorweg.com,www.buben-zorweg.com,Retail Luxury Goods and Jewelry,51-200 employees,"Pforzheim, Baden-Württemberg",,1995,,,2026-05-02T10:32:34Z,2026-05-02T10:33:11Z
748,https://www.linkedin.com/company/ludwig-reiter-schuhmanufaktur-gmbh,Ludwig Reiter Schuhmanufaktur,Austria,ludwig-reiter.com,http://www.ludwig-reiter.com/de,Retail Luxury Goods and Jewelry,51-200 employees,"Süßenbrunn, Wien",,1885,,,2026-05-02T10:33:37Z,2026-05-02T10:34:11Z
749,https://www.linkedin.com/company/pierre-lang,Pierre Lang Trading GmbH,Austria,pierrelang.com,https://www.pierrelang.com/,Retail Luxury Goods and Jewelry,51-200 employees,"Wien, Wien",,1984,,,2026-05-02T10:34:39Z,2026-05-02T10:35:12Z
750,https://www.linkedin.com/company/studex-of-europe-gmbh,STUDEX of Europe GmbH,Austria,studex.eu,www.studex.eu,Retail Luxury Goods and Jewelry,51-200 employees,"Feldkirch, Vorarlberg",,1990,,,2026-05-05T21:28:01Z,2026-05-05T21:28:43Z
751,https://www.linkedin.com/company/wenna-gmbh,ANNA Inspiring Jewellery,Austria,annaij.com,https://www.annaij.com,Retail Luxury Goods and Jewelry,51-200 employees,"Vienna, Vienna",,2009,,,2026-05-05T21:29:12Z,2026-05-05T21:29:48Z
752,https://www.linkedin.com/company/juwelier-hollfelder,Juwelier Hollfelder,Austria,hollfelder.com,https://www.hollfelder.com,Retail Luxury Goods and Jewelry,51-200 employees,,,2023,,,2026-05-05T21:30:14Z,2026-05-05T21:30:51Z
753,https://www.linkedin.com/company/wellendorff,Wellendorff Gold-Creationen,Austria,wellendorff.com,https://www.wellendorff.com/,Retail Luxury Goods and Jewelry,51-200 employees,"Pforzheim, Baden-Württemberg",,1893,,,2026-05-05T21:31:16Z,2026-05-05T21:31:52Z
754,https://www.linkedin.com/company/senstronic,Senstronic Group,Austria,senstronic.com,http://www.senstronic.com,Automation Machinery Manufacturing,51-200 employees,"Saverne, Gran Este",,1986,,,2026-05-05T21:32:21Z,2026-05-05T21:32:56Z
755,https://www.linkedin.com/company/fb-industry-automation,Fb Industry Automation,Austria,fb-automation.com,https://www.fb-automation.com/,Automation Machinery Manufacturing,51-200 employees,"Albersdorf-Prebuch, Steiermark",,2008,,,2026-05-05T21:33:25Z,2026-05-05T21:34:02Z
756,https://www.linkedin.com/company/syncorewarehouseintegrators,Syncore,Austria,syncore.com,https://syncore.com/,"Transportation, Logistics, Supply Chain and Storage",51-200 employees,"Duiven, Gelderland",,,,,2026-05-05T21:34:27Z,2026-05-05T21:35:00Z
757,https://www.linkedin.com/company/schmachtl-gmbh,SCHMACHTL GmbH,Austria,schmachtl.at,http://www.schmachtl.at,Industrial Automation,51-200 employees,"Linz, Oberösterreich",,1936,,,2026-05-05T21:35:27Z,2026-05-05T21:36:02Z
758,https://www.linkedin.com/company/windakgroup,Windak Group,Austria,windakgroup.com,http://www.windakgroup.com,Industrial Automation,51-200 employees,"Peetri, Harjumaa",,1994,,,2026-05-05T21:36:33Z,2026-05-05T21:37:06Z
759,https://www.linkedin.com/company/softing-industrial,Softing Industrial Automation,Austria,industrial.softing.com,http://industrial.softing.com/en/startpage.html,Automation Machinery Manufacturing,51-200 employees,"Haar, Bavaria",,1979,,,2026-05-05T21:37:32Z,2026-05-05T21:38:06Z
760,https://www.linkedin.com/company/robotunits-gmbh,Robotunits GmbH,Austria,robotunits.com,http://www.robotunits.com,Automation Machinery Manufacturing,51-200 employees,,,1994,,,2026-05-05T21:38:31Z,2026-05-05T21:39:06Z
761,https://www.linkedin.com/company/indusol-de,Indu-Sol,Austria,indu-sol.com,https://www.indu-sol.com,Automation Machinery Manufacturing,51-200 employees,,,2002,,,2026-05-05T21:39:34Z,2026-05-05T21:40:10Z
762,https://www.linkedin.com/company/industrie-automatisierungsgesellschaft-m-b-h-,IAG Industrie Automatisierungsgesellschaft m.b.H.,Austria,iag.at,https://www.iag.at,Automation Machinery Manufacturing,51-200 employees,"Weikersdorf am Steinfelde, Österreich",,1986,,,2026-05-05T21:40:37Z,2026-05-05T21:41:11Z
763,https://www.linkedin.com/company/insort-gmbh-we-catch-them-all,Insort,Austria,insort.at,https://www.insort.at,Automation Machinery Manufacturing,51-200 employees,,,2011,,,2026-05-05T21:41:37Z,2026-05-05T21:42:09Z
764,https://www.linkedin.com/company/kittenberger-erlebnisg%C3%A4rten,Kittenberger Erlebnisgärten,Austria,kittenberger.at,www.kittenberger.at,Horticulture,51-200 employees,,,,,,2026-05-05T21:42:37Z,2026-05-05T21:43:11Z
765,https://www.linkedin.com/company/erlebnisg%C3%A4rtnerei-h%C3%B6dnerhof,Erlebnisgärtnerei Hödnerhof,Austria,hoednerhof.at,https://www.hoednerhof.at/,Horticulture,51-200 employees,"Ebbs, Tyrol",,1992,,,2026-05-05T21:43:43Z,2026-05-05T21:44:18Z
766,https://www.linkedin.com/company/schober-geb%C3%A4udereinigung,Schober - Gebäudereinigung,Austria,gebaeudereinigung-linz.at,https://www.gebaeudereinigung-linz.at/,Horticulture,51-200 employees,"Linz, Upper Austria",,,,,2026-05-05T21:44:44Z,2026-05-05T21:45:19Z
767,https://www.linkedin.com/company/poolfornature,POOL FOR NATURE - Die Schwimmteichbauer eG,Austria,pool-for-nature.com,http://www.pool-for-nature.com,Horticulture,51-200 employees,,,2009,,,2026-05-05T21:45:46Z,2026-05-05T21:46:21Z
768,https://www.linkedin.com/company/scherr-jungpflanzen,Scherr Jungpflanzen,Austria,jungpflanzen-scherr.at,www.jungpflanzen-scherr.at,Horticulture,51-200 employees,"Deutsch Goritz, Styria",,,,,2026-05-05T21:46:47Z,2026-05-05T21:47:19Z
769,https://www.linkedin.com/company/nentwich-gartenbau,Nentwich Gartenbau,Austria,nentwich.at,https://www.nentwich.at/,Horticulture,51-200 employees,,,1919,,,2026-05-05T21:47:47Z,2026-05-05T21:48:23Z
770,https://www.linkedin.com/company/700apps,700apps,Austria,700apps.com,http://www.700apps.com/,Software Development,51-200 employees,"Saudi Arabia, Riyadh",,2012,,,2026-05-05T21:48:52Z,2026-05-05T21:49:27Z
771,https://www.linkedin.com/company/targetrecruit,TargetRecruit,Austria,targetrecruit.com,http://www.targetrecruit.com,Software Development,51-200 employees,"Houston, TX",,2008,,,2026-05-05T21:55:26Z,2026-05-05T21:55:58Z
772,https://www.linkedin.com/company/coevera,Pipeliner CRM,Austria,coevera.com,https://www.coevera.com,Software Development,51-200 employees,"Los Angeles, CA",,2007,,,2026-05-05T21:56:27Z,2026-05-05T21:57:02Z
773,https://www.linkedin.com/company/proxmox,Proxmox Server Solutions,Austria,proxmox.com,https://www.proxmox.com,Software Development,51-200 employees,"Vienna, Vienna",,2005,,,2026-05-05T21:57:32Z,2026-05-05T21:58:08Z
774,https://www.linkedin.com/company/captiv8,Captiv8,Austria,influential.co,http://www.influential.co,Software Development,51-200 employees,"San Francisco, CA",,2015,,,2026-05-05T21:58:36Z,2026-05-05T21:59:08Z
775,https://www.linkedin.com/company/minutentag,Minutentag,Austria,minutentag.com,https://www.minutentag.com/,Software Development,51-200 employees,"New York City, New York",,2014,,,2026-05-05T21:59:38Z,2026-05-05T22:00:15Z
776,https://www.linkedin.com/company/usergems,UserGems 💎,Austria,usergems.com,https://www.usergems.com,Software Development,51-200 employees,"San Francisco, CA",,2020,,,2026-05-05T22:02:25Z,2026-05-05T22:08:07Z
777,https://www.linkedin.com/company/ranorex-gmbh,Ranorex,Austria,ranorex.com,https://www.ranorex.com,Software Development,51-200 employees,"Austin, Texas",,2007,,,2026-05-05T22:14:41Z,2026-05-05T22:15:13Z
778,https://www.linkedin.com/company/convergent-science-inc,Convergent Science,Austria,,,,,,,,,,2026-05-05T22:15:41Z,2026-05-05T22:16:05Z
779,https://www.linkedin.com/company/ixopay,IXOPAY,Austria,ixopay.com,https://www.ixopay.com,Software Development,51-200 employees,"Lehi, Utah",,2014,,,2026-05-05T22:16:33Z,2026-05-05T22:17:10Z
780,https://www.linkedin.com/company/garcia-jeanswear,Garcia,Austria,wearegarcia.com,https://www.wearegarcia.com,Retail Apparel and Fashion,51-200 employees,"Alblasserdam, Zuid-Holland",,,,,2026-05-05T22:17:40Z,2026-05-05T22:18:16Z
781,https://www.linkedin.com/company/frauenschuh-bekleidungs-gmbh,FRAUENSCHUH,Austria,frauenschuh.com,https://www.frauenschuh.com,Retail Apparel and Fashion,51-200 employees,"Kitzbühel, Tirol",,1950,,,2026-05-05T22:18:42Z,2026-05-05T22:19:17Z
782,https://www.linkedin.com/company/blueseven,BLUE SEVEN - H. Obermeyer GmbH & Co. KG,Austria,blueseven.com,http://www.blueseven.com,Retail Apparel and Fashion,51-200 employees,"Oberstaufen, Bayern",,1929,,,2026-05-05T22:19:46Z,2026-05-05T22:20:20Z
783,https://www.linkedin.com/company/amicisvienna,Amicis Premium Retail Gmbh,Austria,amicis.at,http://www.amicis.at,Retail Apparel and Fashion,51-200 employees,"Vienna, Wien",,1995,,,2026-05-05T22:20:50Z,2026-05-05T22:21:24Z
784,https://www.linkedin.com/company/bambinifashion,BAMBINIFASHION.COM,Austria,bambinifashion.com,http://www.bambinifashion.com,Retail Apparel and Fashion,51-200 employees,"Vienna, Vienna",,1999,,,2026-05-05T22:21:52Z,2026-05-05T22:22:28Z
785,https://www.linkedin.com/company/holzkern,Holzkern - Eine Marke der Time for Nature GmbH,Austria,holzkern.com,www.holzkern.com,Retail Apparel and Fashion,51-200 employees,"Wien, Wien",,2016,,,2026-05-05T22:22:55Z,2026-05-05T22:23:32Z
786,https://www.linkedin.com/company/martini-sportswear,Martini Sportswear,Austria,martini-sportswear.com,https://www.martini-sportswear.com,Retail Apparel and Fashion,51-200 employees,"Annaberg-Lungötz, Salzburg",,1958,,,2026-05-05T22:23:59Z,2026-05-05T22:24:31Z
787,https://www.linkedin.com/company/lgfg-fashion-house-official,LGFG Fashion House,Austria,lgfg.com,www.lgfg.com,Retail Apparel and Fashion,51-200 employees,"Ülemiste, Harjumaa",,2010,,,2026-05-05T22:24:57Z,2026-05-05T22:25:30Z
788,https://www.linkedin.com/company/andy-wolf-eyewear,ANDY WOLF EYEWEAR,Austria,andy-wolf.com,http://www.andy-wolf.com,Retail Apparel and Fashion,51-200 employees,"Hartberg, Steiermark",,2006,,,2026-05-05T22:26:01Z,2026-05-05T22:26:35Z
789,https://www.linkedin.com/company/lena-hoschek,Lena Hoschek GmbH,Austria,lenahoschek.com,http://www.lenahoschek.com,Retail Apparel and Fashion,51-200 employees,"Vienna, Vienna",,2005,,,2026-05-05T22:27:05Z,2026-05-05T22:27:40Z
790,https://www.linkedin.com/company/hotelpartner-revenue-management,HotelPartner Revenue Management,Austria,hotelpartner.com,http://www.hotelpartner.com,Hospitality,51-200 employees,,,2006,,,2026-05-05T22:28:06Z,2026-05-05T22:28:39Z
791,https://www.linkedin.com/company/pkfhospitality,PKF hospitality group,Austria,pkfhospitality.com,https://pkfhospitality.com/,Hospitality,51-200 employees,,,,,,2026-05-05T22:29:10Z,2026-05-05T22:29:44Z
792,https://www.linkedin.com/company/hogast,HOGAST,Austria,hogast.com,http://www.hogast.com,Hospitality,51-200 employees,"Niederalm, Salzburg",,1976,,,2026-05-05T22:30:10Z,2026-05-05T22:30:44Z
793,https://www.linkedin.com/company/park-hyatt-vienna,Park Hyatt Vienna,Austria,parkhyattvienna.com,http://www.parkhyattvienna.com,Hospitality,51-200 employees,"Vienna, Vienna",,2014,,,2026-05-05T22:31:11Z,2026-05-05T22:31:44Z
794,https://www.linkedin.com/company/just-eat-takeaway-com,Just Eat Takeaway.com,Austria,careers.justeattakeaway.com,https://careers.justeattakeaway.com/,Software Development,"10,001+ employees","Amsterdam, North Holland",,,,,2026-05-05T22:32:11Z,2026-05-05T22:32:47Z
795,https://www.linkedin.com/company/the-ritz-carlton-vienna,"The Ritz-Carlton, Vienna",Austria,ritzcarlton.com,https://www.ritzcarlton.com/en/hotels/europe/vienna,Hospitality,51-200 employees,,,2012,,,2026-05-05T22:33:19Z,2026-05-05T22:33:57Z
796,https://www.linkedin.com/company/shiji-distributionsolutions,Shiji Horizon Distribution,Austria,shijigroup.com,https://www.shijigroup.com/distribution,Hospitality,51-200 employees,"Hollywood, Florida",,,,,2026-05-05T22:34:23Z,2026-05-05T22:34:56Z
797,https://www.linkedin.com/company/livezoku,Zoku,Austria,livezoku.com,http://www.livezoku.com/,Hospitality,51-200 employees,"Amsterdam, Noord Holland",,2010,,,2026-05-05T22:35:27Z,2026-05-05T22:35:59Z
798,https://www.linkedin.com/company/almanachotels,Almanac Hotels,Austria,almanachotels.com,http://www.almanachotels.com,Hospitality,51-200 employees,"Vienna, Vienna",,2018,,,2026-05-05T22:36:29Z,2026-05-05T22:37:03Z
799,https://www.linkedin.com/company/b%C3%A4ckerei-karl-bauer-gmbh,Bäckerei Karl Bauer GmbH,Austria,baeckereibauer.at,https://www.baeckereibauer.at/,Retail Groceries,51-200 employees,,,1978,,,2026-05-05T22:37:33Z,2026-05-05T22:38:08Z
800,https://www.linkedin.com/company/bio-vollwert-b%C3%A4ckerei-gradwohl-gmbh,Bio Vollwert Bäckerei Gradwohl GmbH,Austria,gradwohl.info,https://www.gradwohl.info/,Retail Groceries,51-200 employees,"Weppersdorf, Burgenland",,1960,,,2026-05-06T00:31:07Z,2026-05-06T00:31:55Z
801,https://www.linkedin.com/company/fleischerei-buchberger,Fleischerei Buchberger,Austria,buchberger.co.at,https://www.buchberger.co.at/,Retail Groceries,51-200 employees,"Pöllau, Styria",,1946,,,2026-05-06T00:33:04Z,2026-05-06T00:33:45Z
802,https://www.linkedin.com/company/tingting-asiamarkt,TINGTING Asiamarkt,Austria,tingting.at,https://www.tingting.at,Retail Groceries,51-200 employees,"Feldkirch , Vorarlberg",,,,,2026-05-06T00:34:52Z,2026-05-06T00:35:38Z
803,https://www.linkedin.com/company/konditoreijindrak,Konditorei Jindrak,Austria,jindrak.at,www.jindrak.at,Retail Groceries,51-200 employees,,,,,,2026-05-06T00:36:36Z,2026-05-06T00:37:20Z
804,https://www.linkedin.com/company/bergkr%C3%A4uter-genossenschaft,Österreichische Bergkräuter Genossenschaft,Austria,bergkraeuter.at,www.bergkraeuter.at,Retail Groceries,51-200 employees,"Hirschbach im Mühlkreis, Upper Austria",,1986,,,2026-05-06T00:38:27Z,2026-05-06T00:39:12Z
805,https://www.linkedin.com/company/j-hornig,J. Hornig,Austria,jhornig.com,http://www.jhornig.com,Retail Groceries,51-200 employees,"Kalsdorf bei Graz, Steiermark",,1912,,,2026-05-06T00:40:24Z,2026-05-06T00:41:09Z
806,https://www.linkedin.com/company/julius-meinl-am-graben-gmbh,Julius Meinl am Graben GmbH,Austria,meinlamgraben.eu,http://meinlamgraben.eu,Retail Groceries,51-200 employees,,,1862,,,2026-05-06T00:42:14Z,2026-05-06T00:42:56Z
807,https://www.linkedin.com/company/hagerbaeckerei,Bäckerei Hager,Austria,hager.co.at,www.hager.co.at,Retail Groceries,51-200 employees,"St Pölten, Lower Austria",,1907,,,2026-05-06T00:44:19Z,2026-05-06T00:45:03Z
808,https://www.linkedin.com/company/biohofachleitner,Biohof Achleitner,Austria,biohof.at,https://www.biohof.at,Retail Groceries,51-200 employees,"Eferding, Upper Austria",,,,,2026-05-06T00:46:00Z,2026-05-06T00:46:45Z
809,https://www.linkedin.com/company/boards-more-gmbh,Boards & More Group,Austria,boards-and-more.com,https://boards-and-more.com,Retail,51-200 employees,"Molln, Upper Austria",,,,,2026-05-06T00:48:03Z,2026-05-06T00:48:46Z
810,https://www.linkedin.com/company/philoro-edelmetalle,philoro EDELMETALLE,Austria,philoro.at,https://philoro.at/,Retail,51-200 employees,"1090 Wien, Wien",,2011,,,2026-05-06T00:49:55Z,2026-05-06T00:50:41Z
811,https://www.linkedin.com/company/artcurial,Artcurial,Austria,artcurial.com,http://www.artcurial.com,Retail Art Dealers,51-200 employees,,,2002,,,2026-05-06T00:51:49Z,2026-05-06T00:52:37Z
812,https://www.linkedin.com/company/temposport,Tempo Retail Group,Austria,officialtempo.com,http://officialtempo.com,Retail,51-200 employees,,,2019,,,2026-05-06T00:53:57Z,2026-05-06T00:54:40Z
813,https://www.linkedin.com/company/ros-retail-outlet-shopping-gmbh,ROS Retail Outlet Shopping - Part of FREY,Austria,ros-management.com,http://www.ros-management.com,Retail,51-200 employees,,,2011,,,2026-05-06T00:55:52Z,2026-05-06T00:56:39Z
814,https://www.linkedin.com/company/dialab-produktion-und-vertrieb-von-chemisch-technischen-produkten-und-laborinstrumenten-gesellschaft,DIALAB PRODUKTION UND VERTRIEB VON CHEMISCH-TECHNISCHEN PRODUKTEN UND LABORINSTRUMENTEN GESELLSCHAFT M.B.H.,Austria,,,Computer Hardware,51-200 employees,"Wr. Neudorf, Niederosterreich",,1977,,,2026-05-06T00:57:37Z,2026-05-06T00:58:18Z
815,https://www.linkedin.com/company/noctua-cooling-solutions,Noctua,Austria,noctua.at,https://noctua.at/,Computer Hardware Manufacturing,51-200 employees,,,2005,,,2026-05-06T00:59:21Z,2026-05-06T01:00:01Z
816,https://www.linkedin.com/company/spectra-gmbh-co-kg,Spectra GmbH & Co. KG,Austria,spectra.de,https://www.spectra.de,Computer Hardware Manufacturing,51-200 employees,"Reutlingen, Baden-Württemberg",,1982,,,2026-05-06T01:01:13Z,2026-05-06T01:01:57Z
817,https://www.linkedin.com/company/rascom-ges-m-b-h,Rascom Ges.m.b.H.,Austria,rascom.at,https://www.rascom.at/,Computer Hardware,51-200 employees,,,2000,,,2026-05-06T01:03:17Z,2026-05-06T01:03:59Z
818,https://www.linkedin.com/company/checkyetiofficial,checkyeti,Austria,checkyeti.com,https://www.checkyeti.com,"Leisure, Travel & Tourism",51-200 employees,"Vienna, Vienna",,,,,2026-05-06T01:05:35Z,2026-05-06T01:06:18Z
819,https://www.linkedin.com/company/sixtride,SIXT ride,Austria,sixt.com,http://www.sixt.com/ride,Travel Arrangements,51-200 employees,"Pullach im Isartal, BY",,2012,,,2026-05-06T01:07:35Z,2026-05-06T01:08:22Z
820,https://www.linkedin.com/company/innsbruck-tourismus,Innsbruck Tourismus,Austria,innsbruck-tourismus.at,https://www.innsbruck-tourismus.at/,Travel Arrangements,51-200 employees,"Innsbruck, Österreich",,,,,2026-05-06T01:09:39Z,2026-05-06T01:10:27Z
821,https://www.linkedin.com/company/vienna-tourist-board,Vienna Tourist Board,Austria,b2b.vienna.info,b2b.vienna.info,"Leisure, Travel & Tourism",51-200 employees,,,1955,,,2026-05-06T01:11:32Z,2026-05-06T01:12:11Z
822,https://www.linkedin.com/company/setours-tour-operator,Setours Handcrafted Journeys,Austria,setours.com,https://www.setours.com,Travel Arrangements,51-200 employees,"Miraflores, Lima",,1977,,,2026-05-06T01:13:32Z,2026-05-06T01:14:19Z
823,https://www.linkedin.com/company/visittirol,Tirol Werbung GmbH,Austria,tirolwerbung.at,http://www.tirolwerbung.at,"Leisure, Travel & Tourism",51-200 employees,"Innsbruck, Tirol",,1889,,,2026-05-06T01:15:36Z,2026-05-06T01:16:18Z
824,https://www.linkedin.com/company/urlaubsguru-gmbh,Urlaubsguru,Austria,urlaubsguru.de,urlaubsguru.de,Travel Arrangements,51-200 employees,"Holzwickede, NW",,2012,,,2026-05-06T01:17:14Z,2026-05-06T01:17:55Z
825,https://www.linkedin.com/company/toerisme-vlaanderen-visitflanders,Toerisme Vlaanderen - VISITFLANDERS,Austria,toerismevlaanderen.be,https://www.toerismevlaanderen.be,Travel Arrangements,51-200 employees,,,1984,,,2026-05-06T01:19:17Z,2026-05-06T01:19:59Z
826,https://www.linkedin.com/company/kitzbuehel-tourismus,Kitzbühel Tourismus,Austria,kitzbuehel.com,http://www.kitzbuehel.com,"Leisure, Travel & Tourism",51-200 employees,,,1887,,,2026-05-06T01:21:09Z,2026-05-06T01:21:50Z
827,https://www.linkedin.com/company/s-lden-soelden-solden,Sölden / Soelden / Solden,Austria,soelden.com,https://www.soelden.com,Travel Arrangements,51-200 employees,"Sölden, Tirol",,,,,2026-05-06T01:22:49Z,2026-05-06T01:23:34Z
828,https://www.linkedin.com/company/imperial-riding-school-autograph-collection,"Imperial Riding School, Autograph Collection; #1 Top Meeting Hotel, Europe 2025; on Cvent",Austria,marriott.com,https://www.marriott.com/en-us/hotels/vieir-imperial-riding-school-autograph-collection/overview/,Hospitality,51-200 employees,,,2024,,,2026-05-06T01:25:06Z,2026-05-06T01:25:45Z
829,https://www.linkedin.com/company/landmannschnitzel,Landmann Schnitzel,Austria,schnitzellandmann.com,https://schnitzellandmann.com,Restaurants,51-200 employees,"İstanbul, Maltepe",,2004,,,2026-05-06T01:26:58Z,2026-05-06T01:27:45Z
830,https://www.linkedin.com/company/nenifood,NENI,Austria,neni.at,http://www.neni.at,Restaurants,51-200 employees,"Gumpoldskirchen, Lower Austria",,,,,2026-05-06T01:28:51Z,2026-05-06T01:29:34Z
831,https://www.linkedin.com/company/vollpension,Vollpension,Austria,vollpension.wien,http://vollpension.wien,Restaurants,51-200 employees,,,2012,,,2026-05-06T01:30:45Z,2026-05-06T01:31:26Z
832,https://www.linkedin.com/company/eis-greissler,Eis-Greissler,Austria,eis-greissler.at,http://eis-greissler.at,Restaurants,51-200 employees,"Krumbach, Niederösterreich",,2011,,,2026-05-06T01:32:38Z,2026-05-06T01:33:25Z
833,https://www.linkedin.com/company/leburger,Le Burger,Austria,leburger.at,https://www.leburger.at/franchise/,Restaurants,51-200 employees,,,2014,,,2026-05-06T01:34:45Z,2026-05-06T01:35:26Z
834,https://www.linkedin.com/company/feuerdorf,Feuerdorf,Austria,feuerdorf.at,http://www.feuerdorf.at,Restaurants,51-200 employees,,,2015,,,2026-05-06T01:36:29Z,2026-05-06T01:37:06Z
835,https://www.linkedin.com/company/mochi-restaurants,Mochi Group,Austria,mochi.at,http://www.mochi.at,Restaurants,51-200 employees,"Wien, Wien",,2010,,,2026-05-06T01:37:58Z,2026-05-06T01:38:45Z
836,https://www.linkedin.com/company/schillingers-swing-kitchen,Swing Kitchen,Austria,swingkitchen.com,https://www.swingkitchen.com/,Restaurants,51-200 employees,,,2015,,,2026-05-06T01:39:48Z,2026-05-06T01:40:31Z
837,https://www.linkedin.com/company/kolarikimprater,Kolarik im Prater,Austria,kolarik.at,https://www.kolarik.at,Restaurants,51-200 employees,"Wien, Vienna",,1992,,,2026-05-06T01:41:25Z,2026-05-06T01:42:06Z
838,https://www.linkedin.com/company/fat-monk-deli-bowls,Fat Monk - Deli Bowls,Austria,fatmonk.com,https://www.fatmonk.com,Restaurants,51-200 employees,,,2018,,,2026-05-06T01:43:19Z,2026-05-06T01:44:02Z
839,https://www.linkedin.com/company/oefb,ÖFB,Austria,oefb.at,http://www.oefb.at,Spectator Sports,51-200 employees,"Wien, Wien",,1904,,,2026-05-06T01:45:16Z,2026-05-06T01:45:57Z
840,https://www.linkedin.com/company/redbullborahansgrohe,Red Bull – BORA – hansgrohe,Austria,redbullborahansgrohe.com,https://www.redbullborahansgrohe.com/en,Sports Teams and Clubs,51-200 employees,"Niederndorf, Tirol",,2010,,,2026-05-06T01:46:57Z,2026-05-06T01:47:39Z
841,https://www.linkedin.com/company/sk-sturm-graz,SK Sturm Graz,Austria,sksturm.at,http://www.sksturm.at,Spectator Sports,51-200 employees,"Graz, Styria",,1909,,,2026-05-06T01:49:14Z,2026-05-06T01:49:54Z
842,https://www.linkedin.com/company/skimachine,SkiMachine,Austria,skimachine.com,http://www.SkiMachine.com,Spectator Sports,51-200 employees,"Den Hoorn, Zuid-Holland",,1995,,,2026-05-06T01:51:03Z,2026-05-06T01:51:45Z
843,https://www.linkedin.com/company/skrapid,SK Rapid,Austria,skrapid.at,http://www.skrapid.at,Spectator Sports,51-200 employees,"Hütteldorf, Wien",,1899,,,2026-05-06T01:53:05Z,2026-05-06T01:53:48Z
844,https://www.linkedin.com/company/bigairbag,BigAirBag®,Austria,bigairbag.com,http://www.bigairbag.com,Spectator Sports,51-200 employees,"Amsterdam, Noord-Holland",,2005,,,2026-05-06T01:54:49Z,2026-05-06T01:55:32Z
845,https://www.linkedin.com/company/%C3%B6sterreichischer-skiverband,Österreichischer Skiverband - Ski Austria,Austria,skiaustria.at,https://www.skiaustria.at,Spectator Sports,51-200 employees,"Innsbruck, Tirol",,1905,,,2026-05-06T01:56:56Z,2026-05-06T01:57:42Z
846,https://www.linkedin.com/company/socca-group,SOCCA GROUP,Austria,soccagroup.com,https://www.soccagroup.com,Sports Teams and Clubs,51-200 employees,"Rosenheim, Bayern",,2003,,,2026-05-06T01:59:02Z,2026-05-06T01:59:44Z
847,https://www.linkedin.com/company/fcredbullsalzburg,FC Red Bull Salzburg,Austria,redbullsalzburg.at,http://redbullsalzburg.at,Spectator Sports,51-200 employees,"Wals bei Salzburg, Salzburg",,,,,2026-05-06T02:00:50Z,2026-05-06T02:01:36Z
848,https://www.linkedin.com/company/european-handball-federation,European Handball Federation,Austria,eurohandball.com,http://www.eurohandball.com,Spectator Sports,51-200 employees,"Vienna, Vienna",,1991,,,2026-05-06T02:03:05Z,2026-05-06T02:03:51Z
849,https://www.linkedin.com/company/segafredo-austria,Segafredo Zanetti Austria Ges.m.b.H.,Austria,segafredo.at,https://www.segafredo.at/,Food and Beverage Services,51-200 employees,"Hallwang, Salzburg",,1983,,,2026-05-06T02:05:12Z,2026-05-06T02:06:00Z
850,https://www.linkedin.com/company/adamah-at,ADAMAH BioHof,Austria,adamah.at,https://www.adamah.at/,Food and Beverage Services,51-200 employees,"Glinzendorf , Niederösterreich",,1997,,,2026-05-06T02:07:02Z,2026-05-06T02:07:39Z
851,https://www.linkedin.com/company/culligan-austria,aqua alpina | Culligan Austria,Austria,culligan.at,http://www.culligan.at,Food and Beverage Services,51-200 employees,"Wien, Wien",,1997,,,2026-05-06T02:08:44Z,2026-05-06T02:09:26Z
852,https://www.linkedin.com/company/privatbrauerei-hirt-vertrieb-gmbh,Privatbrauerei Hirt Vertrieb GmbH,Austria,hirterbier.at,https://www.hirterbier.at/,Food and Beverage Services,51-200 employees,"Micheldorf, Kärnten",,1270,,,2026-05-06T02:10:43Z,2026-05-06T02:11:29Z
853,https://www.linkedin.com/company/rollingpin,ROLLING PIN,Austria,rollingpin.com,https://www.rollingpin.com,Media Production,51-200 employees,"Graz, Österreich",,2003,,,2026-05-06T02:12:45Z,2026-05-06T02:13:29Z
854,https://www.linkedin.com/company/terra-mater-studios-gmbh,Terra Mater Studios,Austria,terramater.com,http://terramater.com,Media Production,51-200 employees,"Wien, Wien",,2011,,,2026-05-06T02:14:46Z,2026-05-06T02:15:25Z
855,https://www.linkedin.com/company/wirtschaftsnachrichten-donauraum-west-s%C3%BCd,Wirtschaftsnachrichten,Austria,wirtschafts-nachrichten.at,https://wirtschafts-nachrichten.at,Media Production,51-200 employees,"Graz, Styria",,1990,,,2026-05-06T02:16:40Z,2026-05-06T02:17:19Z
856,https://www.linkedin.com/company/wiener-zeitung,Mediengruppe Wiener Zeitung,Austria,mediengruppewienerzeitung.at,http://www.mediengruppewienerzeitung.at,Media Production,51-200 employees,,,1703,,,2026-05-06T02:18:34Z,2026-05-06T02:19:18Z
857,https://www.linkedin.com/company/orbispro,ORBIS Production,Austria,orbispro.it,https://orbispro.it/,Media Production,51-200 employees,"Milan, Lombardy",,2009,,,2026-05-06T02:20:32Z,2026-05-06T02:21:16Z
858,https://www.linkedin.com/company/kgmediafactory,KG Media Factory GmbH,Austria,kgmediafactory.com,http://www.kgmediafactory.com,Media Production,51-200 employees,"Unterföhring, Bayern",,2006,,,2026-05-06T02:22:37Z,2026-05-06T02:23:22Z
859,https://www.linkedin.com/company/kronehit,KRONEHIT,Austria,kronehit.at,http://kronehit.at,Media Production,51-200 employees,,,2001,,,2026-05-06T02:24:20Z,2026-05-06T02:25:07Z
860,https://www.linkedin.com/company/laola1,LAOLA1,Austria,laola1.at,https://www.laola1.at/de/,Media Production,51-200 employees,"Vienna, Wien",,2001,,,2026-05-06T02:26:19Z,2026-05-06T02:27:01Z
861,https://www.linkedin.com/company/antenne-steiermark,Antenne Steiermark Regionalradio GmbH & CO KG,Austria,antenne.at,www.antenne.at/steiermark,Radio and Television Broadcasting,51-200 employees,"Graz, Styria",,1995,,,2026-05-06T02:28:28Z,2026-05-06T02:29:13Z
862,https://www.linkedin.com/company/bfe-studio-und-mediensysteme-gmbh,BFE Studio und Medien Systeme GmbH,Austria,bfe.tv,http://www.bfe.tv,Broadcast Media Production and Distribution,51-200 employees,,,1971,,,2026-05-06T02:30:11Z,2026-05-06T02:30:54Z
863,https://www.linkedin.com/company/orf-landesstudio-service-gmbh-co-kg-landesstudio-steiermark,ORF Landesstudio Service GmbH & Co KG - Landesstudio Steiermark,Austria,werbenmal9.orf.at,http://werbenmal9.ORF.at/steiermark/,Broadcast Media Production and Distribution,51-200 employees,"Graz, Steiermark",,,,,2026-05-06T02:31:57Z,2026-05-06T02:32:38Z
864,https://www.linkedin.com/company/oe1,Ö1,Austria,oe1.orf.at,http://oe1.orf.at,Broadcast Media Production and Distribution,51-200 employees,,,1967,,,2026-05-06T02:33:53Z,2026-05-06T02:34:37Z
865,https://www.linkedin.com/company/radio-fm4,radio FM4,Austria,fm4.orf.at,http://fm4.orf.at,Broadcast Media Production and Distribution,51-200 employees,,,,,,2026-05-06T02:35:59Z,2026-05-06T02:36:44Z
866,https://www.linkedin.com/company/teltecbroadcast,Teltec AG,Austria,teltec.de,https://teltec.de,Broadcast Media Production and Distribution,51-200 employees,"Mainz-Kastel, Hessen",,1993,,,2026-05-06T02:37:31Z,2026-05-06T02:38:14Z
867,https://www.linkedin.com/company/atv-privat-tv-gmbh-&-co-kg,ATV Privat TV GmbH & Co KG,Austria,atv.at,http://ATV.at,Broadcast Media Production and Distribution,51-200 employees,,,,,,2026-05-06T02:39:31Z,2026-05-06T02:40:13Z
868,https://www.linkedin.com/company/rtladallianceat,RTL AdAlliance_AT,Austria,rtl-adalliance.at,http://www.rtl-adalliance.at,Broadcast Media Production and Distribution,51-200 employees,,,2025,,,2026-05-06T02:41:33Z,2026-05-06T02:42:21Z
869,https://www.linkedin.com/company/lt1-privatfernsehen-gmbh,LT1 Privatfernsehen GmbH,Austria,lt1.at,http://www.lt1.at,Broadcast Media Production and Distribution,51-200 employees,"Linz, Oberösterreich",,1996,,,2026-05-06T02:43:29Z,2026-05-06T02:44:11Z
870,https://www.linkedin.com/company/hitradiooe3,Hitradio Ö3,Austria,oe3.orf.at,https://oe3.orf.at/,Broadcast Media Production and Distribution,51-200 employees,,,1967,,,2026-05-06T02:45:24Z,2026-05-06T02:46:04Z
871,https://www.linkedin.com/company/donauturm,Donauturm Wien,Austria,donauturm.at,http://www.donauturm.at,"Museums, Historical Sites, and Zoos",51-200 employees,"Wien, Wien",,1964,,,2026-05-06T02:47:12Z,2026-05-06T02:47:55Z
872,https://www.linkedin.com/company/mqwien,MQ – MuseumsQuartier Wien,Austria,mqw.at,http://www.mqw.at,"Museums, Historical Sites, and Zoos",51-200 employees,"Wien, Wien",,2001,,,2026-05-06T02:49:32Z,2026-05-06T02:50:19Z
873,https://www.linkedin.com/company/leopold-museum-privatstiftung,Leopold Museum-Privatstiftung,Austria,leopoldmuseum.org,https://www.leopoldmuseum.org,"Museums, Historical Sites, and Zoos",51-200 employees,"Wien, Wien",,2005,,,2026-05-06T02:51:27Z,2026-05-06T02:52:08Z
874,https://www.linkedin.com/company/internationale-stiftung-mozarteum,Internationale Stiftung Mozarteum,Austria,mozarteum.at,http://mozarteum.at,"Museums, Historical Sites, and Zoos",51-200 employees,,,1880,,,2026-05-06T02:53:31Z,2026-05-06T02:54:13Z
875,https://www.linkedin.com/company/arselectronica,Ars Electronica,Austria,ars.electronica.art,https://ars.electronica.art/,"Museums, Historical Sites, and Zoos",51-200 employees,"Linz, Oberösterreich",,1979,,,2026-05-06T02:55:16Z,2026-05-06T02:56:02Z
876,https://www.linkedin.com/company/sch%C3%B6nbrunner-tiergarten-gesmbh,Schönbrunner Tiergarten GesmbH,Austria,zoovienna.at,http://www.zoovienna.at,Zoos and Botanical Gardens,51-200 employees,,,1752,,,2026-05-06T02:57:03Z,2026-05-06T02:57:44Z
877,https://www.linkedin.com/company/jewishmuseumvienna,Jüdisches Museum Wien,Austria,jmw.at,http://www.jmw.at,"Museums, Historical Sites, and Zoos",51-200 employees,,,1988,,,2026-05-06T02:58:50Z,2026-05-06T02:59:35Z
878,https://www.linkedin.com/company/ktm-ag,KTM AG,Austria,career.ktm.com,https://career.ktm.com/en/home/,Motor Vehicle Manufacturing,"5,001-10,000 employees","Mattighofen, Oberösterreich",,,,,2026-05-06T03:00:30Z,2026-05-06T03:01:14Z
879,https://www.linkedin.com/company/makwien,MAK - Museum für angewandte Kunst,Austria,mak.at,http://www.mak.at,"Museums, Historical Sites, and Zoos",51-200 employees,,,1863,,,2026-05-06T03:02:25Z,2026-05-06T03:03:06Z
880,https://www.linkedin.com/company/wien-museum,Wien Museum,Austria,wienmuseum.at,https://www.wienmuseum.at,"Museums, Historical Sites, and Zoos",51-200 employees,,,1889,,,2026-05-06T03:04:14Z,2026-05-06T03:04:56Z
881,https://www.linkedin.com/company/freunde-der-tattookunst-%E1%B5%80%E1%B4%B4%E1%B4%B1-%E1%B4%BC%E1%B4%BF%E1%B4%B5%E1%B4%B3%E1%B4%B5%E1%B4%BB%E1%B4%AC%E1%B4%B8%C2%AE,"Freunde der Tattookunst ᵀᴴᴱ ᴼᴿᴵᴳᴵᴻᴬᴸ® / Modell,- & Werbeagentur",Austria,freunde.tattoo,http://www.freunde.tattoo,Artists and Writers,51-200 employees,,,2010,,,2026-05-06T03:06:02Z,2026-05-06T03:06:46Z
882,https://www.linkedin.com/company/kulturnetztirol,kulturnetzTirol,Austria,kulturnetztirol.at,https://www.kulturnetztirol.at,Artists and Writers,51-200 employees,"Innsbruck, Tirol",,2020,,,2026-05-06T03:07:40Z,2026-05-06T03:08:20Z
883,https://www.linkedin.com/company/semmelweisklinik,Centre for Arts and Culture Semmelweisklinik,Austria,semmelweisklinik.at,https://www.semmelweisklinik.at/,Artists and Writers,51-200 employees,"Vienna, Vienna",,2022,,,2026-05-06T03:09:33Z,2026-05-06T03:10:16Z
884,https://www.linkedin.com/company/galerie-thaddaeus-ropac,Thaddaeus Ropac,Austria,ropac.net,http://www.ropac.net,Artists and Writers,51-200 employees,"London, London",,1983,,,2026-05-06T03:11:17Z,2026-05-06T03:12:04Z
885,https://www.linkedin.com/company/kobansuedvers,KOBAN SÜDVERS,Austria,kobansuedvers.at,https://www.kobansuedvers.at/,Insurance,51-200 employees,,,2009,,,2026-05-06T03:13:04Z,2026-05-06T03:13:46Z
886,https://www.linkedin.com/company/von-lauff-und-bolz-versicherungsmakler-gmbh,von Lauff und Bolz Versicherungsmakler,Austria,vonlauffundbolz.de,http://vonlauffundbolz.de,Insurance,51-200 employees,"Frechen, Nordrhein-Westfalen",,1983,,,2026-05-06T03:14:49Z,2026-05-06T03:15:33Z
887,https://www.linkedin.com/company/funk-international-austria-gmbh,Funk International Austria GmbH,Austria,funk-austria.com,http://www.funk-austria.com,Insurance,51-200 employees,,,,,,2026-05-06T03:16:42Z,2026-05-06T03:17:29Z
888,https://www.linkedin.com/company/arag-se-direktion-fuer-oesterreich,"ARAG SE, Österreich",Austria,arag.at,http://www.arag.at,Insurance,51-200 employees,,,1976,,,2026-05-06T03:18:51Z,2026-05-06T03:19:30Z
889,https://www.linkedin.com/company/bikmo,Bikmo,Austria,bikmo.com,https://bikmo.com,Insurance,51-200 employees,"Flintshire, Wales",,2014,,,2026-05-06T03:20:52Z,2026-05-06T03:21:33Z
890,https://www.linkedin.com/company/acredia-group-oesterreich,Acredia Versicherung AG,Austria,acredia.at,http://www.acredia.at,Insurance,51-200 employees,"Wien, Wien",,,,,2026-05-06T03:22:56Z,2026-05-06T03:23:39Z
891,https://www.linkedin.com/company/finlex-gmbh,Finlex,Austria,finlex.io,http://www.finlex.io,Insurance,51-200 employees,"Frankfurt am Main, Hessen",,2015,,,2026-05-06T03:24:32Z,2026-05-06T03:25:19Z
892,https://www.linkedin.com/company/vav-versicherung-ag,VAV Versicherungs-AG,Austria,vav.at,http://www.vav.at,Insurance,51-200 employees,"Wien, Wien",,1973,,,2026-05-06T03:26:39Z,2026-05-06T03:27:24Z
893,https://www.linkedin.com/company/assiconsult-gmbh-srl,Assiconsult LLC,Austria,assiconsult.com,http://www.assiconsult.com,Insurance,51-200 employees,,,1973,,,2026-05-06T03:28:42Z,2026-05-06T03:29:27Z
894,https://www.linkedin.com/company/verband-der-versicherungsunternehmen-%C3%B6sterreichs,Verband der Versicherungsunternehmen Österreichs VVO,Austria,vvo.at,https://www.vvo.at/,Insurance,51-200 employees,"Wien, Wien",,1899,,,2026-05-06T03:30:28Z,2026-05-06T03:31:13Z
895,https://www.linkedin.com/company/raiffeisen-holding-niederoesterreich-wien,Raiffeisen-Holding Niederösterreich-Wien,Austria,raiffeisenholding.com,http://www.raiffeisenholding.com,Financial Services,51-200 employees,"Vienna, Austria",,2001,,,2026-05-06T03:32:35Z,2026-05-06T03:33:16Z
896,https://www.linkedin.com/company/speedinvest,Speedinvest,Austria,speedinvest.com,http://www.speedinvest.com,Venture Capital and Private Equity Principals,51-200 employees,"Wien, Wien",,2011,,,2026-05-06T03:34:46Z,2026-05-06T03:35:29Z
897,https://www.linkedin.com/company/dimoco-payments,DIMOCO,Austria,dimoco.com,https://dimoco.com/,Financial Services,51-200 employees,"Brunn am Gebirge, Austria",,2000,,,2026-05-06T03:36:27Z,2026-05-06T03:37:07Z
898,https://www.linkedin.com/company/opecfund,The OPEC Fund for International Development,Austria,opecfund.org,http://www.opecfund.org,Financial Services,51-200 employees,"Vienna, Vienna",,1976,,,2026-05-06T03:38:32Z,2026-05-06T03:39:17Z
899,https://www.linkedin.com/company/cdi-global,CDI Global M&A,Austria,cdiglobal.com,http://www.cdiglobal.com,Investment Banking,51-200 employees,"Chicago, Illinois",,1973,,,2026-05-06T03:40:48Z,2026-05-06T03:41:32Z
900,https://www.linkedin.com/company/valutico,Valutico,Austria,valutico.com,https://www.valutico.com,Financial Services,51-200 employees,,,2014,,,2026-05-08T19:36:16Z,2026-05-08T19:36:59Z
901,https://www.linkedin.com/company/i5invest,i5invest,Austria,i5invest.com,http://www.i5invest.com,Investment Banking,51-200 employees,"San Francisco, California",,2007,,,2026-05-08T19:38:27Z,2026-05-08T19:39:13Z
902,https://www.linkedin.com/company/wiener-borse-ag,Wiener Boerse,Austria,wienerborse.at,http://www.wienerborse.at,Financial Services,51-200 employees,"Vienna, Vienna",,1771,,,2026-05-08T19:40:24Z,2026-05-08T19:41:09Z
903,https://www.linkedin.com/company/mergerscorp,MergersCorp,Austria,mergerscorp.com,http://MergersCorp.com,Investment Banking,51-200 employees,,,,,,2026-05-08T19:42:31Z,2026-05-08T19:43:15Z
904,https://www.linkedin.com/company/jcb-international-europe-limited,JCB International (Europe) Ltd.,Austria,jcbeurope.eu,http://www.jcbeurope.eu/,Financial Services,51-200 employees,"London, England",,1961,,,2026-05-08T19:44:18Z,2026-05-08T19:45:11Z
905,https://www.linkedin.com/company/von-poll-immobilien-gmbh,VON POLL IMMOBILIEN,Austria,von-poll.com,https://www.von-poll.com,Real Estate,51-200 employees,"Frankfurt am Main, Hessen",,2000,,,2026-05-08T19:46:07Z,2026-05-08T19:46:57Z
906,https://www.linkedin.com/company/concular,Concular,Austria,concular.de,http://www.concular.de,Real Estate,51-200 employees,,,2020,,,2026-05-08T19:48:11Z,2026-05-08T19:48:58Z
907,https://www.linkedin.com/company/3si-immogroup,3SI Immogroup,Austria,3si.at,https://www.3si.at/,Real Estate,51-200 employees,,,,,,2026-05-08T19:50:15Z,2026-05-08T19:50:56Z
908,https://www.linkedin.com/company/pricehubble-ag,PriceHubble,Austria,pricehubble.com,https://pricehubble.com,Real Estate,51-200 employees,"Zurich, Zurich",,2016,,,2026-05-08T19:52:01Z,2026-05-08T19:52:43Z
909,https://www.linkedin.com/company/cpi-europe,CPI Europe,Austria,cpi-europe.com,https://cpi-europe.com,Real Estate,51-200 employees,,,2025,,,2026-05-08T19:53:55Z,2026-05-08T19:54:40Z
910,https://www.linkedin.com/company/austrian-real-estate,ARE Austrian Real Estate,Austria,are.at,https://www.are.at,Real Estate,51-200 employees,"Österreich, Wien",,2012,,,2026-05-08T19:56:03Z,2026-05-08T19:56:46Z
911,https://www.linkedin.com/company/jp-immobilien,JP Immobilien,Austria,jpi.at,https://www.jpi.at/,Real Estate,51-200 employees,,,1996,,,2026-05-08T19:58:01Z,2026-05-08T19:58:43Z
912,https://www.linkedin.com/company/hih-invest-real-estate,HIH Invest Real Estate,Austria,hih-invest.de,http://www.hih-invest.de,Real Estate,51-200 employees,"Hamburg, Hamburg",,,,,2026-05-08T20:00:06Z,2026-05-08T20:00:53Z
913,https://www.linkedin.com/company/s-b-group,S+B Group,Austria,sb-gruppe.at,http://www.sb-gruppe.at,Real Estate,51-200 employees,,,1986,,,2026-05-08T20:02:16Z,2026-05-08T20:03:02Z
914,https://www.linkedin.com/company/arnoldinvestments,Arnold Investments,Austria,arnold.investments,http://www.arnold.investments,Real Estate Agents and Brokers,51-200 employees,,,2009,,,2026-05-08T20:04:21Z,2026-05-08T20:05:07Z
915,https://www.linkedin.com/company/hugoinvest-property-management-group,Hugoinvest & Property Managment Group,Austria,,,Investment Banking,51-200 employees,,,1990,,,2026-05-08T20:06:05Z,2026-05-08T20:06:51Z
916,https://www.linkedin.com/company/iqam-invest-gmbh,IQAM Invest GmbH,Austria,iqam.com,http://iqam.com,Investment Banking,51-200 employees,,,,,,2026-05-08T20:08:00Z,2026-05-08T20:08:47Z
917,https://www.linkedin.com/company/kepler-fonds-kapitalanlagegesellschaft-m.b.h.,KEPLER-FONDS Kapitalanlagegesellschaft m.b.H.,Austria,kepler.at,https://www.kepler.at/de/startseite.html,Investment Banking,51-200 employees,"Linz, Oberösterreich",,1998,,,2026-05-08T20:10:15Z,2026-05-08T20:11:00Z
918,https://www.linkedin.com/company/forum,Forum,Austria,facebook.com,http://www.facebook.com/pages/Forum-Group/227702890600030,Investment Banking,51-200 employees,,,1993,,,2026-05-08T20:12:20Z,2026-05-08T20:13:03Z
919,https://www.linkedin.com/company/mp-corporate-finance-gmbh,MP Corporate Finance,Austria,mp-corporatefinance.com,https://www.mp-corporatefinance.com/,Investment Banking,51-200 employees,,,,,,2026-05-08T20:14:22Z,2026-05-08T20:15:06Z
920,https://www.linkedin.com/company/corporate-finance-associates-europe,Corporate Finance Associates Europe,Austria,cfaw.net,http://www.cfaw.net,Investment Banking,51-200 employees,"London, England",,1956,,,2026-05-08T20:16:12Z,2026-05-08T20:16:54Z
921,https://www.linkedin.com/company/ifa-ag,IFA AG,Austria,ifa.at,http://www.ifa.at,Investment Banking,51-200 employees,"Linz, Oberösterreich",,1978,,,2026-05-08T20:18:02Z,2026-05-08T20:18:42Z
922,https://www.linkedin.com/company/gall-zeidler-consultants-llc,Gall Zeidler Consultants,Austria,gzconsultants.com,http://www.gzconsultants.com,Civil Engineering,51-200 employees,"Ashburn, Virginia",,2000,,,2026-05-08T20:20:03Z,2026-05-08T20:20:45Z
923,https://www.linkedin.com/company/wb-sg,Waagner Biro steel and glass,Austria,wb-sg.com,https://www.wb-sg.com,Construction,51-200 employees,"Vienna, Austria",,1854,,,2026-05-08T20:22:00Z,2026-05-08T20:22:41Z
924,https://www.linkedin.com/company/gleitbau-gmbh,Gleitbau Salzburg,Austria,gleitbau.com,http://www.gleitbau.com,Construction,51-200 employees,"Salzburg, Salzburg",,1961,,,2026-05-08T20:24:02Z,2026-05-08T20:24:44Z
925,https://www.linkedin.com/company/dr-sauer-&-partners-ltd,Dr. Sauer & Partners,Austria,dr-sauer.com,http://www.dr-sauer.com,Civil Engineering,51-200 employees,,,1985,,,2026-05-08T20:26:02Z,2026-05-08T20:26:46Z
926,https://www.linkedin.com/company/mce-gmbh,MCE GMBH,Austria,mce-hg.com,https://www.mce-hg.com/linktree/,Construction,51-200 employees,"Linz, Upper Austria",,2004,,,2026-05-08T20:28:09Z,2026-05-08T20:28:54Z
927,https://www.linkedin.com/company/eclisse,ECLISSE,Austria,eclisse.it,https://www.eclisse.it,Construction,51-200 employees,"Pieve di Soligo, Treviso",,1989,,,2026-05-08T20:30:04Z,2026-05-08T20:30:50Z
928,https://www.linkedin.com/company/drees-sommer-oesterreich,Drees & Sommer Österreich,Austria,,,Construction,51-200 employees,"Wien, Wien",,1991,,,2026-05-08T20:31:51Z,2026-05-08T20:32:32Z
929,https://www.linkedin.com/company/gig-project-gmbh,GIG FASSADEN GmbH,Austria,gig.at,https://www.gig.at/index.php/de/,Construction,51-200 employees,"Attnang Puchheim, OÖ",,1945,,,2026-05-08T20:33:37Z,2026-05-08T20:34:22Z
930,https://www.linkedin.com/company/lukaslangbuildingtechnologies,Lukas Lang Building Technologies GmbH,Austria,lukaslang.com,http://www.lukaslang.com,Construction,51-200 employees,"Vienna, Vienna",,1995,,,2026-05-08T20:35:34Z,2026-05-08T20:36:18Z
931,https://www.linkedin.com/company/buildingsmart-austria,buildingSMART Austria,Austria,buildingsmart.co.at,https://www.buildingsmart.co.at,Construction,51-200 employees,,,2018,,,2026-05-08T20:37:26Z,2026-05-08T20:38:12Z
932,https://www.linkedin.com/company/optigruen-ag,Optigrün international AG,Austria,optigruen.de,https://www.optigruen.de/,Wholesale Building Materials,51-200 employees,"Krauchenwies, Baden-Württemberg",,,,,2026-05-08T20:39:11Z,2026-05-08T20:39:59Z
933,https://www.linkedin.com/company/decibelinternational,DECIBEL - soundproofing and acoustics,Austria,linkpop.com,https://linkpop.com/decibelshop,Wholesale Building Materials,51-200 employees,"Sofia, София-град",,2012,,,2026-05-08T20:41:14Z,2026-05-08T20:41:57Z
934,https://www.linkedin.com/company/mafi-walkonart,mafi - walk on art,Austria,mafi.com,http://www.mafi.com,Wholesale Building Materials,51-200 employees,,,1919,,,2026-05-08T20:43:21Z,2026-05-08T20:44:02Z
935,https://www.linkedin.com/company/peri-%C3%B6sterreich,PERI Österreich,Austria,peri.at,http://www.peri.at,Wholesale Building Materials,51-200 employees,"Nußdorf ob der Traisen, Niederösterreich",,1992,,,2026-05-08T20:45:16Z,2026-05-08T20:46:01Z
936,https://www.linkedin.com/company/sfa-dach-sanibroy-kinedo,SFA DACH - Sanibroy - Kinedo,Austria,sanibroy.de,https://www.sanibroy.de,Wholesale Building Materials,51-200 employees,"Dietzenbach, Deutschland - Österreich - Schweiz",,1958,,,2026-05-08T20:47:05Z,2026-05-08T20:47:48Z
937,https://www.linkedin.com/company/aco-oesterreich,ACO Österreich,Austria,aco.at,https://www.aco.at,Wholesale Building Materials,51-200 employees,"Baden, Lower Austria",,,,,2026-05-08T20:49:13Z,2026-05-08T20:49:58Z
938,https://www.linkedin.com/company/isocell-com,ISOCELL GmbH & Co KG,Austria,isocell.com,https://www.isocell.com,Wholesale Building Materials,51-200 employees,,,1992,,,2026-05-08T20:51:15Z,2026-05-08T20:51:59Z
939,https://www.linkedin.com/company/geze-austria-gmbh,GEZE Austria GmbH,Austria,geze.at,https://www.geze.at/de/,Wholesale Building Materials,51-200 employees,,,1863,,,2026-05-08T20:53:17Z,2026-05-08T20:54:04Z
940,https://www.linkedin.com/company/mapei-austria-gmbh,Mapei Austria GmbH,Austria,mapei.com,https://www.mapei.com/at/de-at/startseite,Wholesale Building Materials,51-200 employees,"Nußdorf ob der Traisen, Österreich",,1937,,,2026-05-08T20:55:19Z,2026-05-08T20:56:01Z
941,https://www.linkedin.com/company/tilogruppe,tilo GmbH,Austria,tilo.com,https://www.tilo.com,Wholesale Building Materials,51-200 employees,"Lohnsburg, Upper Austria",,1950,,,2026-05-08T20:57:00Z,2026-05-08T20:57:41Z
942,https://www.linkedin.com/company/scn-gmbh-austria,SCN GmbH Österreich,Austria,scngmbh.at,https://www.scngmbh.at/home,Computer Networking Products,51-200 employees,"Vienna, Vienna",,1998,,,2026-05-08T20:58:48Z,2026-05-08T20:59:33Z
943,https://www.linkedin.com/company/seminar-experts-gmbh-austria,Seminar-Experts GmbH Österreich,Austria,seminar-experts.at,https://www.seminar-experts.at/,Computer Networking Products,51-200 employees,"Bregenz, Vorarlberg",,2008,,,2026-05-08T21:00:43Z,2026-05-08T21:01:27Z
944,https://www.linkedin.com/company/triotronik-computer-und-netzwerktechnik-gmbh,TRIOTRONIK Computer und Netzwerktechnik GmbH,Austria,triotronik.com,http://www.triotronik.com,Computer Networking Products,51-200 employees,"Weiz, Steiermark",,1995,,,2026-05-08T21:02:40Z,2026-05-08T21:03:22Z
945,https://www.linkedin.com/company/softprom,Softprom Asia & Caucasus,Austria,softprom.com,https://softprom.com,Computer Networking Products,51-200 employees,,,1999,,,2026-05-08T21:04:40Z,2026-05-08T21:05:27Z
946,https://www.linkedin.com/company/mp2-it-solutions-gmbh,MP2 IT-Solutions GmbH,Austria,mp2.at,https://www.mp2.at,Computer Networking Products,51-200 employees,,,1999,,,2026-05-08T21:06:26Z,2026-05-08T21:07:08Z
947,https://www.linkedin.com/company/alleswirdgut,AllesWirdGut Architektur ZT GmbH,Austria,awg.at,http://www.awg.at,Architecture and Planning,51-200 employees,"Wien, Wien",,1999,,,2026-05-08T21:08:32Z,2026-05-08T21:09:19Z
948,https://www.linkedin.com/company/dietrich-untertrifaller,DIETRICH UNTERTRIFALLER,Austria,dtflr.com,https://dtflr.com,Architecture and Planning,51-200 employees,"Bregenz, Vorarlberg",,1994,,,2026-05-08T21:10:18Z,2026-05-08T21:11:02Z
949,https://www.linkedin.com/company/bernd-gruber-gmbh,Bernd Gruber GmbH,Austria,bernd-gruber.at,https://www.bernd-gruber.at,Architecture and Planning,51-200 employees,"Aurach-Kitzbühel, Tirol",,1956,,,2026-05-08T21:12:23Z,2026-05-08T21:13:13Z
950,https://www.linkedin.com/company/coophimmelblau,COOP HIMMELB(L)AU Wolf D. Prix & Partner,Austria,coop-himmelblau.at,https://www.coop-himmelblau.at,Architecture and Planning,51-200 employees,,,1968,,,2026-05-08T21:14:40Z,2026-05-08T21:15:24Z
951,https://www.linkedin.com/company/ikkgroup,IKK Group GmbH,Austria,ikkgroup.at,www.ikkgroup.at,Architecture and Planning,51-200 employees,"Graz, Steiermark",,,,,2026-05-08T21:16:47Z,2026-05-08T21:17:31Z
952,https://www.linkedin.com/company/eastconsult-llc,eastconsult group,Austria,eastconsult.eu,http://www.eastconsult.eu,Architecture and Planning,51-200 employees,,,2007,,,2026-05-08T21:18:48Z,2026-05-08T21:19:34Z
953,https://www.linkedin.com/company/vasko-partner-ingenieure,VASKO+PARTNER INGENIEURE ZT,Austria,vasko-partner.at,http://www.vasko-partner.at/,Architecture and Planning,51-200 employees,,,1976,,,2026-05-08T21:20:53Z,2026-05-08T21:21:33Z
954,https://www.linkedin.com/company/franz-und-sue-zt-gmbh,Franz und Sue ZT GmbH,Austria,franzundsue.at,https://www.franzundsue.at,Architecture and Planning,51-200 employees,"Wien, Wien",,2017,,,2026-05-08T21:22:43Z,2026-05-08T21:23:27Z
955,https://www.linkedin.com/company/schneider-schumacher,schneider+schumacher,Austria,schneider-schumacher.de,https://www.schneider-schumacher.de,Architecture and Planning,51-200 employees,"Frankfurt am Main, Hessen",,1989,,,2026-05-08T21:24:31Z,2026-05-08T21:25:14Z
956,https://www.linkedin.com/company/timbatec-holzbauingenieure,Timbatec Holzbauingenieure,Austria,timbatec.com,https://www.timbatec.com,Architecture and Planning,51-200 employees,"Zürich, ZH",,1997,,,2026-05-08T21:26:37Z,2026-05-08T21:27:21Z
957,https://www.linkedin.com/company/peak-technology-gmbh,Peak Technology,Austria,peaktechnology.at,http://www.peaktechnology.at,Aviation and Aerospace Component Manufacturing,51-200 employees,"Holzhausen, Oberösterreich",,2007,,,2026-05-08T21:28:36Z,2026-05-08T21:29:18Z
958,https://www.linkedin.com/company/axis-flight-training-systems-gmbh,AXIS Flight Training Systems,Austria,axis-simulation.com,http://www.axis-simulation.com,Aviation & Aerospace,51-200 employees,"Lebring, Austria",,,,,2026-05-08T21:30:39Z,2026-05-08T21:31:25Z
959,https://www.linkedin.com/company/dm-aircraft-maintenance-gmbh,Ryanair Engineering Delivered by DM Aircraft Maintenance GmbH,Austria,,,Aviation and Aerospace Component Manufacturing,51-200 employees,"Flughafen Wien, Wien",,2019,,,2026-05-08T21:32:38Z,2026-05-08T21:33:23Z
960,https://www.linkedin.com/company/tuwienspaceteam,TU Wien Space Team,Austria,spaceteam.at,http://spaceteam.at,Aviation and Aerospace Component Manufacturing,51-200 employees,,,2010,,,2026-05-08T21:34:42Z,2026-05-08T21:35:27Z
961,https://www.linkedin.com/company/tumbleweed-mars,Tumbleweed Mars,Austria,teamtumbleweed.eu,https://www.teamtumbleweed.eu/,Aviation and Aerospace Component Manufacturing,51-200 employees,,,2016,,,2026-05-08T21:36:49Z,2026-05-08T21:37:32Z
962,https://www.linkedin.com/company/cyclotech-gmbh,CycloTech GmbH,Austria,cyclotech.aero,https://www.cyclotech.aero,Aviation & Aerospace,51-200 employees,"Linz, Oberösterreich",,2004,,,2026-05-08T21:38:53Z,2026-05-08T21:39:41Z
963,https://www.linkedin.com/company/heliaustria,Heli Austria GmbH,Austria,heli-austria.at,http://www.heli-austria.at,Aviation and Aerospace Component Manufacturing,51-200 employees,"St. Johann im Pongau, Salzburg",,1982,,,2026-05-08T21:41:01Z,2026-05-08T21:41:41Z
964,https://www.linkedin.com/company/amst-civil-aviation,AMST-Aviation B.V.,Austria,amst.co.at,https://www.amst.co.at/en/civil-aviation/,Aviation and Aerospace Component Manufacturing,51-200 employees,"Nieuw-Vennep, Nordholland",,2016,,,2026-05-08T21:42:49Z,2026-05-08T21:43:30Z
965,https://www.linkedin.com/company/airborne-technologies-gmbh-austria,"Airborne Technologies GmbH, Austria",Austria,airbornetechnologies.at,http://www.airbornetechnologies.at,Aviation and Aerospace Component Manufacturing,51-200 employees,"Wr. Neustadt, Lower Austria",,2008,,,2026-05-08T21:44:33Z,2026-05-08T21:45:16Z
966,https://www.linkedin.com/company/fuchshofer-pr%C3%A4zisionstechnik-gmbh,Fuchshofer Präzisionstechnik GmbH,Austria,fuchshofer.at,http://www.fuchshofer.at,Aviation and Aerospace Component Manufacturing,51-200 employees,"Eibiswald, Steiermark",,1994,,,2026-05-08T21:46:25Z,2026-05-08T21:47:10Z
967,https://www.linkedin.com/company/ksr-group,KSR Group,Austria,ksr-group.com,http://www.ksr-group.com/,Motor Vehicle Manufacturing,51-200 employees,"Theiss, Lower Austria",,,,,2026-05-08T21:48:34Z,2026-05-08T21:49:19Z
968,https://www.linkedin.com/company/vive-la-car-gmbh,ViveLaCar,Austria,vivelacar.com,http://www.vivelacar.com,Motor Vehicle Manufacturing,51-200 employees,"Stuttgart, Baden-Württemberg",,2019,,,2026-05-08T21:50:39Z,2026-05-08T21:51:20Z
969,https://www.linkedin.com/company/easelink,Easelink,Austria,easelink.com,http://www.easelink.com,Automotive,51-200 employees,"Graz, Steiermark",,2016,,,2026-05-08T21:52:35Z,2026-05-08T21:53:20Z
970,https://www.linkedin.com/company/eversum,eVersum mobility solutions,Austria,eversum.com,https://www.eversum.com,Motor Vehicle Manufacturing,51-200 employees,,,2016,,,2026-05-08T21:54:26Z,2026-05-08T21:55:08Z
971,https://www.linkedin.com/company/bergerecotrail,BERGERecotrail - the lightweight pioneers,Austria,berger-ecotrail.com,http://www.berger-ecotrail.com,Motor Vehicle Manufacturing,51-200 employees,"Radfeld, Tirol",,1994,,,2026-05-08T21:56:27Z,2026-05-08T21:57:12Z
972,https://www.linkedin.com/company/lucky-car,Lucky Car Austria,Austria,lucky-car.at,http://www.lucky-car.at,Motor Vehicle Manufacturing,"501-1,000 employees","Wien, Wien",,2008,,,2026-05-08T21:58:22Z,2026-05-08T21:59:06Z
973,https://www.linkedin.com/company/automotive-security-research-group,Automotive Security Research Group (ASRG),Austria,asrg.io,https://www.asrg.io,Motor Vehicle Manufacturing,51-200 employees,"Stuttgart, Baden Württemberg",,2017,,,2026-05-08T22:00:20Z,2026-05-08T22:01:04Z
974,https://www.linkedin.com/company/kia-austria-gmbh,Kia Austria,Austria,kia.at,http://www.kia.at,Automotive,51-200 employees,"Wien, Wien",,,,,2026-05-08T22:02:16Z,2026-05-08T22:02:56Z
975,https://www.linkedin.com/company/fabco-automotive,Fabco Automotive Corporation,Austria,fabcoautomotive.com,http://www.fabcoautomotive.com/,Motor Vehicle Manufacturing,51-200 employees,"Livonia, MI",,1918,,,2026-05-08T22:04:14Z,2026-05-08T22:05:00Z
976,https://www.linkedin.com/company/gas-gas-motos,GASGAS Motorcycles GmbH,Austria,gasgas.com,http://www.gasgas.com,Motor Vehicle Manufacturing,51-200 employees,"Mattighofen, Mattighofen",,1985,,,2026-05-08T22:06:01Z,2026-05-08T22:06:45Z
977,https://www.linkedin.com/company/sanvetanimalhealth,SAN Vet LATAM,Austria,san-vet.com,https://www.san-vet.com,Pharmaceutical Manufacturing,51-200 employees,"Campinas, SP",,1992,,,2026-05-08T22:07:46Z,2026-05-08T22:08:35Z
978,https://www.linkedin.com/company/research-center-pharmaceutical-engineering-gmbh,RCPE - Research Center Pharmaceutical Engineering GmbH,Austria,rcpe.at,http://www.rcpe.at,Pharmaceutical Manufacturing,51-200 employees,,,2008,,,2026-05-08T22:09:48Z,2026-05-08T22:10:33Z
979,https://www.linkedin.com/company/prevor,PREVOR,Austria,prevor.com,http://www.prevor.com/en,Chemical Manufacturing,51-200 employees,"Valmondois, IDF",,1959,,,2026-05-08T22:11:48Z,2026-05-08T22:12:35Z
980,https://www.linkedin.com/company/virtualscopics,"VirtualScopics, Inc (Now part of BioTelemetry Research)",Austria,virtualscopics.com,http://www.virtualscopics.com/,Pharmaceutical Manufacturing,51-200 employees,"Rochester, NY",,2000,,,2026-05-08T22:14:03Z,2026-05-08T22:14:47Z
981,https://www.linkedin.com/company/susanne-kaufmann-cosmetics,Susanne Kaufmann,Austria,susannekaufmann.com,http://www.susannekaufmann.com,Personal Care Product Manufacturing,51-200 employees,,,2003,,,2026-05-08T22:16:09Z,2026-05-08T22:16:51Z
982,https://www.linkedin.com/company/earlyhealth-group,EarlyHealth Group,Austria,early-health.com,https://www.early-health.com,Pharmaceutical Manufacturing,51-200 employees,,,1984,,,2026-05-08T22:18:11Z,2026-05-08T22:19:01Z
983,https://www.linkedin.com/company/bluefish-pharmaceuticals-group,Bluefish Pharmaceuticals,Austria,bluefishpharma.com,http://www.bluefishpharma.com,Pharmaceutical Manufacturing,51-200 employees,,,2005,,,2026-05-08T22:19:59Z,2026-05-08T22:20:40Z
984,https://www.linkedin.com/company/denso-gmbh,DENSO Group Germany,Austria,denso-group.com,https://www.denso-group.com/de/impressum/,Chemical Manufacturing,51-200 employees,,,1922,,,2026-05-08T22:22:07Z,2026-05-08T22:22:47Z
985,https://www.linkedin.com/company/sibur-international-gmbh,SIBUR International GmbH,Austria,sibur-int.com,http://www.sibur-int.com,Chemical Manufacturing,51-200 employees,"Vienna, Vienna",,2002,,,2026-05-08T22:24:16Z,2026-05-08T22:25:06Z
986,https://www.linkedin.com/company/dr-schutz-group,Dr. Schutz,Austria,dr-schutz.com,http://www.dr-schutz.com,Chemical Manufacturing,51-200 employees,"Bonn, Nordrhein-Westfalen",,1955,,,2026-05-08T22:26:12Z,2026-05-08T22:26:56Z
987,https://www.linkedin.com/company/mol-austria,MOL Austria Handels GmbH,Austria,molaustria.at,http://www.molaustria.at,Oil and Gas,51-200 employees,"Wien, Wien",,1975,,,2026-05-08T22:28:05Z,2026-05-08T22:28:52Z
988,https://www.linkedin.com/company/lukoil-lubricants-europe,LUKOIL Lubricants Europe GmbH,Austria,lukoil-lubricants.eu,http://lukoil-lubricants.eu,Oil and Gas,51-200 employees,,,2011,,,2026-05-08T22:30:17Z,2026-05-08T22:31:07Z
989,https://www.linkedin.com/company/red-drilling-services,RED Drilling & Services GmbH,Austria,red-drilling-services.at,https://www.red-drilling-services.at,Oil and Gas,51-200 employees,"Gampern, Oberösterreich",,2014,,,2026-05-08T22:32:43Z,2026-05-08T22:33:29Z
990,https://www.linkedin.com/company/powerup-austria,PowerUP GmbH,Austria,powerup.at,http://www.powerup.at,Oil and Gas,51-200 employees,"Stans, Tirol",,2014,,,2026-05-08T22:34:56Z,2026-05-08T22:35:41Z
991,https://www.linkedin.com/company/tde-pronova,tde pronova,Austria,pronova-tde.com,http://www.pronova-tde.com,Oil and Gas,51-200 employees,"Leoben, Steiermark",,2000,,,2026-05-08T22:36:40Z,2026-05-08T22:37:29Z
992,https://www.linkedin.com/company/opecsecretariat,OPEC,Austria,opec.org,www.opec.org,Oil and Gas,51-200 employees,,,1960,,,2026-05-08T22:38:37Z,2026-05-08T22:39:21Z
993,https://www.linkedin.com/company/nabucco-gas-pipelin-international,Nabucco Gas Pipeline International,Austria,,,Oil and Gas,51-200 employees,,,,,,2026-05-08T22:40:49Z,2026-05-08T22:41:34Z
994,https://www.linkedin.com/company/tannas-co-&-king-refrigeration,Tannas Co.,Austria,tannasking.com,http://www.TannasKing.com,Oil and Gas,51-200 employees,"Midland, MI",,1981,,,2026-05-08T22:42:39Z,2026-05-08T22:43:23Z
995,https://www.linkedin.com/company/lukoil-international-gmbh,LUKOIL INTERNATIONAL GmbH,Austria,lukoil-lubricants.eu,https://lukoil-lubricants.eu/en,Oil and Gas,51-200 employees,"Vienna, Vienna",,1995,,,2026-05-08T22:44:27Z,2026-05-08T22:45:09Z
996,https://www.linkedin.com/company/spe-vienna-basin-section,SPE Vienna Basin Section,Austria,viennabasin.spe.org,http://viennabasin.spe.org/home,Oil and Gas,51-200 employees,,,,,,2026-05-08T22:46:13Z,2026-05-08T22:46:53Z
997,https://www.linkedin.com/company/crown-holz-industrie,Crown HolzIndustrie,Austria,crownholz.com,http://www.crownholz.com,Paper and Forest Product Manufacturing,51-200 employees,"Maltepe, İstanbul",,2015,,,2026-05-08T22:47:51Z,2026-05-08T22:48:35Z
998,https://www.linkedin.com/company/starkraft,Starkraft,Austria,starkraft.com,http://www.starkraft.com,Paper and Forest Product Manufacturing,51-200 employees,"Pöls ob Judenburg, Steiermark",,,,,2026-05-08T22:49:49Z,2026-05-08T22:50:30Z
999,https://www.linkedin.com/company/salzer-papier-gmbh,Salzer Papier GmbH,Austria,salzer.at,https://www.salzer.at,Paper and Forest Product Manufacturing,51-200 employees,"St. Pölten, Niederösterreich",,1798,,,2026-05-08T22:51:49Z,2026-05-08T22:52:31Z
1000,https://www.linkedin.com/company/lenzing-papier-gmbh,Lenzing Papier GmbH,Austria,lenzingpapier.com,http://www.lenzingpapier.com,Paper and Forest Product Manufacturing,51-200 employees,"Lenzing, Oberösterreich",,1892,,,2026-05-10T19:12:48Z,2026-05-10T19:13:34Z
1001,https://www.linkedin.com/company/ppc---paper-print-converting-gmbh,PPC - Paper Print Converting GmbH,Austria,ppc.co.at,http://www.ppc.co.at,Paper and Forest Product Manufacturing,51-200 employees,"Spittal/Drau, Kärnten",,,,,2026-05-10T19:15:00Z,2026-05-10T19:15:42Z
1002,https://www.linkedin.com/company/cappelen-group,Cappelen Group,Austria,cappelen-group.com,http://www.cappelen-group.com/,Paper and Forest Product Manufacturing,51-200 employees,"Wien, Wien",,1973,,,2026-05-10T19:16:51Z,2026-05-10T19:17:33Z
1003,https://www.linkedin.com/company/heinzelsales,heinzelsales,Austria,heinzelsales.com,http://www.heinzelsales.com,Paper and Forest Product Manufacturing,51-200 employees,"Vienna, Vienna",,1948,,,2026-05-10T19:18:39Z,2026-05-10T19:19:22Z
1004,https://www.linkedin.com/company/j-w-cappelen-gmbh,J.W. Cappelen GmbH,Austria,jwc-group.com,http://www.jwc-group.com/index.php?cccpage=home&set_language=en,Paper and Forest Product Manufacturing,51-200 employees,"Vienna, Vienna",,1973,,,2026-05-10T19:20:23Z,2026-05-10T19:21:09Z
1005,https://www.linkedin.com/company/holzindustrie-stallinger-gmbh,Holzindustrie Stallinger GmbH,Austria,stallinger-holding.at,https://www.stallinger-holding.at/holz,Paper and Forest Product Manufacturing,51-200 employees,"Frankenmarkt, Oberösterreich",,1699,,,2026-05-10T19:22:22Z,2026-05-10T19:23:04Z
1006,https://www.linkedin.com/company/formatproductions,Format Werk GmbH,Austria,formatwerk.com,http://www.formatwerk.com,Paper and Forest Product Manufacturing,51-200 employees,,,1976,,,2026-05-10T19:24:16Z,2026-05-10T19:24:59Z
1007,https://www.linkedin.com/company/styrian-paint-horse-ranch,Styrian Paint Horse Ranch,Austria,styrian-painthorse-ranch.at,http://styrian-painthorse-ranch.at,Ranching,51-200 employees,,,,,,2026-05-10T19:26:20Z,2026-05-10T19:27:10Z
1008,https://www.linkedin.com/company/schropper-gmbh,Schropper GmbH,Austria,schropper.at,www.schropper.at,Ranching,51-200 employees,"Gloggnitz, Lower Austria",,1930,,,2026-05-10T19:28:09Z,2026-05-10T19:28:54Z
1009,https://www.linkedin.com/company/vorarlberg-milch,Vorarlberg Milch eGen,Austria,vmilch.com,https://www.vmilch.com/?country=GB,Dairy Product Manufacturing,51-200 employees,"Feldkirch, Vorarlberg",,1940,,,2026-05-10T19:30:10Z,2026-05-10T19:30:51Z
1010,https://www.linkedin.com/company/obersteirische-molkerei-egen,Obersteirische Molkerei eGen,Austria,oml.at,https://www.oml.at/,Dairy Product Manufacturing,51-200 employees,"Knittelfeld, Steiermark",,1930,,,2026-05-10T19:32:00Z,2026-05-10T19:32:49Z
1011,https://www.linkedin.com/company/kaerntnermilch-unseremilchistunserleben,Kärntnermilch reg.Gen.m.b.H.,Austria,kaerntnermilch.at,https://www.kaerntnermilch.at/,Dairy Product Manufacturing,51-200 employees,,,1928,,,2026-05-10T19:33:56Z,2026-05-10T19:34:42Z
1012,https://www.linkedin.com/company/erlebnissennerei-zillertal,Erlebnissennerei Zillertal,Austria,erlebnissennerei-zillertal.at,http://erlebnissennerei-zillertal.at,Dairy Product Manufacturing,51-200 employees,,,1954,,,2026-05-10T19:35:52Z,2026-05-10T19:36:38Z
1013,https://www.linkedin.com/company/prolactal,Prolactal,Austria,prolactal.com,https://www.prolactal.com/,Dairy Product Manufacturing,51-200 employees,"Hartberg, Steiermark",,1957,,,2026-05-10T19:37:50Z,2026-05-10T19:38:35Z
1014,https://www.linkedin.com/company/civica-eu,CIVICA,Austria,civica.eu,https://www.civica.eu/,Education Administration Programs,51-200 employees,,,,,,2026-05-10T19:39:25Z,2026-05-10T19:40:15Z
1015,https://www.linkedin.com/company/fomf-deutschland,FOMF,Austria,fomf.de,https://www.fomf.de/,Education Administration Programs,51-200 employees,"Hofheim, Hessen",,2006,,,2026-05-10T19:41:39Z,2026-05-10T19:42:25Z
1016,https://www.linkedin.com/company/quality-austria,Quality Austria,Austria,qualityaustria.com,https://www.qualityaustria.com/,Education Administration Programs,51-200 employees,,,,,,2026-05-10T19:43:29Z,2026-05-10T19:44:15Z
1017,https://www.linkedin.com/company/sts-education,STS Education Group,Austria,linktr.ee,https://linktr.ee/stsexchangeyear,Education Administration Programs,51-200 employees,"Gothenburg, Västra Götaland",,1958,,,2026-05-10T19:45:40Z,2026-05-10T19:46:21Z
1018,https://www.linkedin.com/company/ambleside-schools-international,Ambleside Schools International,Austria,amblesideschools.org,http://www.amblesideschools.org,Education Administration Programs,51-200 employees,"Fredericksburg, Texas",,1999,,,2026-05-10T19:47:23Z,2026-05-10T19:48:08Z
1019,https://www.linkedin.com/company/osdzertifikate,ÖSD – Österreichisches Sprachdiplom Deutsch,Austria,osd.at,https://www.osd.at/,Education Administration Programs,51-200 employees,"Klagenfurt, Kärnten",,1995,,,2026-05-10T19:49:33Z,2026-05-10T19:50:20Z
1020,https://www.linkedin.com/company/my-pv,my-PV,Austria,my-pv.com,https://www.my-pv.com/,Renewable Energy Semiconductor Manufacturing,51-200 employees,,,2011,,,2026-05-10T19:51:29Z,2026-05-10T19:52:13Z
1021,https://www.linkedin.com/company/dafi-gmbh,DAfi GmbH,Austria,dafi.at,www.dafi.at,"Wholesale Appliances, Electrical, and Electronics",51-200 employees,"Eben im Pongau, Salzburg",,,,,2026-05-10T19:53:17Z,2026-05-10T19:54:01Z
1022,https://www.linkedin.com/company/aerocompact,AEROCOMPACT,Austria,aerocompact.com,https://www.aerocompact.com,Renewable Energy Semiconductor Manufacturing,51-200 employees,"Satteins, Austria",,2012,,,2026-05-10T19:55:16Z,2026-05-10T19:56:02Z
1023,https://www.linkedin.com/company/puespoek,PÜSPÖK Erneuerbare Energie,Austria,puespoek.at,https://www.puespoek.at/,Renewable Energy Semiconductor Manufacturing,51-200 employees,"Parndorf, Burgenland",,1997,,,2026-05-10T19:57:11Z,2026-05-10T19:57:54Z
1024,https://www.linkedin.com/company/ventus-engineering,Ventus Group,Austria,ventus.group,http://ventus.group/en/,Renewable Energy Semiconductor Manufacturing,51-200 employees,"Vienna, Vienna",,2015,,,2026-05-10T19:59:21Z,2026-05-10T20:00:08Z
1025,https://www.linkedin.com/company/novotegraeurope,novotegra,Austria,novotegra.com,https://www.novotegra.com/en/,Renewable Energy Semiconductor Manufacturing,51-200 employees,,,,,,2026-05-10T20:01:07Z,2026-05-10T20:01:52Z
1026,https://www.linkedin.com/company/usound-gmbh,USound GmbH,Austria,usound.com,http://www.usound.com,Semiconductors,51-200 employees,"Graz, Styria",,2014,,,2026-05-10T20:02:54Z,2026-05-10T20:03:38Z
1027,https://www.linkedin.com/company/energy3000-solar-gmbh,Energy3000 solar GmbH,Austria,energy3000.com,https://www.energy3000.com/,Renewable Energy Semiconductor Manufacturing,51-200 employees,"Müllendorf, Burgenland",,2007,,,2026-05-10T20:04:59Z,2026-05-10T20:05:41Z
1028,https://www.linkedin.com/company/th%C3%B6ni-gruppe,Thöni Group,Austria,thoeni.com,https://www.thoeni.com/,Fabricated Metal Products,"501-1,000 employees","Telfs, Tyrol",,1964,,,2026-05-10T20:06:58Z,2026-05-10T20:07:43Z
1029,https://www.linkedin.com/company/siconnex,Siconnex,Austria,siconnex.com,http://www.siconnex.com,Semiconductor Manufacturing,51-200 employees,"Siconnex Headquarter Austria, Hof bei Salzburg",,2002,,,2026-05-10T20:09:04Z,2026-05-10T20:09:48Z
1030,https://www.linkedin.com/company/rppgroup,RPP Group,Austria,rpp-group.com,http://www.rpp-group.com,Public Policy Offices,51-200 employees,,,2002,,,2026-05-10T20:11:10Z,2026-05-10T20:11:55Z
1031,https://www.linkedin.com/company/immigrantinvest,IMMIGRANT INVEST,Austria,immigrantinvest.com,https://immigrantinvest.com/,International Affairs,51-200 employees,"St Julian's, Malta",,2007,,,2026-05-10T20:13:05Z,2026-05-10T20:13:49Z
1032,https://www.linkedin.com/company/ziviltechnikerinnen-oesterreich,Ziviltechniker:innen Österreich,Austria,arching.at,https://www.arching.at/home,Government Administration,51-200 employees,"Vienna, Wien",,,,,2026-05-10T20:15:15Z,2026-05-10T20:16:00Z
1033,https://www.linkedin.com/company/energy-community,Energy Community,Austria,energy-community.org,http://www.energy-community.org,International Affairs,51-200 employees,,,2005,,,2026-05-10T20:23:42Z,2026-05-10T20:24:25Z
1034,https://www.linkedin.com/company/steyrarms,STEYR ARMS GmbH,Austria,steyr-arms.com,https://www.steyr-arms.com,Military and International Affairs,51-200 employees,"Kleinraming, Niederösterreich",,1864,,,2026-05-10T20:25:35Z,2026-05-10T20:26:16Z
1035,https://www.linkedin.com/company/salzburg-global,Salzburg Global,Austria,salzburgglobal.org,http://www.salzburgglobal.org,Public Policy Offices,51-200 employees,"Salzburg, Salzburg",,1947,,,2026-05-10T20:27:20Z,2026-05-10T20:28:03Z
1036,https://www.linkedin.com/company/eu-fundamental-rights-agency,European Union Agency for Fundamental Rights,Austria,fra.europa.eu,https://fra.europa.eu,Government Administration,51-200 employees,,,2007,,,2026-05-10T20:29:10Z,2026-05-10T20:29:55Z
1037,https://www.linkedin.com/company/wirtschaftsagenturwien,Wirtschaftsagentur Wien,Austria,wirtschaftsagentur.at,https://wirtschaftsagentur.at/,Government Administration,51-200 employees,"Vienna, Vienna",,,,,2026-05-10T20:31:00Z,2026-05-10T20:31:41Z
1038,https://www.linkedin.com/company/ksw-stb-wp,KSW – Kammer der Steuerberater:innen und Wirtschaftsprüfer:innen,Austria,ksw.or.at,https://www.ksw.or.at/,Executive Offices,51-200 employees,,,,,,2026-05-10T20:33:04Z,2026-05-10T20:33:44Z
1039,https://www.linkedin.com/company/armtronix,Armtronix Group,Austria,armtronix.com,https://armtronix.com/,Executive Offices,51-200 employees,,,,,,2026-05-10T20:34:49Z,2026-05-10T20:35:34Z
1040,https://www.linkedin.com/company/gemeindealtach,Gemeinde Altach,Austria,altach.at,https://www.altach.at,Executive Offices,51-200 employees,"Altach, Vorarlberg",,,,,2026-05-10T20:36:34Z,2026-05-10T20:37:16Z
1041,https://www.linkedin.com/company/wirtschaftsagenturburgenland,Wirtschaftsagentur Burgenland,Austria,wirtschaftsagentur-burgenland.at,http://www.wirtschaftsagentur-burgenland.at,Executive Offices,51-200 employees,"Eisenstadt, Burgenland",,1994,,,2026-05-10T20:38:42Z,2026-05-10T20:39:25Z
1042,https://www.linkedin.com/company/marktgemeinde-gratwein-stra%C3%9Fengel,Marktgemeinde Gratwein-Straßengel,Austria,gratwein-strassengel.gv.at,http://www.gratwein-strassengel.gv.at,Executive Offices,51-200 employees,"Gratwein-Straßengel, Steiermark",,2015,,,2026-05-10T20:40:41Z,2026-05-10T20:41:25Z
1043,https://www.linkedin.com/company/eastern-european-center-for-commerce-and-affairs---eecca,EASTERN EUROPEAN CENTER,Austria,eecca.eu,http://www.eecca.eu,Executive Offices,51-200 employees,,,2013,,,2026-05-10T20:42:32Z,2026-05-10T20:43:19Z
1044,https://www.linkedin.com/company/cmbc-austria,CMBC AUSTRIA,Austria,austria.constructionmaster.biz,https://austria.constructionmaster.biz,Executive Offices,51-200 employees,,,,,,2026-05-10T20:44:34Z,2026-05-10T20:45:18Z
1045,https://www.linkedin.com/company/%C3%B6h-jku,ÖH JKU,Austria,oeh.jku.at,https://www.oeh.jku.at,Executive Offices,51-200 employees,"Linz, Oberösterreich",,,,,2026-05-10T20:46:31Z,2026-05-10T20:47:14Z
1046,https://www.linkedin.com/company/schwaz,Stadtgemeinde Schwaz,Austria,schwaz.at,http://www.schwaz.at,Executive Offices,51-200 employees,,,,,,2026-05-10T20:48:17Z,2026-05-10T20:49:00Z
1047,https://www.linkedin.com/company/marktgemeinde-markt-allhau,Marktgemeinde Markt Allhau,Austria,marktallhau.gv.at,http://www.marktallhau.gv.at,Executive Offices,51-200 employees,"Markt Allhau, Burgenland",,,,,2026-05-10T20:49:59Z,2026-05-10T20:50:43Z
1048,https://www.linkedin.com/company/wimax-telecom,WiMAX Telecom,Austria,wimax-telecom.net,http://www.wimax-telecom.net,Telecommunications,51-200 employees,"Vienna, Austria",,2004,,,2026-05-10T20:51:52Z,2026-05-10T20:52:37Z
1049,https://www.linkedin.com/company/nbg-holding-gmbh,NBG - Fiber Optics,Austria,nbg.tech,https://www.nbg.tech,Telecommunications,51-200 employees,"Gmünd, Lower Austria",,1996,,,2026-05-10T20:53:42Z,2026-05-10T20:54:26Z
1050,https://www.linkedin.com/company/alpenglasfaser,Alpen Glasfaser GmbH,Austria,alpenglasfaser.at,https://www.alpenglasfaser.at/,Telecommunications,51-200 employees,,,2023,,,2026-05-10T20:55:38Z,2026-05-10T20:56:20Z
1051,https://www.linkedin.com/company/tekpoint-gmbh,Tekpoint GmbH,Austria,tekpoint.com,http://www.tekpoint.com,Telecommunications,51-200 employees,,,2009,,,2026-05-10T20:57:46Z,2026-05-10T20:58:38Z
1052,https://www.linkedin.com/company/heliot-europe,Heliot Europe,Austria,heliotgroup.com,https://www.heliotgroup.com/,Telecommunications,51-200 employees,,,2017,,,2026-05-10T20:59:58Z,2026-05-10T21:00:37Z
1053,https://www.linkedin.com/company/liwest,LIWEST,Austria,liwest.at,https://www.liwest.at,Telecommunications,51-200 employees,"Linz, Upper Austria",,1978,,,2026-05-10T21:01:33Z,2026-05-10T21:02:17Z
1054,https://www.linkedin.com/company/emporiatelecom,emporia,Austria,emporiamobile.com,http://www.emporiamobile.com,Telecommunications,51-200 employees,,,1991,,,2026-05-10T21:03:40Z,2026-05-10T21:04:23Z
1055,https://www.linkedin.com/company/eurotelesites,EuroTeleSites AG,Austria,eurotelesites.com,https://eurotelesites.com,Telecommunications,51-200 employees,"Vienna, Vienna",,2023,,,2026-05-10T21:05:19Z,2026-05-10T21:06:05Z
1056,https://www.linkedin.com/company/mavoco,MAVOCO,Austria,mavoco.com,http://www.mavoco.com,Telecommunications,51-200 employees,,,2010,,,2026-05-10T21:07:09Z,2026-05-10T21:07:57Z
1057,https://www.linkedin.com/company/%C3%B6gig-gmbh,Österreichische Glasfaser-Infrastrukturgesellschaft (öGIG),Austria,oegig.at,http://www.oegig.at,Telecommunications,51-200 employees,,,,,,2026-05-10T21:09:23Z,2026-05-10T21:10:10Z
1058,https://www.linkedin.com/company/austrian-standards,Austrian Standards,Austria,austrian-standards.at,https://www.austrian-standards.at,Information Services,51-200 employees,,,1920,,,2026-05-10T21:11:20Z,2026-05-10T21:12:03Z
1059,https://www.linkedin.com/company/elpato,ELPATO Medien GmbH,Austria,elpato.de,http://www.elpato.de,Online Audio and Video Media,51-200 employees,"Berlin, BE",,2005,,,2026-05-10T21:13:13Z,2026-05-10T21:13:59Z
1060,https://www.linkedin.com/company/durchblicker-at,durchblicker.at | Powered by Netrisk Group,Austria,durchblicker.at,https://durchblicker.at,Information Services,51-200 employees,,,2009,,,2026-05-10T21:15:27Z,2026-05-10T21:16:10Z
1061,https://www.linkedin.com/company/kothes-gmbh,kothes - Smart Information Solutions,Austria,kothes.com,http://www.kothes.com,Information Services,51-200 employees,"Kempen, NRW",,2003,,,2026-05-10T21:17:22Z,2026-05-10T21:18:06Z
1062,https://www.linkedin.com/company/compass-gruppe,Compass-Gruppe,Austria,compass.at,http://www.compass.at,Information Services,51-200 employees,,,1867,,,2026-05-10T21:19:19Z,2026-05-10T21:20:05Z
1063,https://www.linkedin.com/company/baha-information-company,baha - the information company,Austria,baha.com,https://www.baha.com,Information Services,51-200 employees,,,1993,,,2026-05-10T21:21:31Z,2026-05-10T21:22:10Z
1064,https://www.linkedin.com/company/nexxar,nexxar,Austria,nexxar.com,http://www.nexxar.com,Internet Publishing,51-200 employees,,,2003,,,2026-05-10T21:23:22Z,2026-05-10T21:24:07Z
1065,https://www.linkedin.com/company/geoville-information-systems-gmbh,GeoVille Information Systems and Data Processing GmbH,Austria,geoville.com,http://www.geoville.com,Information Services,51-200 employees,"Innsbruck, Tirol",,1998,,,2026-05-10T21:25:29Z,2026-05-10T21:26:11Z
1066,https://www.linkedin.com/company/huawei-austria,Huawei Austria,Austria,e.huawei.com,https://e.huawei.com/at/,Internet Publishing,51-200 employees,,,2007,,,2026-05-10T21:27:09Z,2026-05-10T21:27:49Z
1067,https://www.linkedin.com/company/gse-europe-hq,GSE Europe,Austria,gse.org,https://www.gse.org/,Information Services,51-200 employees,"Cham, Zug",,1994,,,2026-05-10T21:29:08Z,2026-05-10T21:29:50Z
1068,https://www.linkedin.com/company/universit%C3%A4ts-und-landesbibliothek-tirol,Universitäts- und Landesbibliothek Tirol,Austria,uibk.ac.at,https://www.uibk.ac.at/de/ulb/,Libraries,51-200 employees,"Innsbruck, Tirol",,1745,,,2026-05-10T21:30:43Z,2026-05-10T21:31:25Z
1069,https://www.linkedin.com/company/tu-wien-bibliothek,TU Wien Bibliothek,Austria,tuwien.at,https://www.tuwien.at/bibliothek,Libraries,51-200 employees,,,1815,,,2026-05-10T21:32:35Z,2026-05-10T21:33:13Z
1070,https://www.linkedin.com/company/baum-consult-gmbh,B.A.U.M. Consult GmbH,Austria,baumgroup.de,http://baumgroup.de,Environmental Services,51-200 employees,"Berlin, Berlin",,1991,,,2026-05-10T21:34:25Z,2026-05-10T21:35:06Z
1071,https://www.linkedin.com/company/va-tech-wabag-gmbh,VA TECH WABAG GmbH,Austria,wabag.com,www.wabag.com,Environmental Services,51-200 employees,,,1999,,,2026-05-10T21:36:28Z,2026-05-10T21:37:13Z
1072,https://www.linkedin.com/company/rabmer-bau-gruppe,Rabmer Group - we build for a better future,Austria,rabmer.at,http://www.rabmer.at,Environmental Services,51-200 employees,"Altenberg, Oberösterreich",,1963,,,2026-05-10T21:38:15Z,2026-05-10T21:38:58Z
1073,https://www.linkedin.com/company/inno4cfis-project,INNO4CFIs Project,Austria,inno4cfis.eu,https://inno4cfis.eu,Environmental Services,51-200 employees,,,2023,,,2026-05-10T21:40:01Z,2026-05-10T21:40:43Z
1074,https://www.linkedin.com/company/kommunalkredit-public-consulting,Kommunalkredit Public Consulting GmbH,Austria,publicconsulting.at,http://www.publicconsulting.at,Environmental Services,51-200 employees,"Wien, Wien",,2003,,,2026-05-10T21:42:03Z,2026-05-10T21:42:49Z
1075,https://www.linkedin.com/company/zehnder-clean-air-solutions,Zehnder Clean Air Solutions,Austria,zehnder-cleanairsolutions.com,http://www.zehnder-cleanairsolutions.com,Environmental Services,51-200 employees,"Gränichen, Aargau",,,,,2026-05-10T21:43:56Z,2026-05-10T21:44:39Z
1076,https://www.linkedin.com/company/unidoenvironment,UNIDO Environment,Austria,unido.org,https://www.unido.org/MontrealProtocol,Environmental Services,51-200 employees,"Vienna, Vienna",,,,,2026-05-10T21:46:07Z,2026-05-10T21:46:49Z
1077,https://www.linkedin.com/company/water-mining,WATER-MINING H2020,Austria,watermining.eu,https://watermining.eu/,Environmental Services,51-200 employees,,,,,,2026-05-10T21:48:05Z,2026-05-10T21:48:48Z
1078,https://www.linkedin.com/company/winkler-f&s-transport-gmbh,Winkler F&S Transport GmbH,Austria,winkler-fs.at,http://winkler-fs.at,Freight and Package Transportation,51-200 employees,,,,,,2026-05-10T21:49:59Z,2026-05-10T21:50:41Z
1079,https://www.linkedin.com/company/lieben-flex-transport-gmbh,LiebenFlex Transport Gmbh,Austria,general-flex.at,http://general-flex.at,Freight and Package Transportation,51-200 employees,"Mondsee, Upper Austria",,,,,2026-05-10T21:51:38Z,2026-05-10T21:52:25Z
1080,https://www.linkedin.com/company/gtm-logistics-gmbh,GTM Logistics GmbH,Austria,gtm-logistics.com,http://gtm-logistics.com,Freight and Package Transportation,51-200 employees,,,,,,2026-05-10T22:01:03Z,2026-05-10T22:08:38Z
1081,https://www.linkedin.com/company/unimult---transport-&-logistics,Unimult - Transport & Logistics,Austria,unimult.at,http://www.unimult.at,Freight and Package Transportation,51-200 employees,"Wien, Wien",,2014,,,2026-05-10T22:09:48Z,2026-05-10T22:10:33Z
1082,https://www.linkedin.com/company/peherstorfer-gmbh,Peherstorfer GmbH,Austria,peherstorfer.co.at,www.peherstorfer.co.at,Freight and Package Transportation,51-200 employees,"Allhaming, Oberösterreich",,,,,2026-05-10T22:11:49Z,2026-05-10T22:12:32Z
1083,https://www.linkedin.com/company/neunerhaus,neunerhaus,Austria,neunerhaus.at,http://www.neunerhaus.at,Civic and Social Organizations,51-200 employees,,,1999,,,2026-05-10T22:13:37Z,2026-05-10T22:14:21Z
1084,https://www.linkedin.com/company/abzaustria,ABZ*AUSTRIA,Austria,abzaustria.at,http://www.abzaustria.at/,Civic and Social Organizations,51-200 employees,"Vienna, Wien",,1992,,,2026-05-10T22:15:54Z,2026-05-10T22:16:38Z
1085,https://www.linkedin.com/company/verein-sprungbrett,Verein sprungbrett,Austria,sprungbrett.or.at,https://sprungbrett.or.at/,Civic and Social Organizations,51-200 employees,,,1987,,,2026-05-10T22:17:38Z,2026-05-10T22:18:20Z
1086,https://www.linkedin.com/company/sudwind,Südwind,Austria,suedwind.at,https://www.suedwind.at,Civic and Social Organizations,51-200 employees,"Vienna, Vienna",,1979,,,2026-05-10T22:19:34Z,2026-05-10T22:20:14Z
1087,https://www.linkedin.com/company/socialimpactaward,Social Impact Award,Austria,sia.click,https://sia.click/6UU3u,Civic and Social Organizations,51-200 employees,,,2009,,,2026-05-10T22:21:29Z,2026-05-10T22:25:41Z
1088,https://www.linkedin.com/company/worldsummitawards,WSA,Austria,wsa-global.org,https://wsa-global.org/,Civic and Social Organizations,51-200 employees,"Salzburg, Salzburg",,2003,,,2026-05-10T22:26:47Z,2026-05-10T22:27:29Z
1089,https://www.linkedin.com/company/htm-helicopter-travel-munich-gmbh,HTM Helicopter Travel Munich GmbH,Austria,htm.de,http://www.htm.de,Airlines and Aviation,51-200 employees,"Taufkirchen, Bayern",,,,,2026-05-10T22:28:47Z,2026-05-10T22:29:33Z
1090,https://www.linkedin.com/company/thesagroup,Scandinavian Avionics A/S,Austria,scanav.com,http://www.scanav.com,Airlines and Aviation,51-200 employees,"Billund, DK",,1978,,,2026-05-10T22:30:51Z,2026-05-10T22:31:37Z
1091,https://www.linkedin.com/company/flightkeys,Flightkeys GmbH,Austria,flightkeys.com,http://www.flightkeys.com/,Airlines and Aviation,51-200 employees,,,2015,,,2026-05-10T22:32:45Z,2026-05-10T22:33:31Z
1092,https://www.linkedin.com/company/international-jet-management-gmbh,International Jet Management GmbH,Austria,ijm.at,http://www.ijm.at,Airlines and Aviation,51-200 employees,,,2003,,,2026-05-10T22:34:52Z,2026-05-10T22:35:35Z
1093,https://www.linkedin.com/company/kales-airline-services,Kales Airline Services,Austria,kales.com,http://www.kales.com,Airlines and Aviation,51-200 employees,,,1994,,,2026-05-10T22:36:38Z,2026-05-10T22:37:17Z
1094,https://www.linkedin.com/company/ecanl,Euro Cargo Aviation,Austria,eurocargoaviation.com,www.eurocargoaviation.com,Airlines and Aviation,51-200 employees,"Oude Meer, Noord Holland",,1997,,,2026-05-10T22:38:28Z,2026-05-10T22:39:15Z
1095,https://www.linkedin.com/company/belassi-official,Belassi GmbH,Austria,belassi.com,http://www.belassi.com,Maritime Transportation,51-200 employees,"Leiben, Niederösterreich",,2016,,,2026-05-10T22:40:41Z,2026-05-10T22:41:26Z
1096,https://www.linkedin.com/company/austromar,Austromar,Austria,austromar.com,http://www.austromar.com,Maritime Transportation,51-200 employees,"Praha, Hlavní město Praha",,1990,,,2026-05-10T22:42:27Z,2026-05-10T22:43:12Z
1097,https://www.linkedin.com/company/xogene,Xogene,Austria,xogene.com,http://www.xogene.com,Information Technology & Services,51-200 employees,"Englewood, New Jersey",,2010,,,2026-05-10T22:44:22Z,2026-05-10T22:45:05Z
1098,https://www.linkedin.com/company/mtbytes,MT BYTES,Austria,mt-bytes.io,https://www.mt-bytes.io/,IT Services and IT Consulting,51-200 employees,"New York, NY",,,,,2026-05-10T22:46:22Z,2026-05-10T22:47:08Z
1099,https://www.linkedin.com/company/accessiway,Accessiway,Austria,accessiway.com,https://www.accessiway.com/,Digital Accessibility Services,51-200 employees,"Turin, Piedmont",,,,,2026-05-10T22:48:28Z,2026-05-10T22:49:09Z
1100,https://www.linkedin.com/company/odoo-business-solutions,Odoo Business Software Solutions,Austria,odoo-bs.com,https://www.odoo-bs.com,IT Services and IT Consulting,51-200 employees,"Olpe, North Rhine-Westphalia",,2016,,,2026-05-12T20:05:43Z,2026-05-12T20:06:28Z
1101,https://www.linkedin.com/company/deckrobot,deckrobot,Austria,deckrobot.com,http://deckrobot.com,IT Services and IT Consulting,51-200 employees,"San Francisco, CA",,,,,2026-05-12T20:07:30Z,2026-05-12T20:08:15Z
1102,https://www.linkedin.com/company/mindstudios,Mind Studios,Austria,themindstudios.com,http://themindstudios.com/,IT Services and IT Consulting,51-200 employees,"Fairfax, Virginia",,2013,,,2026-05-12T20:09:27Z,2026-05-12T20:10:11Z
1103,https://www.linkedin.com/company/wearedevelopers.org,WeAreDevelopers,Austria,wearedevelopers.com,http://www.wearedevelopers.com,Information Technology & Services,51-200 employees,"Vienna, Vienna",,2017,,,2026-05-12T20:11:28Z,2026-05-12T20:12:12Z
1104,https://www.linkedin.com/company/zimble-code,Zimble Code,Austria,zimblecode.com,http://www.zimblecode.com/,Information Technology & Services,51-200 employees,,,2018,,,2026-05-12T20:13:20Z,2026-05-12T20:14:05Z
1105,https://www.linkedin.com/company/pimcore,Pimcore,Austria,pimcore.com,https://www.pimcore.com,IT Services and IT Consulting,51-200 employees,"Salzburg, Salzburg",,2009,,,2026-05-12T20:15:29Z,2026-05-12T20:16:13Z
1106,https://www.linkedin.com/company/bitmovin,Bitmovin,Austria,bitmovin.com,http://www.bitmovin.com,Information Technology & Services,51-200 employees,"Denver, Colorado",,2013,,,2026-05-12T20:17:13Z,2026-05-12T20:17:58Z
1107,https://www.linkedin.com/company/ulbrichts,ULBRICHTS GmbH,Austria,ulbrichts.com,http://www.ulbrichts.com,Defense and Space Manufacturing,201-500 employees,"Schwanenstadt, Upper Austria",,1796,,,2026-05-12T20:19:11Z,2026-05-12T20:19:54Z
1108,https://www.linkedin.com/company/international-vaccine-institute,International Vaccine Institute (IVI),Austria,ivi.int,http://www.ivi.int,Non-profit Organizations,201-500 employees,,,1997,,,2026-05-12T20:21:09Z,2026-05-12T20:21:55Z
1109,https://www.linkedin.com/company/wwf-central-and-eastern-europe,WWF Central and Eastern Europe,Austria,wwfcee.org,https://wwfcee.org/,Non-profit Organizations,201-500 employees,,,1998,,,2026-05-12T20:23:18Z,2026-05-12T20:24:03Z
1110,https://www.linkedin.com/company/international-humanitarian-relief,International Humanitarian Relief,Austria,ihrelief.org,http://www.ihrelief.org,Non-profit Organizations,201-500 employees,,,2011,,,2026-05-12T20:25:22Z,2026-05-12T20:26:07Z
1111,https://www.linkedin.com/company/mary%27s-meals,Mary's Meals,Austria,marysmeals.org,https://www.marysmeals.org/?utm_source=linkedin.com&utm_medium=social&utm_campaign=Linkedin%20website%20url%20link&social_publish_date=05-01-2022&social_content_type=Broad%20Reach,Non-profit Organizations,201-500 employees,"Glasgow, Scotland",,2002,,,2026-05-12T20:27:03Z,2026-05-12T20:27:47Z
1112,https://www.linkedin.com/company/zukunft-frauen,Zukunft.Frauen Alumnae Club,Austria,zukunftfrauen.club,https://zukunftfrauen.club/,Non-profit Organizations,201-500 employees,,,,,,2026-05-12T20:28:59Z,2026-05-12T20:29:43Z
1113,https://www.linkedin.com/company/light-for-the-world,Light for the World,Austria,light-for-the-world.org,https://www.light-for-the-world.org/,Non-profit Organizations,201-500 employees,,,1988,,,2026-05-12T20:30:43Z,2026-05-12T20:31:23Z
1114,https://www.linkedin.com/company/switchtocircular-eu,Switch to Circular Economy Value Chains,Austria,switchtocircular.eu,http://www.switchtocircular.eu,Non-profit Organizations,201-500 employees,,,,,,2026-05-12T20:32:45Z,2026-05-12T20:33:32Z
1115,https://www.linkedin.com/company/brand-club-net,Brand Club,Austria,brand-club.net,https://brand-club.net,Non-profit Organizations,51-200 employees,,,,,,2026-05-12T20:34:23Z,2026-05-12T20:35:10Z
1116,https://www.linkedin.com/company/greenwallafrica,Great Green Wall,Austria,greatgreenwall.org,https://www.greatgreenwall.org/,Non-profit Organizations,201-500 employees,"Bonn, Bonn",,2007,,,2026-05-12T20:36:27Z,2026-05-12T20:37:08Z
1117,https://www.linkedin.com/company/heyjobs,HeyJobs,Austria,heyjobs.co,http://www.heyjobs.co/de-de,Staffing and Recruiting,201-500 employees,"Berlin, BE",,2016,,,2026-05-12T20:37:59Z,2026-05-12T20:38:45Z
1118,https://www.linkedin.com/company/solcom-gmbh,SOLCOM GmbH,Austria,solcom.de,https://www.solcom.de/,Staffing and Recruiting,201-500 employees,"Reutlingen, Baden-Württemberg",,1994,,,2026-05-12T20:40:10Z,2026-05-12T20:41:00Z
1119,https://www.linkedin.com/company/altopartners,AltoPartners Executive Search,Austria,altopartners.com,http://www.altopartners.com,Executive Search Services,201-500 employees,,,2006,,,2026-05-12T20:42:22Z,2026-05-12T20:43:02Z
1120,https://www.linkedin.com/company/kern-engineering-careers,KERN engineering careers,Austria,kern-partner.at,http://www.kern-partner.at,Staffing and Recruiting,201-500 employees,"Linz, Oberösterreich",,2007,,,2026-05-12T20:44:22Z,2026-05-12T20:45:04Z
1121,https://www.linkedin.com/company/epunkt,epunkt,Austria,epunkt.com,https://www.epunkt.com/impressum,Staffing and Recruiting,201-500 employees,"Linz, Oberösterreich",,2000,,,2026-05-12T20:46:30Z,2026-05-12T20:47:11Z
1122,https://www.linkedin.com/company/friisberg,Friisberg & Partners International,Austria,friisberg.com,http://www.friisberg.com,Executive Search Services,201-500 employees,,,1977,,,2026-05-12T20:48:11Z,2026-05-12T20:48:55Z
1123,https://www.linkedin.com/company/austrianjobs-a-jobs-gmbh,AUSTRIANJOBS/A-JOBS GmbH,Austria,austrianjobs.at,http://www.austrianjobs.at,Staffing and Recruiting,201-500 employees,,,2011,,,2026-05-12T20:50:07Z,2026-05-12T20:50:55Z
1124,https://www.linkedin.com/company/pedersen-and-partners,Pedersen & Partners,Austria,pedersenandpartners.com,http://www.pedersenandpartners.com,Executive Search Services,201-500 employees,"Amsterdam, North Holland",,2001,,,2026-05-12T20:51:59Z,2026-05-12T20:52:44Z
1125,https://www.linkedin.com/company/horton-international,Horton International,Austria,hortoninternational.com,http://www.hortoninternational.com,Staffing and Recruiting,201-500 employees,"Oxford, England",,1978,,,2026-05-12T20:54:03Z,2026-05-12T20:54:50Z
1126,https://www.linkedin.com/company/wowjobs,wowJobs,Austria,wowjobs.biz,http://www.wowjobs.biz,Staffing and Recruiting,201-500 employees,"London, London",,,,,2026-05-12T20:56:02Z,2026-05-12T20:56:45Z
1127,https://www.linkedin.com/company/infosys,Infosys,Austria,infosys.com,https://www.infosys.com,IT Services and IT Consulting,"10,001+ employees","Bangalore, Karnataka",,1981,,,2026-05-12T20:58:09Z,2026-05-12T20:58:51Z
1128,https://www.linkedin.com/company/jobcopilot,JobCopilot,Austria,jobcopilot.com,https://jobcopilot.com,Staffing and Recruiting,11-50 employees,,,2024,,,2026-05-12T20:59:59Z,2026-05-12T21:00:43Z
1129,https://www.linkedin.com/company/repl-it,Replit,Austria,replit.com,https://replit.com,Software Development,51-200 employees,"Foster City, California",,2016,,,2026-05-12T21:01:52Z,2026-05-12T21:02:34Z
1130,https://www.linkedin.com/company/elite-academy-at,Elite Academy,Austria,eliteacademy.eu,https://eliteacademy.eu/,Professional Training and Coaching,201-500 employees,"Vienna, Vienna",,2003,,,2026-05-12T21:03:42Z,2026-05-12T21:04:27Z
1131,https://www.linkedin.com/company/%C3%B6agg-sektion-supervision-coaching-organisationsberatung,Supervision-Coaching-Organisationsberatung ÖAGG,Austria,supervision.oeagg.at,https://supervision.oeagg.at/,Professional Training and Coaching,201-500 employees,,,,,,2026-05-12T21:05:33Z,2026-05-12T21:06:20Z
1132,https://www.linkedin.com/company/bfi-ooe,BFI OÖ,Austria,bfi-ooe.at,http://www.bfi-ooe.at,Professional Training and Coaching,201-500 employees,"Linz, Oberösterreich",,1960,,,2026-05-12T21:07:46Z,2026-05-12T21:08:31Z
1133,https://www.linkedin.com/company/helopreneur,Helopreneur,Austria,helopreneur.com,https://helopreneur.com,Professional Training and Coaching,201-500 employees,"Bruckneudorf, Burgenland",,2017,,,2026-05-12T21:09:41Z,2026-05-12T21:10:24Z
1134,https://www.linkedin.com/company/bfi-steiermark,bfi Steiermark,Austria,bfi-stmk.at,http://www.bfi-stmk.at,Professional Training and Coaching,201-500 employees,"Graz, Steiermark",,1960,,,2026-05-12T21:11:21Z,2026-05-12T21:12:02Z
1135,https://www.linkedin.com/company/european-trainers-network,European Trainers Network,Austria,,,Professional Training and Coaching,201-500 employees,,,2006,,,2026-05-12T21:13:22Z,2026-05-12T21:14:05Z
1136,https://www.linkedin.com/company/liberator-academy,LIBERATOR- Transformation Academy,Austria,liberator-academy.com,www.liberator-academy.com,Professional Training and Coaching,201-500 employees,"Linz, Oberösterreich",,2020,,,2026-05-12T21:15:09Z,2026-05-12T21:15:53Z
1137,https://www.linkedin.com/company/mentory-club,Mentory Club,Austria,mentory.at,www.mentory.at,Professional Training and Coaching,201-500 employees,"Wien, Wien",,2007,,,2026-05-12T21:16:59Z,2026-05-12T21:17:44Z
1138,https://www.linkedin.com/company/coachhub,CoachHub - The digital coaching platform,Austria,coachhub.com,https://www.coachhub.com,Professional Training and Coaching,201-500 employees,,,2018,,,2026-05-12T21:19:03Z,2026-05-12T21:19:53Z
1139,https://www.linkedin.com/company/ak-niederoesterreich,Arbeiterkammer Niederösterreich,Austria,noe.arbeiterkammer.at,https://noe.arbeiterkammer.at,Political Organizations,201-500 employees,"St. Pölten, Niederösterreich",,1948,,,2026-05-12T21:21:10Z,2026-05-12T21:21:52Z
1140,https://www.linkedin.com/company/ak-steiermark,Arbeiterkammer Steiermark,Austria,akstmk.at,https://www.akstmk.at,Political Organizations,201-500 employees,,,,,,2026-05-12T21:23:11Z,2026-05-12T21:23:56Z
1141,https://www.linkedin.com/company/waffwien,waff,Austria,waff.at,https://www.waff.at/,Political Organizations,201-500 employees,,,1995,,,2026-05-12T21:25:23Z,2026-05-12T21:26:07Z
1142,https://www.linkedin.com/company/ak-ober%C3%B6sterreich,Arbeiterkammer Oberösterreich,Austria,ooe.arbeiterkammer.at,https://ooe.arbeiterkammer.at/,Political Organizations,201-500 employees,"Linz, Oberösterreich",,1921,,,2026-05-12T21:27:11Z,2026-05-12T21:27:51Z
1143,https://www.linkedin.com/company/gewerkschaft-gpa,Gewerkschaft GPA,Austria,gpa.at,https://www.gpa.at,Political Organizations,201-500 employees,"Wien, Wien",,,,,2026-05-12T21:29:00Z,2026-05-12T21:29:49Z
1144,https://www.linkedin.com/company/ak-vorarlberg,AK Vorarlberg,Austria,ak-vorarlberg.at,https://ak-vorarlberg.at,Political Organizations,201-500 employees,,,1920,,,2026-05-12T21:30:53Z,2026-05-12T21:31:43Z
1145,https://www.linkedin.com/company/junos,JUNOS - Junge liberale NEOS,Austria,junos.at,www.junos.at,Political Organizations,201-500 employees,,,,,,2026-05-12T21:33:00Z,2026-05-12T21:33:42Z
1146,https://www.linkedin.com/company/ak-wien,AK Wien,Austria,akwien.at,http://akwien.at,Political Organizations,201-500 employees,,,,,,2026-05-12T21:35:01Z,2026-05-12T21:35:45Z
1147,https://www.linkedin.com/company/arbeiterkammersalzburg,Arbeiterkammer Salzburg,Austria,ak-salzburg.at,https://www.ak-salzburg.at,Political Organizations,201-500 employees,,,1921,,,2026-05-12T21:37:01Z,2026-05-12T21:37:46Z
1148,https://www.linkedin.com/company/alexander-hughes,Alexander Hughes,Austria,alexanderhughes.com,http://www.alexanderhughes.com,Human Resources Services,201-500 employees,,,1957,,,2026-05-12T21:38:56Z,2026-05-12T21:39:39Z
1149,https://www.linkedin.com/company/innoscripta-se,innoscripta SE,Austria,innoscripta.com,http://innoscripta.com,Business Consulting and Services,201-500 employees,"Munich, Bavaria",,2012,,,2026-05-12T21:40:43Z,2026-05-12T21:41:31Z
1150,https://www.linkedin.com/company/unityconsultinginnovation,UNITY Consulting & Innovation,Austria,unity-consulting.com,https://www.unity-consulting.com/,Business Consulting and Services,201-500 employees,,,1995,,,2026-05-12T21:43:01Z,2026-05-12T21:43:44Z
1151,https://www.linkedin.com/company/chabertonprofessionals,Chaberton Professionals,Austria,chabertonpartners.com,http://www.chabertonpartners.com,Business Consulting and Services,201-500 employees,"Lugano, Switzerland",,2017,,,2026-05-12T21:44:56Z,2026-05-12T21:45:44Z
1152,https://www.linkedin.com/company/odsconsultinggroup,ODS Consulting Group,Austria,odsdanismanlik.com,http://www.odsdanismanlik.com,Business Consulting and Services,201-500 employees,"Ankara, Çankaya",,2009,,,2026-05-12T21:46:53Z,2026-05-12T21:47:41Z
1153,https://www.linkedin.com/company/hill-international-the-human-resources-partner-,HILL International Group,Austria,hill-international.com,http://www.hill-international.com/,Human Resources Services,201-500 employees,"Vienna, Austria",,1975,,,2026-05-12T21:48:55Z,2026-05-12T21:49:42Z
1154,https://www.linkedin.com/company/chabertonpartners,Chaberton Partners - Executive Search,Austria,chabertonpartners.com,https://chabertonpartners.com/,Business Consulting and Services,201-500 employees,"Lugano, Switzerland",,2017,,,2026-05-12T21:50:41Z,2026-05-12T21:51:23Z
1155,https://www.linkedin.com/company/intoo-global,INTOO,Austria,intoo.com,https://www.intoo.com/,Human Resources Services,201-500 employees,"Los Angeles, CA",,1991,,,2026-05-12T21:52:58Z,2026-05-12T21:53:41Z
1156,https://www.linkedin.com/company/subrosa-health-capital-group,subrosa Health & Capital group,Austria,,,Business Consulting and Services,201-500 employees,,,2017,,,2026-05-12T21:55:07Z,2026-05-12T21:55:53Z
1157,https://www.linkedin.com/company/intersearch,InterSearch,Austria,intersearch.org,https://intersearch.org,Business Consulting and Services,201-500 employees,"Tamworth, Staffordshire",,1989,,,2026-05-12T21:57:04Z,2026-05-12T21:57:48Z
1158,https://www.linkedin.com/company/profimiet1,PROFIMIET GmbH,Austria,profimiet.de,https://www.profimiet.de,Events Services,201-500 employees,"Köln, NRW",,,,,2026-05-12T21:59:16Z,2026-05-12T21:59:59Z
1159,https://www.linkedin.com/company/tutopfellows,TU Wien TOP Fellows,Austria,tutopfellows.at,http://tutopfellows.at,Events Services,201-500 employees,"Vienna, Vienna",,2012,,,2026-05-12T22:01:07Z,2026-05-12T22:01:47Z
1160,https://www.linkedin.com/company/ovation-global-dmc,Ovation Global DMC,Austria,ovationdmc.com,http://www.ovationdmc.com,Events Services,201-500 employees,,,,,,2026-05-12T22:03:04Z,2026-05-12T22:03:45Z
1161,https://www.linkedin.com/company/elite-events-org,Elite Events,Austria,elite-events.org,https://elite-events.org/,Events Services,201-500 employees,,,2004,,,2026-05-12T22:05:10Z,2026-05-12T22:05:54Z
1162,https://www.linkedin.com/company/hosts-global,Hosts Global,Austria,hosts-global.com,http://www.hosts-global.com,Events Services,201-500 employees,"Las Vegas, NV",,1958,,,2026-05-12T22:07:06Z,2026-05-12T22:07:47Z
1163,https://www.linkedin.com/company/aim-group-international,AIM Group International,Austria,aimgroupinternational.com,http://www.aimgroupinternational.com,Events Services,201-500 employees,"MIlan, Lombardy",,1960,,,2026-05-12T22:08:50Z,2026-05-12T22:09:33Z
1164,https://www.linkedin.com/company/reservix-gmbh,Reservix GmbH,Austria,reservix.net,https://www.reservix.net/,Events Services,201-500 employees,,,2003,,,2026-05-12T22:10:35Z,2026-05-12T22:11:17Z
1165,https://www.linkedin.com/company/mastertent,Mastertent®,Austria,mastertent.com,https://www.mastertent.com,Events Services,201-500 employees,"Natz-Schabs, BZ",,1948,,,2026-05-12T22:12:32Z,2026-05-12T22:13:15Z
1166,https://www.linkedin.com/company/aurora-live-partners,Management Events,Austria,auroralive.com,https://www.auroralive.com/solution-provider,Events Services,201-500 employees,"Helsinki, Southern Finland",,1994,,,2026-05-12T22:14:33Z,2026-05-12T22:15:18Z
1167,https://www.linkedin.com/company/artlogic-de,artlogic Germany,Austria,artlogic.biz,http://www.artlogic.biz/de,Events Services,201-500 employees,"Düsseldorf, Nordrhein Westfalen",,1999,,,2026-05-12T22:16:27Z,2026-05-12T22:17:07Z
1168,https://www.linkedin.com/company/molto-luce,MOLTO LUCE,Austria,moltoluce.com,https://www.moltoluce.com/,"Appliances, Electrical, and Electronics Manufacturing",201-500 employees,"Wels, Oberösterreich",,1981,,,2026-05-12T22:18:19Z,2026-05-12T22:19:00Z
1169,https://www.linkedin.com/company/cms-electronics-group,CMS Electronics Group,Austria,cms-electronics.com,http://www.cms-electronics.com,"Appliances, Electrical, and Electronics Manufacturing",201-500 employees,"Klagenfurt, Kärnten",,2003,,,2026-05-12T22:20:05Z,2026-05-12T22:20:50Z
1170,https://www.linkedin.com/company/gantner,Gantner,Austria,gantner.com,http://www.gantner.com,"Appliances, Electrical, and Electronics Manufacturing",201-500 employees,"Nüziders, Vorarlberg",,,,,2026-05-12T22:22:01Z,2026-05-12T22:22:49Z
1171,https://www.linkedin.com/company/prolicht,PROLICHT,Austria,prolicht.at,http://www.prolicht.at,"Appliances, Electrical, and Electronics Manufacturing",201-500 employees,"Neu-Götzens, Tirol",,1993,,,2026-05-12T22:23:51Z,2026-05-12T22:24:34Z
1172,https://www.linkedin.com/company/telenot,TELENOT,Austria,telenot.com,http://www.telenot.com,"Appliances, Electrical, and Electronics Manufacturing",201-500 employees,"Aalen, Baden-Württemberg",,1968,,,2026-05-12T22:25:39Z,2026-05-12T22:26:19Z
1173,https://www.linkedin.com/company/somfy-dach,Somfy DACH,Austria,somfy.de,http://somfy.de,"Appliances, Electrical, and Electronics Manufacturing",201-500 employees,"Rottenburg, Baden-Württemberg",,1969,,,2026-05-12T22:27:43Z,2026-05-12T22:28:27Z
1174,https://www.linkedin.com/company/esylux,ESYLUX,Austria,esylux.com,http://www.esylux.com,"Appliances, Electrical, and Electronics Manufacturing",201-500 employees,"Ahrensburg, Deutschland",,1968,,,2026-05-12T22:29:47Z,2026-05-12T22:30:32Z
1175,https://www.linkedin.com/company/recom-power-inc-,RECOM Power,Austria,recom-power.com,https://www.recom-power.com,"Appliances, Electrical, and Electronics Manufacturing",201-500 employees,"Gmunden, Oberösterreich",,1974,,,2026-05-12T22:31:48Z,2026-05-12T22:32:30Z
1176,https://www.linkedin.com/company/loxone---uk,Loxone UK,Austria,loxone.com,http://www.loxone.com/enen/,"Appliances, Electrical, and Electronics Manufacturing","501-1,000 employees","Theale, Berkshire",,2009,,,2026-05-12T22:33:49Z,2026-05-12T22:34:33Z
1177,https://www.linkedin.com/company/epluse,E+E Elektronik,Austria,epluse.com,https://www.epluse.com,"Appliances, Electrical, and Electronics Manufacturing",201-500 employees,"Engerwitzdorf, Oberösterreich",,1979,,,2026-05-12T22:35:57Z,2026-05-12T22:36:45Z
1178,https://www.linkedin.com/company/warner-music-central-europe,Warner Music Central Europe,Austria,warnermusic.de,https://www.warnermusic.de/,Musicians,201-500 employees,"Hamburg, Germany",,,,,2026-05-12T22:37:50Z,2026-05-12T22:38:30Z
1179,https://www.linkedin.com/company/acoustic-lakeside-festival,Acoustic Lakeside Festival,Austria,acousticlakeside.com,http://www.acousticlakeside.com,Musicians,201-500 employees,"Sittersdorf, Kärnten",,2006,,,2026-05-12T22:39:40Z,2026-05-12T22:40:25Z
1180,https://www.linkedin.com/company/thomastik-infeld-gmbh,Thomastik-Infeld GmbH,Austria,thomastik-infeld.com,http://www.thomastik-infeld.com,Musicians,201-500 employees,,,1919,,,2026-05-12T22:41:24Z,2026-05-12T22:42:10Z
1181,https://www.linkedin.com/company/gewamusic,GEWA music Group,Austria,linkedin.com,https://www.linkedin.com/redir/suspicious-page?url=http%3A%2F%2Fwww%2egewamusic%2ecom,Musicians,201-500 employees,"Adorf/Vogtl., Sachsen",,1925,,,2026-05-12T22:43:27Z,2026-05-12T22:44:09Z
1182,https://www.linkedin.com/company/zimex-aviation,Zimex Aviation Ltd.,Austria,zimex.com,http://www.zimex.com,Airlines and Aviation,201-500 employees,,,1969,,,2026-05-12T22:45:18Z,2026-05-12T22:45:59Z
1183,https://www.linkedin.com/company/hyundai-glovis-europe,Hyundai GLOVIS Europe,Austria,glovis.eu,https://www.glovis.eu/,"Transportation, Logistics, Supply Chain and Storage",201-500 employees,"Eschborn , Eschborn",,,,,2026-05-12T22:46:56Z,2026-05-12T22:47:37Z
1184,https://www.linkedin.com/company/byrd,byrd,Austria,getbyrd.com,https://getbyrd.com/en,"Technology, Information and Media",201-500 employees,"Vienna, Wien",,2016,,,2026-05-12T22:49:02Z,2026-05-12T22:49:45Z
1185,https://www.linkedin.com/company/time-matters,time:matters,Austria,time-matters.com,https://www.time-matters.com,"Transportation, Logistics, Supply Chain and Storage",201-500 employees,"Neu-Isenburg, Hessen",,2002,,,2026-05-12T22:51:05Z,2026-05-12T22:51:49Z
1186,https://www.linkedin.com/company/certifer,CERTIFER,Austria,certifer.eu,http://www.certifer.eu,Rail Transportation,201-500 employees,"Valenciennes, Hauts-de-France",,1997,,,2026-05-12T22:52:52Z,2026-05-12T22:53:38Z
1187,https://www.linkedin.com/company/alpega,Alpega,Austria,alpegagroup.com,https://www.alpegagroup.com/,"Transportation, Logistics, Supply Chain and Storage",201-500 employees,,,,,,2026-05-12T22:55:00Z,2026-05-12T22:55:43Z
1188,https://www.linkedin.com/company/railpool,RAILPOOL,Austria,railpool.eu,http://www.railpool.eu,Rail Transportation,201-500 employees,"München, Bayern",,2008,,,2026-05-12T22:56:49Z,2026-05-12T22:57:38Z
1189,https://www.linkedin.com/company/network-aviation-group,Network Aviation Group ✈️,Austria,linktr.ee,http://linktr.ee/NetworkAviationGroup,Airlines and Aviation,201-500 employees,"Crawley, West Sussex,",,1985,,,2026-05-12T22:59:00Z,2026-05-12T22:59:37Z
1190,https://www.linkedin.com/company/avconjet,AVCON JET,Austria,avconjet.at,http://www.avconjet.at,Airlines and Aviation,201-500 employees,,,2007,,,2026-05-12T23:00:32Z,2026-05-12T23:01:18Z
1191,https://www.linkedin.com/company/aprojectsindustrialprojectlogistics,Aprojects,Austria,aprojects.com,http://www.aprojects.com,"Transportation, Logistics, Supply Chain and Storage",201-500 employees,,,2005,,,2026-05-12T23:02:32Z,2026-05-12T23:03:13Z
1192,https://www.linkedin.com/company/schoeller-network-control,schoeller network control,Austria,schoeller.at,http://www.schoeller.at,Computer and Network Security,201-500 employees,,,1979,,,2026-05-12T23:04:16Z,2026-05-12T23:04:56Z
1193,https://www.linkedin.com/company/nviso-cyber,NVISO Security,Austria,nviso.eu,https://www.nviso.eu,Computer and Network Security,201-500 employees,"Brussels, Brussels Region",,2013,,,2026-05-12T23:06:20Z,2026-05-12T23:07:06Z
1194,https://www.linkedin.com/company/infoguard-deutschland-gmbh,InfoGuard Deutschland GmbH,Austria,infoguard.de,https://www.infoguard.de/,Computer and Network Security,201-500 employees,"Neu-Isenburg, Hessen",,,,,2026-05-12T23:08:12Z,2026-05-12T23:08:52Z
1195,https://www.linkedin.com/company/infoguard-ag,InfoGuard AG,Austria,infoguard.ch,https://www.infoguard.ch,Computer and Network Security,201-500 employees,"Baar, ZG",,,,,2026-05-12T23:10:13Z,2026-05-12T23:10:56Z
1196,https://www.linkedin.com/company/bfs-securitysolutions,BFS Securitysolutions,Austria,bfs.solutions,https://www.bfs.solutions,Security and Investigations,201-500 employees,"Grambach, Steiermark",,2003,,,2026-05-12T23:12:09Z,2026-05-12T23:12:56Z
1197,https://www.linkedin.com/company/protecta-gmbh,Protecta GmbH,Austria,protecta.ltd,http://www.protecta.ltd/,Security and Investigations,201-500 employees,"Vienna , vienna",,,,,2026-05-12T23:14:15Z,2026-05-12T23:14:55Z
1198,https://www.linkedin.com/company/dallmeier-electronic,Dallmeier electronic,Austria,dallmeier.com,https://www.dallmeier.com/en,Security and Investigations,201-500 employees,"Regensburg, Bavaria",,1984,,,2026-05-12T23:16:00Z,2026-05-12T23:16:45Z
1199,https://www.linkedin.com/company/kooi-camerabewaking,Kooi Camerabewaking,Austria,247kooi.com,https://247kooi.com/nl/,Security Systems Services,201-500 employees,"Drachten, Friesland",,2010,,,2026-05-12T23:18:08Z,2026-05-12T23:18:53Z
1200,https://www.linkedin.com/company/hfx-technologies-vienna,HFX Technologies GmbH,Austria,hfx.at,https://hfx.at,Computer Hardware Manufacturing,201-500 employees,"Vienna, Wien",,,,,2026-05-14T19:05:48Z,2026-05-14T19:06:34Z
1201,https://www.linkedin.com/company/fortec-elektronik-ag,FORTEC Elektronik AG,Austria,fortecag.de,https://www.fortecag.de/,Computer Hardware Manufacturing,201-500 employees,"Germering, Bavaria",,1984,,,2026-05-14T19:07:46Z,2026-05-14T19:08:28Z
1202,https://www.linkedin.com/company/familie-querfeld,Familie Querfeld,Austria,karriere.cafe-wien.at,https://karriere.cafe-wien.at,"Leisure, Travel & Tourism",201-500 employees,"Wien, Wien",,1976,,,2026-05-14T19:09:52Z,2026-05-14T19:10:40Z
1203,https://www.linkedin.com/company/bergbahnen-soelden,Bergbahnen Sölden,Austria,soelden.com,http://www.soelden.com/bergbahnen,Travel Arrangements,201-500 employees,"Sölden, Tirol",,,,,2026-05-14T19:11:45Z,2026-05-14T19:12:31Z
1204,https://www.linkedin.com/company/schmitten-zell-am-see,Schmittenhöhe in Zell am See,Austria,schmitten.at,https://www.schmitten.at/,Travel Arrangements,201-500 employees,"Zell am See, Salzburg",,1927,,,2026-05-14T19:13:56Z,2026-05-14T19:14:42Z
1205,https://www.linkedin.com/company/snowspacesalzburg,Snow Space Salzburg Bergbahnen AG,Austria,snow-space.com,https://www.snow-space.com,Travel Arrangements,201-500 employees,"Wagrain, Salzburg",,,,,2026-05-14T19:16:12Z,2026-05-14T19:17:01Z
1206,https://www.linkedin.com/company/ifitt,International Federation for Information Technologies and Travel & Tourism (IFITT),Austria,ifitt.net,http://www.ifitt.net,"Leisure, Travel & Tourism",201-500 employees,,,1997,,,2026-05-14T19:18:06Z,2026-05-14T19:18:45Z
1207,https://www.linkedin.com/company/tourradar,TourRadar,Austria,tourradar.com,https://www.tourradar.com,Travel Arrangements,201-500 employees,"Vienna, Vienna",,2010,,,2026-05-14T19:20:10Z,2026-05-14T19:20:53Z
1208,https://www.linkedin.com/company/reduce-gesundheitsresort-bad-tatzmannsdorf,Reduce Gesundheitsresort Bad Tatzmannsdorf,Austria,reduce.at,https://www.reduce.at,"Leisure, Travel & Tourism",201-500 employees,"Bad Tatzmannsdorf, Burgenland",,,,,2026-05-14T19:22:18Z,2026-05-14T19:23:07Z
1209,https://www.linkedin.com/company/eurotours-gmbh,Eurotours,Austria,eurotours.at,http://www.eurotours.at,Travel Arrangements,201-500 employees,,,1980,,,2026-05-14T19:24:07Z,2026-05-14T19:24:53Z
1210,https://www.linkedin.com/company/btu-business-travel-unlimited-reiseb%C3%BCro-gmbh,BTU Business Travel Unlimited Reisebüroges.m.b.H,Austria,btu.at,https://www.btu.at/allgemeines/impressum,Travel Arrangements,201-500 employees,,,1993,,,2026-05-14T19:26:09Z,2026-05-14T19:26:51Z
1211,https://www.linkedin.com/company/atout-france,Atout France - The France Tourism Development Agency,Austria,atout-france.fr,https://atout-france.fr,Travel Arrangements,201-500 employees,,,2009,,,2026-05-14T19:28:01Z,2026-05-14T19:28:50Z
1212,https://www.linkedin.com/company/horwath-htl,Horwath HTL,Austria,horwathhtl.com,http://www.horwathhtl.com,Hospitality,201-500 employees,"New York, NY",,1915,,,2026-05-14T19:30:12Z,2026-05-14T19:30:55Z
1213,https://www.linkedin.com/company/naturhotel-forsthofgut,Naturhotel Forsthofgut,Austria,forsthofgut.at,https://www.forsthofgut.at/,Hospitality,201-500 employees,"Leogang, Salzburg",,1990,,,2026-05-14T19:32:23Z,2026-05-14T19:33:07Z
1214,https://www.linkedin.com/company/interalpen-hotel-tyrol,Interalpen-Hotel Tyrol,Austria,interalpen.com,http://www.interalpen.com,Hospitality,201-500 employees,"Telfs-Buchen, Tirol",,1985,,,2026-05-14T19:34:13Z,2026-05-14T19:35:00Z
1215,https://www.linkedin.com/company/rosewoodvienna,Rosewood Vienna,Austria,rosewoodhotels.com,https://www.rosewoodhotels.com/en/vienna,Hospitality,201-500 employees,"Vienna, Vienna",,,,,2026-05-14T19:35:56Z,2026-05-14T19:36:44Z
1216,https://www.linkedin.com/company/vienna-marriott-hotel,Vienna Marriott Hotel,Austria,marriott.de,http://www.marriott.de/hotels/travel/vieat-vienna-marriott-hotel/,Hospitality,201-500 employees,"Wien, Wien",,,,,2026-05-14T19:37:55Z,2026-05-14T19:38:40Z
1217,https://www.linkedin.com/company/stanglwirt,Bio- und Wellnessresort Stanglwirt,Austria,stanglwirt.com,https://www.stanglwirt.com,Hospitality,201-500 employees,"Going, Tirol",,1609,,,2026-05-14T19:39:54Z,2026-05-14T19:40:40Z
1218,https://www.linkedin.com/company/sacher-hotels-betriebsgesellschaft-mbh,Sacher Hotels,Austria,sacher.com,http://www.sacher.com,Hospitality,201-500 employees,,,1876,,,2026-05-14T19:41:31Z,2026-05-14T19:42:16Z
1219,https://www.linkedin.com/company/k-k-hotels,K+K Hotels,Austria,kkhotels.com,http://www.kkhotels.com,Hospitality,201-500 employees,"Barcelona, Catalonia",,1961,,,2026-05-14T19:43:31Z,2026-05-14T19:44:11Z
1220,https://www.linkedin.com/company/rosewood-schloss-fuschl,Rosewood Schloss Fuschl,Austria,rosewoodhotels.com,https://www.rosewoodhotels.com/en/schloss-fuschl-salzburg,Hospitality,201-500 employees,"Hof bei Salzburg, Salzburg",,,,,2026-05-14T19:45:04Z,2026-05-14T19:45:50Z
1221,https://www.linkedin.com/company/therubygroup,Ruby Group,Austria,ruby-hotels.com,http://www.ruby-hotels.com,Hospitality,201-500 employees,"Munich, Bayern",,,,,2026-05-14T19:47:12Z,2026-05-14T19:47:59Z
1222,https://www.linkedin.com/company/mcdonalds-versluis,McDonald's Versluis,Austria,linktr.ee,https://linktr.ee/mcdonalds.versluis,Restaurants,201-500 employees,"Rankweil, Vorarlberg",,,,,2026-05-14T19:49:16Z,2026-05-14T19:50:06Z
1223,https://www.linkedin.com/company/high-five-bar,High Five Bar,Austria,highfiveevents.at,http://highfiveevents.at,Restaurants,201-500 employees,,,,,,2026-05-14T19:51:03Z,2026-05-14T19:51:47Z
1224,https://www.linkedin.com/company/curry-n-masala,Curry N Masala,Austria,curry-n-masala.at,http://curry-n-masala.at,Restaurants,201-500 employees,,,,,,2026-05-14T19:53:05Z,2026-05-14T19:53:47Z
1225,https://www.linkedin.com/company/noodle-king,Noodle King,Austria,noodleking.at,https://www.noodleking.at/,Restaurants,201-500 employees,"Schwechat, Wien",,2009,,,2026-05-14T19:54:51Z,2026-05-14T19:55:35Z
1226,https://www.linkedin.com/company/figlm%C3%BCller-group,Figlmüller Group,Austria,figlmueller-group.at,http://www.figlmueller-group.at,Restaurants,201-500 employees,,,1905,,,2026-05-14T19:56:33Z,2026-05-14T19:57:16Z
1227,https://www.linkedin.com/company/caylend-restaurant,Caylend Restaurant,Austria,caylend.at,http://caylend.at,Restaurants,201-500 employees,,,,,,2026-05-14T19:58:18Z,2026-05-14T19:59:05Z
1228,https://www.linkedin.com/company/plachuttarestaurants,Plachutta Restaurants Wien,Austria,plachutta.at,http://www.plachutta.at,Restaurants,201-500 employees,,,1993,,,2026-05-14T20:00:23Z,2026-05-14T20:01:08Z
1229,https://www.linkedin.com/company/marina%C2%B4s-sport-cafe,Marina´s Sport Cafe,Austria,marinas-sport-cafe.metro.bar,http://marinas-sport-cafe.metro.bar,Restaurants,201-500 employees,,,,,,2026-05-14T20:02:18Z,2026-05-14T20:03:02Z
1230,https://www.linkedin.com/company/werkstatt-kufstein,Werkstatt Kufstein,Austria,werkstatt-kufstein.ws,http://werkstatt-kufstein.ws,Restaurants,201-500 employees,,,,,,2026-05-14T20:03:54Z,2026-05-14T20:04:42Z
1231,https://www.linkedin.com/company/queenswayeurope,Queensway Europe,Austria,queensway.com,http://www.queensway.com,Restaurants,201-500 employees,,,1973,,,2026-05-14T20:05:31Z,2026-05-14T20:06:16Z
1232,https://www.linkedin.com/company/salzburgducks,Salzburg Ducks,Austria,salzburgducks.com,https://salzburgducks.com,Spectator Sports,201-500 employees,,,,,,2026-05-14T20:07:38Z,2026-05-14T20:08:23Z
1233,https://www.linkedin.com/company/fk-austria-wien,FK Austria Wien,Austria,vip.fk-austria.at,http://vip.fk-austria.at,Spectator Sports,201-500 employees,,,1911,,,2026-05-14T20:09:37Z,2026-05-14T20:10:29Z
1234,https://www.linkedin.com/company/europeanjudounion,European Judo Union,Austria,eju.net,http://www.eju.net,Spectator Sports,201-500 employees,,,1948,,,2026-05-14T20:12:01Z,2026-05-14T20:12:47Z
1235,https://www.linkedin.com/company/engelmann-golfplatzpflege,Engelmann Turf Care,Austria,golfplatzpflege.com,http://www.golfplatzpflege.com,Spectator Sports,201-500 employees,"Oberhaching, Bayern",,,,,2026-05-14T20:14:03Z,2026-05-14T20:14:57Z
1236,https://www.linkedin.com/company/international-taekwon-do-federation-1,International Taekwon-Do Federation,Austria,itf-tkd.org,http://www.itf-tkd.org,Spectator Sports,201-500 employees,,,1966,,,2026-05-14T20:16:17Z,2026-05-14T20:17:03Z
1237,https://www.linkedin.com/company/sv-absam,SV Absam,Austria,svabsam.at,http://svabsam.at,Spectator Sports,201-500 employees,,,1961,,,2026-05-14T20:18:13Z,2026-05-14T20:19:02Z
1238,https://www.linkedin.com/company/uvb-vocklamarkt,UVB Oberbank Vöcklamarkt,Austria,uvb-fussball.at,http://www.uvb-fussball.at,Sports Teams and Clubs,201-500 employees,"Vöcklamarkt, Oberösterreich",,1946,,,2026-05-14T20:20:26Z,2026-05-14T20:21:11Z
1239,https://www.linkedin.com/company/wanderwelt-%C3%B6sterreich,Wanderwelt Österreich,Austria,wanderwelt-oesterreich.at,http://www.wanderwelt-oesterreich.at,Spectator Sports,201-500 employees,"Sankt Aegidi, Upper Austria",,,,,2026-05-14T20:22:29Z,2026-05-14T20:23:12Z
1240,https://www.linkedin.com/company/saalbacherbergbahnen,Saalbacher Bergbahnen GmbH,Austria,saalbach.com,http://www.saalbach.com,Spectator Sports,201-500 employees,"Saalbach, Salzburg",,,,,2026-05-14T20:24:25Z,2026-05-14T20:25:09Z
1241,https://www.linkedin.com/company/mma-innsbruck,MMA IBK Innsbruck,Austria,mma-ibk.at,www.mma-ibk.at,Sports Teams and Clubs,201-500 employees,"Innsbruck, Tyrol",,2014,,,2026-05-14T20:26:17Z,2026-05-14T20:27:05Z
1242,https://www.linkedin.com/company/starzinger,Starzinger Beverage Group,Austria,starzinger.at,http://www.starzinger.at,Food and Beverage Services,201-500 employees,"Frankenmarkt, Oberösterreich",,,,,2026-05-14T20:28:19Z,2026-05-14T20:29:04Z
1243,https://www.linkedin.com/company/voeslauer,Vöslauer Mineralwasser GmbH,Austria,voeslauer.com,http://www.voeslauer.com,Food and Beverage Services,201-500 employees,"Bad Vöslau, Niederösterreich",,1936,,,2026-05-14T20:30:17Z,2026-05-14T20:31:04Z
1244,https://www.linkedin.com/company/eggergetraenke,Egger Getränke,Austria,eggergetraenke.at,https://eggergetraenke.at/,Food and Beverage Services,201-500 employees,,,1978,,,2026-05-14T20:32:26Z,2026-05-14T20:33:11Z
1245,https://www.linkedin.com/company/nektar-natura-group,Nektar Natura Group,Austria,nektarnatura.com,http://www.nektarnatura.com,Food and Beverage Services,201-500 employees,,,1995,,,2026-05-14T20:34:24Z,2026-05-14T20:35:10Z
1246,https://www.linkedin.com/company/innocent-drinks,innocent drinks,Austria,innocentdrinks.co.uk,http://innocentdrinks.co.uk,Food and Beverage Services,201-500 employees,,,1998,,,2026-05-14T20:36:06Z,2026-05-14T20:36:50Z
1247,https://www.linkedin.com/company/gerstner-culinary,Gerstner Culinary,Austria,gerstner.at,http://www.gerstner.at/,Food and Beverage Services,201-500 employees,"Wien, Österreich",,1847,,,2026-05-14T20:38:03Z,2026-05-14T20:38:49Z
1248,https://www.linkedin.com/company/aida-cafe,AIDA Café- Konditorei,Austria,aida.at,http://www.aida.at,Food and Beverage Services,201-500 employees,,,1913,,,2026-05-14T20:39:48Z,2026-05-14T20:40:35Z
1249,https://www.linkedin.com/company/kulinario,kulinario®,Austria,kulinario.at,http://www.kulinario.at,Food and Beverage Services,201-500 employees,"Linz, Oberösterreich",,,,,2026-05-14T20:41:33Z,2026-05-14T20:42:15Z
1250,https://www.linkedin.com/company/josephbrot,Joseph Brot,Austria,joseph.co.at,http://www.joseph.co.at,Food and Beverage Services,201-500 employees,"Wien, Wien",,2009,,,2026-05-14T20:43:15Z,2026-05-14T20:43:57Z
1251,https://www.linkedin.com/company/ubimet,UBIMET Group,Austria,ubimet.com,https://www.ubimet.com,IT Services and IT Consulting,201-500 employees,"Vienna, Vienna",,2004,,,2026-05-14T20:45:03Z,2026-05-14T20:45:48Z
1252,https://www.linkedin.com/company/orf-marketing-creation-omc,ORF Marketing & Creation (OMC),Austria,der.orf.at,http://www.der.orf.at,Media Production,201-500 employees,"Vienna, Vienna",,,,,2026-05-14T20:46:57Z,2026-05-14T20:47:40Z
1253,https://www.linkedin.com/company/pps-public-project-services-gmbh,PPS Public Project Services GmbH,Austria,publicproject.at,http://publicproject.at,Media Production,201-500 employees,"Salzburg, Salzburg",,1998,,,2026-05-14T20:49:02Z,2026-05-14T20:49:48Z
1254,https://www.linkedin.com/company/voice-sprecherverband,"Voice, Sprecherverband",Austria,sprecherverband.at,https://www.sprecherverband.at/de,Media Production,201-500 employees,"Wien, Wien",,,,,2026-05-14T20:50:58Z,2026-05-14T20:51:42Z
1255,https://www.linkedin.com/company/servus-media-publishing,Red Bull Media House Publishing,Austria,redbullmediahouse.com,https://www.redbullmediahouse.com,Media Production,201-500 employees,,,2007,,,2026-05-14T20:52:56Z,2026-05-14T20:53:38Z
1256,https://www.linkedin.com/company/orf-beitrags-service,ORF-Beitrags Service GmbH (OBS),Austria,obs.at,http://obs.at,Media Production,201-500 employees,"Vienna, Vienna",,1999,,,2026-05-14T20:54:56Z,2026-05-14T20:55:41Z
1257,https://www.linkedin.com/company/notes-inc-media,Notes Inc. Media,Austria,notesincmedia.com,https://notesincmedia.com/,Media Production,201-500 employees,"Ajah, Lagos",,,,,2026-05-14T20:56:43Z,2026-05-14T20:57:33Z
1258,https://www.linkedin.com/company/arbeiterkammer,Arbeiterkammer Österreich,Austria,arbeiterkammer.at,http://www.arbeiterkammer.at,Political Organizations,"1,001-5,000 employees",,,1920,,,2026-05-14T20:58:40Z,2026-05-14T20:59:24Z
1259,https://www.linkedin.com/company/tiroler-tageszeitung,Tiroler Tageszeitung,Austria,tt.com,https://www.tt.com/,Media Production,201-500 employees,"Innsbruck, Tirol",,1945,,,2026-05-14T21:00:44Z,2026-05-14T21:01:29Z
1260,https://www.linkedin.com/company/compliance-praxis,Compliance Praxis,Austria,compliance-praxis.at,https://www.compliance-praxis.at/,Media Production,201-500 employees,,,,,,2026-05-14T21:02:51Z,2026-05-14T21:03:36Z
1261,https://www.linkedin.com/company/okto-community-tv-gmbh,okto Community TV GmbH,Austria,okto.tv,http://www.okto.tv,Broadcast Media Production and Distribution,201-500 employees,,,,,,2026-05-14T21:04:50Z,2026-05-14T21:05:36Z
1262,https://www.linkedin.com/company/prosiebensat-1-puls-4-gmbh,ProSiebenSat.1 PULS 4,Austria,prosiebensat1puls4.com,http://www.prosiebensat1puls4.com,Broadcast Media Production and Distribution,201-500 employees,"Wien, Vienna",,1998,,,2026-05-14T21:06:53Z,2026-05-14T21:07:36Z
1263,https://www.linkedin.com/company/servus-tv,ServusTV,Austria,servustv.com,http://www.servustv.com,Broadcast Media Production and Distribution,201-500 employees,"Wals-Siezenheim, Salzburg",,2009,,,2026-05-14T21:08:59Z,2026-05-14T21:09:41Z
1264,https://www.linkedin.com/company/radio-fro-105-0-mhz,Radio FRO 105.0 MHz,Austria,fro.at,http://www.fro.at,Broadcast Media Production and Distribution,201-500 employees,"Linz, Upper Austria",,1998,,,2026-05-14T21:10:35Z,2026-05-14T21:11:24Z
1265,https://www.linkedin.com/company/radio-orange-94-0,"radio orange 94,0",Austria,o94.at,http://o94.at,Broadcast Media Production and Distribution,201-500 employees,"wien, wien",,,,,2026-05-14T21:12:40Z,2026-05-14T21:13:25Z
1266,https://www.linkedin.com/company/sky-oesterreich,Sky Österreich,Austria,sky.at,https://www.sky.at/,Broadcast Media Production and Distribution,201-500 employees,,,,,,2026-05-14T21:14:38Z,2026-05-14T21:15:23Z
1267,https://www.linkedin.com/company/wukvienna,WUK Werkstätten- und Kulturhaus,Austria,wuk.at,http://www.wuk.at,"Museums, Historical Sites, and Zoos",201-500 employees,,,1981,,,2026-05-14T21:16:20Z,2026-05-14T21:17:02Z
1268,https://www.linkedin.com/company/o%C3%B6-landes-kultur-gmbh,OÖ Landes-Kultur GmbH,Austria,ooekultur.at,http://ooekultur.at,"Museums, Historical Sites, and Zoos",201-500 employees,"Linz, Oberösterreich",,2020,,,2026-05-14T21:18:02Z,2026-05-14T21:18:43Z
1269,https://www.linkedin.com/company/technisches-museum-wien,Technisches Museum Wien mit Österreichischer Mediathek,Austria,technischesmuseum.at,https://www.technischesmuseum.at/,"Museums, Historical Sites, and Zoos",201-500 employees,"Wien, Wien",,1909,,,2026-05-14T21:19:37Z,2026-05-14T21:20:23Z
1270,https://www.linkedin.com/company/universalmuseum-joanneum,Universalmuseum Joanneum,Austria,museum-joanneum.at,https://www.museum-joanneum.at,"Museums, Historical Sites, and Zoos",201-500 employees,"Graz, Styria",,1811,,,2026-05-14T21:21:34Z,2026-05-14T21:22:15Z
1271,https://www.linkedin.com/company/naturhistorisches-museum-wien,Naturhistorisches Museum Wien,Austria,nhm-wien.ac.at,https://www.nhm-wien.ac.at/,"Museums, Historical Sites, and Zoos",201-500 employees,"Wien, Wien",,1889,,,2026-05-14T21:23:35Z,2026-05-14T21:24:19Z
1272,https://www.linkedin.com/company/albertina-museum,Albertina Museum,Austria,albertina.at,https://www.albertina.at/,"Museums, Historical Sites, and Zoos",201-500 employees,"Wien, Wien",,1776,,,2026-05-14T21:25:28Z,2026-05-14T21:26:22Z
1273,https://www.linkedin.com/company/sch-nbrunn-group,Schönbrunn Group,Austria,schoenbrunn-group.com,http://www.schoenbrunn-group.com,"Museums, Historical Sites, and Zoos",201-500 employees,,,1992,,,2026-05-14T21:27:26Z,2026-05-14T21:28:10Z
1274,https://www.linkedin.com/company/belvederemuseum,Belvedere Museum,Austria,belvedere.at,http://www.belvedere.at,Museums,201-500 employees,,,,,,2026-05-14T21:29:17Z,2026-05-14T21:30:05Z
1275,https://www.linkedin.com/company/swarovski-kristallwelten,Swarovski Kristallwelten,Austria,swarovski.com,http://www.swarovski.com/kristallwelten,Museums,201-500 employees,"Wattens, Tyrol",,1995,,,2026-05-14T21:31:20Z,2026-05-14T21:32:03Z
1276,https://www.linkedin.com/company/storyblok,Storyblok,Austria,storyblok.com,https://www.storyblok.com,Software Development,201-500 employees,"Linz, Oberösterreich",,2017,,,2026-05-14T21:33:40Z,2026-05-14T21:34:22Z
1277,https://www.linkedin.com/company/jumio-corporation,Jumio Corporation,Austria,jumio.com,http://www.jumio.com,Software Development,201-500 employees,"Sunnyvale, California",,2010,,,2026-05-14T21:35:49Z,2026-05-14T21:36:32Z
1278,https://www.linkedin.com/company/civilgeo-engineering-software,"CivilGEO, Inc.",Austria,civilgeo.com,https://www.civilgeo.com,Software Development,201-500 employees,"Madison, Wisconsin",,2010,,,2026-05-14T21:37:59Z,2026-05-14T21:38:48Z
1279,https://www.linkedin.com/company/trayport,Trayport,Austria,trayport.com,https://www.trayport.com,Software Development,201-500 employees,,,,,,2026-05-14T21:39:46Z,2026-05-14T21:40:29Z
1280,https://www.linkedin.com/company/realnetworks,RealNetworks,Austria,realnetworks.com,https://www.realnetworks.com/,Software Development,201-500 employees,"Seattle, Washington",,1994,,,2026-05-14T21:41:39Z,2026-05-14T21:42:21Z
1281,https://www.linkedin.com/company/prewave,Prewave,Austria,prewave.com,http://www.prewave.com,Software Development,201-500 employees,,,2017,,,2026-05-14T21:43:45Z,2026-05-14T21:44:30Z
1282,https://www.linkedin.com/company/cyara,Cyara,Austria,cyara.com,http://www.cyara.com,Software Development,201-500 employees,"Austin , Texas",,2006,,,2026-05-14T21:45:50Z,2026-05-14T21:46:35Z
1283,https://www.linkedin.com/company/candex-technologies,Candex,Austria,candex.com,http://www.candex.com,Software Development,201-500 employees,"New York, NY",,2011,,,2026-05-14T21:47:39Z,2026-05-14T21:48:24Z
1284,https://www.linkedin.com/company/welldevintl,WellDev,Austria,welldev.io,https://www.welldev.io/,Software Development,201-500 employees,"Zurich-Airport, Zurich",,2017,,,2026-05-14T21:49:37Z,2026-05-14T21:50:22Z
1285,https://www.linkedin.com/company/planradar,PlanRadar,Austria,planradar.com,http://www.planradar.com,Software Development,201-500 employees,"Wien, Wien",,2013,,,2026-05-14T21:51:56Z,2026-05-14T21:52:41Z
1286,https://www.linkedin.com/company/cg-cargarantie-versicherungs-ag,CarGarantie,Austria,cargarantie.com,https://www.cargarantie.com,Insurance,201-500 employees,"Freiburg im Breisgau, Baden Württemberg",,1971,,,2026-05-14T21:54:03Z,2026-05-14T21:54:50Z
1287,https://www.linkedin.com/company/leueundnill,LEUE & NILL GmbH + Co. KG,Austria,leueundnill.de,http://leueundnill.de,Insurance,201-500 employees,"Dortmund, Nordrhein-Westfalen",,1864,,,2026-05-14T21:56:12Z,2026-05-14T21:56:58Z
1288,https://www.linkedin.com/company/hdi-versicherung,HDI Versicherung AG,Austria,hdi.at,http://www.hdi.at,Insurance,201-500 employees,,,,,,2026-05-14T21:58:20Z,2026-05-14T21:59:06Z
1289,https://www.linkedin.com/company/dachverband-der-sozialversicherungstr%C3%A4ger,Dachverband der Sozialversicherungen,Austria,sozialversicherung.at,http://www.sozialversicherung.at,Insurance,201-500 employees,"Wien, Wien",,2020,,,2026-05-14T22:00:28Z,2026-05-14T22:01:13Z
1290,https://www.linkedin.com/company/realgarant,Real Garant by Zurich,Austria,realgarant.com,https://realgarant.com,Insurance,201-500 employees,"Denkendorf, Baden-Württemberg",,1987,,,2026-05-14T22:02:15Z,2026-05-14T22:03:02Z
1291,https://www.linkedin.com/company/pantaenius-gmbh-&-co-kg,Pantaenius GmbH,Austria,pantaenius.de,http://www.pantaenius.de,Insurance,201-500 employees,"Hamburg, Hamburg",,1899,,,2026-05-14T22:04:07Z,2026-05-14T22:04:50Z
1292,https://www.linkedin.com/company/ascendia-gruppe,Ascendia Gruppe,Austria,ascendia-gruppe.de,https://www.ascendia-gruppe.de/,Insurance Agencies and Brokerages,201-500 employees,"Frankfurt, Hesse",,2024,,,2026-05-14T22:05:51Z,2026-05-14T22:06:35Z
1293,https://www.linkedin.com/company/schunck-group,SCHUNCK GROUP,Austria,schunck.de,http://www.schunck.de,Insurance,201-500 employees,"München, Bayern",,1919,,,2026-05-14T22:07:52Z,2026-05-14T22:08:35Z
1294,https://www.linkedin.com/company/dual-europe,DUAL Europe,Austria,,,Insurance,201-500 employees,,,2022,,,2026-05-14T22:09:49Z,2026-05-14T22:10:37Z
1295,https://www.linkedin.com/company/tirolerversicherung,TIROLER VERSICHERUNG V.a.G.,Austria,tiroler.at,http://www.tiroler.at,Insurance,201-500 employees,"Innsbruck, Tirol",,1821,,,2026-05-14T22:11:55Z,2026-05-14T22:12:42Z
1296,https://www.linkedin.com/company/containex-container,CONTAINEX Container-Handelsgesellschaft m.b.H.,Austria,containex.com,http://www.containex.com,International Trade and Development,201-500 employees,,,1981,,,2026-05-14T22:14:04Z,2026-05-14T22:14:54Z
1297,https://www.linkedin.com/company/valuation-research-corporation,VRC (Valuation Research Corporation),Austria,valuationresearch.com,http://www.valuationresearch.com,Financial Services,201-500 employees,"New York, NY",,1975,,,2026-05-14T22:15:53Z,2026-05-14T22:16:35Z
1298,https://www.linkedin.com/company/erste-asset-management,Erste Asset Management GmbH,Austria,erste-am.com,http://www.erste-am.com,Financial Services,"501-1,000 employees","Vienna, Austria",,2008,,,2026-05-14T22:17:28Z,2026-05-14T22:18:08Z
1299,https://www.linkedin.com/company/ffg,FFG Austrian Research Promotion Agency,Austria,ffg.at,http://www.ffg.at,Funds and Trusts,201-500 employees,,,2004,,,2026-05-14T22:19:19Z,2026-05-14T22:20:05Z
1300,https://www.linkedin.com/company/meridiam,Meridiam,Austria,meridiam.com,http://www.meridiam.com,Investment Management,201-500 employees,,,2005,,,2026-05-15T19:59:19Z,2026-05-15T20:00:02Z
1301,https://www.linkedin.com/company/epex-spot,EPEX SPOT,Austria,epexspot.com,http://www.epexspot.com,Securities and Commodity Exchanges,201-500 employees,,,2008,,,2026-05-15T20:00:51Z,2026-05-15T20:01:35Z
1302,https://www.linkedin.com/company/docomo-digital,DOCOMO Digital,Austria,docomodigital.com,http://www.docomodigital.com,Financial Services,201-500 employees,"London, England",,,,,2026-05-15T20:02:23Z,2026-05-15T20:03:05Z
1303,https://www.linkedin.com/company/austria-wirtschaftsservice,Austria Wirtschaftsservice,Austria,aws.at,http://www.aws.at,Banking,201-500 employees,,,2002,,,2026-05-15T20:03:53Z,2026-05-15T20:04:37Z
1304,https://www.linkedin.com/company/clairfield,Clairfield International,Austria,clairfield.com,https://www.clairfield.com/,Investment Banking,201-500 employees,"Geneva, Geneva",,2004,,,2026-05-15T20:05:25Z,2026-05-15T20:06:10Z
1305,https://www.linkedin.com/company/raiffeisen-landesbank-tirol-ag,Raiffeisen-Landesbank Tirol AG,Austria,rlb-tirol.at,http://www.rlb-tirol.at,Banking,201-500 employees,"Innsbruck, Tirol",,1895,,,2026-05-15T20:06:55Z,2026-05-15T20:07:36Z
1306,https://www.linkedin.com/company/interview-kickstart,Interview Kickstart,Austria,interviewkickstart.com,https://www.interviewkickstart.com,Professional Training and Coaching,201-500 employees,"Wilmington, Delaware",,2014,,,2026-05-15T20:08:31Z,2026-05-15T20:09:15Z
1307,https://www.linkedin.com/company/oerag-immobilien,ÖRAG Immobilien Gruppe,Austria,oerag.at,http://www.oerag.at,Real Estate,201-500 employees,"Wien, Wien",,1871,,,2026-05-15T20:09:55Z,2026-05-15T20:10:34Z
1308,https://www.linkedin.com/company/buwog-group,BUWOG Group GmbH,Austria,buwog.at,https://www.buwog.at,Real Estate,201-500 employees,,,,,,2026-05-15T20:11:17Z,2026-05-15T20:11:59Z
1309,https://www.linkedin.com/company/art-invest-real-estate,Art-Invest Real Estate,Austria,art-invest.de,http://www.art-invest.de,Real Estate,201-500 employees,"Köln, Nordrhein-Westfalen",,2010,,,2026-05-15T20:12:54Z,2026-05-15T20:13:37Z
1310,https://www.linkedin.com/company/immofinanz-group,IMMOFINANZ,Austria,immofinanz.com,https://immofinanz.com,Real Estate,201-500 employees,,,1990,,,2026-05-15T20:14:29Z,2026-05-15T20:15:10Z
1311,https://www.linkedin.com/company/strabag-real-estate,STRABAG Real Estate,Austria,strabag-real-estate.com,https://www.strabag-real-estate.com,Real Estate,201-500 employees,"Wien, Köln",,,,,2026-05-15T20:16:02Z,2026-05-15T20:16:46Z
1312,https://www.linkedin.com/company/empira-ag,Empira Group,Austria,empira-invest.com,http://www.empira-invest.com,Real Estate,201-500 employees,"Zug, ZG",,2014,,,2026-05-15T20:17:29Z,2026-05-15T20:18:13Z
1313,https://www.linkedin.com/company/vgp,VGP,Austria,vgpparks.eu,http://www.vgpparks.eu,Real Estate,201-500 employees,"Antwerpen, Vlaanderen",,1998,,,2026-05-15T20:19:07Z,2026-05-15T20:19:49Z
1314,https://www.linkedin.com/company/sprengnetter,Sprengnetter,Austria,sprengnetter.de,https://www.sprengnetter.de/,Real Estate,201-500 employees,"Bad Neuenahr-Ahrweiler, Rheinland-Pfalz",,1978,,,2026-05-15T20:20:35Z,2026-05-15T20:21:20Z
1315,https://www.linkedin.com/company/generali-real-estate,Generali Real Estate,Austria,generalirealestate.com,http://www.generalirealestate.com,Real Estate,201-500 employees,"Milan, Lombardy",,1831,,,2026-05-15T20:22:18Z,2026-05-15T20:22:59Z
1316,https://www.linkedin.com/company/ubm-development,UBM Development,Austria,ubm-development.com,http://www.ubm-development.com,Real Estate,201-500 employees,,,1873,,,2026-05-15T20:23:45Z,2026-05-15T20:24:28Z
1317,https://www.linkedin.com/company/bg-graspointner,BG-Graspointner,Austria,bg-graspointner.com,https://www.bg-graspointner.com/en-at,Construction,201-500 employees,"Oberwang, Oberösterreich",,1963,,,2026-05-15T20:25:23Z,2026-05-15T20:26:08Z
1318,https://www.linkedin.com/company/geoconsult,GEOCONSULT consulting engineers,Austria,geoconsult.com,http://www.geoconsult.com,Civil Engineering,201-500 employees,"Puch bei Hallein, Salzburg",,1973,,,2026-05-15T20:26:57Z,2026-05-15T20:27:43Z
1319,https://www.linkedin.com/company/konradknoblauch,Konrad Knoblauch GmbH,Austria,knoblauch.eu,http://www.knoblauch.eu,Construction,201-500 employees,,,1909,,,2026-05-15T20:28:38Z,2026-05-15T20:29:19Z
1320,https://www.linkedin.com/company/wiehag-timber-construction,WIEHAG Timber Construction,Austria,wiehag.com,http://www.wiehag.com/,Construction,201-500 employees,"Altheim, Upper Austria",,1849,,,2026-05-15T20:30:13Z,2026-05-15T20:30:56Z
1321,https://www.linkedin.com/company/nussli-group,NUSSLI Group,Austria,nussli.com,https://www.nussli.com,Construction,201-500 employees,,,1941,,,2026-05-15T20:31:38Z,2026-05-15T20:32:21Z
1322,https://www.linkedin.com/company/elk-kampa-projects,ELK KAMPA PROJECTS,Austria,elk.tech,http://www.elk.tech,Construction,201-500 employees,,,,,,2026-05-15T20:33:17Z,2026-05-15T20:34:03Z
1323,https://www.linkedin.com/company/pichler-projects,PICHLER projects,Austria,linktr.ee,https://linktr.ee/pichler.projects,Construction,201-500 employees,"Bozen / Bolzano, Südtirol",,1978,,,2026-05-15T20:34:48Z,2026-05-15T20:35:32Z
1324,https://www.linkedin.com/company/kfkgroup,KFK,Austria,kfk.hr,http://www.kfk.hr,Construction,201-500 employees,"Rugvica, Zagreb",,1997,,,2026-05-15T20:36:19Z,2026-05-15T20:37:05Z
1325,https://www.linkedin.com/company/gropyus,GROPYUS,Austria,gropyus.com,http://www.gropyus.com,Construction,201-500 employees,,,,,,2026-05-15T20:37:54Z,2026-05-15T20:38:40Z
1326,https://www.linkedin.com/company/kwc-professional,KWC Professional,Austria,kwc-professional.com,https://kwc-professional.com,Construction,201-500 employees,"Villmergen, Aargau",,1873,,,2026-05-15T20:39:42Z,2026-05-15T20:40:24Z
1327,https://www.linkedin.com/company/forster-profile-systems,Forster Profile Systems,Austria,forstersystems.com,https://www.forstersystems.com,Wholesale Building Materials,201-500 employees,"Romanshorn, Thurgau",,,,,2026-05-15T21:31:35Z,2026-05-15T21:32:21Z
1328,https://www.linkedin.com/company/rieder-facades,Rieder facades,Austria,rieder.cc,http://www.rieder.cc,Wholesale Building Materials,201-500 employees,,,2003,,,2026-05-15T21:37:42Z,2026-05-15T21:38:26Z
1329,https://www.linkedin.com/company/pirnarglobal,PIRNAR Global,Austria,pirnar.co.uk,https://www.pirnar.co.uk/,Wholesale Building Materials,201-500 employees,,,1968,,,2026-05-15T21:39:16Z,2026-05-15T21:39:55Z
1330,https://www.linkedin.com/company/austrotherm-gmbh,Austrotherm GmbH,Austria,austrotherm.at,https://www.austrotherm.at/,Wholesale Building Materials,201-500 employees,"Waldegg/Wopfing, Niederösterreich",,1953,,,2026-05-15T21:40:45Z,2026-05-15T21:41:28Z
1331,https://www.linkedin.com/company/glasmarte,Glas Marte,Austria,glasmarte.at,https://www.glasmarte.at/de,Wholesale Building Materials,201-500 employees,"Bregenz, Vorarlberg",,1930,,,2026-05-15T21:42:11Z,2026-05-15T21:42:53Z
1332,https://www.linkedin.com/company/holcim-oesterreich,Holcim Österreich,Austria,holcim.at,http://www.holcim.at,Wholesale Building Materials,201-500 employees,"Vienna, Vienna",,1872,,,2026-05-15T21:43:51Z,2026-05-15T21:44:34Z
1333,https://www.linkedin.com/company/knauf-at,Knauf Gesellschaft m.b.H. Österreich,Austria,knauf.com,https://www.knauf.com,Wholesale Building Materials,201-500 employees,"Weißenbach bei Liezen, Styria",,,,,2026-05-15T21:45:21Z,2026-05-15T21:46:01Z
1334,https://www.linkedin.com/company/swisspearl-oesterreich,Swisspearl Österreich GmbH,Austria,swisspearl.com,www.swisspearl.com/at,Wholesale Building Materials,201-500 employees,,,,,,2026-05-15T21:46:54Z,2026-05-15T21:53:42Z
1335,https://www.linkedin.com/company/soprema-international,SOPREMA International,Austria,soprema.com,http://www.soprema.com,Wholesale Building Materials,201-500 employees,"STRASBOURG, FRANCE",,1908,,,2026-05-15T21:55:29Z,2026-05-15T21:56:09Z
1336,https://www.linkedin.com/company/roefixag,RÖFIX AG,Austria,roefix.at,https://www.roefix.at,Wholesale Building Materials,201-500 employees,,,1888,,,2026-05-15T21:56:56Z,2026-05-15T21:57:40Z
1337,https://www.linkedin.com/company/promtech,PROMTECH,Austria,promtechgroup.com,https://www.promtechgroup.com,Architecture and Planning,51-200 employees,"Wien, Wien",,2006,,,2026-05-15T21:58:24Z,2026-05-15T21:59:08Z
1338,https://www.linkedin.com/company/delta-ag-beyond-building,DELTA AG,Austria,delta.at,https://www.delta.at/,Architecture and Planning,201-500 employees,"Wels, Oberösterreich",,1977,,,2026-05-15T21:59:57Z,2026-05-15T22:00:43Z
1339,https://www.linkedin.com/company/formdepot,FORMDEPOT,Austria,formdepot.at,http://www.formdepot.at,Architecture and Planning,201-500 employees,,,2015,,,2026-05-15T22:01:26Z,2026-05-15T22:02:12Z
1340,https://www.linkedin.com/company/snohetta,Snøhetta,Austria,snohetta.com,http://www.snohetta.com,Architecture and Planning,201-500 employees,,,1989,,,2026-05-15T22:03:04Z,2026-05-15T22:03:51Z
1341,https://www.linkedin.com/company/wenzel-wenzel,Wenzel + Wenzel,Austria,wenzel-wenzel.com,https://www.wenzel-wenzel.com/de,Architecture and Planning,201-500 employees,"Karlsruhe, Baden-Württemberg",,1957,,,2026-05-15T22:04:48Z,2026-05-15T22:05:33Z
1342,https://www.linkedin.com/company/aichinger,AICHINGER,Austria,aichinger.de,http://www.aichinger.de,Architecture and Planning,201-500 employees,"Wendelstein, Bayern",,1904,,,2026-05-15T22:06:16Z,2026-05-15T22:06:57Z
1343,https://www.linkedin.com/company/baumschlager-eberle,Baumschlager Eberle,Austria,baumschlager-eberle.com,http://www.baumschlager-eberle.com,Architecture and Planning,201-500 employees,"Lustenau , Vorarlberg",,1985,,,2026-05-15T22:07:42Z,2026-05-15T22:08:27Z
1344,https://www.linkedin.com/company/pde-integrale-planung,pde Integrale Planung,Austria,pde-porr.com,http://www.pde-porr.com,Architecture and Planning,201-500 employees,"Wien, Wien",,2012,,,2026-05-15T22:09:16Z,2026-05-15T22:10:00Z
1345,https://www.linkedin.com/company/duscholux-ag,Duscholux AG,Austria,duscholux.com,www.duscholux.com,Architecture and Planning,201-500 employees,"Thun, Bern",,1967,,,2026-05-15T22:10:52Z,2026-05-15T22:11:34Z
1346,https://www.linkedin.com/company/voglauerhotelconcept,VOGLAUER HOTEL CONCEPT,Austria,voglauer.com,https://www.voglauer.com/hotel/de/,Architecture and Planning,201-500 employees,"Abtenau, Salzburg",,1932,,,2026-05-15T22:12:25Z,2026-05-15T22:13:08Z
1347,https://www.linkedin.com/company/aero-dienst,Aero-Dienst,Austria,aero-dienst.com,https://www.aero-dienst.com,Aviation and Aerospace Component Manufacturing,201-500 employees,,,1958,,,2026-05-15T22:13:52Z,2026-05-15T22:14:34Z
1348,https://www.linkedin.com/company/anton-paar-shapetec-gmbh,Anton Paar ShapeTec GmbH,Austria,shapetec.at,https://www.shapetec.at/en/,Aviation and Aerospace Component Manufacturing,201-500 employees,"Wundschuh, Steiermark",,2006,,,2026-05-15T22:15:25Z,2026-05-15T22:16:08Z
1349,https://www.linkedin.com/company/ro-ra-aviation-systems-gmbh,RO-RA Aviation Systems GmbH,Austria,ro-ra.com,http://www.ro-ra.com,Aviation and Aerospace Component Manufacturing,201-500 employees,,,2006,,,2026-05-15T22:16:55Z,2026-05-15T22:17:40Z
1350,https://www.linkedin.com/company/schiebel,Schiebel,Austria,schiebel.net,http://www.schiebel.net,Aviation and Aerospace Component Manufacturing,201-500 employees,,,1951,,,2026-05-15T22:18:28Z,2026-05-15T22:19:09Z
1351,https://www.linkedin.com/company/wp-suspension,WP Suspension GmbH,Austria,wp-suspension.com,http://www.wp-suspension.com,Motor Vehicle Manufacturing,201-500 employees,"Mattighofen, Oberösterreich",,,,,2026-05-15T22:20:04Z,2026-05-15T22:20:48Z
1352,https://www.linkedin.com/company/ase-plc,ASE Global,Austria,ase-global.com,http://www.ase-global.com,Automotive,201-500 employees,,,,,,2026-05-15T22:21:33Z,2026-05-15T22:22:16Z
1353,https://www.linkedin.com/company/ket-karosserie-entwicklung-thurner-gmbh,KET Karosserie Entwicklung Thurner GmbH,Austria,ket-muc.com,http://www.ket-muc.com,Motor Vehicle Manufacturing,201-500 employees,,,1986,,,2026-05-15T22:23:06Z,2026-05-15T22:23:49Z
1354,https://www.linkedin.com/company/mubea-carbo-tech-gmbh,Mubea Carbo Tech GmbH,Austria,carbotech.at,http://www.carbotech.at,Motor Vehicle Manufacturing,201-500 employees,"Salzburg, Sbg.",,1997,,,2026-05-15T22:24:49Z,2026-05-15T22:25:30Z
1355,https://www.linkedin.com/company/avl-in-the-united-kingdom,AVL in the United Kingdom,Austria,avl.com,https://www.avl.com/en,Motor Vehicle Manufacturing,201-500 employees,"Graz, Styria",,,,,2026-05-15T22:26:20Z,2026-05-15T22:27:02Z
1356,https://www.linkedin.com/company/swj-engineering-gmbh,SWJ,Austria,swj.de,http://www.swj.de,Automotive,201-500 employees,"Griesheim, Hessen",,2003,,,2026-05-15T22:27:51Z,2026-05-15T22:28:33Z
1357,https://www.linkedin.com/company/schmidt-light-metal-group,Schmidt Light Metal Group,Austria,performing.solutions,http://www.performing.solutions,Motor Vehicle Manufacturing,201-500 employees,,,1989,,,2026-05-15T22:29:13Z,2026-05-15T22:29:58Z
1358,https://www.linkedin.com/company/avl-in-hungary,AVL in Hungary,Austria,avl.com,https://www.avl.com/web/hu/home?avlregion=HU,Motor Vehicle Manufacturing,201-500 employees,"Budapest, Budapest",,2002,,,2026-05-15T22:30:41Z,2026-05-15T22:31:21Z
1359,https://www.linkedin.com/company/samsung-sdi-battery-systems-gmbh,Samsung SDI Battery Systems,Austria,samsungsdibs.at,http://www.samsungsdibs.at,Automotive,201-500 employees,"Kalsdorf, Steiermark",,2015,,,2026-05-15T22:32:15Z,2026-05-15T22:33:03Z
1360,https://www.linkedin.com/company/avl-ditest-gmbh,AVL DiTEST,Austria,avlditest.com,https://www.avlditest.com,Motor Vehicle Manufacturing,201-500 employees,,,1999,,,2026-05-15T22:33:46Z,2026-05-15T22:34:29Z
1361,https://www.linkedin.com/company/roche,Roche,Austria,roche.com,http://www.roche.com/,Biotechnology Research,"10,001+ employees",,,,,,2026-05-15T22:35:21Z,2026-05-15T22:36:04Z
1362,https://www.linkedin.com/company/optimapharm-d-o-o-,Optimapharm,Austria,optimapharmgroup.com,https://www.optimapharmgroup.com/,Pharmaceutical Manufacturing,201-500 employees,,,2005,,,2026-05-15T22:37:06Z,2026-05-15T22:37:51Z
1363,https://www.linkedin.com/company/surtec-group,SurTec Group,Austria,surtec.com,https://www.surtec.com/,Chemical Manufacturing,201-500 employees,"Bensheim, Hessen",,1993,,,2026-05-15T22:38:37Z,2026-05-15T22:39:26Z
1364,https://www.linkedin.com/company/omnibiotic-allergosan,OMNi-BiOTiC® by Institut AllergoSan,Austria,allergosan.at,http://www.allergosan.at,Pharmaceutical Manufacturing,201-500 employees,"Graz, Styria",,1991,,,2026-05-15T22:40:11Z,2026-05-15T22:40:52Z
1365,https://www.linkedin.com/company/getzner-werkstoffe-gmbh,Getzner - engineering a quiet future,Austria,getzner.com,https://www.getzner.com,Chemical Manufacturing,201-500 employees,"Bürs, Vorarlberg",,1969,,,2026-05-15T22:41:45Z,2026-05-15T22:42:23Z
1366,https://www.linkedin.com/company/kwizda-agro-gmbh,Kwizda Agro,Austria,kwizda-agro.com,www.kwizda-agro.com,Agricultural Chemical Manufacturing,201-500 employees,,,,,,2026-05-15T22:43:22Z,2026-05-15T22:44:03Z
1367,https://www.linkedin.com/company/pint-pharma,Pint Pharma,Austria,pint-pharma.com,http://www.pint-pharma.com,Pharmaceutical Manufacturing,201-500 employees,,,,,,2026-05-15T22:44:55Z,2026-05-15T22:45:38Z
1368,https://www.linkedin.com/company/swiss-quality-since-1917,MOTOREX - Swiss Quality Since 1917,Austria,motorex.com,http://www.motorex.com,Chemical Manufacturing,201-500 employees,"Langenthal, BE",,,,,2026-05-15T22:46:36Z,2026-05-15T22:47:17Z
1369,https://www.linkedin.com/company/hal-allergy,HAL Allergy Group,Austria,hal-allergy.com,http://www.hal-allergy.com,Pharmaceutical Manufacturing,201-500 employees,,,,,,2026-05-15T22:48:09Z,2026-05-15T22:48:52Z
1370,https://www.linkedin.com/company/medis-health,Medis,Austria,medis.com,https://www.medis.com,Pharmaceutical Manufacturing,201-500 employees,,,1989,,,2026-05-15T22:49:49Z,2026-05-15T22:50:32Z
1371,https://www.linkedin.com/company/erne-fittings-gmbh,Erne Fittings GmbH,Austria,ernefittings.com,http://ernefittings.com,Oil and Gas,201-500 employees,"Schlins, Vorarlberg",,1920,,,2026-05-15T22:51:21Z,2026-05-15T22:52:03Z
1372,https://www.linkedin.com/company/jc-eckardt-gmbh,JC Eckardt GmbH,Austria,jc-eckardt.de,http://jc-eckardt.de,Oil and Gas,201-500 employees,"Merseburg, Sachsen-Anhalt",,1873,,,2026-05-15T22:52:50Z,2026-05-15T22:53:29Z
1373,https://www.linkedin.com/company/heatgroup,Heatgroup,Austria,heatgroup.at,www.heatgroup.at,Oil and Gas,201-500 employees,"Biedermannsdorf, Lower Austria",,1984,,,2026-05-15T22:54:23Z,2026-05-15T22:55:07Z
1374,https://www.linkedin.com/company/opec,OPEC,Austria,,,Oil and Gas,201-500 employees,,,,,,2026-05-15T22:55:53Z,2026-05-15T22:56:35Z
1375,https://www.linkedin.com/company/brenergie-storage,Brenergie-Storage,Austria,brenergie-storage.nl,https://brenergie-storage.nl,Oil and Gas,201-500 employees,"Traiskirchen, Austria",,2023,,,2026-05-15T22:57:21Z,2026-05-15T22:58:04Z
1376,https://www.linkedin.com/company/rma-pipeline-equipment,RMA Pipeline Equipment,Austria,rma-armaturen.de,https://www.rma-armaturen.de,Oil and Gas,201-500 employees,"Rheinau, Baden-Württemberg",,1969,,,2026-05-15T22:58:44Z,2026-05-15T22:59:27Z
1377,https://www.linkedin.com/company/voestalpine-specialty-metals,voestalpine Specialty Metals North America,Austria,voestalpine.com,https://www.voestalpine.com/specialtymetals/en/,Oil and Gas,201-500 employees,,,2014,,,2026-05-15T23:00:12Z,2026-05-15T23:00:56Z
1378,https://www.linkedin.com/company/st-cleaning-bv,ST-Cleaning Group,Austria,st-cleaning.com,http://www.st-cleaning.com,Oil and Gas,201-500 employees,"St.Urban, Austria",,2013,,,2026-05-15T23:01:47Z,2026-05-15T23:02:36Z
1379,https://www.linkedin.com/company/inoptra,InOpTra Digital,Austria,inoptra.com,https://www.inoptra.com,"Technology, Information and Internet",201-500 employees,"Plano, Texas",,2019,,,2026-05-15T23:03:17Z,2026-05-15T23:04:00Z
1380,https://www.linkedin.com/company/energy-aspects,Energy Aspects,Austria,bit.ly,https://bit.ly/energy-aspects-li,Information Services,201-500 employees,,,2012,,,2026-05-15T23:04:53Z,2026-05-15T23:05:38Z
1381,https://www.linkedin.com/company/roxcel-trading-gmbh,ROXCEL Trading,Austria,roxcel.com,https://www.roxcel.com,Paper and Forest Product Manufacturing,201-500 employees,,,1993,,,2026-05-15T23:06:29Z,2026-05-15T23:07:15Z
1382,https://www.linkedin.com/company/heinzelpoels,Heinzel Pöls,Austria,heinzelpoels.at,http://www.heinzelpoels.at,Paper and Forest Product Manufacturing,201-500 employees,"Pöls, Steiermark",,1600,,,2026-05-15T23:08:07Z,2026-05-15T23:08:48Z
1383,https://www.linkedin.com/company/norske-skog-bruck-gmbh,Norske Skog Bruck GmbH,Austria,norskeskog.com,www.norskeskog.com,Paper and Forest Product Manufacturing,201-500 employees,"Bruck an der Mur, Styria",,1881,,,2026-05-15T23:09:38Z,2026-05-15T23:10:18Z
1384,https://www.linkedin.com/company/salzburgmilch,SalzburgMilch,Austria,milch.com,http://www.milch.com,Dairy Product Manufacturing,201-500 employees,,,2013,,,2026-05-15T23:11:11Z,2026-05-15T23:11:55Z
1385,https://www.linkedin.com/company/gebrueder-woerle,Gebrüder WOERLE Ges.m.b.H.,Austria,woerle.at,www.woerle.at,Dairy Product Manufacturing,201-500 employees,"Henndorf am Wallersee, Salzburg",,1889,,,2026-05-15T23:19:54Z,2026-05-15T23:20:38Z
1386,https://www.linkedin.com/company/pinzgaumilch,Pinzgau Milch Produktions GmbH,Austria,pinzgaumilch.at,https://www.pinzgaumilch.at/,Dairy Product Manufacturing,201-500 employees,"Maishofen, Salzburg",,1962,,,2026-05-15T23:21:25Z,2026-05-15T23:22:09Z
1387,https://www.linkedin.com/company/ifw-education-group,IFW Education Group,Austria,,,Education Administration Programs,201-500 employees,"Wien, Wien",,2018,,,2026-05-15T23:23:00Z,2026-05-15T23:50:15Z
1388,https://www.linkedin.com/company/berlitz-austria-gmbh,Berlitz Austria GmbH,Austria,berlitz.at,http://www.berlitz.at,Education Administration Programs,201-500 employees,,,1906,,,2026-05-15T23:50:51Z,2026-05-16T00:07:26Z
1389,https://www.linkedin.com/company/u-r-energy,U R ENERGY,Austria,urenergyglobal.com,http://www.urenergyglobal.com,Renewable Energy Semiconductor Manufacturing,201-500 employees,"AHMEDABAD, GUJARAT",,2009,,,2026-05-16T22:21:41Z,2026-05-16T22:22:19Z
1390,https://www.linkedin.com/company/sonnenkraft,Sonnenkraft GmbH,Austria,sonnenkraft.com,https://www.sonnenkraft.com,Renewable Energy Semiconductor Manufacturing,201-500 employees,"Sankt Veit an der Glan, Kärnten",,1993,,,2026-05-16T22:23:05Z,2026-05-16T22:23:45Z
1391,https://www.linkedin.com/company/neoomag,neoom,Austria,neoom.com,www.neoom.com,Renewable Energy Semiconductor Manufacturing,201-500 employees,"Freistadt, Oberösterreich",,2018,,,2026-05-16T22:24:34Z,2026-05-16T22:25:16Z
1392,https://www.linkedin.com/company/energytalk,energytalk - Zukunft mit Energie,Austria,energytalk.info,http://www.energytalk.info,Renewable Energy Semiconductor Manufacturing,201-500 employees,"Graz, Styria",,2009,,,2026-05-16T22:26:14Z,2026-05-16T22:26:56Z
1393,https://www.linkedin.com/company/herz-energietechnik-gmbh,HERZ Energietechnik GmbH,Austria,herz-energie.at,http://www.herz-energie.at,Renewable Energy Semiconductor Manufacturing,201-500 employees,"Pinkafeld, Burgenland",,1896,,,2026-05-16T22:27:45Z,2026-05-16T22:28:27Z
1394,https://www.linkedin.com/company/%C3%B6kofen-forschungs--und-entwicklungsgesmbh,ÖkoFEN Forschungs- und EntwicklungsgesmbH,Austria,oekofen.com,http://www.oekofen.com,Renewable Energy Semiconductor Manufacturing,201-500 employees,"Niederkappel, Upper Austria",,1989,,,2026-05-16T22:29:11Z,2026-05-16T22:29:51Z
1395,https://www.linkedin.com/company/bio-oil-from-waste-to-energy,BIO OIL - from waste to energy,Austria,bio-oil.biz,https://www.bio-oil.biz/,Renewable Energy Semiconductor Manufacturing,201-500 employees,,,,,,2026-05-16T22:30:45Z,2026-05-16T22:31:27Z
1396,https://www.linkedin.com/company/web-windenergie-ag,WEB Windenergie AG,Austria,web.energy,https://www.web.energy/,Renewable Energy Semiconductor Manufacturing,201-500 employees,"Pfaffenschlag bei Waidhofen, NÖ",,1994,,,2026-05-16T22:32:22Z,2026-05-16T22:33:02Z
1397,https://www.linkedin.com/company/vaillant-%C3%B6sterreich,Vaillant Österreich,Austria,vaillant.at,https://www.vaillant.at,Renewable Energy Semiconductor Manufacturing,201-500 employees,"Wien, Wien",,1874,,,2026-05-16T22:33:51Z,2026-05-16T22:34:32Z
1398,https://www.linkedin.com/company/schmid-ag-energy-solutions,Schmid AG energy solutions,Austria,schmid-energy.ch,http://www.schmid-energy.ch,Renewable Energy Semiconductor Manufacturing,201-500 employees,,,1936,,,2026-05-16T22:35:23Z,2026-05-16T22:36:03Z
1399,https://www.linkedin.com/company/ctbto,Comprehensive Nuclear-Test-Ban Treaty Organization - CTBTO,Austria,ctbto.info,https://ctbto.info/m/links,International Affairs,201-500 employees,,,1996,,,2026-05-16T22:36:46Z,2026-05-16T22:37:28Z
1400,https://www.linkedin.com/company/bmj-bundesministerium-fuer-justiz,BMJ ‐ Bundesministerium für Justiz,Austria,bmj.gv.at,https://www.bmj.gv.at,Government Administration,201-500 employees,"Vienna, Österreich",,,,,2026-05-16T22:38:16Z,2026-05-16T22:38:56Z
1401,https://www.linkedin.com/company/bmwkms,"Federal Ministry of Housing, Arts, Culture, Media and Sport (BMWKMS)",Austria,bmwkms.gv.at,https://www.bmwkms.gv.at/,Government Administration,201-500 employees,,,2025,,,2026-05-16T22:39:42Z,2026-05-16T22:40:22Z
1402,https://www.linkedin.com/company/arlietas,Ārlietu ministrija | Ministry of Foreign Affairs of the Republic of Latvia,Austria,mfa.gov.lv,https://www.mfa.gov.lv/,International Affairs,201-500 employees,"Rīga, Riga",,1919,,,2026-05-16T22:41:15Z,2026-05-16T22:42:00Z
1403,https://www.linkedin.com/company/9amhealth,9amHealth,Austria,join9am.com,https://join9am.com,Health and Human Services,201-500 employees,"San Diego, California",,2021,,,2026-05-16T22:42:47Z,2026-05-16T22:43:27Z
1404,https://www.linkedin.com/company/oead-austria,OeAD-GmbH – Agentur für Bildung und Internationalisierung,Austria,oead.at,http://www.oead.at,Education Administration Programs,201-500 employees,,,1961,,,2026-05-16T22:44:09Z,2026-05-16T22:44:51Z
1405,https://www.linkedin.com/company/technopolis-group,Technopolis Group,Austria,technopolis-group.com,http://www.technopolis-group.com,Public Policy Offices,201-500 employees,"Brighton, East Sussex",,1989,,,2026-05-16T22:45:39Z,2026-05-16T22:46:20Z
1406,https://www.linkedin.com/company/cross-cultural-solutions,Cross-Cultural Solutions,Austria,crossculturalsolutions.org,http://www.crossculturalsolutions.org/,International Affairs,201-500 employees,"New Rochelle, NY",,1995,,,2026-05-16T22:47:10Z,2026-05-16T22:47:49Z
1407,https://www.linkedin.com/company/united-nations-office-at-vienna,United Nations Office at Vienna,Austria,unvienna.org,http://www.unvienna.org,International Affairs,201-500 employees,,,1980,,,2026-05-16T22:48:30Z,2026-05-16T22:49:10Z
1408,https://www.linkedin.com/company/fybc-austria,FYBC AUSTRIA,Austria,austria.foreveryoung.ie,https://austria.foreveryoung.ie,Executive Offices,201-500 employees,,,2011,,,2026-05-16T22:49:57Z,2026-05-16T22:50:39Z
1409,https://www.linkedin.com/company/stadtgemeinde-saalfelden,Stadtgemeinde Saalfelden,Austria,saalfelden.at,http://saalfelden.at,Executive Offices,201-500 employees,"Saalfelden, Salzburg",,,,,2026-05-16T22:51:17Z,2026-05-16T22:51:54Z
1410,https://www.linkedin.com/company/euba---european-business-association,EUBA Austria,Austria,euba.org,www.euba.org/austria/,Executive Offices,201-500 employees,,,2015,,,2026-05-16T22:52:41Z,2026-05-16T22:53:22Z
1411,https://www.linkedin.com/company/lmbc-austria,LMBC AUSTRIA,Austria,austria.legalminutes.com,https://austria.legalminutes.com,Executive Offices,201-500 employees,,,1999,,,2026-05-16T22:54:13Z,2026-05-16T22:54:52Z
1412,https://www.linkedin.com/company/woergl,Stadtgemeinde Wörgl,Austria,woergl.at,http://www.woergl.at,Executive Offices,201-500 employees,"Wörgl, Tirol",,1911,,,2026-05-16T22:55:34Z,2026-05-16T22:56:17Z
1413,https://www.linkedin.com/company/stadtgemeinde-mittersill,Stadtgemeinde Mittersill,Austria,mittersill.at,www.mittersill.at,Executive Offices,201-500 employees,"Mittersill, Salzburg",,,,,2026-05-16T22:57:06Z,2026-05-16T22:57:48Z
1414,https://www.linkedin.com/company/arbeiterkammer-tirol,Arbeiterkammer Tirol,Austria,tirol.arbeiterkammer.at,https://tirol.arbeiterkammer.at/,Executive Offices,201-500 employees,,,1921,,,2026-05-16T22:58:26Z,2026-05-16T22:59:10Z
1415,https://www.linkedin.com/company/buak-bauarbeiter-urlaubs-und-abfertigungskasse,BUAK Bauarbeiter-Urlaubs-und Abfertigungskasse,Austria,buak.at,https://buak.at,Executive Offices,201-500 employees,"Vienna, Wien",,1946,,,2026-05-16T22:59:52Z,2026-05-16T23:00:30Z
1416,https://www.linkedin.com/company/aconnic,aconnic,Austria,aconnic.com,https://www.aconnic.com,Telecommunications,201-500 employees,"Munich, Bavaria",,,,,2026-05-16T23:01:14Z,2026-05-16T23:01:56Z
1417,https://www.linkedin.com/company/commend,COMMEND,Austria,commend.com,https://www.commend.com,Telecommunications,201-500 employees,,,1971,,,2026-05-16T23:02:48Z,2026-05-16T23:03:28Z
1418,https://www.linkedin.com/company/spltele,SPL TELE,Austria,spl-tele.com,http://www.spl-tele.com,Telecommunications,201-500 employees,"Wolkersdorf, Niederösterreich",,2013,,,2026-05-16T23:04:18Z,2026-05-16T23:04:56Z
1419,https://www.linkedin.com/company/eunetworks,euNetworks,Austria,eunetworks.com,http://eunetworks.com,Telecommunications,201-500 employees,,,2002,,,2026-05-16T23:05:39Z,2026-05-16T23:06:18Z
1420,https://www.linkedin.com/company/ibasis-business-messaging,iBASIS Business Messaging,Austria,businessmessaging.ibasis.com,https://businessmessaging.ibasis.com,Telecommunications,201-500 employees,"Ruggell, Liechtenstein",,2015,,,2026-05-16T23:07:23Z,2026-05-16T23:08:07Z
1421,https://www.linkedin.com/company/t-labs-telekom-laboratories,T-Labs,Austria,laboratories.telekom.com,https://laboratories.telekom.com/,Telecommunications,201-500 employees,"Berlin, Germany",,2004,,,2026-05-16T23:08:57Z,2026-05-16T23:09:38Z
1422,https://www.linkedin.com/company/nfon,NFON AG,Austria,corporate.nfon.com,https://corporate.nfon.com/en/,Telecommunications,201-500 employees,"Munich, Bavaria",,2007,,,2026-05-16T23:10:26Z,2026-05-16T23:11:09Z
1423,https://www.linkedin.com/company/ibasis,iBASIS,Austria,ibasis.com,http://www.ibasis.com,Telecommunications,201-500 employees,"Lexington, MA",,,,,2026-05-16T23:12:00Z,2026-05-16T23:12:41Z
1424,https://www.linkedin.com/company/gin-ntt-net,Global IP Network AS2914,Austria,gin.ntt.net,http://www.gin.ntt.net,Telecommunications,201-500 employees,"Seattle, Washington",,,,,2026-05-16T23:13:24Z,2026-05-16T23:14:04Z
1425,https://www.linkedin.com/company/wisi-group,WISI Group,Austria,wisigroup.com,https://www.wisigroup.com,Telecommunications,201-500 employees,,,1926,,,2026-05-16T23:14:46Z,2026-05-16T23:15:23Z
1426,https://www.linkedin.com/company/ekz-bibliotheksservice-gmbh,ekz.bibliotheksservice GmbH,Austria,ekz.de,http://www.ekz.de,Libraries,201-500 employees,"Reutlingen, Baden-Württemberg",,1947,,,2026-05-16T23:16:12Z,2026-05-16T23:16:53Z
1427,https://www.linkedin.com/company/willhaben-jobs,willhaben Jobs,Austria,willhaben.at,https://www.willhaben.at/jobs/,Internet Publishing,201-500 employees,,,2006,,,2026-05-16T23:17:31Z,2026-05-16T23:18:10Z
1428,https://www.linkedin.com/company/nationalbibliothek,Österreichische Nationalbibliothek,Austria,onb.ac.at,http://www.onb.ac.at,Libraries,201-500 employees,,,1368,,,2026-05-16T23:18:54Z,2026-05-16T23:19:36Z
1429,https://www.linkedin.com/company/teletrader-software-gmbh,TeleTrader,Austria,teletrader.rs,https://www.teletrader.rs/,Software Development,51-200 employees,,,1995,,,2026-05-16T23:20:25Z,2026-05-16T23:21:06Z
1430,https://www.linkedin.com/company/kununu,kununu,Austria,kununu.com,http://www.kununu.com,Internet Publishing,201-500 employees,"Vienna, Austria",,2007,,,2026-05-16T23:21:56Z,2026-05-16T23:22:39Z
1431,https://www.linkedin.com/company/wirtschaftsbund-eferding,Wirtschaftsbund Eferding,Austria,ooe-wb.at,www.ooe-wb.at,Business Content,201-500 employees,"Eferding, Oberösterreich",,,,,2026-05-16T23:23:34Z,2026-05-16T23:24:13Z
1432,https://www.linkedin.com/company/everminds,EverMinds™,Austria,borealiseverminds.com,http://www.borealiseverminds.com,Business Content,201-500 employees,,,2018,,,2026-05-16T23:24:49Z,2026-05-16T23:25:27Z
1433,https://www.linkedin.com/company/wolftank-group,Wolftank Group,Austria,wolftankgroup.com,https://www.wolftankgroup.com,Environmental Services,201-500 employees,"Innsbruck, Tyrol",,1987,,,2026-05-16T23:26:10Z,2026-05-16T23:26:55Z
1434,https://www.linkedin.com/company/verco,BIP.Verco,Austria,linktr.ee,https://linktr.ee/bip.verco,Environmental Services,201-500 employees,"Bath, Somerset",,,,,2026-05-16T23:27:44Z,2026-05-16T23:28:24Z
1435,https://www.linkedin.com/company/rpglobal,RP Global,Austria,rp-global.com,https://www.rp-global.com/,Environmental Services,201-500 employees,"Vienne, Wien",,,,,2026-05-16T23:29:19Z,2026-05-16T23:30:00Z
1436,https://www.linkedin.com/company/reclay,Reclay,Austria,reclay-group.com,https://reclay-group.com,Environmental Services,201-500 employees,,,2002,,,2026-05-16T23:30:43Z,2026-05-16T23:31:23Z
1437,https://www.linkedin.com/company/henselrecycling,Hensel Recycling,Austria,hensel-recycling.com,https://hensel-recycling.com/,Environmental Services,201-500 employees,"Aschaffenburg, Bayern",,1998,,,2026-05-16T23:32:10Z,2026-05-16T23:32:58Z
1438,https://www.linkedin.com/company/vta-group-we-clean-water,VTA Group | We clean water.,Austria,vta.cc,https://vta.cc,Environmental Services,201-500 employees,"Rottenbach, Oberösterreich",,1992,,,2026-05-16T23:33:41Z,2026-05-16T23:34:17Z
1439,https://www.linkedin.com/company/rskdach,RSK DACH-Region,Austria,rskgroup.de,https://rskgroup.de,Environmental Services,201-500 employees,"Stuttgart, Baden-Württemberg",,1989,,,2026-05-16T23:35:04Z,2026-05-16T23:35:44Z
1440,https://www.linkedin.com/company/sfcenv,SFC Environmental Technologies Ltd.,Austria,sfcenvironment.com,http://www.sfcenvironment.com,Environmental Services,201-500 employees,"Navi Mumbai, Maharashtra",,2005,,,2026-05-16T23:36:35Z,2026-05-16T23:37:18Z
1441,https://www.linkedin.com/company/miltek-international,Mil-tek,Austria,mil-tek.dk,https://www.mil-tek.dk,Environmental Services,201-500 employees,,,1992,,,2026-05-16T23:38:02Z,2026-05-16T23:38:43Z
1442,https://www.linkedin.com/company/loacker-recycling-gmbh,Loacker Recycling GmbH,Austria,loacker-recycling.com,https://loacker-recycling.com,Environmental Services,201-500 employees,"Götzis, Vorarlberg",,1876,,,2026-05-16T23:39:19Z,2026-05-16T23:39:57Z
1443,https://www.linkedin.com/company/lugstein-spedition-und-transport-gmbh,Lugstein Spedition und Transport GmbH,Austria,ltlugstein.at,http://ltlugstein.at,Freight and Package Transportation,201-500 employees,"Straßwalchen, Salzburg",,,,,2026-05-16T23:40:43Z,2026-05-16T23:41:19Z
1444,https://www.linkedin.com/company/magdas-social-business,magdas Social Business,Austria,magdas.at,http://www.magdas.at,Civic and Social Organizations,201-500 employees,"Wien, Wien",,2012,,,2026-05-16T23:42:01Z,2026-05-16T23:42:41Z
1445,https://www.linkedin.com/company/ein-dollar-brille,EinDollarBrille,Austria,eindollarbrille.de,https://www.eindollarbrille.de,Civic and Social Organizations,201-500 employees,"Erlangen, Bavaria",,,,,2026-05-16T23:43:30Z,2026-05-16T23:44:12Z
1446,https://www.linkedin.com/company/pro-mente-wien,pro mente Wien,Austria,promente.wien,https://www.promente.wien,Civic and Social Organizations,201-500 employees,,,1965,,,2026-05-16T23:44:57Z,2026-05-16T23:45:35Z
1447,https://www.linkedin.com/company/airborne-sensor-operators-group-asog,Airborne Sensor Operators Group (ASOG),Austria,aso-group.ning.com,http://www.aso-group.ning.com,Industry Associations,201-500 employees,,,2016,,,2026-05-16T23:46:19Z,2026-05-16T23:47:01Z
1448,https://www.linkedin.com/company/psz-ggmbh,PSZ - Psychosoziale Zentren gGmbH,Austria,psz.co.at,https://www.psz.co.at/,Civic and Social Organizations,201-500 employees,,,2000,,,2026-05-16T23:47:41Z,2026-05-16T23:48:23Z
1449,https://www.linkedin.com/company/unis-group,UNIS Group,Austria,unisgroup.com,http://www.unisgroup.com,Electronic and Precision Equipment Maintenance,201-500 employees,,,1984,,,2026-05-16T23:49:06Z,2026-05-16T23:49:45Z
1450,https://www.linkedin.com/company/forster-metallbau-gmbh,Forster Metallbau GmbH - Shelving Systems,Austria,forster.at,https://www.forster.at/en/shelving-systems/,Warehousing,201-500 employees,"Waidhofen an der Ybbs, Lower Austria",,1986,,,2026-05-16T23:50:38Z,2026-05-16T23:51:18Z
1451,https://www.linkedin.com/company/myplace-selfstorage,MyPlace SelfStorage,Austria,myplace.eu,http://www.myplace.eu,Warehousing and Storage,201-500 employees,,,1999,,,2026-05-16T23:52:04Z,2026-05-16T23:52:43Z
1452,https://www.linkedin.com/company/atc-aviation-services-ag,ATC Aviation Services AG,Austria,atc-aviation.com,http://www.atc-aviation.com,Airlines and Aviation,201-500 employees,"Frankfurt-Airport, Hessen",,,,,2026-05-16T23:53:30Z,2026-05-16T23:54:09Z
1453,https://www.linkedin.com/company/salzburger-flughafen-gmbh,Salzburg Airport - W. A. Mozart,Austria,salzburg-airport.com,http://www.salzburg-airport.com,Airlines and Aviation,201-500 employees,"Salzburg, Salzburg",,1926,,,2026-05-16T23:54:54Z,2026-05-16T23:55:36Z
1454,https://www.linkedin.com/company/innsbruck-airport,Innsbruck Airport - Flughafen Innsbruck,Austria,innsbruck-airport.com,https://www.innsbruck-airport.com/,Airlines and Aviation,201-500 employees,"Innsbruck, Tyrol",,,,,2026-05-16T23:56:17Z,2026-05-16T23:56:58Z
1455,https://www.linkedin.com/company/dhl-air-austria,DHL Air (Austria) GmbH,Austria,dhl.com,www.dhl.com,Airlines and Aviation,201-500 employees,"Flughafen-Wien, Niederösterreich",,2021,,,2026-05-16T23:57:46Z,2026-05-16T23:58:26Z
1456,https://www.linkedin.com/company/coolpeople,CoolPeople,Austria,coolpeople.cz,http://www.coolpeople.cz,IT Services and IT Consulting,201-500 employees,"Praha, Hlavní město Praha",,2005,,,2026-05-16T23:59:18Z,2026-05-16T23:59:58Z
1457,https://www.linkedin.com/company/zazmic-inc,Zazmic Inc,Austria,zazmic.com,http://www.zazmic.com,IT Services and IT Consulting,201-500 employees,"San Francisco, CA",,2012,,,2026-05-17T00:00:41Z,2026-05-17T00:01:23Z
1458,https://www.linkedin.com/company/axess-ag,Axess,Austria,teamaxess.com,http://www.teamaxess.com/en/,IT Services and IT Consulting,201-500 employees,"Anif/Salzburg, Salzburg",,,,,2026-05-17T01:06:17Z,2026-05-17T01:06:57Z
1459,https://www.linkedin.com/company/brainium-information-technologies-pvt-ltd-,Brainium Information Technologies,Austria,brainiuminfotech.com,https://www.brainiuminfotech.com,IT Services and IT Consulting,201-500 employees,"Kolkata, West Bengal",,2009,,,2026-05-17T01:07:40Z,2026-05-17T01:08:17Z
1460,https://www.linkedin.com/company/karriere-at,karriere.at,Austria,karriere.at,https://www.karriere.at/f/karriere-at,IT Services and IT Consulting,201-500 employees,"Linz, Oberösterreich",,2004,,,2026-05-17T01:09:14Z,2026-05-17T01:09:55Z
1461,https://www.linkedin.com/company/merinoconsultingservices,Merino Consulting Services,Austria,merinoservices.com,http://www.merinoservices.com,IT Services and IT Consulting,201-500 employees,"New Delhi, Delhi",,2006,,,2026-05-17T01:10:50Z,2026-05-17T01:11:31Z
1462,https://www.linkedin.com/company/computools,Computools,Austria,computools.com,https://computools.com/,IT Services and IT Consulting,201-500 employees,,,2013,,,2026-05-17T01:12:35Z,2026-05-17T01:13:19Z
1463,https://www.linkedin.com/company/logifuture,Logifuture,Austria,logifuture.com,http://www.logifuture.com,Information Technology & Services,201-500 employees,"Ta' Xbiex, Malta",,2009,,,2026-05-17T01:14:06Z,2026-05-17T01:14:49Z
1464,https://www.linkedin.com/company/publiccloudgroup,PCG - Public Cloud Group,Austria,pcg.io,https://pcg.io/,IT Services and IT Consulting,201-500 employees,"Magstadt, Ba-Wü",,,,,2026-05-17T01:15:39Z,2026-05-17T01:16:17Z
1465,https://www.linkedin.com/company/ecosiohq,ecosio,Austria,ecosio.com,https://ecosio.com,IT Services and IT Consulting,201-500 employees,,,2012,,,2026-05-17T01:17:03Z,2026-05-17T01:17:47Z
1466,https://www.linkedin.com/company/women-in-nuclear-iaea,Women in Nuclear IAEA (WiN IAEA),Austria,win-iaea.org,https://win-iaea.org/executive-committee/,Non-profit Organizations,"501-1,000 employees","Vienna, IAEA - Vienna International Centre",,2021,,,2026-05-17T01:18:40Z,2026-05-17T01:19:22Z
1467,https://www.linkedin.com/company/4future-social,4future.social / Digital Society,Austria,4future.social,https://4future.social,Non-profit Organizations,"501-1,000 employees",,,2015,,,2026-05-17T01:20:08Z,2026-05-17T01:20:53Z
1468,https://www.linkedin.com/company/oesterreichisches-rotes-kreuz,Österreichisches Rotes Kreuz,Austria,roteskreuz.at,http://www.roteskreuz.at/home/,Non-profit Organizations,"501-1,000 employees","Wien, Österreich",,,,,2026-05-17T01:21:38Z,2026-05-17T01:22:17Z
1469,https://www.linkedin.com/company/verein-neustart,NEUSTART,Austria,neustart.at,https://www.neustart.at,Non-profit Organization Management,"501-1,000 employees",,,1954,,,2026-05-17T01:23:02Z,2026-05-17T01:23:42Z
1470,https://www.linkedin.com/company/caritas-vorarlberg,Caritas Vorarlberg,Austria,caritas-vorarlberg.at,http://www.caritas-vorarlberg.at/jobs,Non-profit Organizations,"501-1,000 employees","Feldkirch, Vorarlberg",,,,,2026-05-17T01:24:21Z,2026-05-17T01:25:00Z
1471,https://www.linkedin.com/company/rotes-kreuz-vorarlberg,Rotes Kreuz Vorarlberg,Austria,roteskreuz.at,www.roteskreuz.at/vorarlbrg,Non-profit Organizations,"501-1,000 employees","Feldkirch, Vorarlberg",,1880,,,2026-05-17T01:25:48Z,2026-05-17T01:26:29Z
1472,https://www.linkedin.com/company/autrc-research,Austrian Red Cross | Research,Austria,roteskreuz.at,https://www.roteskreuz.at/projects-in-operations,Non-profit Organizations,"501-1,000 employees",,,,,,2026-05-17T01:27:08Z,2026-05-17T01:27:51Z
1473,https://www.linkedin.com/company/four-paws,FOUR PAWS,Austria,four-paws.org,https://www.four-paws.org,Non-profit Organizations,"501-1,000 employees",,,1988,,,2026-05-17T01:28:38Z,2026-05-17T01:29:21Z
1474,https://www.linkedin.com/company/oegho,Österreichische Gesellschaft für Hämatologie und Medizinische Onkologie (OeGHO),Austria,oegho.at,https://www.oegho.at/,Non-profit Organizations,"501-1,000 employees",,,1970,,,2026-05-17T01:30:11Z,2026-05-17T01:30:50Z
1475,https://www.linkedin.com/company/icnmdcongress,International Congress on Neuromuscular Diseases - ICNMD,Austria,icnmd.org,https://icnmd.org/,Non-profit Organizations,"501-1,000 employees","Firenze , Florence",,,,,2026-05-17T01:31:27Z,2026-05-17T01:32:05Z
1476,https://www.linkedin.com/company/zellnerpersonal,ZELLNER Personal Lösungen,Austria,personal-zellner.at,https://www.personal-zellner.at/,Staffing and Recruiting,"501-1,000 employees","Vienna, Wien",,2000,,,2026-05-17T01:32:51Z,2026-05-17T01:33:31Z
1477,https://www.linkedin.com/company/acctus-personalberatung,acctus Personalberatung GmbH,Austria,acctus.com,http://www.acctus.com/,Staffing and Recruiting,"501-1,000 employees","Salzburg, Salzburg",,2004,,,2026-05-17T01:34:24Z,2026-05-17T01:35:08Z
1478,https://www.linkedin.com/company/isg-international-service-group,ISG International Service Group,Austria,isg.com,http://www.isg.com,Staffing and Recruiting,"501-1,000 employees",,,1999,,,2026-05-17T01:35:46Z,2026-05-17T01:36:27Z
1479,https://www.linkedin.com/company/vace-engineering-gmbh-&-co-kg,VACE Group,Austria,vace.at,https://www.vace.at/,Staffing and Recruiting,"501-1,000 employees","Linz, Oberösterreich",,1981,,,2026-05-17T01:37:10Z,2026-05-17T01:37:53Z
1480,https://www.linkedin.com/company/mercuri-urval,Mercuri Urval,Austria,mercuriurval.com,http://www.mercuriurval.com,Executive Search Services,"501-1,000 employees","Stockholm, Stockholm County",,1967,,,2026-05-17T01:38:46Z,2026-05-17T01:39:28Z
1481,https://www.linkedin.com/company/hr-4-0-beratung-zellner,HR_4.0 Beratung ZELLNER,Austria,hr-zellner.at,https://www.hr-zellner.at,Staffing and Recruiting,"501-1,000 employees","Wien, Wien",,,,,2026-05-17T01:40:20Z,2026-05-17T01:41:02Z
1482,https://www.linkedin.com/company/humanus-simplyfairwork,Humanus,Austria,humanus.de,https://www.humanus.de,Staffing and Recruiting,"501-1,000 employees","Nördlingen, Bayern",,2013,,,2026-05-17T01:41:35Z,2026-05-17T01:42:17Z
1483,https://www.linkedin.com/company/isgch,ISG Personalmanagement Schweiz,Austria,isg.com,http://www.isg.com/ch,Staffing and Recruiting,"501-1,000 employees","Amriswil, TG",,1999,,,2026-05-17T01:42:58Z,2026-05-17T01:43:36Z
1484,https://www.linkedin.com/company/staff24-personalservice-gmbh,staff24 Personalservice GmbH,Austria,staff24.com,http://www.staff24.com,Staffing and Recruiting,"501-1,000 employees",,,1995,,,2026-05-17T01:44:23Z,2026-05-17T01:45:06Z
1485,https://www.linkedin.com/company/amsooe,AMS Oberösterreich,Austria,ams.at,https://www.ams.at/unternehmen#oberoesterreich,Staffing and Recruiting,"501-1,000 employees","Linz, OÖ",,,,,2026-05-17T01:45:51Z,2026-05-17T01:47:45Z
1486,https://www.linkedin.com/company/informatech-uk,INFORMATECH,Austria,informatech.co.uk,https://informatech.co.uk,Professional Training and Coaching,51-200 employees,,,2008,,,2026-05-17T01:48:31Z,2026-05-17T01:49:10Z
1487,https://www.linkedin.com/company/romanwagersreiter,Roman Wagersreiter,Austria,romanwagersreiter.com,https://www.romanwagersreiter.com/,Professional Training and Coaching,"501-1,000 employees","Halbturn, Burgenland",,,,,2026-05-17T01:49:54Z,2026-05-17T01:50:36Z
1488,https://www.linkedin.com/company/bmd-akademie,BMD Akademie,Austria,bmd.com,https://www.bmd.com/at/akademie/akademie-highlights.html,Professional Training and Coaching,"501-1,000 employees","Steyr, Upper Austria",,1972,,,2026-05-17T01:51:23Z,2026-05-17T01:52:03Z
1489,https://www.linkedin.com/company/art-by-andert,ART by Andert,Austria,art-by-andert.at,http://art-by-andert.at,"Museums, Historical Sites, and Zoos","501-1,000 employees",,,,,,2026-05-17T21:56:06Z,2026-05-17T21:56:47Z
1490,https://www.linkedin.com/company/kunsthistorischesmuseum,Kunsthistorisches Museum,Austria,khm.at,https://www.khm.at,"Museums, Historical Sites, and Zoos","501-1,000 employees",,,1881,,,2026-05-17T21:57:30Z,2026-05-17T21:58:11Z
1491,https://www.linkedin.com/company/ubw-unternehmensberatung-wagenhofer-gmbh,UBW Unternehmensberatung Wagenhofer GmbH,Austria,ubw-consulting.eu,http://ubw-consulting.eu,Business Consulting and Services,2-10 employees,"Wien, Vienna",,2006,,,2026-05-17T21:58:51Z,2026-05-17T21:59:33Z
1492,https://www.linkedin.com/company/schloss-ambras-innsbruck,Schloss Ambras Innsbruck,Austria,schlossambras-innsbruck.at,http://www.schlossambras-innsbruck.at,"Museums, Historical Sites, and Zoos","501-1,000 employees","Innsbruck, Tirol",,,,,2026-05-17T22:00:20Z,2026-05-17T22:00:57Z
1493,https://www.linkedin.com/company/esterhazy-betriebe,Esterhazy,Austria,esterhazy.at,https://esterhazy.at/,"Museums, Historical Sites, and Zoos","501-1,000 employees","Eisenstadt, Burgenland",,,,,2026-05-17T22:01:45Z,2026-05-17T22:02:29Z
1494,https://www.linkedin.com/company/n%C3%B6ku-gruppe-n%C3%B6-kulturwirtschaft-gesmbh,NÖKU-Gruppe,Austria,noeku.at,http://www.noeku.at,"Museums, Historical Sites, and Zoos","501-1,000 employees","St Pölten, Lower Austria",,1999,,,2026-05-17T22:03:16Z,2026-05-17T22:03:57Z
1495,https://www.linkedin.com/company/dorotheum-gmbh-&-co-kg,Dorotheum GmbH & Co KG,Austria,dorotheum.com,http://www.dorotheum.com,Artists and Writers,"501-1,000 employees","Vienna, Vienna",,1707,,,2026-05-17T22:04:37Z,2026-05-17T22:05:15Z
1496,https://www.linkedin.com/company/emarsys,Emarsys,Austria,emarsys.com,http://www.emarsys.com/?utm_source=linkedin&utm_medium=social&utm_term=liemarsyspage,Software Development,"501-1,000 employees","Vienna, Austria",,2000,,,2026-05-17T22:05:57Z,2026-05-17T22:06:39Z
1497,https://www.linkedin.com/company/dalux,Dalux,Austria,dalux.com,https://www.dalux.com/,Software Development,"501-1,000 employees","Copenhagen Ø, Capital Region",,2005,,,2026-05-17T22:07:34Z,2026-05-17T22:08:14Z
1498,https://www.linkedin.com/company/ses-imagotag,SES-imagotag,Austria,ses-imagotag.com,http://www.ses-imagotag.com,Software Development,"501-1,000 employees","Nanterre, NA",,1992,,,2026-05-17T22:09:02Z,2026-05-17T22:09:45Z
1499,https://www.linkedin.com/company/vusiongroup,Vusion,Austria,,,Software Development,"501-1,000 employees","Nanterre, Île-de-France",,,,,2026-05-17T22:10:24Z,2026-05-17T22:11:04Z
1500,https://www.linkedin.com/company/treatwell-com,Treatwell,Austria,jobs.treatwell.com,https://jobs.treatwell.com/#jobs,Software Development,"501-1,000 employees","London, England",,2008,,,2026-05-17T22:11:50Z,2026-05-17T22:12:34Z
1501,https://www.linkedin.com/company/lucanet-ag,Lucanet,Austria,lucanet.com,https://www.lucanet.com/en/,Software Development,"501-1,000 employees",,,1999,,,2026-05-17T22:13:15Z,2026-05-17T22:13:56Z
1502,https://www.linkedin.com/company/eplan-software-service,Eplan,Austria,eplan.de,https://www.eplan.de,Software Development,"501-1,000 employees","Monheim am Rhein, NRW",,1984,,,2026-05-17T22:14:38Z,2026-05-17T22:15:19Z
1503,https://www.linkedin.com/company/softexpert-software,SoftExpert,Austria,softexpert.com,http://www.softexpert.com,Software Development,"501-1,000 employees","Orlando, Florida",,,,,2026-05-17T22:16:09Z,2026-05-17T22:16:51Z
1504,https://www.linkedin.com/company/bsi-software,BSI,Austria,services.bsi-software.com,https://services.bsi-software.com/studio/public/e/l/omr-2026?utm_source=linkedin&utm_medium=social&utm_campaign=omr2026,Software Development,"501-1,000 employees",,,1996,,,2026-05-17T22:17:34Z,2026-05-17T22:18:12Z
1505,https://www.linkedin.com/company/pdi-technologies,PDI Technologies,Austria,pditechnologies.com,https://pditechnologies.com,Software Development,"501-1,000 employees","Alpharetta, Georgia",,,,,2026-05-17T22:18:50Z,2026-05-17T22:19:32Z
1506,https://www.linkedin.com/company/ergo-oesterreich,ERGO Austria,Austria,ergo-versicherung.at,https://www.ergo-versicherung.at,Insurance,"501-1,000 employees","Wien, Wien",,,,,2026-05-17T22:20:17Z,2026-05-17T22:21:02Z
1507,https://www.linkedin.com/company/roland-rechtsschutz-versicherungs-ag,ROLAND Rechtsschutz-Versicherungs-AG,Austria,roland-rechtsschutz.de,https://www.roland-rechtsschutz.de,Insurance,"501-1,000 employees","Köln, Nordrhein-Westfalen",,1957,,,2026-05-17T22:22:01Z,2026-05-17T22:22:41Z
1508,https://www.linkedin.com/company/international-credit-brokers-alliance,International Credit Brokers Alliance (ICBA),Austria,icba.com,http://www.icba.com/,Insurance,"501-1,000 employees","Paris, Île-de-France",,2000,,,2026-05-17T22:23:32Z,2026-05-17T22:24:14Z
1509,https://www.linkedin.com/company/timetoactgroup,TIMETOACT GROUP,Austria,timetoact-group.com,https://www.timetoact-group.com,IT Services and IT Consulting,"1,001-5,000 employees","Köln, Germany",,,,,2026-05-17T22:25:04Z,2026-05-17T22:25:41Z
1510,https://www.linkedin.com/company/oesterreichischebeamtenversicherung,Österreichische Beamtenversicherung - ÖBV,Austria,linktr.ee,https://linktr.ee/oebv_versicherung,Insurance,"501-1,000 employees","Wien, Wien",,1895,,,2026-05-17T22:26:32Z,2026-05-17T22:27:13Z
1511,https://www.linkedin.com/company/noe-versicherung,Niederösterreichische Versicherung AG,Austria,nv.at,https://nv.at,Insurance,"501-1,000 employees","Sankt Pölten, Niederösterreich",,1923,,,2026-05-17T22:28:02Z,2026-05-17T22:28:41Z
1512,https://www.linkedin.com/company/oberoesterreichische-versicherung,Oberösterreichische Versicherung AG,Austria,versich.at,http://www.versich.at,Insurance,"501-1,000 employees","Linz, Oberösterreich",,1811,,,2026-05-17T22:29:42Z,2026-05-17T22:30:24Z
1513,https://www.linkedin.com/company/helvetia-versicherungen-oesterreich,Helvetia Insurance Austria,Austria,helvetia.com,https://www.helvetia.com/at/,Insurance,"501-1,000 employees","Wien, Österreich",,,,,2026-05-17T22:31:22Z,2026-05-17T22:32:02Z
1514,https://www.linkedin.com/company/cmc-markets,CMC Markets,Austria,cmcmarkets.com,http://www.cmcmarkets.com/,Financial Services,"501-1,000 employees",,,1989,,,2026-05-17T22:32:50Z,2026-05-17T22:33:30Z
1515,https://www.linkedin.com/company/advantageaustria,ADVANTAGE AUSTRIA,Austria,advantageaustria.org,https://www.advantageaustria.org,International Trade and Development,"501-1,000 employees",,,,,,2026-05-17T22:34:23Z,2026-05-17T22:35:01Z
1516,https://www.linkedin.com/company/alantra,Alantra,Austria,alantra.com,http://www.alantra.com,Financial Services,"501-1,000 employees","Madrid, Community of Madrid",,2001,,,2026-05-17T22:35:47Z,2026-05-17T22:36:26Z
1517,https://www.linkedin.com/company/trustpayments,Trust Payments,Austria,trustpayments.com,https://www.trustpayments.com,Financial Services,"501-1,000 employees","London, England",,1997,,,2026-05-17T22:37:08Z,2026-05-17T22:37:48Z
1518,https://www.linkedin.com/company/bitpanda-enterprise,Bitpanda Enterprise,Austria,bitpandaenterprise.com,https://www.bitpandaenterprise.com/en,Financial Services,"501-1,000 employees","Vienna, Vienna",,2014,,,2026-05-17T22:38:49Z,2026-05-17T22:39:31Z
1519,https://www.linkedin.com/company/dcadvisory,DC Advisory,Austria,dcadvisory.com,http://www.dcadvisory.com,Investment Banking,"501-1,000 employees",,,,,,2026-05-17T22:40:25Z,2026-05-17T22:41:06Z
1520,https://www.linkedin.com/company/unfcu,UNFCU,Austria,unfcu.org,http://www.unfcu.org,Financial Services,"501-1,000 employees","Long Island City, NY",,1947,,,2026-05-17T22:41:55Z,2026-05-17T22:42:36Z
1521,https://www.linkedin.com/company/bitpanda,Bitpanda,Austria,bitpanda.com,https://www.bitpanda.com,Financial Services,"501-1,000 employees","Vienna, Vienna",,2014,,,2026-05-17T22:43:19Z,2026-05-17T22:44:03Z
1522,https://www.linkedin.com/company/goldensource,GoldenSource,Austria,thegoldensource.com,https://www.thegoldensource.com,Financial Services,"501-1,000 employees","New York, NY",,,,,2026-05-17T22:45:03Z,2026-05-17T22:45:46Z
1523,https://www.linkedin.com/company/aussenwirtschaft-austria,AUSSENWIRTSCHAFT AUSTRIA,Austria,wko.at,https://www.wko.at/service/aussenwirtschaft/start.html?shorturl=wkoat_aussenwirtschaft,International Trade and Development,"501-1,000 employees",,,1946,,,2026-05-17T22:46:25Z,2026-05-17T22:47:05Z
1524,https://www.linkedin.com/company/rustler-gruppe,Rustler Gruppe,Austria,rustler.eu,http://www.rustler.eu,Real Estate,"501-1,000 employees",,,1935,,,2026-05-17T22:47:50Z,2026-05-17T22:48:28Z
1525,https://www.linkedin.com/company/reanetwork,REA Network,Austria,rea.network,https://rea.network/,Real Estate,"501-1,000 employees",,,2025,,,2026-05-17T22:49:16Z,2026-05-17T22:49:55Z
1526,https://www.linkedin.com/company/ctp-invest,CTP,Austria,ctp.eu,http://www.ctp.eu,Real Estate,"501-1,000 employees","Amsterdam, North Holland",,1998,,,2026-05-17T22:50:48Z,2026-05-17T22:51:26Z
1527,https://www.linkedin.com/company/%C3%B6sterreichisches-siedlungswerk-gemeinn%C3%BCtzige-wohnungsaktiengesellschaft,ÖSW Konzern (Österreichisches Siedlungswerk Gemeinnützige Wohnungsaktiengesellschaft),Austria,oesw-konzern.at,http://www.oesw-konzern.at/,Real Estate,"501-1,000 employees",,,1949,,,2026-05-17T22:52:10Z,2026-05-17T22:52:50Z
1528,https://www.linkedin.com/company/remaxaustria,REMAX Austria,Austria,remax.at,https://www.remax.at,Real Estate,"501-1,000 employees",,,1999,,,2026-05-17T22:53:42Z,2026-05-17T22:54:25Z
1529,https://www.linkedin.com/company/mcmakler-gmbh,McMakler,Austria,mcmakler.de,http://www.mcmakler.de,Real Estate,"501-1,000 employees",,,2015,,,2026-05-17T22:55:10Z,2026-05-17T22:55:53Z
1530,https://www.linkedin.com/company/remax-millennium,Remax Millennium -Vienna,Austria,remax.at,http://www.remax.at,Real Estate,"501-1,000 employees","Wien, Vienna",,2015,,,2026-05-17T22:56:43Z,2026-05-17T22:57:26Z
1531,https://www.linkedin.com/company/apleona-real-estate-management,Apleona Real Estate Management,Austria,realestate.apleona.com,https://realestate.apleona.com/,Real Estate,"501-1,000 employees","Neu-Isenburg, Hessen",,1968,,,2026-05-17T22:58:10Z,2026-05-17T22:58:53Z
1532,https://www.linkedin.com/company/blueground-co,Blueground,Austria,theblueground.com,https://www.theblueground.com/,Real Estate,"501-1,000 employees",,,2013,,,2026-05-17T22:59:42Z,2026-05-17T23:00:21Z
1533,https://www.linkedin.com/company/smartlivinglodge,smart living lodge - list smart results,Austria,list-smart-results.at,https://www.list-smart-results.at/projects/smart-living-lodges/,Real Estate,"501-1,000 employees","Edlitz-Thomasberg, Niederösterreich",,,,,2026-05-17T23:01:07Z,2026-05-17T23:01:49Z
1534,https://www.linkedin.com/company/soth-gmbh,SOTH GmbH,Austria,soth-gold.com,http://www.soth-gold.com/en,Investment Banking,"501-1,000 employees",,,2012,,,2026-05-17T23:02:30Z,2026-05-17T23:03:13Z
1535,https://www.linkedin.com/company/bemo-tunnelling,BEMO Tunnelling,Austria,bemo.net,http://www.bemo.net,Construction,"501-1,000 employees","Innsbruck, Tirol",,1964,,,2026-05-17T23:03:58Z,2026-05-17T23:04:41Z
1536,https://www.linkedin.com/company/stobag-ag,STOBAG AG,Austria,stobag.com,www.stobag.com,Construction,"501-1,000 employees",,,1964,,,2026-05-17T23:05:27Z,2026-05-17T23:06:09Z
1537,https://www.linkedin.com/company/mageba-sa,mageba group,Austria,mageba-group.com,https://www.mageba-group.com,Civil Engineering,"501-1,000 employees","Bülach, Zurich",,1963,,,2026-05-17T23:06:59Z,2026-05-17T23:07:42Z
1538,https://www.linkedin.com/company/rhomberg-gruppe,Rhomberg Bau Gruppe,Austria,rhomberg.com,https://www.rhomberg.com,Construction,"501-1,000 employees","Bregenz, Vorarlberg",,1886,,,2026-05-17T23:08:29Z,2026-05-17T23:09:08Z
1539,https://www.linkedin.com/company/staticus,Staticus,Austria,staticus.com,http://www.staticus.com,Construction,"501-1,000 employees",,,2003,,,2026-05-17T23:09:50Z,2026-05-17T23:10:36Z
1540,https://www.linkedin.com/company/rubner,Rubner Timber Engineering,Austria,rubner.com,http://www.rubner.com/holzbau,Construction,"501-1,000 employees","Kiens, Trentino-Südtirol",,1974,,,2026-05-17T23:11:28Z,2026-05-17T23:12:09Z
1541,https://www.linkedin.com/company/max-frank-group,MAX FRANK Group,Austria,maxfrank.com,http://www.maxfrank.com/,Construction,"501-1,000 employees","Leiblfing, Bayern",,1962,,,2026-05-17T23:12:56Z,2026-05-17T23:13:39Z
1542,https://www.linkedin.com/company/hitzler-ingenieure,Hitzler Ingenieure,Austria,hitzler-ingenieure.de,http://www.hitzler-ingenieure.de,Construction,"501-1,000 employees","Munich, Bavaria",,1997,,,2026-05-17T23:14:31Z,2026-05-17T23:15:12Z
1543,https://www.linkedin.com/company/meva-formwork-systems,MEVA Formwork Systems,Austria,meva.net,http://www.meva.net,Construction,"501-1,000 employees","Haiterbach, Baden-Württemberg",,1970,,,2026-05-17T23:15:57Z,2026-05-17T23:16:40Z
1544,https://www.linkedin.com/company/seelegroup,seele,Austria,seele.com,https://seele.com/legal-notice,Construction,"501-1,000 employees","Gersthofen, Bayern",,1984,,,2026-05-17T23:17:31Z,2026-05-17T23:18:11Z
1545,https://www.linkedin.com/company/evva-sicherheitstechnologie-gmbh,EVVA Sicherheitstechnologie GmbH,Austria,evva.com,http://www.evva.com,Wholesale Building Materials,"501-1,000 employees","Wien, Österreich",,1919,,,2026-05-17T23:18:59Z,2026-05-17T23:19:39Z
1546,https://www.linkedin.com/company/raiffeisen-lagerhaus-gmbh,Raiffeisen Lagerhaus GmbH,Austria,lagerhaus.at,http://lagerhaus.at/rlg,Wholesale Building Materials,"501-1,000 employees",,,,,,2026-05-17T23:20:27Z,2026-05-17T23:21:07Z
1547,https://www.linkedin.com/company/dormakabaat,dormakaba Austria,Austria,dormakaba.at,http://www.dormakaba.at,Wholesale Building Materials,"501-1,000 employees","Herzogenburg, Niederösterreich",,,,,2026-05-17T23:21:56Z,2026-05-17T23:22:33Z
1548,https://www.linkedin.com/company/wienerberger-oesterreich,wienerberger Österreich,Austria,wienerberger.at,http://www.wienerberger.at,Wholesale Building Materials,"501-1,000 employees","Wien, Wien",,1819,,,2026-05-17T23:23:19Z,2026-05-17T23:24:04Z
1549,https://www.linkedin.com/company/baumit-austria,Baumit Austria,Austria,baumit.com,http://www.baumit.com,Wholesale Building Materials,"501-1,000 employees","Waldegg, Niederösterreich",,1911,,,2026-05-17T23:24:49Z,2026-05-17T23:25:29Z
1550,https://www.linkedin.com/company/wietersdorfer-alpacem-gmbh,Alpacem,Austria,alpacem.com,https://alpacem.com/,Wholesale Building Materials,"501-1,000 employees","Klein Sankt Paul, Carinthia",,,,,2026-05-17T23:26:14Z,2026-05-17T23:26:58Z
1551,https://www.linkedin.com/company/franz-oberndorfer-gmbh-&-co-kg,OBERNDORFER Betonfertigteile,Austria,oberndorfer.at,http://www.oberndorfer.at,Wholesale Building Materials,"501-1,000 employees","Gunskirchen, Oberösterreich",,,,,2026-05-17T23:27:43Z,2026-05-17T23:28:21Z
1552,https://www.linkedin.com/company/solarluxgmbh,Solarlux,Austria,solarlux.com,http://www.solarlux.com,Wholesale Building Materials,"501-1,000 employees","Melle, Niedersachsen",,1983,,,2026-05-17T23:29:04Z,2026-05-17T23:29:44Z
1553,https://www.linkedin.com/company/prefa-group,PREFA Group,Austria,prefa.com,https://www.prefa.com,Wholesale Building Materials,"501-1,000 employees",,,1946,,,2026-05-17T23:30:40Z,2026-05-17T23:31:23Z
1554,https://www.linkedin.com/company/ecophon-deutschland,Saint-Gobain Ecophon DACH,Austria,ecophon.com,https://www.ecophon.com,Wholesale Building Materials,"501-1,000 employees","Hyllinge, Schonen",,,,,2026-05-17T23:32:14Z,2026-05-17T23:32:53Z
1555,https://www.linkedin.com/company/silent-gliss-dach,Silent Gliss DACH,Austria,silentgliss.ch,https://www.silentgliss.ch/,Architecture and Planning,"501-1,000 employees",,,1952,,,2026-05-17T23:33:42Z,2026-05-17T23:34:25Z
1556,https://www.linkedin.com/company/schlotterer-sonnenschutz-systeme-gmbh,Schlotterer Sonnenschutz Systeme GmbH,Austria,schlotterer.com,https://www.schlotterer.com/de/,Architecture and Planning,"501-1,000 employees","Adnet, Salzburg, Salzburg",,1976,,,2026-05-17T23:35:14Z,2026-05-17T23:35:57Z
1557,https://www.linkedin.com/company/visioo,ViSIOO,Austria,visioo.at,http://visioo.at,Architecture and Planning,"501-1,000 employees",,,,,,2026-05-17T23:36:45Z,2026-05-17T23:37:27Z
1558,https://www.linkedin.com/company/kainer-innenausbau,Kainer Innenausbau,Austria,kainer-trockenausbau.at,http://kainer-trockenausbau.at,Architecture and Planning,"501-1,000 employees",,,,,,2026-05-17T23:38:03Z,2026-05-17T23:38:45Z
1559,https://www.linkedin.com/company/zentralvereinigung-der-architekt-innen-%C3%B6sterreichs,Zentralvereinigung der Architekt:innen Österreichs,Austria,zv-architekten.at,www.zv-architekten.at,Architecture and Planning,"501-1,000 employees","Vienna, Wien",,1907,,,2026-05-17T23:39:37Z,2026-05-17T23:40:19Z
1560,https://www.linkedin.com/company/test-fuchs,TEST-FUCHS,Austria,test-fuchs.com,https://www.test-fuchs.com,Aviation and Aerospace Component Manufacturing,"501-1,000 employees","Groß-Siegharts, Lower Austria",,1946,,,2026-05-17T23:41:06Z,2026-05-17T23:41:47Z
1561,https://www.linkedin.com/company/austro-control,Austro Control,Austria,austrocontrol.at,http://www.austrocontrol.at,Aviation & Aerospace,"501-1,000 employees",,,1994,,,2026-05-17T23:42:38Z,2026-05-17T23:43:21Z
1562,https://www.linkedin.com/company/diamond-aircraft,Diamond Aircraft,Austria,diamondaircraft.com,http://www.diamondaircraft.com/,Aviation and Aerospace Component Manufacturing,"501-1,000 employees","Wiener Neustadt, Lower Austria",,1981,,,2026-05-17T23:44:11Z,2026-05-17T23:44:53Z
1563,https://www.linkedin.com/company/mercedes-benz-g-klasse,Mercedes-Benz G GmbH,Austria,mercedes-benz-g.at,https://www.mercedes-benz-g.at/unternehmen/,Motor Vehicle Manufacturing,"501-1,000 employees",,,1981,,,2026-05-17T23:45:38Z,2026-05-17T23:46:20Z
1564,https://www.linkedin.com/company/emplgroup,EMPL Fahrzeugwerk,Austria,empl.at,https://www.empl.at,Motor Vehicle Manufacturing,"501-1,000 employees","Kaltenbach, Tirol",,1948,,,2026-05-17T23:47:08Z,2026-05-17T23:47:51Z
1565,https://www.linkedin.com/company/steyr-automotive-gmbh,Steyr Automotive GmbH,Austria,steyr-automotive.com,https://steyr-automotive.com/,Motor Vehicle Manufacturing,"501-1,000 employees","Steyr, Upper Austria",,,,,2026-05-17T23:48:32Z,2026-05-17T23:49:14Z
1566,https://www.linkedin.com/company/hofer-powertrain,hofer powertrain,Austria,hoferpowertrain.com,http://www.hoferpowertrain.com,Automotive,"501-1,000 employees","Nürtingen, Baden-Württemberg",,1980,,,2026-05-17T23:50:03Z,2026-05-17T23:50:46Z
1567,https://www.linkedin.com/company/weareksengineers,KS ENGINEERS,Austria,ksengineers.com,http://www.ksengineers.com,Motor Vehicle Manufacturing,"501-1,000 employees","Graz, Steiermark",,1972,,,2026-05-17T23:51:35Z,2026-05-17T23:52:15Z
1568,https://www.linkedin.com/company/marecon-management-&-research,MAGNA Powertrain / Engineering Center Steyr GmbH & Co KG,Austria,engineering.mpt.magna.com,engineering.mpt.magna.com,Motor Vehicle Manufacturing,"501-1,000 employees","Sankt Valentin, Lower Austria",,,,,2026-05-17T23:53:06Z,2026-05-17T23:53:52Z
1569,https://www.linkedin.com/company/wollsdorf-leather,Wollsdorf Leather,Austria,wollsdorf.com,http://www.wollsdorf.com,Motor Vehicle Manufacturing,"501-1,000 employees","Wollsdorf, Steiermark",,1936,,,2026-05-17T23:54:40Z,2026-05-17T23:55:20Z
1570,https://www.linkedin.com/company/henn-industrial-group,HENN Connector Group,Austria,henn-group.com,http://www.henn-group.com,Automotive,"501-1,000 employees","Dornbirn, Vorarlberg",,2011,,,2026-05-17T23:56:09Z,2026-05-17T23:56:48Z
1571,https://www.linkedin.com/company/alcar-group,ALCAR Group,Austria,alcar-wheels.com,https://www.alcar-wheels.com/EN/,Motor Vehicle Manufacturing,"501-1,000 employees","Hirtenberg, Österreich",,1984,,,2026-05-17T23:57:41Z,2026-05-17T23:58:23Z
1572,https://www.linkedin.com/company/biosynth,Biosynth,Austria,biosynth.com,https://www.biosynth.com,Pharmaceutical Manufacturing,"501-1,000 employees","Staad, St. Gallen",,1966,,,2026-05-17T23:59:17Z,2026-05-17T23:59:59Z
1573,https://www.linkedin.com/company/aop-health,AOP Health,Austria,aop-health.com,http://www.aop-health.com,Pharmaceutical Manufacturing,"501-1,000 employees",,,,,,2026-05-18T00:00:43Z,2026-05-18T00:01:25Z
1574,https://www.linkedin.com/company/octapharma-fr,Octapharma France,Austria,octapharma.fr,https://www.octapharma.fr/,Pharmaceutical Manufacturing,"501-1,000 employees","Lingolsheim, Alsace",,1983,,,2026-05-18T00:02:11Z,2026-05-18T00:02:52Z
1575,https://www.linkedin.com/company/ringana,RINGANA,Austria,ringana.com,https://www.ringana.com/,Personal Care Product Manufacturing,"501-1,000 employees","St. Johann in der Haide, Steiermark",,1996,,,2026-05-18T00:03:45Z,2026-05-18T00:04:27Z
1576,https://www.linkedin.com/company/croma-pharma,Croma-Pharma,Austria,cromapharma.com,http://www.cromapharma.com,Pharmaceutical Manufacturing,"501-1,000 employees","Leobendorf, Niederösterreich",,,,,2026-05-18T00:05:08Z,2026-05-18T00:05:48Z
1577,https://www.linkedin.com/company/advanz-pharma,ADVANZ PHARMA,Austria,advanzpharma.com,https://www.advanzpharma.com,Pharmaceutical Manufacturing,"501-1,000 employees","London, England",,,,,2026-05-18T00:06:39Z,2026-05-18T00:07:20Z
1578,https://www.linkedin.com/company/ellab,Ellab,Austria,ellab.com,https://www.ellab.com,Pharmaceutical Manufacturing,"501-1,000 employees",,,1949,,,2026-05-18T00:08:14Z,2026-05-18T00:08:54Z
1579,https://www.linkedin.com/company/hermes-schleifmittel-gmbh-&-co-kg,Hermes Abrasives,Austria,hermes-abrasives.com,http://www.hermes-abrasives.com,Chemical Manufacturing,"501-1,000 employees","Bad Sankt Leonhard im Lavanttal, Carinthia",,1927,,,2026-05-18T00:09:38Z,2026-05-18T00:10:17Z
1580,https://www.linkedin.com/company/msd-oesterreich,MSD Österreich,Austria,msd.at,https://www.msd.at/,Pharmaceutical Manufacturing,"501-1,000 employees",,,1891,,,2026-05-18T00:11:12Z,2026-05-18T00:11:53Z
1581,https://www.linkedin.com/company/nordmannglobal,Nordmann,Austria,nordmann.global,http://www.nordmann.global,Chemical Manufacturing,"501-1,000 employees","Hamburg, Hamburg",,1912,,,2026-05-18T00:12:44Z,2026-05-18T00:13:25Z
1582,https://www.linkedin.com/company/poerner-ingenieurgesellschaft-mbh,Pörner Ingenieurgesellschaft mbH,Austria,poerner.at,http://www.poerner.at,Oil and Gas,"501-1,000 employees",,,1972,,,2026-05-18T00:14:10Z,2026-05-18T00:14:51Z
1583,https://www.linkedin.com/company/central-national-division,Central National,Austria,cndivision.com,https://cndivision.com/,Paper and Forest Product Manufacturing,"501-1,000 employees","Purchase, Purchase, NY",,1886,,,2026-05-18T00:15:41Z,2026-05-18T00:16:21Z
1584,https://www.linkedin.com/company/waldgeschichten,Waldgeschichten,Austria,waldgeschichten.com,https://www.waldgeschichten.com,Paper and Forest Product Manufacturing,"501-1,000 employees",,,,,,2026-05-18T00:17:10Z,2026-05-18T00:17:49Z
1585,https://www.linkedin.com/company/steyrermuehl-ag,Steyrermuehl AG,Austria,,,Paper and Forest Product Manufacturing,"501-1,000 employees",,,,,,2026-05-18T00:18:25Z,2026-05-18T00:19:08Z
1586,https://www.linkedin.com/company/welde-the-wood-company,Welde - The Wood Company,Austria,welde.at,http://www.welde.at,Paper and Forest Product Manufacturing,"501-1,000 employees",,,1989,,,2026-05-18T00:19:57Z,2026-05-18T00:20:38Z
1587,https://www.linkedin.com/company/mare-uk-ltd,Mare Ltd,Austria,mare.com,http://www.mare.com,Paper and Forest Product Manufacturing,"501-1,000 employees","Kendal, Cumbria",,1979,,,2026-05-18T00:21:23Z,2026-05-18T00:22:09Z
1588,https://www.linkedin.com/company/heinzelpaper,heinzelpaper,Austria,heinzelpaper.com,http://heinzelpaper.com,Paper and Forest Product Manufacturing,"501-1,000 employees","Laakirchen, Upper Austria",,1867,,,2026-05-18T00:22:48Z,2026-05-18T00:23:27Z
1589,https://www.linkedin.com/company/n%C3%B6m,NÖM,Austria,noem.at,https://www.noem.at/de/,Dairy Product Manufacturing,"501-1,000 employees","Baden , Niederösterreich",,1898,,,2026-05-18T19:13:43Z,2026-05-18T19:14:29Z
1590,https://www.linkedin.com/company/chemistry-tuw,"Faculty of Technical Chemistry, TU Wien",Austria,tuwien.at,https://www.tuwien.at/tch,Higher Education,"501-1,000 employees","Vienna, Wien",,,,,2026-05-18T19:15:24Z,2026-05-18T19:16:03Z
1591,https://www.linkedin.com/company/uxqcc,UXQCC - User Experience Quality Certification Center,Austria,uxqcc.com,https://www.uxqcc.com,Education Administration Programs,"501-1,000 employees","Graz, Styria",,2018,,,2026-05-18T19:16:55Z,2026-05-18T19:17:37Z
1592,https://www.linkedin.com/company/multiple-sklerose-gesellschaft-%C3%B6sterreich,TanzYoga,Austria,,,Education Administration Programs,"501-1,000 employees",,,1982,,,2026-05-18T19:18:19Z,2026-05-18T19:19:03Z
1593,https://www.linkedin.com/company/pbeb,Plattform Erwachsenenbildung - platform life-long learning,Austria,plattform-erwachsenenbildung.at,https://plattform-erwachsenenbildung.at/,Education Administration Programs,"501-1,000 employees","Wien, Wien",,2007,,,2026-05-18T19:19:47Z,2026-05-18T19:20:30Z
1594,https://www.linkedin.com/company/aspidoo,aspidoo,Austria,aspidoo.com,http://www.aspidoo.com,Education Administration Programs,"501-1,000 employees",,,2016,,,2026-05-18T19:21:16Z,2026-05-18T19:21:57Z
1595,https://www.linkedin.com/company/froelingbiomass,Fröling Heizkessel und Behälterbau GmbH,Austria,,,Renewable Energy Semiconductor Manufacturing,"501-1,000 employees",,,,,,2026-05-18T19:22:33Z,2026-05-18T19:23:12Z
1596,https://www.linkedin.com/company/aacd2023,AACD 2023,Austria,mbtechnoservices.com,https://www.mbtechnoservices.com/aacd23,Semiconductor Manufacturing,"501-1,000 employees","Villach, Carinthia",,2023,,,2026-05-18T19:23:47Z,2026-05-18T19:24:26Z
1597,https://www.linkedin.com/company/novelanoesterreich,NOVELAN Österreich,Austria,novelan.at,https://www.novelan.at,Renewable Energy Semiconductor Manufacturing,"501-1,000 employees","Wiener Neudorf, Niederösterreich",,,,,2026-05-18T19:25:14Z,2026-05-18T19:25:55Z
1598,https://www.linkedin.com/company/silica-an-avnet-company,Avnet Silica,Austria,avnet-silica.com,http://www.avnet-silica.com,Semiconductor Manufacturing,"501-1,000 employees",,,2001,,,2026-05-18T19:26:38Z,2026-05-18T19:27:15Z
1599,https://www.linkedin.com/company/hargassner,HARGASSNER Ges mbH,Austria,hargassner.com,https://www.hargassner.com,Renewable Energy Semiconductor Manufacturing,"501-1,000 employees","Weng, Oberösterreich",,1984,,,2026-05-18T19:28:03Z,2026-05-18T19:28:51Z
1600,https://www.linkedin.com/company/krannich-solar-austria,Krannich Solar Austria,Austria,krannich-solar.com,https://krannich-solar.com/at-de/,Renewable Energy Semiconductor Manufacturing,"501-1,000 employees","Wels, Upper Austria",,1995,,,2026-05-18T19:29:36Z,2026-05-18T19:30:15Z
1601,https://www.linkedin.com/company/amsc-windtec,AMSC Windtec,Austria,amsc-windtec.com,http://www.amsc-windtec.com/,Renewable Energy Semiconductor Manufacturing,"501-1,000 employees",,,1995,,,2026-05-18T19:31:05Z,2026-05-18T19:31:47Z
1602,https://www.linkedin.com/company/alphainnotecoesterreich,alpha innotec Österreich,Austria,alpha-innotec.at,http://www.alpha-innotec.at,Renewable Energy Semiconductor Manufacturing,"501-1,000 employees","Wiener Neudorf, Niederösterreich",,1998,,,2026-05-18T19:32:33Z,2026-05-18T19:33:15Z
1603,https://www.linkedin.com/company/idm-energiesysteme-gmbh,iDM Energiesysteme GmbH,Austria,idm-energie.at,https://www.idm-energie.at/,Renewable Energy Semiconductor Manufacturing,"501-1,000 employees","Matrei, East Tyrol",,1977,,,2026-05-18T19:33:57Z,2026-05-18T19:34:43Z
1604,https://www.linkedin.com/company/milizverband,MILIZVERBAND ÖSTERREICH,Austria,milizverband.at,https://www.milizverband.at,Public Safety,"501-1,000 employees",,,2019,,,2026-05-18T19:35:37Z,2026-05-18T19:36:18Z
1605,https://www.linkedin.com/company/f-m-a-,FMA Finanzmarktaufsicht Österreich,Austria,fma.gv.at,https://www.fma.gv.at/de/startseite.html,Government Administration,"501-1,000 employees","Wien, Wien",,2002,,,2026-05-18T19:37:11Z,2026-05-18T19:37:50Z
1606,https://www.linkedin.com/company/bundesministerium-f-r-arbeit-soziales-gesundheit-pflege-und-konsumentenschutz,"Bundesministerium für Arbeit, Soziales, Gesundheit, Pflege und Konsumentenschutz",Austria,sozialministerium.gv.at,https://www.sozialministerium.gv.at,Government Administration,"501-1,000 employees","Wien, Wien",,,,,2026-05-18T19:38:42Z,2026-05-18T19:39:23Z
1607,https://www.linkedin.com/company/bundeskriminalamt-%C3%B6sterreich,Bundeskriminalamt Österreich,Austria,bundeskriminalamt.at,www.bundeskriminalamt.at,Government Administration,"501-1,000 employees","Vienna, Wien",,2002,,,2026-05-18T19:40:14Z,2026-05-18T19:40:57Z
1608,https://www.linkedin.com/company/icmpd,International Centre for Migration Policy Development (ICMPD),Austria,icmpd.org,https://www.icmpd.org,International Affairs,"501-1,000 employees",,,1993,,,2026-05-18T19:41:45Z,2026-05-18T19:42:30Z
1609,https://www.linkedin.com/company/statistics-austria,STATISTICS AUSTRIA,Austria,statistik.at,www.statistik.at,Government Administration,"501-1,000 employees","Wien, Wien",,,,,2026-05-18T19:43:22Z,2026-05-18T19:44:06Z
1610,https://www.linkedin.com/company/mobilitaetsministerium,"Bundesministerium für Innovation, Mobilität und Infrastruktur",Austria,bmimi.gv.at,https://www.bmimi.gv.at,Government Administration,"501-1,000 employees","Wien, Wien",,1955,,,2026-05-18T19:44:51Z,2026-05-18T19:45:34Z
1611,https://www.linkedin.com/company/bmwetgvat,"Federal Ministry of Economy, Energy and Tourism",Austria,bmwet.gv.at,https://bmwet.gv.at,Government Administration,"501-1,000 employees",,,,,,2026-05-18T19:46:25Z,2026-05-18T19:47:06Z
1612,https://www.linkedin.com/company/magistrat-villach,Stadtmarketing Villach/Medien -und Öffentlichkeitsarbeit,Austria,villach.at,http://www.villach.at,Executive Offices,"501-1,000 employees",,,2001,,,2026-05-18T19:48:05Z,2026-05-18T19:48:47Z
1613,https://www.linkedin.com/company/landeshauptstadt-bregenz,Landeshauptstadt Bregenz,Austria,bregenz.gv.at,https://www.bregenz.gv.at/,Executive Offices,"501-1,000 employees","Bregenz, Vorarlberg",,1923,,,2026-05-18T19:49:26Z,2026-05-18T19:50:10Z
1614,https://www.linkedin.com/company/tele.ring-telekom-service-gmbh,tele.ring Telekom Service GmbH,Austria,,,Telecommunications,"501-1,000 employees",,,,,,2026-05-18T19:50:52Z,2026-05-18T19:51:32Z
1615,https://www.linkedin.com/company/nfon-dach,NFON DACH,Austria,nfon.com,https://www.nfon.com/de/,Telecommunications,"501-1,000 employees","Munich, Bavaria",,2007,,,2026-05-18T19:52:20Z,2026-05-18T19:53:05Z
1616,https://www.linkedin.com/company/kontron-transportation,Kontron Transportation,Austria,kontron.com,https://www.kontron.com/ktrdn,Telecommunications,"501-1,000 employees",,,,,,2026-05-18T19:53:42Z,2026-05-18T19:54:20Z
1617,https://www.linkedin.com/company/telekom,Deutsche Telekom,Austria,telekom.com,https://www.telekom.com/careers,Telecommunications,"10,001+ employees","Bonn, Germany",,,,,2026-05-18T19:55:12Z,2026-05-18T19:55:53Z
1618,https://www.linkedin.com/company/linkmobility-group,LINK Mobility,Austria,linkmobility.com,https://www.linkmobility.com/,Telecommunications,"501-1,000 employees",,,2000,,,2026-05-18T19:56:42Z,2026-05-18T19:57:22Z
1619,https://www.linkedin.com/company/i-new-solutions,i-new | Compax MVNx Solutions,Austria,i-new.com,https://www.i-new.com,Telecommunications,"501-1,000 employees",,,2004,,,2026-05-18T19:58:08Z,2026-05-18T19:58:50Z
1620,https://www.linkedin.com/company/spinner-group,SPINNER Group,Austria,spinner-group.com,http://www.spinner-group.com,Wireless Services,"501-1,000 employees",,,1946,,,2026-05-18T19:59:36Z,2026-05-18T20:00:16Z
1621,https://www.linkedin.com/company/tait-communications,Tait Communications,Austria,taitcommunications.com,https://taitcommunications.com/,Telecommunications,"501-1,000 employees","Christchurch, Canterbury",,1969,,,2026-05-18T20:01:01Z,2026-05-18T20:01:39Z
1622,https://www.linkedin.com/company/futurezone-at,futurezone.at TECHNOLOGY NEWS,Austria,futurezone.at,http://www.futurezone.at,Online Media,"501-1,000 employees",,,2011,,,2026-05-18T20:02:31Z,2026-05-18T20:03:10Z
1623,https://www.linkedin.com/company/newperspectives-group,N+P Group,Austria,npgroup.com,http://www.npgroup.com,Environmental Services,"501-1,000 employees","Nieuw Bergen, Nederland",,1993,,,2026-05-18T20:03:54Z,2026-05-18T20:04:35Z
1624,https://www.linkedin.com/company/climate-partner-inc-,ClimatePartner,Austria,climatepartner.com,https://www.climatepartner.com,Environmental Services,"501-1,000 employees","München, Bayern",,2006,,,2026-05-18T20:05:16Z,2026-05-18T20:05:54Z
1625,https://www.linkedin.com/company/%C3%B6sterreichische-bundesforste-ag,Österreichische Bundesforste AG,Austria,bundesforste.at,http://www.bundesforste.at,Environmental Services,"501-1,000 employees",,,,,,2026-05-18T20:06:39Z,2026-05-18T20:07:22Z
1626,https://www.linkedin.com/company/umweltbundesamt,Umweltbundesamt - Environment Agency Austria,Austria,umweltbundesamt.at,http://www.umweltbundesamt.at,Environmental Services,"501-1,000 employees",,,1985,,,2026-05-18T20:08:08Z,2026-05-18T20:08:52Z
1627,https://www.linkedin.com/company/geosphereaustria,GeoSphere Austria,Austria,geosphere.at,https://geosphere.at,Environmental Services,"501-1,000 employees",,,2023,,,2026-05-18T20:09:43Z,2026-05-18T20:10:25Z
1628,https://www.linkedin.com/company/socotec-kampfmittelbergung,SOCOTEC Kampfmittelbergung,Austria,socotec.de,https://www.socotec.de/socotec-kampfmittelbergung,Environmental Services,"501-1,000 employees",,,,,,2026-05-18T20:11:18Z,2026-05-18T20:12:01Z
1629,https://www.linkedin.com/company/ovivo,Ovivo,Austria,ovivowater.com,http://www.ovivowater.com,Environmental Services,"501-1,000 employees","Montreal, Quebec",,2010,,,2026-05-18T20:12:42Z,2026-05-18T20:13:22Z
1630,https://www.linkedin.com/company/belfor-austria-gmbh,BELFOR Austria GmbH,Austria,belfor.com,https://www.belfor.com/de/at,Environmental Services,"501-1,000 employees",,,,,,2026-05-18T20:14:27Z,2026-05-18T20:15:10Z
1631,https://www.linkedin.com/company/neovac,NeoVac,Austria,neovac.ch,http://www.neovac.ch,Environmental Services,"501-1,000 employees","Oberriet, Sankt Gallen",,1971,,,2026-05-18T20:15:51Z,2026-05-18T20:16:35Z
1632,https://www.linkedin.com/company/seda-umzug,Seda Umzug,Austria,seda-umzug.at,http://seda-umzug.at,Freight and Package Transportation,"501-1,000 employees",,,,,,2026-05-18T20:17:18Z,2026-05-18T20:18:00Z
1633,https://www.linkedin.com/company/wien-work-integrative-betriebe-und-ausbildungsgmbh,Wien Work Integrative Betriebe und AusbildungsgmbH,Austria,wienwork.at,http://www.WienWork.at,Civic and Social Organizations,"501-1,000 employees",,,1981,,,2026-05-18T20:18:53Z,2026-05-18T20:19:34Z
1634,https://www.linkedin.com/company/mosaik-stmk,Mosaik GmbH,Austria,mosaik-web.org,http://www.mosaik-web.org/,Civic and Social Organizations,"501-1,000 employees","Graz, Steiermark",,,,,2026-05-18T20:20:26Z,2026-05-18T20:21:07Z
1635,https://www.linkedin.com/company/arbeiterkammer-wien,Arbeiterkammer Wien,Austria,wien.arbeiterkammer.at,http://wien.arbeiterkammer.at,Political Organizations,"501-1,000 employees",,,,,,2026-05-18T20:21:53Z,2026-05-18T20:22:34Z
1636,https://www.linkedin.com/company/wiener-hilfswerk,Wiener Hilfswerk,Austria,wiener.hilfswerk.at,http://www.wiener.hilfswerk.at,Civic and Social Organizations,"501-1,000 employees","Vienna, Vienna",,1947,,,2026-05-18T20:23:19Z,2026-05-18T20:24:00Z
1637,https://www.linkedin.com/company/schuelerunion,Schülerunion Österreich,Austria,schuelerunion.at,http://www.schuelerunion.at,Political Organizations,"501-1,000 employees","Vienna, Vienna",,1973,,,2026-05-18T20:24:44Z,2026-05-18T20:25:24Z
1638,https://www.linkedin.com/company/vinziwerke,VinziWerke Austria,Austria,vinzi.at,http://www.vinzi.at/,Civic and Social Organizations,"501-1,000 employees","Graz, Styria",,1990,,,2026-05-18T20:26:15Z,2026-05-18T20:27:00Z
1639,https://www.linkedin.com/company/women-in-nuclear-europe,WiN Europe,Austria,win-global.org,https://win-global.org/chapter/europa/,Civic and Social Organizations,"501-1,000 employees","Vienna, Austria",,2010,,,2026-05-18T20:27:57Z,2026-05-18T20:28:39Z
1640,https://www.linkedin.com/company/%C3%B6jab,ÖJAB – Österreichische JungArbeiterBewegung / Austrian Young Workers Movement,Austria,oejab.at,http://www.oejab.at,Civic and Social Organizations,"501-1,000 employees",,,1946,,,2026-05-18T20:29:19Z,2026-05-18T20:29:55Z
1641,https://www.linkedin.com/company/kinderbetreuung-vorarlberg-gemeinn%C3%BCtzige-gmbh,Kinderbetreuung Vorarlberg gGmbH,Austria,kinderbetreuung-vorarlberg.at,https://www.kinderbetreuung-vorarlberg.at/,Civic and Social Organizations,"501-1,000 employees","Feldkirch, Vorarlberg",,1993,,,2026-05-18T20:30:41Z,2026-05-18T20:31:22Z
1642,https://www.linkedin.com/company/concordia-sozialprojekte,CONCORDIA Social Projects,Austria,concordia.or.at,https://www.concordia.or.at,Civic and Social Organizations,"501-1,000 employees",,,1991,,,2026-05-18T20:32:03Z,2026-05-18T20:32:44Z
1643,https://www.linkedin.com/company/jesuiten,Jesuits in Central Europe,Austria,jesuiten.org,https://www.jesuiten.org,Religious Institutions,"501-1,000 employees",,,1540,,,2026-05-18T20:33:32Z,2026-05-18T20:34:13Z
1644,https://www.linkedin.com/company/oryx-assistance,ORYX Assistance,Austria,oryx-assistance.com,https://www.oryx-assistance.com,Consumer Services,"501-1,000 employees","Sesvete, Zagreb",,2010,,,2026-05-18T20:35:01Z,2026-05-18T20:35:41Z
1645,https://www.linkedin.com/company/tgwne,TGW Northern Europe,Austria,tgw-group.com,https://www.tgw-group.com,Warehousing and Storage,"501-1,000 employees","Market Harborough , Leicestershire",,,,,2026-05-18T20:36:33Z,2026-05-18T20:37:15Z
1646,https://www.linkedin.com/company/braathens,Braathens,Austria,braathens.com,https://www.braathens.com/,Airlines and Aviation,"501-1,000 employees",,,2016,,,2026-05-18T20:38:04Z,2026-05-18T20:38:42Z
1647,https://www.linkedin.com/company/skyeurope-airlines,SkyEurope Airlines,Austria,skyeurope.com,http://www.skyeurope.com/,Airlines and Aviation,"501-1,000 employees",,,2001,,,2026-05-18T20:39:29Z,2026-05-18T20:40:11Z
1648,https://www.linkedin.com/company/ryanair-engineering-training-academy,Ryanair Engineering Training Academy,Austria,careers.ryanair.com,https://careers.ryanair.com/engineering/engineering-training/,Airlines and Aviation,"501-1,000 employees",,,,,,2026-05-18T20:40:57Z,2026-05-18T20:41:40Z
1649,https://www.linkedin.com/company/startfrei-cleared-for-take-off,startfrei - cleared for take off,Austria,startfrei.at,https://www.startfrei.at,Airlines and Aviation,"501-1,000 employees","Wien, Wien",,,,,2026-05-18T20:42:27Z,2026-05-18T20:43:09Z
1650,https://www.linkedin.com/company/lufthansa-aviation-training,Lufthansa Aviation Training,Austria,lufthansa-aviation-training.com,http://www.lufthansa-aviation-training.com,Airlines and Aviation,"501-1,000 employees","München-Flughafen, Bayern",,,,,2026-05-18T20:43:51Z,2026-05-18T20:44:31Z
1651,https://www.linkedin.com/company/aerticket-ag,AERTiCKET Gruppe,Austria,aerticket.de,https://www.aerticket.de,Airlines and Aviation,"501-1,000 employees","Berlin, Berlin",,1993,,,2026-05-18T20:45:21Z,2026-05-18T20:46:04Z
1652,https://www.linkedin.com/company/aquila-boats,Aquila Catamarans,Austria,aquilaboats.com,http://www.aquilaboats.com/,Maritime,"501-1,000 employees","St Petersburg, Florida",,,,,2026-05-18T20:46:46Z,2026-05-18T20:47:27Z
1653,https://www.linkedin.com/company/hrs-hospitality-and-retail-systems,HRS Hospitality & Retail Systems,Austria,hrsinternational.com,http://www.hrsinternational.com,IT Services and IT Consulting,"501-1,000 employees","Düsseldorf, North Rhine-Westphalia",,1990,,,2026-05-18T20:48:08Z,2026-05-18T20:48:47Z
1654,https://www.linkedin.com/company/roboyo,Roboyo,Austria,roboyo.global,https://www.roboyo.global,IT Services and IT Consulting,"501-1,000 employees","London, England",,2015,,,2026-05-18T20:49:42Z,2026-05-18T20:50:22Z
1655,https://www.linkedin.com/company/opensystems,Open Systems,Austria,open-systems.com,http://www.open-systems.com,Computer and Network Security,"501-1,000 employees",,,1990,,,2026-05-18T20:51:14Z,2026-05-18T20:51:53Z
1656,https://www.linkedin.com/company/cntmanagementconsulting,CNT Management Consulting,Austria,cnt-online.com,https://www.cnt-online.com,IT Services and IT Consulting,"501-1,000 employees",,,1999,,,2026-05-18T20:52:47Z,2026-05-18T20:53:27Z
1657,https://www.linkedin.com/company/fleet-complete,Fleet Complete,Austria,fleetcomplete.com,https://fleetcomplete.com,IT Services and IT Consulting,"501-1,000 employees","Toronto, Ontario",,,,,2026-05-18T20:54:15Z,2026-05-18T20:54:57Z
1658,https://www.linkedin.com/company/ic-consult,iC Consult,Austria,ic-consult.com,http://www.ic-consult.com,IT Services and IT Consulting,"501-1,000 employees","München, Bayern",,,,,2026-05-18T20:55:59Z,2026-05-18T20:56:40Z
1659,https://www.linkedin.com/company/valenta,Valenta,Austria,valenta.io,https://valenta.io/,IT Services and IT Consulting,"501-1,000 employees","Clifton, New Jersey",,2011,,,2026-05-18T20:57:29Z,2026-05-18T20:58:11Z
1660,https://www.linkedin.com/company/evernex,Evernex,Austria,evernex.com,http://www.evernex.com,IT Services and IT Consulting,"501-1,000 employees","Paris, France",,,,,2026-05-18T20:59:02Z,2026-05-18T20:59:49Z
1661,https://www.linkedin.com/company/webroot,Webroot,Austria,webroot.com,http://www.webroot.com,Computer and Network Security,"501-1,000 employees","Broomfield, CO",,,,,2026-05-18T21:00:36Z,2026-05-18T21:01:19Z
1662,https://www.linkedin.com/company/we-d-ploy-you-n-joy,D-ploy GmbH,Austria,d-ploy.ch,http://www.d-ploy.ch,IT Services and IT Consulting,"501-1,000 employees","Kaiseraugst, Aargau",,2003,,,2026-05-18T21:02:07Z,2026-05-18T21:14:27Z
1663,https://www.linkedin.com/company/terma-a-s,Terma Group,Austria,terma.com,http://www.terma.com/,Defense and Space Manufacturing,"1,001-5,000 employees",,,,,,2026-05-18T21:15:16Z,2026-05-18T21:15:56Z
1664,https://www.linkedin.com/company/ruag-ammotec-gmbh,RUAG Ammotec,Austria,ruag.com,http://www.ruag.com,Defense and Space Manufacturing,"1,001-5,000 employees","Fürth, BY",,,,,2026-05-18T21:21:17Z,2026-05-18T23:08:03Z
1665,https://www.linkedin.com/company/austrospace,AUSTROSPACE,Austria,austrospace.at,https://austrospace.at/,Defense and Space Manufacturing,"1,001-5,000 employees","Holzhausen, Oberösterreich",,,,,2026-05-18T23:08:46Z,2026-05-18T23:09:27Z
1666,https://www.linkedin.com/company/gdels,General Dynamics European Land Systems,Austria,gdels.com,https://www.gdels.com/,Defense and Space Manufacturing,"1,001-5,000 employees","Madrid, Community of Madrid",,,,,2026-05-18T23:10:11Z,2026-05-18T23:10:51Z
1667,https://www.linkedin.com/company/glockgmbh,GLOCK GmbH,Austria,eu.glock.com,http://eu.glock.com,Defense and Space Manufacturing,"1,001-5,000 employees","Ferlach, Kärnten",,,,,2026-05-18T23:11:46Z,2026-05-18T23:12:27Z
1668,https://www.linkedin.com/company/wing-die-wirtschaftsingenieure,wing - Österreichischer Verband der Wirtschaftsingenieure,Austria,wing-online.at,https://www.wing-online.at/,Non-profit Organizations,"1,001-5,000 employees","Graz, Steiermark",,1964,,,2026-05-18T23:13:18Z,2026-05-18T23:13:57Z
1669,https://www.linkedin.com/company/-amtc,ÖAMTC,Austria,oeamtc.at,www.oeamtc.at,Non-profit Organizations,"1,001-5,000 employees",,,1896,,,2026-05-18T23:14:35Z,2026-05-18T23:15:19Z
1670,https://www.linkedin.com/company/roteskreuzsalzburg,"Österreichisches Rotes Kreuz, Landesverband Salzburg",Austria,s.roteskreuz.at,http://www.s.roteskreuz.at/,Non-profit Organizations,"1,001-5,000 employees","Salzburg, Salzburg",,1909,,,2026-05-18T23:16:03Z,2026-05-18T23:16:43Z
1671,https://www.linkedin.com/company/wdf-salzburg,Wirtschaftsforum der Führungskräfte | WdF-Salzburg,Austria,wdf.at,https://www.wdf.at/landesgruppen-vorstandsmitglieder/salzburg/,Non-profit Organizations,"1,001-5,000 employees","Salzburg, Salzburg",,,,,2026-05-18T23:17:32Z,2026-05-18T23:18:11Z
1672,https://www.linkedin.com/company/johanniter-at,Johanniter-Unfall-Hilfe in Österreich,Austria,johanniter.at,https://www.johanniter.at,Non-profit Organizations,"1,001-5,000 employees","Wien, Wien",,1974,,,2026-05-18T23:19:04Z,2026-05-18T23:19:43Z
1673,https://www.linkedin.com/company/women-corporate-directors-wcd-austria-chapter,Women Corporate Directors (WCD) Austria Chapter,Austria,womencorporatedirectors.org,www.womencorporatedirectors.org,Non-profit Organizations,"1,001-5,000 employees",,,2022,,,2026-05-18T23:20:26Z,2026-05-18T23:21:06Z
1674,https://www.linkedin.com/company/wwf-international,WWF,Austria,wwf.panda.org,http://wwf.panda.org,Non-profit Organizations,"1,001-5,000 employees","Gland, Vaud",,1961,,,2026-05-18T23:21:54Z,2026-05-18T23:22:38Z
1675,https://www.linkedin.com/company/global-honor-entrepreneurship-society-sc,Global Honor entrepreneurship Society SC,Austria,honorentrepreneur.org,https://www.honorentrepreneur.org/,Non-profit Organizations,"1,001-5,000 employees",,,2021,,,2026-05-18T23:23:26Z,2026-05-18T23:24:05Z
1676,https://www.linkedin.com/company/wdfat,WdF - Österreich | Wirtschaftsforum der Führungskräfte,Austria,wdf.at,http://wdf.at,Non-profit Organization Management,"1,001-5,000 employees","Wien, Wien",,1979,,,2026-05-18T23:24:58Z,2026-05-18T23:25:36Z
1677,https://www.linkedin.com/company/womeninai,Women in AI,Austria,womeninai.co,https://www.womeninai.co,Think Tanks,51-200 employees,"Paris, Ile-de-France",,2016,,,2026-05-18T23:26:27Z,2026-05-18T23:27:06Z
1678,https://www.linkedin.com/company/powerserv-austria-gmbh,Powerserv Austria GmbH,Austria,powerserv.at,https://www.powerserv.at,Staffing and Recruiting,"1,001-5,000 employees",,,1986,,,2026-05-18T23:27:55Z,2026-05-18T23:28:37Z
1679,https://www.linkedin.com/company/actief-jobmade,ACTIEF JOBMADE GmbH,Austria,actief-jobmade.at,https://www.actief-jobmade.at/,Staffing and Recruiting,"1,001-5,000 employees","Linz, Oberösterreich",,2009,,,2026-05-18T23:29:20Z,2026-05-18T23:29:59Z
1680,https://www.linkedin.com/company/teampool-personal-service-gmbh,teampool,Austria,teampool.com,http://www.teampool.com/,Staffing and Recruiting,"1,001-5,000 employees","Seekirchen am Wallersee, Salzburg",,2008,,,2026-05-18T23:30:49Z,2026-05-18T23:31:25Z
1681,https://www.linkedin.com/company/tti-personaldienstleistung-gmbh,TTI AUSTRIA,Austria,tti.at,http://www.tti.at,Staffing and Recruiting,"1,001-5,000 employees","Sankt Florian, Upper Austria",,1989,,,2026-05-18T23:32:05Z,2026-05-18T23:32:44Z
1682,https://www.linkedin.com/company/randstad-austria-gmbh,Randstad Österreich,Austria,randstad.at,http://www.randstad.at,Staffing and Recruiting,"1,001-5,000 employees","Wien, Wien",,1960,,,2026-05-18T23:33:31Z,2026-05-18T23:34:11Z
1683,https://www.linkedin.com/company/hofmannpersonalaustria,Hofmann Personal Austria,Austria,hofmann-personal.at,https://www.hofmann-personal.at,Staffing and Recruiting,"1,001-5,000 employees",,,1997,,,2026-05-18T23:35:00Z,2026-05-18T23:35:43Z
1684,https://www.linkedin.com/company/talentra,Talentra,Austria,talentra.at,http://talentra.at,Staffing and Recruiting,"1,001-5,000 employees","1. OG, Upper Austria",,2021,,,2026-05-18T23:36:28Z,2026-05-18T23:37:12Z
1685,https://www.linkedin.com/company/gvo-personal-gmbh,GVO Personal GmbH,Austria,gvo-personal.de,https://www.gvo-personal.de/,Staffing and Recruiting,"1,001-5,000 employees",,,1989,,,2026-05-18T23:37:57Z,2026-05-18T23:38:37Z
1686,https://www.linkedin.com/company/easystaff-human-resources-gmbh,easystaff human & resources GmbH,Austria,easystaff.at,https://www.easystaff.at,Human Resources,"1,001-5,000 employees","Wien, Vienna",,2001,,,2026-05-18T23:39:20Z,2026-05-18T23:40:00Z
1687,https://www.linkedin.com/company/thespecialistgroup,The Specialist Group,Austria,thespecialistgroup.com,https://thespecialistgroup.com,Staffing and Recruiting,"1,001-5,000 employees","Moerdijk, North Brabant",,2001,,,2026-05-18T23:40:44Z,2026-05-18T23:41:30Z
1688,https://www.linkedin.com/company/social-competence-organisation-and-leadership-scol,"Social Competence, Organisation and Leadership (SCOL)",Austria,aau.at,https://www.aau.at/unterrichts-und-schulentwicklung/scol/microcredentials/,Professional Training and Coaching,"1,001-5,000 employees","Klagenfurt, Carinthia",,,,,2026-05-18T23:42:34Z,2026-05-18T23:43:14Z
1689,https://www.linkedin.com/company/%C3%A4rztekammer-f%C3%BCr-burgenland,Ärztekammer für Burgenland,Austria,aekbgld.at,http://aekbgld.at,Political Organizations,"1,001-5,000 employees","Eisenstadt, Burgenland",,,,,2026-05-19T14:31:38Z,2026-05-19T14:32:19Z
1690,https://www.linkedin.com/company/playtika,Playtika,Austria,playtika.com,http://www.playtika.com,Computer Games,"1,001-5,000 employees",,,2010,,,2026-05-19T20:19:25Z,2026-05-19T20:20:08Z
1691,https://www.linkedin.com/company/simon-kucher,Simon-Kucher,Austria,simon-kucher.com,https://www.simon-kucher.com,Business Consulting and Services,"1,001-5,000 employees",,,,,,2026-05-19T20:20:59Z,2026-05-19T20:21:40Z
1692,https://www.linkedin.com/company/spencer-stuart,Spencer Stuart,Austria,spencerstuart.com,http://www.spencerstuart.com/,Business Consulting and Services,"1,001-5,000 employees","Chicago, IL",,,,,2026-05-19T20:22:26Z,2026-05-19T20:23:02Z
1693,https://www.linkedin.com/company/odgers,Odgers,Austria,odgers.com,https://www.odgers.com,Business Consulting and Services,"1,001-5,000 employees",,,,,,2026-05-19T20:24:00Z,2026-05-19T20:24:40Z
1694,https://www.linkedin.com/company/milliman,Milliman,Austria,milliman.com,http://www.milliman.com,Business Consulting and Services,"1,001-5,000 employees","Seattle, WA",,1947,,,2026-05-19T20:25:32Z,2026-05-19T20:26:13Z
1695,https://www.linkedin.com/company/remote.com,Remote,Austria,remote.com,https://www.remote.com,Human Resources Services,"1,001-5,000 employees","San Francisco, CA",,2019,,,2026-05-19T20:26:56Z,2026-05-19T20:27:41Z
1696,https://www.linkedin.com/company/wavestone,Wavestone,Austria,wavestone.com,https://www.wavestone.com,Business Consulting and Services,"1,001-5,000 employees","100-101 Terrasse Boieldieu, Paris La Défense",,,,,2026-05-19T20:28:25Z,2026-05-19T20:29:07Z
1697,https://www.linkedin.com/company/bipbrasil,BIP Brasil,Austria,bipbrasil.com.br,https://www.bipbrasil.com.br,Business Consulting and Services,"1,001-5,000 employees","São Paulo, São Paulo",,2003,,,2026-05-19T20:29:54Z,2026-05-19T20:30:31Z
1698,https://www.linkedin.com/company/arthur-d--little,Arthur D. Little,Austria,adlittle.com,http://www.adlittle.com,Business Consulting and Services,"1,001-5,000 employees",,,1886,,,2026-05-19T20:31:16Z,2026-05-19T20:31:59Z
1699,https://www.linkedin.com/company/too-good-to-go,Too Good To Go,Austria,toogoodtogo.org,http://toogoodtogo.org/en,Environmental Services,"1,001-5,000 employees","København Ø, Capital Region",,2015,,,2026-05-19T20:32:43Z,2026-05-19T20:33:21Z
1700,https://www.linkedin.com/company/boyden,Boyden,Austria,boyden.com,http://www.boyden.com,Business Consulting and Services,"1,001-5,000 employees","Tarrytown, New York",,,,,2026-05-19T20:34:06Z,2026-05-19T20:34:47Z
1701,https://www.linkedin.com/company/rx-global,RX Global,Austria,rxglobal.com,https://rxglobal.com/,Events Services,"1,001-5,000 employees","Richmond, Surrey",,,,,2026-05-19T20:35:44Z,2026-05-19T20:36:27Z
1702,https://www.linkedin.com/company/sahileventslimited,Sahil Events Limited,Austria,facebook.com,https://www.facebook.com/sahileventslimited/,Events Services,"1,001-5,000 employees","Mumbai, Maharashtra",,2015,,,2026-05-19T20:37:16Z,2026-05-19T20:37:57Z
1703,https://www.linkedin.com/company/eurovision-song-contest-2026,Eurovision Song Contest 2026,Austria,songcontest.orf.at,https://songcontest.orf.at,Events Services,"1,001-5,000 employees","Rudolfsheim-Fünfhaus, Vienna",,,,,2026-05-19T20:38:38Z,2026-05-19T20:39:18Z
1704,https://www.linkedin.com/company/rentgroup-global,Rent.Group,Austria,rent.group,https://www.rent.group/,Events Services,"1,001-5,000 employees",,,1992,,,2026-05-19T20:40:10Z,2026-05-19T20:40:50Z
1705,https://www.linkedin.com/company/dongroup,DoN group,Austria,don.at,http://www.don.at,Events Services,"1,001-5,000 employees",,,1992,,,2026-05-19T20:41:45Z,2026-05-19T20:42:24Z
1706,https://www.linkedin.com/company/schreder,Schréder,Austria,schreder.com,http://www.schreder.com,"Appliances, Electrical, and Electronics Manufacturing","1,001-5,000 employees",,,,,,2026-05-19T20:43:19Z,2026-05-19T20:43:59Z
1707,https://www.linkedin.com/company/metrohmhq,Metrohm,Austria,metrohm.com,http://www.metrohm.com,"Appliances, Electrical, and Electronics Manufacturing","1,001-5,000 employees","Herisau, Appenzell Ausserrhoden",,1943,,,2026-05-19T20:44:47Z,2026-05-19T20:45:27Z
1708,https://www.linkedin.com/company/plp,PLP,Austria,plp.com,http://www.plp.com,"Appliances, Electrical, and Electronics Manufacturing","1,001-5,000 employees","Cleveland, OH",,,,,2026-05-19T20:46:23Z,2026-05-19T20:47:06Z
1709,https://www.linkedin.com/company/iguzzini,iGuzzini,Austria,iguzzini.com,https://www.iguzzini.com,"Appliances, Electrical, and Electronics Manufacturing","1,001-5,000 employees","Recanati, MC",,1959,,,2026-05-19T20:47:53Z,2026-05-19T20:48:36Z
1710,https://www.linkedin.com/company/tridonic,Tridonic,Austria,tridonic.com,https://www.tridonic.com,"Appliances, Electrical, and Electronics Manufacturing","1,001-5,000 employees",,,1956,,,2026-05-19T20:49:23Z,2026-05-19T20:50:06Z
1711,https://www.linkedin.com/company/festool-gmbh,Festool,Austria,festool.com,http://www.festool.com,"Appliances, Electrical, and Electronics Manufacturing","1,001-5,000 employees","Wendlingen, BW",,1925,,,2026-05-19T20:50:52Z,2026-05-19T20:51:31Z
1712,https://www.linkedin.com/company/xal,XAL,Austria,xal.com,https://www.xal.com,"Appliances, Electrical, and Electronics Manufacturing","1,001-5,000 employees","Graz, Steiermark",,1989,,,2026-05-19T20:52:11Z,2026-05-19T20:52:51Z
1713,https://www.linkedin.com/company/omicron-electronics,OMICRON electronics,Austria,omicronenergy.com,https://omicronenergy.com/,"Appliances, Electrical, and Electronics Manufacturing","1,001-5,000 employees",,,1984,,,2026-05-19T20:53:43Z,2026-05-19T20:54:25Z
1714,https://www.linkedin.com/company/chargepoint,ChargePoint,Austria,chargepoint.com,http://www.chargepoint.com,Electrical Equipment Manufacturing,"1,001-5,000 employees","Campbell, CA",,2007,,,2026-05-19T20:55:11Z,2026-05-19T20:55:49Z
1715,https://www.linkedin.com/company/foss,FOSS,Austria,fossanalytics.com,https://www.fossanalytics.com,"Appliances, Electrical, and Electronics Manufacturing","1,001-5,000 employees","Hillerød, Capital Region",,1956,,,2026-05-19T20:56:37Z,2026-05-19T20:57:15Z
1716,https://www.linkedin.com/company/operatwins,OperaTwins,Austria,operatwins.com,http://www.operatwins.com,Musicians,"1,001-5,000 employees",,,,,,2026-05-19T20:58:03Z,2026-05-19T20:58:44Z
1717,https://www.linkedin.com/company/lkwwalter,LKW WALTER,Austria,lkw-walter.com,https://www.lkw-walter.com/,"Transportation, Logistics, Supply Chain and Storage","1,001-5,000 employees",,,1924,,,2026-05-19T20:59:21Z,2026-05-19T21:00:02Z
1718,https://www.linkedin.com/company/hmmofficial,HMM,Austria,hmm21.com,http://www.hmm21.com,Maritime Transportation,"1,001-5,000 employees",,,1976,,,2026-05-19T21:00:47Z,2026-05-19T21:01:28Z
1719,https://www.linkedin.com/company/swisslog,Swisslog,Austria,swisslog.com,https://www.swisslog.com,"Transportation, Logistics, Supply Chain and Storage","1,001-5,000 employees","Buchs/Aarau, AG",,1900,,,2026-05-19T21:02:08Z,2026-05-19T21:02:51Z
1720,https://www.linkedin.com/company/fortna,FORTNA,Austria,fortna.com,https://www.fortna.com/,"Transportation, Logistics, Supply Chain and Storage","1,001-5,000 employees","Atlanta, Georgia",,,,,2026-05-19T21:03:36Z,2026-05-19T21:04:20Z
1721,https://www.linkedin.com/company/asendia,Asendia,Austria,asendia.com,http://www.asendia.com,"Transportation, Logistics, Supply Chain and Storage","1,001-5,000 employees",,,2012,,,2026-05-19T21:05:18Z,2026-05-19T21:06:02Z
1722,https://www.linkedin.com/company/marken,Marken,Austria,marken.com,https://www.marken.com,"Transportation, Logistics, Supply Chain and Storage","1,001-5,000 employees","Durham, NC",,1980,,,2026-05-19T21:06:53Z,2026-05-19T21:07:35Z
1723,https://www.linkedin.com/company/luka-koper-d-d-,Port of Koper (Luka Koper),Austria,luka-kp.si,http://www.luka-kp.si/eng/,"Transportation, Logistics, Supply Chain and Storage","1,001-5,000 employees",,,1957,,,2026-05-19T21:08:25Z,2026-05-19T21:09:07Z
1724,https://www.linkedin.com/company/4flow,4flow,Austria,4flow.com,https://www.4flow.com,"Transportation, Logistics, Supply Chain and Storage","1,001-5,000 employees","Berlin, Berlin",,2000,,,2026-05-19T21:09:49Z,2026-05-19T21:10:36Z
1725,https://www.linkedin.com/company/cargo-partner,cargo-partner,Austria,cargo-partner.com,http://www.cargo-partner.com,"Transportation, Logistics, Supply Chain and Storage","1,001-5,000 employees","Fischamend, Lower Austria",,1983,,,2026-05-19T21:11:20Z,2026-05-19T21:11:59Z
1726,https://www.linkedin.com/company/vistajet-international,VistaJet,Austria,vistajet.com,https://www.vistajet.com,Airlines and Aviation,"1,001-5,000 employees",,,,,,2026-05-19T21:12:47Z,2026-05-19T21:13:29Z
1727,https://www.linkedin.com/company/exclusive-networks,Exclusive Networks,Austria,exclusive-networks.com,http://www.exclusive-networks.com,Computer and Network Security,"1,001-5,000 employees",,,,,,2026-05-19T21:14:23Z,2026-05-19T21:15:05Z
1728,https://www.linkedin.com/company/n-able,N-able,Austria,n-able.com,http://www.n-able.com,Computer and Network Security,"1,001-5,000 employees","Morrisville, NC",,,,,2026-05-19T21:15:50Z,2026-05-19T21:16:33Z
1729,https://www.linkedin.com/company/infinigate,Infinigate Group,Austria,infinigate.com,https://www.infinigate.com,Computer and Network Security,"1,001-5,000 employees","Rotkreuz, Zug",,,,,2026-05-19T21:17:21Z,2026-05-19T21:18:04Z
1730,https://www.linkedin.com/company/barracuda-networks,Barracuda,Austria,barracuda.com,http://www.barracuda.com,Computer and Network Security,"1,001-5,000 employees","Campbell, CA",,,,,2026-05-19T21:18:50Z,2026-05-19T21:19:33Z
1731,https://www.linkedin.com/company/infinigate-%C3%B6sterreich,Infinigate Österreich GmbH,Austria,infinigate.com,https://www.infinigate.com/at/,Computer and Network Security,"1,001-5,000 employees","Wien, Österreich",,2014,,,2026-05-19T21:20:23Z,2026-05-19T21:21:06Z
1732,https://www.linkedin.com/company/wis-sicherheit,W.I.S. Sicherheit + Service GmbH & Co. KG,Austria,wis-sicherheit.de,http://www.wis-sicherheit.de,Security and Investigations,"1,001-5,000 employees","Köln, Nordrhein-Westfalen",,1901,,,2026-05-19T21:21:55Z,2026-05-19T21:22:36Z
1733,https://www.linkedin.com/company/hidglobal,HID,Austria,hidglobal.com,http://www.hidglobal.com,Security and Investigations,"1,001-5,000 employees","Austin, TX",,,,,2026-05-19T21:23:26Z,2026-05-19T21:24:08Z
1734,https://www.linkedin.com/company/siwacht,siwacht,Austria,ckv-gruppe.at,https://ckv-gruppe.at/,Security and Investigations,"1,001-5,000 employees",,,1985,,,2026-05-19T21:25:03Z,2026-05-19T21:25:49Z
1735,https://www.linkedin.com/company/consiliumsafety,Consilium Safety Group,Austria,consiliumsafety.com,https://www.consiliumsafety.com/en/,Security and Investigations,"1,001-5,000 employees",,,1912,,,2026-05-19T21:26:27Z,2026-05-19T21:27:05Z
1736,https://www.linkedin.com/company/informationsecurityconsulting,i.s.c. Group,Austria,iscgroup.co.at,https://www.iscgroup.co.at,Security and Investigations,"1,001-5,000 employees","Vienna, Vienna",,1998,,,2026-05-19T21:27:56Z,2026-05-19T21:28:38Z
1737,https://www.linkedin.com/company/pke-electronics-gmbh,PKE Electronics GmbH,Austria,pke.at,https://www.pke.at,Security Systems Services,"1,001-5,000 employees","Vienna, Wien",,1979,,,2026-05-19T21:29:27Z,2026-05-19T21:30:07Z
1738,https://www.linkedin.com/company/securitasaustria,Securitas Austria,Austria,securitas.at,http://www.securitas.at,Security and Investigations,"1,001-5,000 employees",,,1998,,,2026-05-19T21:30:54Z,2026-05-19T21:31:38Z
1739,https://www.linkedin.com/company/%C3%B6wd,ÖWD,Austria,owd.at,https://www.owd.at/,Security and Investigations,"1,001-5,000 employees",,,1906,,,2026-05-19T21:32:27Z,2026-05-19T21:33:08Z
1740,https://www.linkedin.com/company/derorf,ORF,Austria,orf.at,http://orf.at/,Media Production,"1,001-5,000 employees",,,,,,2026-05-19T21:33:55Z,2026-05-19T21:34:34Z
1741,https://www.linkedin.com/company/redbullmediahouse,Red Bull Media House,Austria,redbullmediahouse.com,http://www.redbullmediahouse.com,Media Production,"1,001-5,000 employees","Salzburg, Austria",,2007,,,2026-05-19T21:35:23Z,2026-05-19T21:36:04Z
1742,https://www.linkedin.com/company/mediaprint-zeitungs-und-zeitschriftenverlag-ges-m-b-h-co-kg,MediaPrint,Austria,mediaprint.at,http://www.mediaprint.at,Media Production,"1,001-5,000 employees","Wien, Wien",,1988,,,2026-05-19T21:36:51Z,2026-05-19T21:37:29Z
1743,https://www.linkedin.com/company/77477-group,77477 group,Austria,,,Fine Arts Schools,"10,001+ employees",,,,,,2026-05-19T21:38:06Z,2026-05-19T21:38:50Z
1744,https://www.linkedin.com/company/russmedia,Russmedia,Austria,russmedia.com,http://www.russmedia.com,Media Production,"1,001-5,000 employees","Schwarzach, Vorarlberg",,1909,,,2026-05-19T21:39:37Z,2026-05-19T21:40:19Z
1745,https://www.linkedin.com/company/moserholding,Moser Holding AG,Austria,moserholding.com,http://www.moserholding.com/karriere/,Media Production,"1,001-5,000 employees","Innsbruck, Tirol",,1979,,,2026-05-19T21:40:59Z,2026-05-19T22:00:07Z
1746,https://www.linkedin.com/company/styria-medien-ag,Styria Media Group AG,Austria,styria.com,http://www.styria.com,Media Production,"1,001-5,000 employees","Graz, Steiermark",,1869,,,2026-05-20T06:02:05Z,2026-05-20T06:02:49Z
1747,https://www.linkedin.com/company/forummediagroup,FORUM MEDIA GROUP,Austria,forum-media.com,https://www.forum-media.com/,Media Production,"1,001-5,000 employees","Merching, DEUTSCHLAND",,1988,,,2026-05-20T06:03:31Z,2026-05-20T06:04:11Z
1748,https://www.linkedin.com/company/spandex,Spandex,Austria,spandex.com,http://www.spandex.com,Media Production,"1,001-5,000 employees","Dietlikon, Zurich",,,,,2026-05-20T06:05:00Z,2026-05-20T06:05:43Z
1749,https://www.linkedin.com/company/jwsalzburg,Junge Wirtschaft Salzburg,Austria,jungewirtschaft.at,https://www.jungewirtschaft.at/jw/Salzburg/index.html,Think Tanks,"1,001-5,000 employees","Salzburg, Österreich",,,,,2026-05-20T06:06:32Z,2026-05-20T06:07:12Z
1750,https://www.linkedin.com/company/top-league-alumni-club,Top League Alumni Club,Austria,topleaguealumni.com,http://www.topleaguealumni.com,Philanthropy,"1,001-5,000 employees","Vienna, Vienna",,2015,,,2026-05-20T06:08:03Z,2026-05-20T06:08:44Z
1751,https://www.linkedin.com/company/digital-mile-linz,DIGITAL MILE Linz,Austria,digital-mile.at,https://digital-mile.at/,Human Resources Services,"1,001-5,000 employees","Linz, Oberösterreich",,2019,,,2026-05-20T06:09:28Z,2026-05-20T06:10:10Z
1752,https://www.linkedin.com/company/international-benefits-network,IBN - International Benefits Network,Austria,ibnglobalbenefits.com,http://www.ibnglobalbenefits.com,Human Resources Services,"1,001-5,000 employees","London , London",,1989,,,2026-05-20T06:11:00Z,2026-05-20T06:11:44Z
1753,https://www.linkedin.com/company/atenaslovakia,ATENA - Slovakia,Austria,atena.sk,http://www.atena.sk,Staffing and Recruiting,"1,001-5,000 employees",,,2008,,,2026-05-20T06:12:26Z,2026-05-20T06:13:08Z
1754,https://www.linkedin.com/company/santa-fe-relocation,Santa Fe Relocation,Austria,santaferelocation.com,http://www.santaferelocation.com,Human Resources Services,"1,001-5,000 employees",,,1959,,,2026-05-20T06:13:58Z,2026-05-20T06:14:41Z
1755,https://www.linkedin.com/company/gle-%C3%B6-gesellschaft-f%C3%BCr-logotherapie-und-existenzanalyse,GLE-Ö - Gesellschaft für Logotherapie und Existenzanalyse,Austria,existenzanalyse.at,https://www.existenzanalyse.at/,Mental Health Care,"1,001-5,000 employees",,,1985,,,2026-05-20T06:15:21Z,2026-05-20T06:16:02Z
1756,https://www.linkedin.com/company/universit%C3%A4tsklinikum-st-p%C3%B6lten,NÖ Universitätsklinikum St. Pölten,Austria,stpoelten.lknoe.at,stpoelten.lknoe.at,Hospitals and Health Care,"1,001-5,000 employees","St Pölten, Lower Austria",,,,,2026-05-20T06:16:46Z,2026-05-20T06:17:27Z
1757,https://www.linkedin.com/company/statusneo,StatusNeo,Austria,statusneo.com,https://statusneo.com/,Business Consulting and Services,"1,001-5,000 employees","Palo Alto, California",,2020,,,2026-05-20T06:18:10Z,2026-05-20T06:18:49Z
1758,https://www.linkedin.com/company/haus-der-barmherzigkeit,Haus der Barmherzigkeit,Austria,jobs.hb.at,https://jobs.hb.at/,Hospitals and Health Care,"1,001-5,000 employees","Wien, Wien",,1875,,,2026-05-20T06:19:40Z,2026-05-20T06:20:20Z
1759,https://www.linkedin.com/company/ors,ORS Service AG,Austria,ors-service.org,http://www.ors-service.org,Individual and Family Services,"1,001-5,000 employees",,,,,,2026-05-20T06:21:07Z,2026-05-20T06:21:46Z
1760,https://www.linkedin.com/company/volkshilfe-wien,Volkshilfe Wien,Austria,volkshilfe-wien.at,http://www.volkshilfe-wien.at,Individual and Family Services,"1,001-5,000 employees","Wien, Wien",,,,,2026-05-20T06:22:25Z,2026-05-20T06:23:07Z
1761,https://www.linkedin.com/company/allenmedical,Allen Medical International,Austria,allenmedicalinternational.com,https://www.allenmedicalinternational.com,Hospitals and Health Care,"1,001-5,000 employees","North Miami Beach, Florida",,1994,,,2026-05-20T06:23:53Z,2026-05-20T06:24:31Z
1762,https://www.linkedin.com/company/fonds-soziales-wien,Fonds Soziales Wien (FSW),Austria,fsw.at,http://www.fsw.at,Individual and Family Services,"1,001-5,000 employees",,,2001,,,2026-05-20T06:25:17Z,2026-05-20T06:25:55Z
1763,https://www.linkedin.com/company/mavie-med,Mavie Med,Austria,mavie-med.at,https://www.mavie-med.at,Hospitals and Health Care,"1,001-5,000 employees",,,1991,,,2026-05-20T06:26:40Z,2026-05-20T06:27:20Z
1764,https://www.linkedin.com/company/ordensklinikum-linz-gmbh,Ordensklinikum Linz,Austria,ordensklinikum.at,https://www.ordensklinikum.at/de/datenschutz/,Hospitals and Health Care,"1,001-5,000 employees","Linz, Oberösterreich",,2007,,,2026-05-20T06:28:06Z,2026-05-20T06:28:48Z
1765,https://www.linkedin.com/company/eizo,EIZO,Austria,eizoglobal.com,https://www.eizoglobal.com/,"Appliances, Electrical, and Electronics Manufacturing","1,001-5,000 employees","Hakusan, Ishikawa",,1968,,,2026-05-20T06:29:26Z,2026-05-20T06:30:10Z
1766,https://www.linkedin.com/company/fanuc-europe,FANUC Europe,Austria,fanuc.eu,http://www.fanuc.eu,Automation Machinery Manufacturing,"1,001-5,000 employees",,,1972,,,2026-05-20T06:30:59Z,2026-05-20T06:31:36Z
1767,https://www.linkedin.com/company/habasit,Habasit,Austria,habasit.com,http://www.habasit.com,Automation Machinery Manufacturing,"1,001-5,000 employees","Reinach, BL",,,,,2026-05-20T06:32:20Z,2026-05-20T06:33:00Z
1768,https://www.linkedin.com/company/wenglor-sensoric,wenglor sensoric group,Austria,wenglor.com,https://www.wenglor.com,Automation Machinery Manufacturing,"1,001-5,000 employees",,,1983,,,2026-05-20T06:33:47Z,2026-05-20T06:34:27Z
1769,https://www.linkedin.com/company/keba-group,KEBA Group,Austria,keba.com,https://www.keba.com,Automation Machinery Manufacturing,"1,001-5,000 employees","Linz, Oberösterreich",,1968,,,2026-05-20T06:35:21Z,2026-05-20T06:36:01Z
1770,https://www.linkedin.com/company/tgw-group,TGW Logistics,Austria,tgw-group.com,http://www.tgw-group.com,Automation Machinery Manufacturing,"1,001-5,000 employees","Marchtrenk, Oberösterreich",,,,,2026-05-20T06:36:49Z,2026-05-20T06:37:31Z
1771,https://www.linkedin.com/company/kardex,Kardex,Austria,kardex.com,https://www.kardex.com/,Automation Machinery Manufacturing,"1,001-5,000 employees",,,,,,2026-05-20T06:38:18Z,2026-05-20T06:39:00Z
1772,https://www.linkedin.com/company/pilz,Pilz,Austria,pilz.com,http://www.pilz.com,Automation Machinery Manufacturing,"1,001-5,000 employees",,,1948,,,2026-05-20T06:39:52Z,2026-05-20T06:40:34Z
1773,https://www.linkedin.com/company/b&r-industrial-automation,B&R Industrial Automation,Austria,br-automation.com,https://www.br-automation.com,Industrial Automation,"1,001-5,000 employees","Austria, Eggelsberg",,1979,,,2026-05-20T06:41:20Z,2026-05-20T06:42:01Z
1774,https://www.linkedin.com/company/murrelektronik,Murrelektronik,Austria,murrelektronik.com,https://www.murrelektronik.com,Automation Machinery Manufacturing,"1,001-5,000 employees",,,1975,,,2026-05-20T06:42:52Z,2026-05-20T06:43:35Z
1775,https://www.linkedin.com/company/schunk,SCHUNK - Hand in hand for tomorrow,Austria,schunk.com,schunk.com,Automation Machinery Manufacturing,"1,001-5,000 employees","Lauffen/Neckar, Baden Württemberg",,1945,,,2026-05-20T06:44:18Z,2026-05-20T06:45:01Z
1776,https://www.linkedin.com/company/jaggaer,JAGGAER,Austria,jaggaer.com,https://www.jaggaer.com/,Software Development,"1,001-5,000 employees","Durham, NC",,1995,,,2026-05-20T06:45:55Z,2026-05-20T06:46:38Z
1777,https://www.linkedin.com/company/wood-mackenzie,Wood Mackenzie,Austria,woodmac.com,http://www.woodmac.com,Information Services,"1,001-5,000 employees","Edinburgh, Scotland",,,,,2026-05-20T06:47:29Z,2026-05-20T06:48:10Z
1778,https://www.linkedin.com/company/altair-engineering,Altair,Austria,altair.com,http://www.altair.com,Software Development,"1,001-5,000 employees","Troy, MI",,,,,2026-05-20T06:48:52Z,2026-05-20T06:49:34Z
1779,https://www.linkedin.com/company/meltwater,Meltwater,Austria,meltwater.com,http://meltwater.com/,Software Development,"1,001-5,000 employees","San Francisco, California",,2001,,,2026-05-20T06:50:21Z,2026-05-20T06:50:57Z
1780,https://www.linkedin.com/company/bolt-eu,Bolt,Austria,bolt.eu,http://bolt.eu,Software Development,"1,001-5,000 employees",,,2013,,,2026-05-20T06:51:42Z,2026-05-20T06:52:23Z
1781,https://www.linkedin.com/company/aptean,Aptean,Austria,aptean.com,http://www.aptean.com,Software Development,"1,001-5,000 employees","Alpharetta, Georgia",,2012,,,2026-05-20T06:53:14Z,2026-05-20T06:53:54Z
1782,https://www.linkedin.com/company/aci-worldwide,ACI Worldwide,Austria,aciworldwide.com,https://www.aciworldwide.com/,Software Development,"1,001-5,000 employees","Elkhorn, Nebraska",,,,,2026-05-20T06:54:46Z,2026-05-20T06:55:28Z
1783,https://www.linkedin.com/company/tricentis,Tricentis,Austria,tricentis.com,http://www.tricentis.com,Software Development,"1,001-5,000 employees","Austin, Texas",,2007,,,2026-05-20T06:56:21Z,2026-05-20T06:56:59Z
1784,https://www.linkedin.com/company/medallia-inc.,Medallia,Austria,medallia.com,http://www.medallia.com,Software Development,"1,001-5,000 employees","McLean, Virginia",,,,,2026-05-20T06:57:58Z,2026-05-20T06:58:36Z
1785,https://www.linkedin.com/company/awwg,AWWG,Austria,awwg.com,http://www.awwg.com/,Retail Apparel and Fashion,"1,001-5,000 employees","Madrid, Community of Madrid",,,,,2026-05-20T06:59:34Z,2026-05-20T07:00:13Z
1786,https://www.linkedin.com/company/kik-textilien-und-non-food-ges-m-b-h,KiK Textilien und Non-Food Ges.m.b.H. Österreich,Austria,unternehmen.kik.at,https://unternehmen.kik.at/,Retail Apparel and Fashion,"1,001-5,000 employees","Wien, Wien",,1998,,,2026-05-20T07:01:06Z,2026-05-20T07:01:48Z
1787,https://www.linkedin.com/company/polarisfamily,Polaris Handelsgesellschaft.mb.H,Austria,polarisfamily.com,http://www.polarisfamily.com,Retail Apparel and Fashion,"1,001-5,000 employees",,,1992,,,2026-05-20T07:02:26Z,2026-05-20T07:03:09Z
1788,https://www.linkedin.com/company/wolford,Wolford,Austria,wolford.com,http://www.wolford.com,Retail Apparel and Fashion,"1,001-5,000 employees",,,,,,2026-05-20T07:03:47Z,2026-05-20T07:04:30Z
1789,https://www.linkedin.com/company/bestsecret,BESTSECRET Group,Austria,jobs.bestsecret.com,https://jobs.bestsecret.com/jobs.html,Retail Apparel and Fashion,"1,001-5,000 employees","Aschheim, Bayern",,2007,,,2026-05-20T07:05:12Z,2026-05-20T07:05:55Z
1790,https://www.linkedin.com/company/modepark-roether-gmbh,Modepark Röther,Austria,karriere.modepark.de,https://karriere.modepark.de/,Retail Apparel and Fashion,"1,001-5,000 employees","Michelfeld, Baden-Württemberg",,1972,,,2026-05-21T16:40:45Z,2026-05-21T17:11:09Z
1791,https://www.linkedin.com/company/isi-gruppe,iSi Group,Austria,isi.com,https://www.isi.com/,International Trade and Development,"1,001-5,000 employees",,,1867,,,2026-05-21T17:11:53Z,2026-05-21T17:15:58Z
1792,https://www.linkedin.com/company/atlantic-hotels,ATLANTIC Hotels,Austria,atlantic-hotels.de,https://www.atlantic-hotels.de,Hospitality,"1,001-5,000 employees","Bremen, Bremen",,1992,,,2026-05-21T17:41:03Z,2026-05-21T17:41:43Z
1793,https://www.linkedin.com/company/dominosportugal,Domino's Portugal,Austria,dominospizza.pt,https://www.dominospizza.pt/,Restaurants,"1,001-5,000 employees","Lisbon, Lisbon",,2015,,,2026-05-21T17:42:38Z,2026-05-21T17:43:16Z
1794,https://www.linkedin.com/company/arabella-hospitality-se,Arabella Hospitality SE,Austria,arabella.com,http://www.arabella.com,Hospitality,"1,001-5,000 employees","München, Bayern",,1969,,,2026-05-21T17:44:04Z,2026-05-21T17:44:46Z
1795,https://www.linkedin.com/company/verkehrsbuero-hospitality,VERKEHRSBUERO HOSPITALITY,Austria,verkehrsbuero.com,http://www.verkehrsbuero.com/hospitality,Hospitality,"1,001-5,000 employees",,,,,,2026-05-21T17:45:39Z,2026-05-21T17:46:21Z
1796,https://www.linkedin.com/company/zuma,Zuma Restaurants,Austria,zumarestaurant.com,http://www.zumarestaurant.com,Restaurants,"1,001-5,000 employees",,,2002,,,2026-05-21T17:47:05Z,2026-05-21T17:47:46Z
1797,https://www.linkedin.com/company/foodora,foodora,Austria,foodora.com,https://www.foodora.com,Food and Beverage Services,"1,001-5,000 employees",,,2014,,,2026-05-21T18:31:40Z,2026-05-21T18:54:44Z
1798,https://www.linkedin.com/company/fmtg-falkensteiner-michaeler-tourism-group,FMTG | Falkensteiner Michaeler Tourism Group,Austria,falkensteiner.com,http://www.falkensteiner.com,Hospitality,"1,001-5,000 employees","Wien, Wien",,,,,2026-05-21T18:55:32Z,2026-05-22T04:57:33Z
1799,https://www.linkedin.com/company/selina,Selina,Austria,selina.com,http://www.selina.com,Hospitality,"1,001-5,000 employees","London, England",,2014,,,2026-05-22T04:58:16Z,2026-05-22T04:58:55Z
1800,https://www.linkedin.com/company/tristarhotels,tristar Hotels,Austria,tristar-hotels.de,http://www.tristar-hotels.de,Hospitality,"1,001-5,000 employees",,,2011,,,2026-05-22T04:59:36Z,2026-05-22T05:00:25Z
1801,https://www.linkedin.com/company/penny-markt-%C3%B6sterreich,PENNY. Österreich,Austria,karriere.penny.at,http://karriere.penny.at,Retail Groceries,"1,001-5,000 employees","Wiener Neudorf, Niederösterreich",,,,,2026-05-22T05:01:14Z,2026-05-22T05:01:57Z
1802,https://www.linkedin.com/company/stroeckbrot,Ströck Brot,Austria,stroeck.at,http://www.stroeck.at/,Retail Groceries,"1,001-5,000 employees","Wien, Wien",,1970,,,2026-05-22T05:02:38Z,2026-05-22T05:03:19Z
1803,https://www.linkedin.com/company/zip-warenhandel-ag,ZIP Warenhandel AG,Austria,,,Retail Groceries,"1,001-5,000 employees",,,,,,2026-05-22T05:04:07Z,2026-05-22T05:10:45Z
1804,https://www.linkedin.com/company/salesianermiettexgmbh,SALESIANER Gruppe,Austria,salesianer.at,https://www.salesianer.at/,Laundry and Drycleaning Services,"1,001-5,000 employees","Vienna, Wien",,1916,,,2026-05-22T05:45:17Z,2026-05-22T05:46:03Z
1805,https://www.linkedin.com/company/marionnaud,MARIONNAUD,Austria,marionnaud.com,http://www.marionnaud.com/,Retail,"1,001-5,000 employees","Paris, Paris",,1984,,,2026-05-22T05:46:44Z,2026-05-22T06:37:10Z
1806,https://www.linkedin.com/company/aldi-sued-holding,ALDI SÜD HOLDING,Austria,aldi-sued-holding-careers.com,https://aldi-sued-holding-careers.com/,Retail,"1,001-5,000 employees",,,,,,2026-05-22T06:48:40Z,2026-05-22T06:54:05Z
1807,https://www.linkedin.com/company/zooplus-se,zooplus,Austria,careers.zooplus.com,https://careers.zooplus.com/,Retail,"1,001-5,000 employees","Munich, Bayern",,1999,,,2026-05-22T07:06:19Z,2026-05-22T07:07:02Z
1808,https://www.linkedin.com/company/beeline-gmbh,beeline Group (Fashion Accessories),Austria,beeline-group.com,http://www.beeline-group.com,Retail,"1,001-5,000 employees",,,1990,,,2026-05-22T07:08:02Z,2026-05-22T07:08:42Z
1809,https://www.linkedin.com/company/bipaparfumierengesellschaftmbh,BIPA Parfumerien Gesellschaft m.b.H.,Austria,bipa.at,https://www.bipa.at/cp/impressum,Retail,"1,001-5,000 employees",,,1980,,,2026-05-22T07:09:37Z,2026-05-22T07:10:19Z
1810,https://www.linkedin.com/company/asics-emea,,Austria,asics.com,http://www.asics.com,Retail,"1,001-5,000 employees","Hoofddorp, North Holland",,1949,,,2026-05-22T07:11:06Z,2026-05-22T07:12:15Z
1811,https://www.linkedin.com/company/iaea,International Atomic Energy Agency (IAEA),Austria,iaea.org,https://www.iaea.org,International Affairs,"1,001-5,000 employees",,,1957,,,2026-05-22T20:13:06Z,2026-05-22T20:13:51Z
1812,https://www.linkedin.com/company/undgacm,United Nations Conference & Language Careers,Austria,un.org,https://www.un.org/dgacm/,International Affairs,"1,001-5,000 employees",,,,,,2026-05-22T20:14:37Z,2026-05-22T20:15:20Z
1813,https://www.linkedin.com/company/unodc,UNODC,Austria,unodc.org,http://www.unodc.org,International Affairs,"1,001-5,000 employees",,,,,,2026-05-22T20:16:02Z,2026-05-22T20:16:42Z
1814,https://www.linkedin.com/company/osce,OSCE,Austria,osce.org,http://www.osce.org,International Affairs,"1,001-5,000 employees",,,1975,,,2026-05-22T20:17:32Z,2026-05-22T20:18:17Z
1815,https://www.linkedin.com/company/t-v-austria,TÜV AUSTRIA Group,Austria,tuvaustria.com,https://www.tuvaustria.com,Public Safety,"1,001-5,000 employees","Brunn am Gebirge, Niederösterreich",,,,,2026-05-22T20:18:57Z,2026-05-22T20:19:47Z
1816,https://www.linkedin.com/company/bmbildung,Bundesministerium für Bildung,Austria,bmb.gv.at,www.bmb.gv.at,Government Administration,"1,001-5,000 employees","Vienna, Wien",,,,,2026-05-22T20:20:44Z,2026-05-22T20:21:25Z
1817,https://www.linkedin.com/company/unodc-careers,UNODC Careers,Austria,unodc.org,https://www.unodc.org/,International Affairs,"1,001-5,000 employees",,,,,,2026-05-22T20:22:04Z,2026-05-22T20:22:49Z
1818,https://www.linkedin.com/company/gostudent-gmbh,GoStudent,Austria,gostudent.at,http://www.gostudent.at,Education Administration Programs,"1,001-5,000 employees",,,2016,,,2026-05-22T20:23:31Z,2026-05-22T20:24:16Z
1819,https://www.linkedin.com/company/magirus-gmbh,Magirus GmbH,Austria,magirusgroup.com,https://www.magirusgroup.com/de/en/special/imprint/,Fire Protection,"1,001-5,000 employees",,,1864,,,2026-05-22T20:24:57Z,2026-05-22T20:25:36Z
1820,https://www.linkedin.com/company/frauenthal-holding-ag,Frauenthal Group,Austria,frauenthal.at,http://www.frauenthal.at,Executive Offices,"1,001-5,000 employees","Vienna, Vienna",,,,,2026-05-22T20:26:22Z,2026-05-22T20:27:03Z
1821,https://www.linkedin.com/company/land-tirol,Land Tirol,Austria,tirol.gv.at,http://tirol.gv.at,Executive Offices,"1,001-5,000 employees","Innsbruck, Tirol",,,,,2026-05-22T20:27:53Z,2026-05-22T20:28:34Z
1822,https://www.linkedin.com/company/stadt-graz,Stadt Graz,Austria,graz.at,http://www.graz.at,Executive Offices,"1,001-5,000 employees","Graz, Steiermark",,1245,,,2026-05-22T20:29:18Z,2026-05-22T20:29:59Z
1823,https://www.linkedin.com/company/landburgenland,Land Burgenland - Amt der Burgenländischen Landesregierung,Austria,burgenland.at,http://burgenland.at,Executive Offices,"1,001-5,000 employees","Eisenstadt, Burgenland",,,,,2026-05-22T20:30:44Z,2026-05-22T20:31:26Z
1824,https://www.linkedin.com/company/energie-ag-telekom,Energie AG Oberösterreich Telekom,Austria,power-speed.at,https://www.power-speed.at,Telecommunications,"1,001-5,000 employees","Linz, Oberösterreich",,,,,2026-05-22T20:32:10Z,2026-05-22T20:32:49Z
1825,https://www.linkedin.com/company/hexatronic,Hexatronic,Austria,hexatronic.com,https://www.hexatronic.com,Telecommunications,"1,001-5,000 employees",,,1993,,,2026-05-22T20:33:40Z,2026-05-22T20:34:24Z
1826,https://www.linkedin.com/company/magenta-telekom,Magenta Telekom,Austria,magenta.at,http://www.magenta.at,Telecommunications,"1,001-5,000 employees",,,1996,,,2026-05-22T20:35:12Z,2026-05-22T20:35:51Z
1827,https://www.linkedin.com/company/adva-optical-networking,ADVA,Austria,adva.com,https://www.adva.com,Telecommunications,"1,001-5,000 employees","Norcross, Georgia",,1994,,,2026-05-22T20:36:38Z,2026-05-22T20:37:21Z
1828,https://www.linkedin.com/company/dreioesterreich,Drei Österreich,Austria,drei.at,http://www.drei.at,Telecommunications,"1,001-5,000 employees",,,2003,,,2026-05-22T20:38:12Z,2026-05-22T20:38:55Z
1829,https://www.linkedin.com/company/alcatellucententerprise,Alcatel-Lucent Enterprise,Austria,al-enterprise.com,https://www.al-enterprise.com,Telecommunications,"1,001-5,000 employees",,,2014,,,2026-05-22T20:39:58Z,2026-05-22T20:40:41Z
1830,https://www.linkedin.com/company/dreibusinesspartner,Drei BusinessPartner,Austria,businesspartner.drei.at,https://businesspartner.drei.at,Telecommunications Carriers,"1,001-5,000 employees",,,2003,,,2026-05-22T20:41:36Z,2026-05-22T20:42:18Z
1831,https://www.linkedin.com/company/wireless-logic-ltd,Wireless Logic,Austria,wirelesslogic.com,https://wirelesslogic.com,Telecommunications,"1,001-5,000 employees","Reading, Berkshire",,,,,2026-05-22T20:42:58Z,2026-05-22T20:43:38Z
1832,https://www.linkedin.com/company/lebens-und-sozialberatung-vorarlberg,Lebens- und Sozialberatung Vorarlberg,Austria,lebensberater.at,https://www.lebensberater.at,Information Services,"1,001-5,000 employees","Feldkirch, Vorarlberg",,,,,2026-05-22T20:44:28Z,2026-05-22T20:45:09Z
1833,https://www.linkedin.com/company/ebsco-information-services-gmbh-deutschland,"EBSCO Information Services, D-A-CH",Austria,ebsco.com,https://www.ebsco.com/de-de,Information Services,"1,001-5,000 employees",,,,,,2026-05-22T20:45:53Z,2026-05-22T20:46:33Z
1834,https://www.linkedin.com/company/sportradar,Sportradar,Austria,sportradar.com,http://www.sportradar.com,Information Services,"1,001-5,000 employees",,,2001,,,2026-05-22T20:47:20Z,2026-05-22T20:48:02Z
1835,https://www.linkedin.com/company/viridiuslab,viridiusLAB AG,Austria,viridiuslab.com,https://www.viridiuslab.com,Environmental Services,"1,001-5,000 employees",,,2021,,,2026-05-22T20:48:54Z,2026-05-22T20:49:35Z
1836,https://www.linkedin.com/company/equans-oesterreich,Equans Österreich,Austria,equans.at,http://www.equans.at,Environmental Services,"1,001-5,000 employees",,,,,,2026-05-22T20:50:32Z,2026-05-22T20:51:15Z
1837,https://www.linkedin.com/company/saubermacher,Saubermacher Dienstleistungs AG,Austria,saubermacher.com,https://saubermacher.com,Environmental Services,"1,001-5,000 employees",,,1979,,,2026-05-22T20:52:00Z,2026-05-22T20:52:45Z
1838,https://www.linkedin.com/company/european-federation-of-green-roof-and-green-wall-associations-efb,European Federation of Green Roof and Green Wall Associations (EFB),Austria,efb-greenroof.eu,https://efb-greenroof.eu/,Environmental Services,"1,001-5,000 employees",,,2005,,,2026-05-22T20:53:39Z,2026-05-22T20:54:23Z
1839,https://www.linkedin.com/company/fcc-environment-cee,FCC Environment CEE,Austria,fcc-group.eu,http://www.fcc-group.eu,Environmental Services,"1,001-5,000 employees",,,,,,2026-05-22T20:55:07Z,2026-05-22T20:55:50Z
1840,https://www.linkedin.com/company/va-tech-wabag-ltd-,VA TECH WABAG LTD.,Austria,wabag.com,http://www.wabag.com,Environmental Services,"1,001-5,000 employees","WABAG House, Chennai, Tamil Nadu",,1924,,,2026-05-22T20:56:41Z,2026-05-22T20:57:24Z
1841,https://www.linkedin.com/company/bwf-envirotec,BWF Envirotec,Austria,bwf-envirotec.com,http://bwf-envirotec.com,Environmental Services,"1,001-5,000 employees","Offingen, Bayern",,,,,2026-05-22T20:58:09Z,2026-05-22T20:58:55Z
1842,https://www.linkedin.com/company/brantner-green-solutions,Brantner green solutions,Austria,brantner.com,https://www.brantner.com,Environmental Services,"1,001-5,000 employees","Krems, Niederösterreich",,,,,2026-05-22T20:59:42Z,2026-05-22T21:00:27Z
1843,https://www.linkedin.com/company/socotec-de,SOCOTEC Deutschland,Austria,socotec.de,https://www.socotec.de,Environmental Services,"1,001-5,000 employees",,,2019,,,2026-05-22T21:01:10Z,2026-05-22T21:01:50Z
1844,https://www.linkedin.com/company/autobahnen--und-schnellstra%C3%9Fen-finanzierungs-aktiengesellschaft,Autobahnen- und Schnellstraßen-Finanzierungs-Aktiengesellschaft,Austria,,,Freight and Package Transportation,"1,001-5,000 employees",,,1982,,,2026-05-22T21:02:50Z,2026-05-22T21:03:31Z
1845,https://www.linkedin.com/company/leitner-spedition,LEITNER Spedition,Austria,leitner-spedition.com,http://leitner-spedition.com,Freight and Package Transportation,"1,001-5,000 employees",,,,,,2026-05-22T21:03:45Z,2026-05-22T21:04:23Z
1846,https://www.linkedin.com/company/deli-transporte,Deli-Transporte,Austria,deli-transporte.at,http://deli-transporte.at,Freight and Package Transportation,"1,001-5,000 employees",,,,,,2026-05-22T21:05:06Z,2026-05-22T21:05:48Z
1847,https://www.linkedin.com/company/bbrz-reha-gmbh,BBRZ (Berufliches Bildungs- und Rehabilitationszentrum),Austria,bbrz.at,https://www.bbrz.at/de/bbrz,Civic and Social Organizations,"1,001-5,000 employees","Linz, Oberösterreich",,1975,,,2026-05-22T21:06:28Z,2026-05-22T21:07:08Z
1848,https://www.linkedin.com/company/oegb,ÖGB | Österreichischer Gewerkschaftsbund,Austria,oegb.at,http://oegb.at,Political Organizations,"1,001-5,000 employees",,,1945,,,2026-05-22T21:07:55Z,2026-05-22T21:08:40Z
1849,https://www.linkedin.com/company/jugend-am-werk-steiermark-gmbh,Jugend am Werk Steiermark GmbH,Austria,jaw.or.at,http://jaw.or.at,Civic and Social Organizations,"1,001-5,000 employees","Graz, Steiermark",,1948,,,2026-05-22T21:09:26Z,2026-05-22T21:10:09Z
1850,https://www.linkedin.com/company/sos-kinderdorf,SOS-Kinderdorf Österreich,Austria,sos-kinderdorf.at,https://www.sos-kinderdorf.at,Civic and Social Organizations,"1,001-5,000 employees","Innsbruck, Österreich",,1949,,,2026-05-22T21:10:56Z,2026-05-22T21:11:39Z
1851,https://www.linkedin.com/company/comit%C3%A9-autriche-des-conseillers-du-commerce-ext%C3%A9rieur-de-la-france,Comité Autriche des Conseillers du Commerce Extérieur de la France,Austria,cnccef.org,http://www.cnccef.org,Civic and Social Organizations,"1,001-5,000 employees",,,1898,,,2026-05-22T21:12:28Z,2026-05-22T21:13:12Z
1852,https://www.linkedin.com/company/frau-in-der-wirtschaft,Frau in der Wirtschaft,Austria,wko.at,www.wko.at/oe/fiw,Political Organizations,"1,001-5,000 employees","Wien, Wien",,1983,,,2026-05-22T21:13:56Z,2026-05-22T21:14:36Z
1853,https://www.linkedin.com/company/diakoniedelatour,Diakonie de La Tour,Austria,diakonie.at,https://www.diakonie.at/job-und-familie,Civic and Social Organizations,"1,001-5,000 employees",,,,,,2026-05-22T21:15:18Z,2026-05-22T21:16:01Z
1854,https://www.linkedin.com/company/jugend-am-werk,Jugend am Werk,Austria,jaw.at,https://www.jaw.at,Civic and Social Organizations,"1,001-5,000 employees","Wien, Wien",,1945,,,2026-05-22T21:16:47Z,2026-05-22T21:17:32Z
1855,https://www.linkedin.com/company/vertretungsnetz,VertretungsNetz,Austria,vertretungsnetz.at,www.vertretungsnetz.at,Civic and Social Organizations,"1,001-5,000 employees",,,1980,,,2026-05-22T21:18:20Z,2026-05-22T21:19:04Z
1856,https://www.linkedin.com/company/holding-graz,Holding Graz,Austria,holding-graz.at,https://www.holding-graz.at/,Consumer Services,"1,001-5,000 employees","Graz, Styria",,1960,,,2026-05-22T21:19:54Z,2026-05-22T21:20:35Z
1857,https://www.linkedin.com/company/dexion-gonvarri-material-handling,Dexion - Gonvarri Material Handling,Austria,dexion.com,https://www.dexion.com,Warehousing and Storage,"1,001-5,000 employees","Laubach, Hessen",,2001,,,2026-05-22T21:21:25Z,2026-05-22T21:22:06Z
1858,https://www.linkedin.com/company/lufthansa-group-digital-hangar,Lufthansa Group Digital Hangar,Austria,digitalhangar.aero,https://digitalhangar.aero/,Airlines and Aviation,"1,001-5,000 employees",,,2022,,,2026-05-22T21:22:56Z,2026-05-22T21:23:36Z
1859,https://www.linkedin.com/company/airline-assistance-switzerland-aas,Airline Assistance Switzerland (AAS),Austria,aas.aero,http://www.aas.aero,Airlines and Aviation,"1,001-5,000 employees","Zürich-Flughafen, Zürich",,2003,,,2026-05-22T21:24:19Z,2026-05-22T21:24:59Z
1860,https://www.linkedin.com/company/frequentis,Frequentis,Austria,frequentis.com,http://www.frequentis.com,IT Services and IT Consulting,"1,001-5,000 employees",,,,,,2026-05-22T21:25:47Z,2026-05-22T21:26:30Z
1861,https://www.linkedin.com/company/exodus-virtual-centre,Exodus Virtual Centre,Austria,coopans.com,https://coopans.com/About-Coopans/EXODUS,Airlines and Aviation,"1,001-5,000 employees","Copenhagen, Denmark",,2024,,,2026-05-22T21:27:24Z,2026-05-22T21:28:06Z
1862,https://www.linkedin.com/company/doyle-sails-international,Doyle Sails International,Austria,doylesails.com,http://www.doylesails.com,Maritime Transportation,"1,001-5,000 employees",,,1982,,,2026-05-22T21:28:45Z,2026-05-22T21:29:23Z
1863,https://www.linkedin.com/company/black-box,,Austria,blackbox.com,https://www.blackbox.com,IT Services and IT Consulting,"1,001-5,000 employees","Plano, Texas",,1976,,,2026-05-22T21:30:06Z,2026-05-22T21:30:47Z
1864,https://www.linkedin.com/company/nearsure,Nearsure,Austria,nortal.com,https://www.nortal.com/,IT Services and IT Consulting,"1,001-5,000 employees","Tallinn, Estonia",,,,,2026-05-22T21:31:38Z,2026-05-22T21:32:17Z
1865,https://www.linkedin.com/company/kapsch-trafficcom-ag,Kapsch TrafficCom AG,Austria,kapsch.net,https://www.kapsch.net,IT Services and IT Consulting,"1,001-5,000 employees",,,2002,,,2026-05-22T21:32:57Z,2026-05-22T21:33:38Z
1866,https://www.linkedin.com/company/ventionteams,Vention,Austria,ventionteams.com,https://ventionteams.com/,IT Services and IT Consulting,"1,001-5,000 employees","New York, New York",,2002,,,2026-05-22T21:34:22Z,2026-05-22T21:35:03Z
1867,https://www.linkedin.com/company/prodware,Prodware,Austria,prodwaregroup.com,https://www.prodwaregroup.com/,IT Services and IT Consulting,"1,001-5,000 employees","Paris, France",,1989,,,2026-05-22T21:35:51Z,2026-05-22T21:36:32Z
1868,https://www.linkedin.com/company/torry-harris-integration-solutions,Torry Harris Integration Solutions,Austria,torryharris.com,https://www.torryharris.com/,IT Services and IT Consulting,"1,001-5,000 employees","Perth Amboy, New Jersey",,1998,,,2026-05-22T21:37:27Z,2026-05-22T21:38:12Z
1869,https://www.linkedin.com/company/collaboration-betters-the-world,CBTW,Austria,cbtw.tech,https://cbtw.tech/,IT Services and IT Consulting,"1,001-5,000 employees",,,,,,2026-05-22T21:38:56Z,2026-05-22T21:39:35Z
1870,https://www.linkedin.com/company/european-dynamics,EUROPEAN DYNAMICS,Austria,eurodyn.com,http://www.eurodyn.com,IT Services and IT Consulting,"1,001-5,000 employees","Athens, Marousi",,1993,,,2026-05-22T21:40:24Z,2026-05-22T21:41:04Z
1871,https://www.linkedin.com/company/hensoldt,HENSOLDT,Austria,hensoldt.net,http://www.hensoldt.net,Defense and Space Manufacturing,"5,001-10,000 employees","Taufkirchen, Bayern",,2017,,,2026-05-22T21:41:51Z,2026-05-22T21:42:28Z
1872,https://www.linkedin.com/company/lions-oesterreich,Lions Österreich,Austria,lions.at,https://www.lions.at,Non-profit Organizations,"5,001-10,000 employees","Wien, Wien",,1917,,,2026-05-22T21:43:22Z,2026-05-22T21:44:04Z
1873,https://www.linkedin.com/company/rotary-district-1910,Rotary District 1910,Austria,rotary.at,https://www.rotary.at/distrikt-1910-1,Non-profit Organizations,"5,001-10,000 employees",,,,,,2026-05-22T21:44:45Z,2026-05-22T21:45:26Z
1874,https://www.linkedin.com/company/dama-austria-vienna,DAMA Austria,Austria,dama-austria.org,https://www.dama-austria.org/,Non-profit Organizations,"5,001-10,000 employees",,,2023,,,2026-05-22T21:46:13Z,2026-05-22T21:46:53Z
1875,https://www.linkedin.com/company/pagegroup,PageGroup,Austria,page.com,http://www.page.com,Staffing and Recruiting,"5,001-10,000 employees","London, England",,1976,,,2026-05-22T21:47:39Z,2026-05-22T21:48:20Z
1876,https://www.linkedin.com/company/studyheads,Studyheads,Austria,studyheads.de,http://www.studyheads.de,Staffing and Recruiting,"5,001-10,000 employees",,,,,,2026-05-22T21:49:17Z,2026-05-22T21:49:58Z
1877,https://www.linkedin.com/company/whc-austria-gmbh,WHC Austria GmbH,Austria,whc-austria.com,www.whc-austria.com,Staffing and Recruiting,"5,001-10,000 employees","Wien, Wien",,,,,2026-05-22T21:50:39Z,2026-05-22T21:51:23Z
1878,https://www.linkedin.com/company/hays,Hays,Austria,haysplc.com,http://www.haysplc.com,Staffing and Recruiting,"5,001-10,000 employees","London, England",,,,,2026-05-22T21:52:06Z,2026-05-22T21:52:47Z
1879,https://www.linkedin.com/company/page-executive,Page Executive,Austria,pageexecutive.com,http://www.pageexecutive.com,Executive Search Services,"5,001-10,000 employees","London, England",,1976,,,2026-05-22T21:53:36Z,2026-05-22T21:54:20Z
1880,https://www.linkedin.com/company/michael-page,Michael Page,Austria,redirect.michaelpage.com,https://redirect.michaelpage.com/mp-home,Staffing and Recruiting,"5,001-10,000 employees","Addlestone, Weybridge",,,,,2026-05-22T21:55:09Z,2026-05-22T21:55:50Z
1881,https://www.linkedin.com/company/orizon-gmbh,Orizon,Austria,orizon.de,https://www.orizon.de,Staffing and Recruiting,"5,001-10,000 employees",,,1978,,,2026-05-22T21:56:43Z,2026-05-22T21:57:24Z
1882,https://www.linkedin.com/company/trenkwalder-austria,Trenkwalder Austria,Austria,at.trenkwalder.com,https://at.trenkwalder.com/,Staffing and Recruiting,"5,001-10,000 employees","Vienna, Niederösterreich",,1985,,,2026-05-22T21:58:08Z,2026-05-22T21:58:49Z
1883,https://www.linkedin.com/company/glab-fachkr%C3%A4fte-group-at,Glab Fachkräfte Group | Teams für Bau & Industrie in Österreich | Komplett ausgestattet & mobil,Austria,glabfachkrafte.com,https://glabfachkrafte.com,Temporary Help Services,"5,001-10,000 employees",,,2020,,,2026-05-22T21:59:41Z,2026-05-22T22:00:21Z
1884,https://www.linkedin.com/company/rothenberger-school-of-management,ROTHENBERGER School of Management,Austria,rothenberger-schoolofmanagement.com,https://rothenberger-schoolofmanagement.com/de/,Professional Training and Coaching,"5,001-10,000 employees","Anif, Salzburg",,2024,,,2026-05-22T22:01:03Z,2026-05-22T22:01:45Z
1885,https://www.linkedin.com/company/elite-coaching-et,EliTe Coaching,Austria,oeh.jku.at,https://oeh.jku.at/et#c3638,Professional Training and Coaching,"5,001-10,000 employees","Linz, Upper Austria",,2025,,,2026-05-22T22:02:25Z,2026-05-22T22:03:06Z
1886,https://www.linkedin.com/company/pandcglobal,P&C Global,Austria,pandcglobal.com,https://www.pandcglobal.com/,Business Consulting and Services,"5,001-10,000 employees","Toronto, Ontario",,2012,,,2026-05-22T22:03:44Z,2026-05-22T22:04:25Z
1887,https://www.linkedin.com/company/dis-ag,DIS AG,Austria,dis-ag.com,http://www.dis-ag.com,Human Resources Services,"5,001-10,000 employees",,,1967,,,2026-05-22T22:05:08Z,2026-05-22T22:05:50Z
1888,https://www.linkedin.com/company/vialtopartners,Vialto,Austria,vialto.com,http://www.vialto.com,Business Consulting and Services,"5,001-10,000 employees",,,,,,2026-05-22T22:06:37Z,2026-05-22T22:07:21Z
1889,https://www.linkedin.com/company/bearingpoint,BearingPoint,Austria,bearingpoint.com,http://www.bearingpoint.com,Business Consulting and Services,"5,001-10,000 employees",,,,,,2026-05-22T22:08:08Z,2026-05-22T22:08:50Z
1890,https://www.linkedin.com/company/gigroupholding,Gi Group Holding,Austria,gigroupholding.com,http://www.gigroupholding.com,Human Resources Services,"5,001-10,000 employees",,,1998,,,2026-05-22T22:09:43Z,2026-05-22T22:10:25Z
1891,https://www.linkedin.com/company/vialto-partners-dach,"Vialto DACH | Germany, Austria, Switzerland",Austria,vialto.com,www.vialto.com,Business Consulting and Services,"5,001-10,000 employees",,,,,,2026-05-22T22:11:14Z,2026-05-22T22:11:56Z
1892,https://www.linkedin.com/company/kearney,Kearney,Austria,kearney.com,https://www.kearney.com/,Business Consulting and Services,"5,001-10,000 employees","Chicago, Illinois",,1926,,,2026-05-22T22:12:49Z,2026-05-22T22:13:36Z
1893,https://www.linkedin.com/company/sdworx,SD Worx,Austria,sdworx.com,https://www.sdworx.com/,Human Resources Services,"5,001-10,000 employees","Antwerp, Flemish Region",,1945,,,2026-05-22T22:14:28Z,2026-05-22T22:15:08Z
1894,https://www.linkedin.com/company/oliver-wyman,Oliver Wyman,Austria,oliverwyman.com,http://www.oliverwyman.com,Business Consulting and Services,"5,001-10,000 employees","New York, NY",,,,,2026-05-22T22:15:55Z,2026-05-22T22:16:34Z
1895,https://www.linkedin.com/company/bip-global,BIP,Austria,,,Business Consulting and Services,"5,001-10,000 employees","Milano, Italy",,,,,2026-05-22T22:17:29Z,2026-05-22T22:18:14Z
1896,https://www.linkedin.com/company/zumtobel-group,Zumtobel Group,Austria,z.lighting,http://z.lighting,"Appliances, Electrical, and Electronics Manufacturing","5,001-10,000 employees",,,1950,,,2026-05-22T22:18:31Z,2026-05-22T22:19:10Z
1897,https://www.linkedin.com/company/gpv,GPV,Austria,gpv-group.com,https://www.gpv-group.com,"Appliances, Electrical, and Electronics Manufacturing","5,001-10,000 employees","Vejle, Syddanmark",,1961,,,2026-05-22T22:19:51Z,2026-05-22T22:20:34Z
1898,https://www.linkedin.com/company/ego-group,E.G.O.-Group,Austria,egoproducts.com,http://www.egoproducts.com,"Appliances, Electrical, and Electronics Manufacturing","5,001-10,000 employees","Oberderdingen, Baden-Württemberg",,1925,,,2026-05-22T22:21:21Z,2026-05-22T22:22:04Z
1899,https://www.linkedin.com/company/fronius-oesterreich,Fronius Österreich,Austria,fronius.com,https://www.fronius.com,Electrical Equipment Manufacturing,"5,001-10,000 employees","Wels, Oberösterreich",,,,,2026-05-22T22:22:49Z,2026-05-22T22:23:31Z
1900,https://www.linkedin.com/company/enersys,EnerSys,Austria,enersys.com,http://www.enersys.com/,"Appliances, Electrical, and Electronics Manufacturing","5,001-10,000 employees","Reading, PA",,,,,2026-05-22T22:24:12Z,2026-05-22T22:24:54Z
1901,https://www.linkedin.com/company/zumtobel-lighting,Zumtobel Lighting,Austria,zumtobel.at,https://www.zumtobel.at/en-at,"Appliances, Electrical, and Electronics Manufacturing","5,001-10,000 employees",,,1950,,,2026-05-22T22:25:38Z,2026-05-22T22:26:18Z
1902,https://www.linkedin.com/company/lapp-group,LAPP Group,Austria,lapp.com,http://www.lapp.com/en/de,"Appliances, Electrical, and Electronics Manufacturing","5,001-10,000 employees","Stuttgart-Vaihingen, Baden-Württemberg",,,,,2026-05-22T22:27:01Z,2026-05-22T22:27:42Z
1903,https://www.linkedin.com/company/spectra-physics,Spectra-Physics,Austria,spectra-physics.com,http://www.spectra-physics.com,"Appliances, Electrical, and Electronics Manufacturing","5,001-10,000 employees","Andover, Massachusetts",,1961,,,2026-05-22T22:28:39Z,2026-05-22T22:29:22Z
1904,https://www.linkedin.com/company/hegelmanngroup,Hegelmann Group,Austria,hegelmann.com,https://www.hegelmann.com/,"Transportation, Logistics, Supply Chain and Storage","5,001-10,000 employees","Bruchsal, Germany",,1998,,,2026-05-22T22:30:09Z,2026-05-22T22:30:51Z
1905,https://www.linkedin.com/company/ssischaefer,SSI SCHÄFER,Austria,ssi-schaefer.com,https://www.ssi-schaefer.com,"Transportation, Logistics, Supply Chain and Storage","5,001-10,000 employees","Neunkirchen, North Rhine-Westphalia",,1937,,,2026-05-22T22:31:32Z,2026-05-22T22:32:13Z
1906,https://www.linkedin.com/company/gebruederweiss,Gebrüder Weiss,Austria,gw-world.com,https://www.gw-world.com,"Transportation, Logistics, Supply Chain and Storage","5,001-10,000 employees",,,1823,,,2026-05-22T22:33:07Z,2026-05-22T22:33:48Z
1907,https://www.linkedin.com/company/eur-pallet,EUR-Pallet,Austria,eur-pallet.com,https://www.eur-pallet.com,"Transportation, Logistics, Supply Chain and Storage","5,001-10,000 employees",,,1961,,,2026-05-22T22:34:31Z,2026-05-22T22:35:15Z
1908,https://www.linkedin.com/company/wiener-linien,Wiener Linien,Austria,wienerlinien.at,https://www.wienerlinien.at/karriere,Urban Transit Services,"5,001-10,000 employees",,,,,,2026-05-22T22:35:53Z,2026-05-22T22:36:33Z
1909,https://www.linkedin.com/company/austrian-airlines,Austrian Airlines,Austria,austrian.com,http://www.austrian.com,Airlines and Aviation,"5,001-10,000 employees",,,1957,,,2026-05-22T22:37:18Z,2026-05-22T22:37:58Z
1910,https://www.linkedin.com/company/geis-group,Geis Group,Austria,geis-group.com,http://www.geis-group.com,"Transportation, Logistics, Supply Chain and Storage","5,001-10,000 employees","Bad Neustadt, Bayern",,,,,2026-05-22T22:38:44Z,2026-05-22T22:39:23Z
1911,https://www.linkedin.com/company/veeam-software,Veeam Software,Austria,veeam.com,https://www.veeam.com,Software Development,"5,001-10,000 employees","Seattle, WA",,,,,2026-05-24T05:15:11Z,2026-05-24T05:15:51Z
1912,https://www.linkedin.com/company/shijigroup,Shiji Group,Austria,shijigroup.com,https://www.shijigroup.com,Software Development,"5,001-10,000 employees","Singapore, Singapore",,,,,2026-05-24T05:16:30Z,2026-05-24T05:17:11Z
1913,https://www.linkedin.com/company/dun-&-bradstreet,Dun & Bradstreet,Austria,dnb.com,http://www.dnb.com,Information Services,"5,001-10,000 employees","Jacksonville, FL",,,,,2026-05-24T05:17:46Z,2026-05-24T05:18:29Z
1914,https://www.linkedin.com/company/a1-telekom-austria-ag,A1 Telekom Austria AG,Austria,jobs.a1.com,https://jobs.a1.com/de/benefits/,Telecommunications,"5,001-10,000 employees","Wien, Österreich",,1881,,,2026-05-24T05:19:15Z,2026-05-24T05:20:00Z
1915,https://www.linkedin.com/company/intellect_design_arena,Intellect Design Arena Ltd,Austria,intellectdesign.com,https://www.intellectdesign.com/,Software Development,"5,001-10,000 employees","Chennai, Tamil Nadu",,1993,,,2026-05-24T05:20:45Z,2026-05-24T05:21:30Z
1916,https://www.linkedin.com/company/mobilkom-austria,mobilkom austria,Austria,a1.net,http://www.a1.net,Telecommunications,"5,001-10,000 employees",,,1995,,,2026-05-24T05:22:10Z,2026-05-24T05:22:47Z
1917,https://www.linkedin.com/company/dynatrace,Dynatrace,Austria,dynatrace.com,https://www.dynatrace.com,Software Development,"5,001-10,000 employees","Boston, Massachusetts",,,,,2026-05-24T05:23:31Z,2026-05-24T05:24:14Z
1918,https://www.linkedin.com/company/prodapt,Prodapt,Austria,prodapt.com,https://www.prodapt.com/,"Technology, Information and Internet","5,001-10,000 employees","Chennai, Tamilnadu",,,,,2026-05-24T05:25:02Z,2026-05-24T05:25:42Z
1919,https://www.linkedin.com/company/comarch,Comarch,Austria,kariera.comarch.pl,http://www.kariera.comarch.pl,Software Development,"5,001-10,000 employees",,,1993,,,2026-05-24T05:26:21Z,2026-05-24T05:27:02Z
1920,https://www.linkedin.com/company/zdf,ZDF,Austria,zdf.de,http://www.zdf.de,Broadcast Media Production and Distribution,"5,001-10,000 employees","Mainz, Rheinland-Pfalz",,,,,2026-05-24T05:27:38Z,2026-05-24T05:28:21Z
1921,https://www.linkedin.com/company/birkenstock-deutschland,BIRKENSTOCK,Austria,birkenstock-group.com,https://www.birkenstock-group.com,Retail Apparel and Fashion,"5,001-10,000 employees","Linz am Rhein, Rhineland-Palatinate",,1774,,,2026-05-24T05:29:01Z,2026-05-24T05:29:43Z
1922,https://www.linkedin.com/company/lavazza-group,Lavazza Group,Austria,lavazzagroup.com,https://www.lavazzagroup.com,Food and Beverage Services,"5,001-10,000 employees","Torino, Piemonte",,,,,2026-05-24T05:30:19Z,2026-05-24T05:31:01Z
1923,https://www.linkedin.com/company/privatechefsworldwide,Private Chefs,Austria,privatechefsworld.com,http://privatechefsworld.com,Food and Beverage Services,"5,001-10,000 employees",,,2010,,,2026-05-24T05:31:42Z,2026-05-24T05:32:21Z
1924,https://www.linkedin.com/company/vapiano,Vapiano,Austria,vapiano.com,http://Vapiano.com,Restaurants,"5,001-10,000 employees",,,2002,,,2026-05-24T05:33:05Z,2026-05-24T05:33:46Z
1925,https://www.linkedin.com/company/itc-infotech,ITC Infotech,Austria,itcinfotech.com,http://www.itcinfotech.com,IT Services and IT Consulting,"10,001+ employees","Bangalore, Karnataka",,2000,,,2026-05-24T05:34:29Z,2026-05-24T05:35:14Z
1926,https://www.linkedin.com/company/mcdonaldsaustria,McDonald's Österreich,Austria,mcdonalds.at,http://www.mcdonalds.at,Restaurants,"5,001-10,000 employees","Brunn am Gebirge, Niederösterreich",,1955,,,2026-05-24T05:35:58Z,2026-05-24T05:36:42Z
1927,https://www.linkedin.com/company/franklins-&-family-supermarkets,Franklins & Family Supermarkets,Austria,franklins.com.au,http://www.franklins.com.au,Retail Groceries,"5,001-10,000 employees","Northampton, Northamptonshire",,1982,,,2026-05-24T05:37:18Z,2026-05-24T05:37:59Z
1928,https://www.linkedin.com/company/mpreis,MPREIS,Austria,mpreis.at,http://www.mpreis.at,Retail Groceries,"5,001-10,000 employees","Völs, Tirol",,1920,,,2026-05-24T05:38:43Z,2026-05-24T05:39:24Z
1929,https://www.linkedin.com/company/mewa-textil-management,Mewa,Austria,mewa.de,www.mewa.de,Laundry and Drycleaning Services,"5,001-10,000 employees",,,1908,,,2026-05-24T05:40:00Z,2026-05-24T05:40:40Z
1930,https://www.linkedin.com/company/berndthielofficial,berndthiel.com | BTK (Trust since 25 years),Austria,berndthiel.com,https://www.berndthiel.com/,Retail Health and Personal Care Products,"5,001-10,000 employees","Zug, Zug",,2003,,,2026-05-24T05:41:17Z,2026-05-24T05:42:01Z
1931,https://www.linkedin.com/company/lidl-%C3%B6sterreich,Lidl Österreich,Austria,karriere.lidl.at,https://karriere.lidl.at,Retail,"5,001-10,000 employees",,,1998,,,2026-05-24T05:42:35Z,2026-05-24T05:43:14Z
1932,https://www.linkedin.com/company/die-ordination,Die Ordination,Austria,doclanger.com,http://doclanger.com,Retail,"5,001-10,000 employees",,,,,,2026-05-24T05:43:53Z,2026-05-24T05:44:37Z
1933,https://www.linkedin.com/company/xxxlutz-%C3%B6sterreich,XXXLutz Österreich,Austria,karriere.xxxlutz.at,http://karriere.xxxlutz.at,Retail Furniture and Home Furnishings,"5,001-10,000 employees",,,1945,,,2026-05-24T05:45:28Z,2026-05-24T05:46:10Z
1934,https://www.linkedin.com/company/mth-retailgroup,MTH Retail Group,Austria,mth-retailgroup.com,https://www.mth-retailgroup.com/,Retail,"5,001-10,000 employees",,,,,,2026-05-24T05:46:50Z,2026-05-24T05:47:32Z
1935,https://www.linkedin.com/company/dmdrogeriemarktoesterreich,dm drogerie markt Österreich,Austria,dm-jobs.at,https://www.dm-jobs.at,Retail,"5,001-10,000 employees","Wals, Salzburg",,1976,,,2026-05-24T05:48:25Z,2026-05-24T05:49:10Z
1936,https://www.linkedin.com/company/fti-touristik-gmbh,FTI Touristik GmbH,Austria,fti.de,https://www.fti.de/impressum.html,Travel Arrangements,"5,001-10,000 employees","München, Bayern",,1983,,,2026-05-24T05:49:51Z,2026-05-24T05:50:30Z
1937,https://www.linkedin.com/company/circlemediagroup,Circle Media Group,Austria,circlemediagroup.com,http://www.circlemediagroup.com,Media Production,"5,001-10,000 employees","Amstelveen, North Holland",,2018,,,2026-05-24T05:51:17Z,2026-05-24T05:52:03Z
1938,https://www.linkedin.com/company/kontron,Kontron Europe,Austria,kontron.com,http://www.kontron.com,Computer Hardware Manufacturing,"5,001-10,000 employees","Ismaning, Bavaria",,,,,2026-05-24T05:52:49Z,2026-05-24T05:53:31Z
1939,https://www.linkedin.com/company/at-&-s-austria-technologie-&-systemtechnik-ag,AT & S Austria Technologie & Systemtechnik AG,Austria,ats.net,http://ats.net,Software Development,"5,001-10,000 employees",,,1988,,,2026-05-24T05:54:08Z,2026-05-24T05:54:50Z
1940,https://www.linkedin.com/company/unicredit-bank-austria-ag,UniCredit Bank Austria AG,Austria,bankaustria.at,http://www.bankaustria.at,Banking,"5,001-10,000 employees","Vienna, Austria",,,,,2026-05-24T05:55:30Z,2026-05-24T05:56:09Z
1941,https://www.linkedin.com/company/raiffeisenlandesbank-ober%C3%B6sterreich-aktiengesellschaft,Raiffeisenlandesbank Oberösterreich Aktiengesellschaft,Austria,rlbooe.at,http://rlbooe.at,Banking,"5,001-10,000 employees",,,,,,2026-05-24T05:56:49Z,2026-05-24T05:57:29Z
1942,https://www.linkedin.com/company/steiermaerkische,Steiermärkische Bank und Sparkasse,Austria,steiermaerkische.at,http://www.steiermaerkische.at,Banking,"5,001-10,000 employees","Graz, Steiermark",,1825,,,2026-05-24T05:58:11Z,2026-05-24T05:58:51Z
1943,https://www.linkedin.com/company/arag,ARAG,Austria,arag.com,http://www.arag.com,Insurance,"5,001-10,000 employees",,,,,,2026-05-24T05:59:31Z,2026-05-24T06:00:11Z
1944,https://www.linkedin.com/company/bnp-paribas-cardif,BNP Paribas Cardif,Austria,bnpparibascardif.com,https://www.bnpparibascardif.com/en/data-protection-notice,Insurance,"5,001-10,000 employees",,,,,,2026-05-24T06:00:54Z,2026-05-24T06:01:36Z
1945,https://www.linkedin.com/company/tryg-%C3%B6sterreich,Tryg Österreich,Austria,trygtrade.at,http://trygtrade.at,Insurance,"5,001-10,000 employees","Wien, Wien",,2019,,,2026-05-24T06:02:20Z,2026-05-24T06:03:00Z
1946,https://www.linkedin.com/company/intrum,Intrum,Austria,intrum.com,http://www.intrum.com,Financial Services,"5,001-10,000 employees","Stockholm, Stockholm County",,,,,2026-05-24T06:03:37Z,2026-05-24T06:04:19Z
1947,https://www.linkedin.com/company/lindnerarchitektur,LindnerArchitektur,Austria,lindnerarchitektur.at,http://lindnerarchitektur.at,Architecture and Planning,"5,001-10,000 employees",,,,,,2026-05-26T08:21:06Z,2026-05-26T08:21:48Z
1948,https://www.linkedin.com/company/montana-aerospace,Montana Aerospace,Austria,montana-aerospace.com,https://www.montana-aerospace.com/,Aviation and Aerospace Component Manufacturing,"5,001-10,000 employees","Reinach, Aargau",,,,,2026-05-26T08:40:58Z,2026-05-26T08:41:38Z
1949,https://www.linkedin.com/company/veritasauto,Veritas,Austria,veritasauto.com,https://veritasauto.com/,Motor Vehicle Manufacturing,"5,001-10,000 employees","Livonia, MI",,1849,,,2026-05-26T09:06:05Z,2026-05-26T09:06:50Z
1950,https://www.linkedin.com/company/boxmark-leather,Boxmark Leather,Austria,linktr.ee,https://linktr.ee/boxmarkleather,Motor Vehicle Manufacturing,"5,001-10,000 employees",,,1780,,,2026-05-26T09:07:37Z,2026-05-26T09:08:17Z
1951,https://www.linkedin.com/company/hirschmannautomotive,Hirschmann Automotive,Austria,hirschmann-automotive.com,http://www.hirschmann-automotive.com,Motor Vehicle Manufacturing,"5,001-10,000 employees","Rankweil, Vorarlberg",,1959,,,2026-05-26T09:09:02Z,2026-05-26T09:09:43Z
1952,https://www.linkedin.com/company/leapmotor-at,Leapmotor Österreich,Austria,leapmotor.net,https://www.leapmotor.net/at,Motor Vehicle Manufacturing,"5,001-10,000 employees",,,2015,,,2026-05-26T09:10:26Z,2026-05-26T09:11:12Z
1953,https://www.linkedin.com/company/avl-in-sweden,AVL in Sweden,Austria,avl.com,https://www.avl.com/web/se/home?avlregion=SE,Motor Vehicle Manufacturing,"5,001-10,000 employees","Austria, Graz",,1948,,,2026-05-26T09:11:55Z,2026-05-26T09:12:34Z
1954,https://www.linkedin.com/company/veritas-gelnhausen-germany,Veritas AG,Austria,veritasauto.com,http://www.veritasauto.com,Automotive,"5,001-10,000 employees","Gelnhausen, Hesse",,1849,,,2026-05-26T09:13:10Z,2026-05-26T09:13:50Z
1955,https://www.linkedin.com/company/zkw-group,ZKW,Austria,zkw-group.com,http://www.zkw-group.com,Motor Vehicle Manufacturing,"5,001-10,000 employees",,,1938,,,2026-05-26T09:14:35Z,2026-05-26T09:15:17Z
1956,https://www.linkedin.com/company/borealis,Borealis,Austria,borealisgroup.com,http://www.borealisgroup.com,Chemical Manufacturing,"5,001-10,000 employees","Vienna, -",,1994,,,2026-05-26T09:16:11Z,2026-05-26T09:16:51Z
1957,https://www.linkedin.com/company/swarco,SWARCO,Austria,swarco.com,https://www.swarco.com,"Paint, Coating, and Adhesive Manufacturing","5,001-10,000 employees","Wattens, Tyrol",,1969,,,2026-05-26T09:17:40Z,2026-05-26T09:18:21Z
1958,https://www.linkedin.com/company/ashfield-part-of-udg-healthcare,"Ashfield, part of UDG Healthcare (now Inizio)",Austria,inizio.health,https://inizio.health,Pharmaceutical Manufacturing,"5,001-10,000 employees","Ashby-de-la-Zouch, Leicestershire",,,,,2026-05-26T09:19:19Z,2026-05-26T09:20:00Z
1959,https://www.linkedin.com/company/lenzinggroup,Lenzing Group,Austria,lenzing.com,http://www.lenzing.com/,Chemical Manufacturing,"5,001-10,000 employees","Lenzing , Upper Austria",,,,,2026-05-26T09:20:48Z,2026-05-26T09:21:28Z
1960,https://www.linkedin.com/company/fmc-corporation,FMC Corporation,Austria,fmc.com,http://www.fmc.com,Agricultural Chemical Manufacturing,"5,001-10,000 employees","Philadelphia , Pennsylvania",,1883,,,2026-05-26T09:22:12Z,2026-05-26T09:22:51Z
1961,https://www.linkedin.com/company/ipsen,Ipsen,Austria,ipsen.com,http://www.ipsen.com,Pharmaceutical Manufacturing,"5,001-10,000 employees","Paris, Île-de-France",,,,,2026-05-26T09:23:39Z,2026-05-26T09:24:16Z
1962,https://www.linkedin.com/company/angelinipharma,Angelini Pharma,Austria,angelinipharma.com,https://www.angelinipharma.com/,Pharmaceutical Manufacturing,"5,001-10,000 employees","Rome, RM",,,,,2026-05-26T09:25:00Z,2026-05-26T09:25:40Z
1963,https://www.linkedin.com/company/hb-fuller,H.B. Fuller,Austria,hbfuller.com,http://www.hbfuller.com,Chemical Manufacturing,"5,001-10,000 employees","Vadnais Heights, MN",,,,,2026-05-26T09:26:33Z,2026-05-26T09:27:21Z
1964,https://www.linkedin.com/company/vetter-pharma,Vetter Pharma,Austria,vetter-pharma.com,https://www.vetter-pharma.com,Pharmaceutical Manufacturing,"5,001-10,000 employees","Ravensburg, Baden-Württemberg",,1950,,,2026-05-26T09:28:02Z,2026-05-26T09:28:40Z
1965,https://www.linkedin.com/company/bonatti,Bonatti,Austria,bonatti.it,http://www.bonatti.it,Oil and Gas,"5,001-10,000 employees","Parma, PR",,1946,,,2026-05-26T09:29:21Z,2026-05-26T09:29:59Z
1966,https://www.linkedin.com/company/it-community-styria,IT Community Styria,Austria,it-community-styria.at,http://www.it-community-styria.at/,Information Services,"5,001-10,000 employees","Graz, Steiermark",,2009,,,2026-05-26T09:30:45Z,2026-05-26T09:31:23Z
1967,https://www.linkedin.com/company/association-des-anciens-el%C3%A8ves-du-lyc%C3%A9e-fran%C3%A7ais-de-vienne,Anciens du Lycée Français de Vienne (ALFV),Austria,alfv.at,http://www.alfv.at,Online Audio and Video Media,"5,001-10,000 employees","Vienna, Vienna",,1958,,,2026-05-26T09:32:00Z,2026-05-26T09:32:43Z
1968,https://www.linkedin.com/company/binderholz-clt-bbs-france,binderholz France,Austria,binderholz.com,https://www.binderholz.com/fr/,Paper and Forest Product Manufacturing,"5,001-10,000 employees","Fügen, Tirol",,1950,,,2026-05-26T09:33:28Z,2026-05-26T09:34:06Z
1969,https://www.linkedin.com/company/dunapackpackaging,Dunapack Packaging - Prinzhorn Group,Austria,dunapack-packaging.com,https://www.dunapack-packaging.com,Paper and Forest Product Manufacturing,"5,001-10,000 employees",,,,,,2026-05-26T14:24:56Z,2026-05-26T14:25:37Z
1970,https://www.linkedin.com/company/binderholzgroup,binderholz group,Austria,binderholz.com,https://www.binderholz.com,Paper and Forest Product Manufacturing,"5,001-10,000 employees","Fügen, Tirol",,1950,,,2026-05-26T14:26:18Z,2026-05-26T14:26:55Z
1971,https://www.linkedin.com/company/university-of-vienna-philanthropy,University of Vienna Philanthropy,Austria,development.univienna.ch,https://development.univienna.ch,Higher Education,"5,001-10,000 employees",,,,,,2026-05-26T14:27:44Z,2026-05-26T14:28:28Z
1972,https://www.linkedin.com/company/taco-taming-complexity-in-materials-modeling,TACO: Taming Complexity in Materials Modeling,Austria,sfb-taco.at,http://sfb-taco.at/,Higher Education,"5,001-10,000 employees",,,,,,2026-05-26T14:29:05Z,2026-05-26T14:29:42Z
1973,https://www.linkedin.com/company/transatlantic-entrepreneurship-academy,Transatlantic Entrepreneurship Academy (TEA),Austria,transatlanticentrepreneurshipacademy.org,https://www.transatlanticentrepreneurshipacademy.org/,Education Administration Programs,"5,001-10,000 employees","Montclair Township, New Jersey",,2017,,,2026-05-26T14:30:15Z,2026-05-26T14:30:55Z
1974,https://www.linkedin.com/company/insead-alumni-austria,INSEAD Alumni Austria,Austria,insead.edu,http://www.insead.edu,Education Administration Programs,"5,001-10,000 employees","Wien, Wien",,,,,2026-05-26T14:31:43Z,2026-05-26T14:32:22Z
1975,https://www.linkedin.com/company/pensionsversicherung,Pensionsversicherung,Austria,pv.at,https://www.pv.at,Government Administration,"5,001-10,000 employees","Wien, Wien",,1906,,,2026-05-26T14:32:57Z,2026-05-26T14:33:38Z
1976,https://www.linkedin.com/company/land-steiermark,Land Steiermark,Austria,jobportal.steiermark.at,http://www.jobportal.steiermark.at,Government Administration,"5,001-10,000 employees","Graz, Styria",,,,,2026-05-26T14:34:32Z,2026-05-26T14:35:12Z
1977,https://www.linkedin.com/company/polizei-wien,Polizei Wien,Austria,polizei.gv.at,https://polizei.gv.at/wien/,Government Administration,"5,001-10,000 employees",,,,,,2026-05-26T14:35:57Z,2026-05-26T14:36:37Z
1978,https://www.linkedin.com/company/vienna,Vienna,Austria,media7.net,http://media7.net/vienna,Executive Offices,"5,001-10,000 employees",,,,,,2026-05-26T14:37:23Z,2026-05-26T14:38:03Z
1979,https://www.linkedin.com/company/electronic-evidence-hub,Electronic Evidence Hub,Austria,sherloc.unodc.org,https://sherloc.unodc.org/cld/en/st/evidence/electronic-evidence-hub.html,International Affairs,"5,001-10,000 employees","Vienna, Vienna",,,,,2026-05-26T14:39:01Z,2026-05-26T14:39:39Z
1980,https://www.linkedin.com/company/auva,AUVA - Allgemeine Unfallversicherungsanstalt,Austria,auva.at,http://www.auva.at/,Public Health,"5,001-10,000 employees","Wien, Wien",,1889,,,2026-05-26T14:40:18Z,2026-05-26T14:40:58Z
1981,https://www.linkedin.com/company/european-patent-office,European Patent Office,Austria,epo.org,http://www.epo.org,Government Administration,"5,001-10,000 employees","Munich, Bavaria",,1977,,,2026-05-26T14:41:38Z,2026-05-26T14:42:16Z
1982,https://www.linkedin.com/company/ave,AVE,Austria,ave.at,http://www.ave.at,Environmental Services,"5,001-10,000 employees","A-4063 Hörsching, Austria",,1991,,,2026-05-26T14:43:05Z,2026-05-26T14:43:46Z
1983,https://www.linkedin.com/company/oesv,Österreichischer Sprengverband,Austria,sprengverband.at,https://www.sprengverband.at/,Professional Organizations,"5,001-10,000 employees",,,1962,,,2026-05-26T14:44:24Z,2026-05-26T14:45:06Z
1984,https://www.linkedin.com/company/pekabe,PEKABE - Federation Of The Occupational Pension Fund Participants,Austria,pekabe.at,http://www.pekabe.at,Civic and Social Organizations,"5,001-10,000 employees",,,2005,,,2026-05-26T14:45:44Z,2026-05-26T14:46:24Z
1985,https://www.linkedin.com/company/incredibleurope,IncrediblEurope,Austria,incredibleurope.com,http://www.incredibleurope.com/index.html,Civic and Social Organizations,"5,001-10,000 employees","Vienna, Austria",,2009,,,2026-05-26T14:47:02Z,2026-05-26T14:47:41Z
1986,https://www.linkedin.com/company/arbeiter-samariter-bund-oesterreichs,Arbeiter-Samariter-Bund Österreichs,Austria,samariterbund.net,http://www.samariterbund.net,Civic and Social Organizations,"5,001-10,000 employees","Wien, Österreich",,1927,,,2026-05-26T14:48:25Z,2026-05-26T14:49:07Z
1987,https://www.linkedin.com/company/elis-deutschland-sterreich,Elis Germany & Austria,Austria,de.elis.com,de.elis.com,Consumer Services,"5,001-10,000 employees","Hamburg, HH",,,,,2026-05-26T14:50:00Z,2026-05-26T14:50:37Z
1988,https://www.linkedin.com/company/dioezese-linz,Katholische Kirche in Oberösterreich,Austria,dioezese-linz.at,https://www.dioezese-linz.at,Religious Institutions,"5,001-10,000 employees",,,,,,2026-05-26T14:51:24Z,2026-05-26T14:52:05Z
1989,https://www.linkedin.com/company/vienna-international-airport,Flughafen Wien - Vienna Airport,Austria,viennaairport.com,http://www.viennaairport.com,Airlines and Aviation,"5,001-10,000 employees",,,,,,2026-05-26T15:42:27Z,2026-05-26T15:43:10Z
1990,https://www.linkedin.com/company/unifyco,Unify,Austria,mitel.com,http://mitel.com/,IT Services and IT Consulting,"5,001-10,000 employees","Munich, Bavaria",,2008,,,2026-05-26T15:43:51Z,2026-05-26T15:44:29Z
1991,https://www.linkedin.com/company/softwareone,SoftwareOne,Austria,softwareone.com,https://www.softwareone.com,IT Services and IT Consulting,"5,001-10,000 employees",,,,,,2026-05-26T15:45:27Z,2026-05-26T15:46:07Z
1992,https://www.linkedin.com/company/kapsch-ag,Kapsch Group,Austria,kapsch.net,http://www.kapsch.net,IT Services and IT Consulting,"5,001-10,000 employees",,,,,,2026-05-26T15:46:51Z,2026-05-26T15:47:27Z
1993,https://www.linkedin.com/company/check-point-software-technologies,Check Point Software,Austria,checkpoint.com,http://www.checkpoint.com,Computer and Network Security,"5,001-10,000 employees","Redwood City, California",,1993,,,2026-05-26T15:48:10Z,2026-05-26T15:48:52Z
1994,https://www.linkedin.com/company/adesso-se,adesso SE,Austria,adesso.de,https://www.adesso.de,IT Services and IT Consulting,"5,001-10,000 employees","Dortmund, Nordrhein-Westfalen",,,,,2026-05-26T15:49:42Z,2026-05-26T15:50:22Z
1995,https://www.linkedin.com/company/sita,SITA,Austria,sita.aero,http://www.sita.aero,IT Services and IT Consulting,"5,001-10,000 employees","Geneva, Geneva",,,,,2026-05-26T15:51:14Z,2026-05-26T15:51:55Z
1996,https://www.linkedin.com/company/trendai-security,TrendAI,Austria,trendmicro.com,http://www.trendmicro.com/,Computer and Network Security,"5,001-10,000 employees","Tokyo, Japan",,,,,2026-05-26T15:52:44Z,2026-05-26T15:53:23Z
1997,https://www.linkedin.com/company/cegeka,Cegeka,Austria,cegeka.com,http://www.cegeka.com,IT Services and IT Consulting,"5,001-10,000 employees","Hasselt, Limburg",,,,,2026-05-26T15:54:09Z,2026-05-26T15:54:50Z
1998,https://www.linkedin.com/company/rheinmetall,Rheinmetall,Austria,rheinmetall.com,https://www.rheinmetall.com/career,Defense and Space Manufacturing,"10,001+ employees","Düsseldorf, Nordrhein Westfalen",,1889,,,2026-05-26T15:55:35Z,2026-05-26T15:56:18Z
1999,https://www.linkedin.com/company/ieee-europe,IEEE Europe Office,Austria,europe.ieee.org,https://europe.ieee.org/,Non-profit Organizations,"10,001+ employees",,,2017,,,2026-05-26T15:57:12Z,2026-05-26T15:57:52Z
2000,https://www.linkedin.com/company/ieee-region-8,"IEEE Region 8 (Europe, Middle East & Africa)",Austria,ieeer8.org,https://www.ieeer8.org,Non-profit Organizations,"10,001+ employees","Heinestrasse, Vienna",,1963,,,2026-05-26T15:58:38Z,2026-05-26T15:59:25Z
2001,https://www.linkedin.com/company/europaeischer-kartellverband,Europäischer Kartellverband,Austria,ekv.info,www.ekv.info,Non-profit Organization Management,"10,001+ employees","Wien, Wien",,,,,2026-05-26T16:00:16Z,2026-05-26T16:00:56Z
2002,https://www.linkedin.com/company/pfadfinder-und-pfadfinderinnen-%C3%B6sterreichs,Pfadfinder und Pfadfinderinnen Österreichs,Austria,ppoe.at,https://www.ppoe.at,Non-profit Organization Management,"10,001+ employees",,,1910,,,2026-05-26T16:01:42Z,2026-05-26T16:02:24Z
2003,https://www.linkedin.com/company/rotes-kreuz-steiermark,Rotes Kreuz Steiermark,Austria,roteskreuz.at,http://www.roteskreuz.at/stmk,Non-profit Organizations,"10,001+ employees","Graz, Steiermark",,,,,2026-05-26T16:03:14Z,2026-05-26T16:03:52Z
2004,https://www.linkedin.com/company/worldvision,World Vision,Austria,wvi.org,https://www.wvi.org,Non-profit Organizations,"10,001+ employees",,,,,,2026-05-26T16:04:46Z,2026-05-26T16:05:25Z
2005,https://www.linkedin.com/company/win-global-young-generation,WiN Global Young Generation,Austria,winglobalyg.org,https://www.winglobalyg.org/,Non-profit Organization Management,"10,001+ employees",,,2021,,,2026-05-26T16:06:15Z,2026-05-26T16:06:50Z
2006,https://www.linkedin.com/company/ramona-lupu,Ramona LUPU,Austria,un.org,www.un.org,Non-profit Organizations,"10,001+ employees",,,,,,2026-05-26T16:07:37Z,2026-05-26T16:08:13Z
2007,https://www.linkedin.com/company/world-malayalee-federation-wmf,World Malayalee Federation(WMF),Austria,worldmalayaleefederation.com,https://worldmalayaleefederation.com/,Non-profit Organizations,"10,001+ employees",,,2016,,,2026-05-26T16:08:57Z,2026-05-26T16:09:36Z
2008,https://www.linkedin.com/company/jilworldwide,Jesus Is Lord Church Worldwide,Austria,jilworldwide.org,https://jilworldwide.org/,Non-profit Organizations,"10,001+ employees","Bocaue, Central Luzon",,1978,,,2026-05-26T16:10:22Z,2026-05-26T16:11:05Z
2009,https://www.linkedin.com/company/brunel,Brunel,Austria,brunel.net,http://www.brunel.net,Staffing and Recruiting,"10,001+ employees",,,1975,,,2026-05-27T07:55:59Z,2026-05-27T07:56:40Z
2010,https://www.linkedin.com/company/wtwcorporate,WTW,Austria,wtwco.com,https://www.wtwco.com/,Financial Services,"10,001+ employees","London, England",,,,,2026-05-27T07:57:35Z,2026-05-27T07:58:13Z
2011,https://www.linkedin.com/company/personnelserviceaustria,Personnel Service Österreich,Austria,personnelservice.pl,https://personnelservice.pl/en/,Staffing and Recruiting,"10,001+ employees","Linz, Upper Austria",,2023,,,2026-05-27T07:59:04Z,2026-05-27T07:59:43Z
2012,https://www.linkedin.com/company/corporate-learning-development-exchange,Corporate Learning & Development Exchange,Austria,ninefeb.com,http://www.ninefeb.com,Professional Training and Coaching,"10,001+ employees","Vienna, Wien",,2019,,,2026-05-27T08:00:23Z,2026-05-27T08:01:04Z
2013,https://www.linkedin.com/company/frau-in-der-wirtschaft-wien,Frau in der Wirtschaft Wien,Austria,wko.at,https://www.wko.at/fiw/start,Political Organizations,"10,001+ employees","Vienna, Wien",,1997,,,2026-05-27T08:01:47Z,2026-05-27T08:02:31Z
2014,https://www.linkedin.com/company/ekv,European Federation of Christian Students Associations (EKV),Austria,ekv.info,ekv.info,Political Organizations,"10,001+ employees","Wien, Wien",,1975,,,2026-05-27T08:03:05Z,2026-05-27T08:03:46Z
2015,https://www.linkedin.com/company/stefanini-emea,Stefanini EMEA,Austria,stefanini.com,https://stefanini.com/en/emea,Business Consulting and Services,"10,001+ employees","São Paulo, SP",,,,,2026-05-27T08:04:22Z,2026-05-27T08:05:04Z
2016,https://www.linkedin.com/company/afry,AFRY,Austria,afry.com,https://www.afry.com,Engineering Services,"10,001+ employees","Stockholm, Sweden",,,,,2026-05-27T08:05:46Z,2026-05-27T08:06:25Z
2017,https://www.linkedin.com/company/trenkwalder-international-ag,Trenkwalder Group,Austria,group.trenkwalder.com,https://group.trenkwalder.com,Human Resources Services,"10,001+ employees","Vienna, Niederösterreich",,1985,,,2026-05-27T08:07:15Z,2026-05-27T08:07:53Z
2018,https://www.linkedin.com/company/merkle-dach,Merkle DACH,Austria,merkle.com,https://www.merkle.com,Marketing Services,"10,001+ employees",,,,,,2026-05-27T08:08:36Z,2026-05-27T08:09:14Z
2019,https://www.linkedin.com/company/devoteam,Devoteam,Austria,devoteam.com,http://www.devoteam.com,Business Consulting and Services,"10,001+ employees",,,,,,2026-05-27T08:10:05Z,2026-05-27T08:10:47Z
2020,https://www.linkedin.com/company/deloitte,Deloitte,Austria,deloitte.com,http://www.deloitte.com/,Business Consulting and Services,"10,001+ employees",,,1845,,,2026-05-27T08:11:32Z,2026-05-27T08:12:15Z
2021,https://www.linkedin.com/company/webhelp,Webhelp,Austria,webhelp.com,https://www.webhelp.com/,Outsourcing and Offshoring Consulting,"10,001+ employees","Paris, Île-de-France",,,,,2026-05-27T08:13:00Z,2026-05-27T08:13:39Z
2022,https://www.linkedin.com/company/accenture,Accenture,Austria,accenture.com,http://www.accenture.com,Business Consulting and Services,"10,001+ employees",,,,,,2026-05-27T08:14:32Z,2026-05-27T08:15:16Z
2023,https://www.linkedin.com/company/rsk-group,RSK Group,Austria,rskgroup.com,https://rskgroup.com/,Environmental Services,"10,001+ employees","Helsby, Cheshire",,,,,2026-05-27T08:16:01Z,2026-05-27T08:16:44Z
2024,https://www.linkedin.com/company/capgemini-invent,Capgemini Invent,Austria,capgemini.com,http://www.capgemini.com/invent,Business Consulting and Services,"10,001+ employees",,,,,,2026-05-27T08:17:39Z,2026-05-27T08:18:20Z
2025,https://www.linkedin.com/company/speed-friending,Speed Friending,Austria,meetup.com,https://www.meetup.com/speed-friending-events/,Events Services,"10,001+ employees","Vienna, Vienna",,2017,,,2026-05-27T08:19:07Z,2026-05-27T08:19:50Z
2026,https://www.linkedin.com/company/foodaffairs-premium-catering,foodaffairs PREMIUM CATERING,Austria,food-affairs.at,http://www.food-affairs.at,Events Services,"10,001+ employees","Wien, Wien",,,,,2026-05-27T08:20:34Z,2026-05-27T08:21:12Z
2027,https://www.linkedin.com/company/lg-electronics-business-solutions-oesterreich,LG Information Display Österreich & Schweiz,Austria,lg.com,https://www.lg.com/at/business/information-display,"Appliances, Electrical, and Electronics Manufacturing","10,001+ employees","Vienna, Wien",,1958,,,2026-05-27T08:21:54Z,2026-05-27T08:22:32Z
2028,https://www.linkedin.com/company/dyson,Dyson,Austria,careers.dyson.com,http://careers.dyson.com,"Appliances, Electrical, and Electronics Manufacturing","10,001+ employees",,,1993,,,2026-05-27T08:23:15Z,2026-05-27T08:23:53Z
2029,https://www.linkedin.com/company/jabil,Jabil,Austria,jabil.com,https://www.jabil.com/,"Appliances, Electrical, and Electronics Manufacturing","10,001+ employees","St Petersburg, Florida",,1966,,,2026-05-27T10:17:53Z,2026-05-27T10:18:31Z
2030,https://www.linkedin.com/company/hikvision-dach,Hikvision DACH,Austria,hikvision.de,http://www.hikvision.de,"Appliances, Electrical, and Electronics Manufacturing","10,001+ employees","Frankfurt, Hessen",,,,,2026-05-27T10:19:11Z,2026-05-27T10:19:50Z
2031,https://www.linkedin.com/company/tdk,TDK,Austria,global.tdk.com,https://www.global.tdk.com/corp/en/index.htm,"Appliances, Electrical, and Electronics Manufacturing","10,001+ employees","Chuo-ku, Tokyo",,1935,,,2026-05-27T10:20:30Z,2026-05-27T10:21:09Z
2032,https://www.linkedin.com/company/weg,WEG,Austria,weg.net,https://www.weg.net,"Appliances, Electrical, and Electronics Manufacturing","10,001+ employees","Jaraguá do Sul, Santa Catarina",,1961,,,2026-05-27T10:21:51Z,2026-05-27T10:22:31Z
2033,https://www.linkedin.com/company/hella-marine,Hella marine,Austria,hellamarine.com,http://www.hellamarine.com/,"Appliances, Electrical, and Electronics Manufacturing","10,001+ employees",,,1925,,,2026-05-27T10:23:23Z,2026-05-27T10:24:06Z
2034,https://www.linkedin.com/company/mideagroup,Midea Group,Austria,midea-group.com,https://www.midea-group.com/,"Appliances, Electrical, and Electronics Manufacturing","10,001+ employees","Foshan, Guangdong",,,,,2026-05-27T10:24:55Z,2026-05-27T10:25:35Z
2035,https://www.linkedin.com/company/at&s,AT&S,Austria,ats.net,http://www.ats.net,"Appliances, Electrical, and Electronics Manufacturing","10,001+ employees","8700, Steiermark",,1987,,,2026-05-27T10:26:24Z,2026-05-27T10:27:03Z
2036,https://www.linkedin.com/company/arvato,Arvato,Austria,arvato.com,https://arvato.com/,"Transportation, Logistics, Supply Chain and Storage","10,001+ employees",,,,,,2026-05-27T10:28:01Z,2026-05-27T10:28:42Z
2037,https://www.linkedin.com/company/tirol-logistik-gmbh-&-co-kg,Tirol Logistik GmbH & Co KG,Austria,tirol-logistik.com,http://www.tirol-logistik.com,"Transportation, Logistics, Supply Chain and Storage","10,001+ employees","Innsbruck, Tyrol",,,,,2026-05-27T10:29:35Z,2026-05-27T10:30:12Z
2038,https://www.linkedin.com/company/obb,ÖBB,Austria,holding.oebb.at,https://holding.oebb.at/de/impressum,Rail Transportation,"10,001+ employees","Wien, Wien",,,,,2026-05-27T10:30:55Z,2026-05-27T10:31:35Z
2039,https://www.linkedin.com/company/aramex,Aramex,Austria,aramex.com,http://www.aramex.com,"Transportation, Logistics, Supply Chain and Storage","10,001+ employees",,,1982,,,2026-05-27T10:32:23Z,2026-05-27T10:33:03Z
2040,https://www.linkedin.com/company/railfreightforward,Rail Freight Forward,Austria,railfreightforward.eu,https://www.railfreightforward.eu/,Rail Transportation,"10,001+ employees",,,2018,,,2026-05-27T10:33:53Z,2026-05-27T10:34:34Z
2041,https://www.linkedin.com/company/unserepost,Österreichische Post AG,Austria,post.at,http://www.post.at,"Transportation, Logistics, Supply Chain and Storage","10,001+ employees","Wien, Wien",,,,,2026-05-27T10:35:09Z,2026-05-27T10:35:50Z
2042,https://www.linkedin.com/company/siemens,Siemens,Austria,siemens.com,http://www.siemens.com,Automation Machinery Manufacturing,"10,001+ employees",,,,,,2026-05-27T10:36:41Z,2026-05-27T10:37:22Z
2043,https://www.linkedin.com/company/hapag-lloyd-ag,Hapag-Lloyd AG,Austria,hapag-lloyd.com,https://www.hapag-lloyd.com,Maritime Transportation,"10,001+ employees",,,1847,,,2026-05-27T10:38:07Z,2026-05-27T10:38:47Z
2044,https://www.linkedin.com/company/arrow-ecs-austria,Arrow ECS Austria,Austria,arrow.com,https://www.arrow.com/ecs/at/,Computer and Network Security,"10,001+ employees","Linz, Oberösterreich/Wien",,2001,,,2026-05-27T10:39:40Z,2026-05-27T10:40:18Z
2045,https://www.linkedin.com/company/fortinet,Fortinet,Austria,fortinet.com,https://www.fortinet.com,Computer and Network Security,"10,001+ employees","Sunnyvale, California",,2000,,,2026-05-27T10:41:01Z,2026-05-27T10:41:40Z
2046,https://www.linkedin.com/company/securitas-group,Securitas Group,Austria,securitas.com,https://www.securitas.com,Security and Investigations,"10,001+ employees",,,,,,2026-05-27T10:42:24Z,2026-05-27T10:43:05Z
2047,https://www.linkedin.com/company/k2-magazine,K2-Magazine,Austria,k2-magazine.com,https://www.k2-magazine.com,Media Production,"10,001+ employees",,,1301,,,2026-05-27T10:44:02Z,2026-05-27T10:44:42Z
2048,https://www.linkedin.com/company/siemenspride,Siemens Pride,Austria,,,Philanthropic Fundraising Services,"10,001+ employees","Munich, Bavaria",,2014,,,2026-05-27T10:45:17Z,2026-05-27T10:46:01Z
2049,https://www.linkedin.com/company/foto-hofer,Foto Hofer,Austria,foto-hofer-innsbruck.at,http://foto-hofer-innsbruck.at,Photography,"10,001+ employees",,,,,,2026-05-27T11:13:29Z,2026-05-27T11:14:11Z
2050,https://www.linkedin.com/company/lichtspielerei,Lichtspielerei,Austria,dielichtspielerei.at,http://dielichtspielerei.at,Photography,"10,001+ employees",,,,,,2026-05-27T11:14:53Z,2026-05-27T11:15:36Z
2051,https://www.linkedin.com/company/slana-personalleasing-gmbh,SLANA Personalleasing GmbH,Austria,slana.at,http://slana.at,Human Resources Services,"10,001+ employees",,,,,,2026-05-27T11:16:19Z,2026-05-27T11:16:59Z
2052,https://www.linkedin.com/company/nobel-global-recruitment-service,Nobel Global Recruitment Service,Austria,,,Human Resources Services,"10,001+ employees","Innsbruck, Innsbruck",,1986,,,2026-05-27T11:17:40Z,2026-05-27T11:18:17Z
2053,https://www.linkedin.com/company/eurolifenetwork,Eurolife Network in Life Sciences,Austria,eurolifeuniversities.org,https://eurolifeuniversities.org/,Hospitals and Health Care,"10,001+ employees","Göttingen, Lower Saxony",,1999,,,2026-05-27T11:18:37Z,2026-05-27T11:19:16Z
2054,https://www.linkedin.com/company/alnafiz,Alnafiz Health,Austria,alnafiz.com,www.alnafiz.com,Hospitals and Health Care,"10,001+ employees","San Diego, California",,2002,,,2026-05-27T11:20:05Z,2026-05-27T11:20:46Z
2055,https://www.linkedin.com/company/ooeg,OÖ Gesundheitsholding GmbH,Austria,ooeg.at,https://www.ooeg.at,Hospitals and Health Care,"10,001+ employees","Linz, Oberösterreich",,2002,,,2026-05-27T11:21:17Z,2026-05-27T11:21:59Z
2056,https://www.linkedin.com/company/wiengesundheit,Wiener Gesundheitsverbund,Austria,karriere.gesundheitsverbund.at,https://karriere.gesundheitsverbund.at/,Hospitals and Health Care,"10,001+ employees","Wien, Wien",,,,,2026-05-27T11:22:49Z,2026-05-27T11:23:38Z
2057,https://www.linkedin.com/company/rknoe,Österreichisches Rotes Kreuz Niederösterreich,Austria,roteskreuz.at,http://www.roteskreuz.at/noe,Individual and Family Services,"10,001+ employees","Tulln an der Donau, Outside US or Canada",,1863,,,2026-05-27T11:24:30Z,2026-05-27T11:25:09Z
2058,https://www.linkedin.com/company/vitrea-group,VITREA,Austria,vitrea-health.com,www.vitrea-health.com,Hospitals and Health Care,"10,001+ employees","Vienna, Austria",,2024,,,2026-05-27T11:25:55Z,2026-05-27T11:26:38Z
2059,https://www.linkedin.com/company/caritas-austria,Caritas Austria,Austria,caritas.at,https://www.caritas.at,Individual and Family Services,"10,001+ employees","Rudolfsheim-Fünfhaus, Vienna",,1900,,,2026-05-27T11:27:28Z,2026-05-27T11:28:08Z
2060,https://www.linkedin.com/company/steierm-rkische-krankenanstaltengesellschaft-m.b.h.,KAGes – Steiermärkische Krankenanstaltengesellschaft m.b.H.,Austria,kages.at,http://www.kages.at,Hospitals and Health Care,"10,001+ employees","Graz, Steiermark",,1985,,,2026-05-27T11:28:54Z,2026-05-27T11:29:37Z
2061,https://www.linkedin.com/company/n%C3%B6-landesgesundheitsagentur,Health Agency of Lower Austria,Austria,landesgesundheitsagentur.at,https://www.landesgesundheitsagentur.at,Hospitals and Health Care,"10,001+ employees","St. Pölten, Niederösterreich",,,,,2026-05-27T11:30:23Z,2026-05-27T11:31:04Z
2062,https://www.linkedin.com/company/barmherzige-brueder-europa-mitte,Barmherzige Brüder Europa Mitte | Österreich,Austria,barmherzige-brueder.eu,https://www.barmherzige-brueder.eu/,Hospitals and Health Care,"10,001+ employees","Wien, Wien",,1605,,,2026-05-27T11:31:53Z,2026-05-27T11:32:32Z
2063,https://www.linkedin.com/company/lillystrachtenschmuckdesign,LillysTrachtenschmuckDesign,Austria,lillystrachtenschmuckdesign.com,http://lillystrachtenschmuckdesign.com,Retail Luxury Goods and Jewelry,"10,001+ employees",,,,,,2026-05-27T11:33:18Z,2026-05-27T11:33:59Z
2064,https://www.linkedin.com/company/swarovski,SWAROVSKI,Austria,swarovski.com,http://www.swarovski.com/careers,Retail Luxury Goods and Jewelry,"10,001+ employees",,,,,,2026-05-27T11:34:38Z,2026-05-27T11:35:18Z
2065,https://www.linkedin.com/company/louis-vuitton,Louis Vuitton,Austria,louisvuitton.com,http://www.louisvuitton.com,Retail Luxury Goods and Jewelry,"10,001+ employees",,,,,,2026-05-27T11:36:18Z,2026-05-27T11:36:56Z
2066,https://www.linkedin.com/company/vienna-strass,Vienna Strass,Austria,viennastrass.com,http://viennastrass.com,Retail Luxury Goods and Jewelry,"10,001+ employees",,,,,,2026-05-27T11:37:39Z,2026-05-27T11:38:21Z
2067,https://www.linkedin.com/company/hugomarkt-at,Hugomarkt.at,Austria,hugomarkt-at.webnode.cz,Hugomarkt-at.webnode.cz,Retail Luxury Goods and Jewelry,"10,001+ employees",,,2015,,,2026-05-27T11:38:59Z,2026-05-27T11:39:38Z
2068,https://www.linkedin.com/company/swatchgroup,Swatch Group,Austria,swatchgroup.com,https://www.swatchgroup.com,Retail Luxury Goods and Jewelry,"10,001+ employees","Biel, Berne",,,,,2026-05-27T11:40:21Z,2026-05-27T11:41:07Z
2069,https://www.linkedin.com/company/endress-hauser-group,Endress+Hauser Group,Austria,bit.ly,http://bit.ly/2vagMEy,Automation Machinery Manufacturing,"10,001+ employees","Reinach, Basel-Country",,1953,,,2026-05-28T07:48:29Z,2026-05-28T07:49:15Z
2070,https://www.linkedin.com/company/kukaglobal,KUKA,Austria,kuka.com,http://www.kuka.com,Automation Machinery Manufacturing,"10,001+ employees","Augsburg, Bavaria",,1898,,,2026-05-28T07:50:05Z,2026-05-28T07:50:42Z
2071,https://www.linkedin.com/company/sicksensorintelligence,SICK Sensor Intelligence,Austria,sick.com,http://www.sick.com,Automation Machinery Manufacturing,"10,001+ employees",,,1946,,,2026-05-28T07:51:24Z,2026-05-28T07:52:05Z
2072,https://www.linkedin.com/company/keyence,KEYENCE CORPORATION,Austria,keyence.com,http://www.keyence.com,Automation Machinery Manufacturing,"10,001+ employees",,,1974,,,2026-05-28T07:52:52Z,2026-05-28T07:53:33Z
2073,https://www.linkedin.com/company/phoenix-contact,Phoenix Contact,Austria,phoe.co,https://phoe.co/PhoenixContact,Automation Machinery Manufacturing,"10,001+ employees","Blomberg, Nordrhein-Westfalen",,,,,2026-05-28T07:54:27Z,2026-05-28T07:55:09Z
2074,https://www.linkedin.com/company/andritz-automation-ltd-,ANDRITZ Automation & Digitalization,Austria,andritz.com,https://www.andritz.com/automation,Industrial Automation,"10,001+ employees","Graz, Steiermark",,,,,2026-05-28T07:55:59Z,2026-05-28T07:56:54Z
2075,https://www.linkedin.com/company/teradata,Teradata,Austria,teradata.com,https://www.teradata.com,Software Development,"10,001+ employees","San Diego, California",,1979,,,2026-05-28T07:57:36Z,2026-05-28T07:58:15Z
2076,https://www.linkedin.com/company/experian,Experian,Austria,experianplc.com,http://www.experianplc.com/,Information Services,"10,001+ employees","Costa Mesa, CA",,,,,2026-05-28T07:59:13Z,2026-05-28T07:59:51Z
2077,https://www.linkedin.com/company/uber-com,Uber,Austria,uber.com,http://www.uber.com,Internet Marketplace Platforms,"10,001+ employees","San Francisco, California",,,,,2026-05-28T08:00:37Z,2026-05-28T08:01:17Z
2078,https://www.linkedin.com/company/cisco,Cisco,Austria,cisco.com,http://www.cisco.com,Software Development,"10,001+ employees","San Jose, CA",,1984,,,2026-05-28T08:02:10Z,2026-05-28T08:02:47Z
2079,https://www.linkedin.com/company/microsoft,Microsoft,Austria,news.microsoft.com,https://news.microsoft.com/,Software Development,"10,001+ employees","Redmond, Washington",,,,,2026-05-28T08:03:30Z,2026-05-28T08:04:08Z
2080,https://www.linkedin.com/company/wolters-kluwer,Wolters Kluwer,Austria,wolterskluwer.com,http://www.wolterskluwer.com,Software Development,"10,001+ employees",,,1836,,,2026-05-28T08:05:02Z,2026-05-28T08:05:45Z
2081,https://www.linkedin.com/company/vmware,VMware,Austria,broadcom.com,https://www.broadcom.com/info/vmware,Software Development,"10,001+ employees","Palo Alto, CA",,,,,2026-05-28T08:06:50Z,2026-05-28T08:07:28Z
2082,https://www.linkedin.com/company/linkedin,LinkedIn,Austria,careers.linkedin.com,https://careers.linkedin.com,Software Development,"10,001+ employees","Sunnyvale, CA",,,,,2026-05-28T08:08:31Z,2026-05-28T08:09:09Z
2083,https://www.linkedin.com/company/peek-cloppenburg-cee,Peek & Cloppenburg CEE,Austria,career.peek-cloppenburg.com,https://career.peek-cloppenburg.com/,Retail Apparel and Fashion,"10,001+ employees",,,1901,,,2026-05-28T08:09:56Z,2026-05-28T08:10:34Z
2084,https://www.linkedin.com/company/do&co,DO & CO AG,Austria,doco.com,http://www.doco.com,Hospitality,"10,001+ employees",,,1981,,,2026-05-28T08:11:13Z,2026-05-28T08:11:55Z
2085,https://www.linkedin.com/company/leonardo-hotels,Leonardo Hotels,Austria,leonardo-hotels.com,www.leonardo-hotels.com,Hospitality,"10,001+ employees",,,2007,,,2026-05-28T08:12:44Z,2026-05-28T08:13:23Z
2086,https://www.linkedin.com/company/red-bull,Red Bull,Austria,redbull.com,http://www.redbull.com/jobs,Food and Beverage Services,"10,001+ employees",,,1987,,,2026-05-28T08:14:11Z,2026-05-28T08:14:54Z
2087,https://www.linkedin.com/company/tuigroup,TUI,Austria,tuigroup.com,http://www.tuigroup.com,Hospitality,"10,001+ employees","Hannover, Lower Saxony",,,,,2026-05-28T08:15:51Z,2026-05-28T08:16:33Z
2088,https://www.linkedin.com/company/jjw-hotels-&-resorts,JJW Hotels & Resorts,Austria,jjwhotels.com,http://www.jjwhotels.com,Hospitality,"10,001+ employees",,,1987,,,2026-05-28T08:17:20Z,2026-05-28T08:18:04Z
2089,https://www.linkedin.com/company/sch%C3%A4ffler-teigwaren-gmbh,Schäffler Teigwaren Gmbh,Austria,windgetrocknet.com,http://windgetrocknet.com,Retail Groceries,"10,001+ employees",,,,,,2026-05-28T08:36:19Z,2026-05-28T08:37:01Z
2090,https://www.linkedin.com/company/oniverseofficial,Oniverse,Austria,oniverse.it,https://www.oniverse.it/,Retail,"10,001+ employees",,,,,,2026-05-28T11:41:34Z,2026-05-28T11:42:16Z
2091,https://www.linkedin.com/company/lidl-international,Lidl International,Austria,careers.lidl,https://www.careers.lidl/,Retail,"10,001+ employees",,,1973,,,2026-05-28T11:43:05Z,2026-05-28T11:43:46Z
2092,https://www.linkedin.com/company/essity,Essity,Austria,essity.com,http://www.essity.com/Careers/,Manufacturing,"10,001+ employees",,,,,,2026-05-28T11:44:29Z,2026-05-28T11:45:06Z
2093,https://www.linkedin.com/company/rewe-international-ag,REWE International AG,Austria,rewe-group.jobs,https://rewe-group.jobs/,Retail,"10,001+ employees","Wiener Neudorf, Österreich",,,,,2026-05-28T11:45:53Z,2026-05-28T11:46:36Z
2094,https://www.linkedin.com/company/jd-sports-fashion-plc,JD Sports Fashion,Austria,careers.jdplc.com,https://careers.jdplc.com/,Retail,"10,001+ employees","Bury, England",,,,,2026-05-28T11:47:19Z,2026-05-28T11:47:59Z
2095,https://www.linkedin.com/company/jysk,JYSK,Austria,jysk.com,http://www.jysk.com,Retail,"10,001+ employees",,,1979,,,2026-05-28T11:48:40Z,2026-05-28T11:49:23Z
2096,https://www.linkedin.com/company/puma,PUMA Group,Austria,about.puma.com,http://about.puma.com/en/careers,Retail,"10,001+ employees",,,1948,,,2026-05-28T11:50:05Z,2026-05-28T11:50:46Z
2097,https://www.linkedin.com/company/the-golden-tree,The Golden Tree InterNational Inc.,Austria,goldentree.at,http://www.goldentree.at,Travel Arrangements,"10,001+ employees","Miami Beach, Florida",,1889,,,2026-05-28T11:51:33Z,2026-05-28T11:52:13Z
2098,https://www.linkedin.com/company/msc-cruises,MSC Cruises,Austria,msccruises.com,http://www.msccruises.com/,Travel Arrangements,"10,001+ employees","Geneva, Geneva",,1987,,,2026-05-28T11:52:57Z,2026-05-28T11:53:35Z
2099,https://www.linkedin.com/company/mamamon,Mamamon,Austria,mamamonthaikitchen.com,http://mamamonthaikitchen.com,Restaurants,"10,001+ employees",,,2022,,,2026-05-28T11:54:26Z,2026-05-28T11:55:04Z
2100,https://www.linkedin.com/company/soccer365betting,Soccer365betting,Austria,soccer365.pro,https://www.soccer365.pro/,Spectator Sports,"10,001+ employees","Vienna, Vienna",,,,,2026-05-28T11:56:17Z,2026-05-28T11:56:54Z
2101,https://www.linkedin.com/company/mbrf-global-foods-company,MBRF,Austria,mbrf-global-foods-company,http://mbrf-global-foods-company,Food and Beverage Services,"10,001+ employees","São Paulo, SP",,,,,2026-05-28T11:57:44Z,2026-05-28T11:58:28Z
2102,https://www.linkedin.com/company/eurest,Eurest,Austria,eurest.se,http://www.eurest.se,Food and Beverage Services,"10,001+ employees",,,,,,2026-05-28T11:59:13Z,2026-05-28T11:59:57Z
2103,https://www.linkedin.com/company/carmen-pfanner,Carmen Pfanner,Austria,carmen-pfanner.at,http://carmen-pfanner.at,"Museums, Historical Sites, and Zoos","10,001+ employees",,,,,,2026-05-28T12:00:42Z,2026-05-28T12:01:21Z
2104,https://www.linkedin.com/company/visma,Visma,Austria,visma.com,http://www.visma.com,Software Development,"10,001+ employees",,,,,,2026-05-28T12:01:59Z,2026-05-28T12:02:39Z
2105,https://www.linkedin.com/company/iongroup,ION,Austria,on.iongroup.com,https://on.iongroup.com/3QN0vLD,Software Development,"10,001+ employees",,,1998,,,2026-05-28T12:03:24Z,2026-05-28T12:04:03Z
2106,https://www.linkedin.com/company/endavaeurope,Endava Europe,Austria,endava.com,https://www.endava.com/,Software Development,"10,001+ employees",,,2000,,,2026-05-28T12:05:38Z,2026-05-28T12:06:27Z
2107,https://www.linkedin.com/company/raiffeisen-zentralbank-%C3%B6sterreich-ag,Raiffeisen Zentralbank Österreich AG,Austria,,,Banking,"10,001+ employees",,,1927,,,2026-05-28T12:07:28Z,2026-05-28T12:08:19Z
2108,https://www.linkedin.com/company/erste-group-bank-ag,Erste Group,Austria,erstegroup.com,http://www.erstegroup.com,Banking,"10,001+ employees",,,,,,2026-05-28T12:08:42Z,2026-05-28T12:09:24Z
2109,https://www.linkedin.com/company/erste-bank-und-sparkasse,Erste Bank und Sparkasse,Austria,erstebank.at,http://www.erstebank.at,Banking,"10,001+ employees",,,,,,2026-05-28T12:10:17Z,2026-05-28T12:10:56Z
2110,https://www.linkedin.com/company/raiffeisen-bankengruppe,Raiffeisen Bankengruppe,Austria,raiffeisen.at,https://www.raiffeisen.at/,Banking,"10,001+ employees","Wien, Wien",,,,,2026-05-28T17:28:08Z,2026-05-28T17:28:48Z
2111,https://www.linkedin.com/company/neudenkenheisst,#neudenkenheisst,Austria,rbinternational.com,http://www.rbinternational.com/neudenkenheisst,Banking,"10,001+ employees","Wien, Wien",,,,,2026-05-28T17:29:39Z,2026-05-28T17:30:21Z
2112,https://www.linkedin.com/company/raiffeisen-bank-international,Raiffeisen Bank International AG,Austria,rbinternational.com,http://www.rbinternational.com,Banking,"10,001+ employees",,,,,,2026-05-28T17:31:04Z,2026-05-28T17:31:44Z
2113,https://www.linkedin.com/company/112238590,ICICI Bank Credit Cards,Austria,icici.bank.in,https://www.icici.bank.in/,Banking,"10,001+ employees","Mumbai, Maharastra",,,,,2026-05-28T17:32:40Z,2026-05-28T17:33:23Z
2114,https://www.linkedin.com/company/ergo-industrial-insurance,ERGO Industrial,Austria,ergo-industrial.at,http://www.ergo-industrial.at,Insurance,"10,001+ employees","Düsseldorf, NRW",,1853,,,2026-05-28T17:34:08Z,2026-05-28T17:34:44Z
2115,https://www.linkedin.com/company/uniqa-generalagentur-ungur,UNIQA GeneralAgentur Ungur,Austria,uniqa-ungur.at,http://uniqa-ungur.at,Insurance,"10,001+ employees",,,,,,2026-05-28T17:35:26Z,2026-05-28T17:36:04Z
2116,https://www.linkedin.com/company/die-versicherungsagenturen,Echt. Sicher. Sein. Die Versicherungsagentur,Austria,echtsichersein.at,http://www.echtsichersein.at,Insurance,"10,001+ employees","St. Pölten, Niederösterreich",,2017,,,2026-05-28T17:36:37Z,2026-05-28T17:37:17Z
2117,https://www.linkedin.com/company/helvetia-insurance-group,Helvetia Insurance Group,Austria,helvetia.com,https://www.helvetia.com,Insurance,"10,001+ employees",,,,,,2026-05-28T17:38:09Z,2026-05-28T17:38:48Z
2118,https://www.linkedin.com/company/vienna-insurance-group,Vienna Insurance Group (VIG),Austria,group.vig,https://group.vig/,Insurance,"10,001+ employees",,,,,,2026-05-28T17:39:34Z,2026-05-28T17:40:12Z
2119,https://www.linkedin.com/company/uniqa-insurance-group-ag,UNIQA Insurance Group,Austria,uniqagroup.com,https://www.uniqagroup.com/,Insurance,"10,001+ employees","WIEN, Österreich",,,,,2026-05-28T17:41:06Z,2026-05-28T17:41:47Z
2120,https://www.linkedin.com/company/ergo-group-ag,ERGO,Austria,ergo.com,https://www.ergo.com/en,Insurance,"10,001+ employees","Düsseldorf, NRW",,,,,2026-05-28T17:42:38Z,2026-05-28T17:43:26Z
2121,https://www.linkedin.com/company/deutscheboersegroup,Deutsche Börse Group,Austria,deutsche-boerse.com,http://www.deutsche-boerse.com,Financial Services,"10,001+ employees",,,,,,2026-05-28T17:44:15Z,2026-05-28T17:44:55Z
2122,https://www.linkedin.com/company/mutares,Mutares SE & Co. KGaA,Austria,mutares.de,http://www.mutares.de,Venture Capital and Private Equity Principals,"10,001+ employees",,,,,,2026-05-28T17:45:55Z,2026-05-28T17:46:33Z
2123,https://www.linkedin.com/company/santander-consumer-finance,Santander Consumer Finance,Austria,santanderconsumer.com,http://www.santanderconsumer.com,Financial Services,"10,001+ employees",,,,,,2026-05-28T17:47:22Z,2026-05-28T17:48:00Z
2124,https://www.linkedin.com/company/worldlineglobal,Worldline,Austria,worldline.com,http://worldline.com,Financial Services,"10,001+ employees","Puteaux, Île-de-France",,,,,2026-05-28T17:48:51Z,2026-05-28T17:49:25Z
2125,https://www.linkedin.com/company/engelvoelkersoesterreich,Engel & Völkers Österreich,Austria,engelvoelkers.com,https://www.engelvoelkers.com/at/de,Real Estate,"10,001+ employees",,,,,,2026-05-28T17:50:09Z,2026-05-28T17:50:52Z
2126,https://www.linkedin.com/company/signa-unternehmensgruppe,SIGNA Group of Companies,Austria,signa.at,http://www.signa.at,Real Estate,"10,001+ employees",,,1999,,,2026-05-28T17:51:28Z,2026-05-28T17:52:08Z
2127,https://www.linkedin.com/company/cbre-austria,CBRE Austria,Austria,cbre.at,http://www.cbre.at,Real Estate,"10,001+ employees",,,1991,,,2026-05-28T17:52:55Z,2026-05-28T17:53:39Z
2128,https://www.linkedin.com/company/apleona-real-estate-austria,Apleona Real Estate AT,Austria,realestate.apleona.at,https://realestate.apleona.at/,Real Estate,"10,001+ employees",,,,,,2026-05-28T17:54:35Z,2026-05-28T17:55:11Z
2129,https://www.linkedin.com/company/hertz-&-herz,Hertz & Herz,Austria,hertzherz.immo,http://hertzherz.immo,Real Estate,"10,001+ employees",,,,,,2026-05-28T17:55:55Z,2026-05-28T17:56:32Z
2130,https://www.linkedin.com/company/etex,Etex,Austria,etexgroup.com,http://www.etexgroup.com,Construction,"10,001+ employees","Zaventem, Belgium",,,,,2026-05-28T18:16:02Z,2026-05-28T18:16:41Z
2131,https://www.linkedin.com/company/swietelskyag,Swietelsky AG,Austria,swietelsky.at,http://www.swietelsky.at,Construction,"10,001+ employees","Linz, Oberösterreich",,,,,2026-05-28T18:17:24Z,2026-05-28T18:18:04Z
2132,https://www.linkedin.com/company/rehau-water-technologies-at,REHAU Water Technologies Österreich,Austria,bs.rehau.com,https://bs.rehau.com/at-de/loesungen-fuer-die-gebaeudetechnik,Construction,"10,001+ employees","Guntramsdorf, Niederösterreich",,1948,,,2026-05-28T18:18:51Z,2026-05-28T18:19:32Z
2133,https://www.linkedin.com/company/wienerberger,wienerberger,Austria,wienerberger.com,https://www.wienerberger.com,Building Construction,"10,001+ employees",,,1819,,,2026-05-28T18:20:15Z,2026-05-28T18:20:52Z
2134,https://www.linkedin.com/company/alpinebaugmbh,ALPINE Bau GmbH,Austria,alpine.at,http://www.alpine.at,Construction,"10,001+ employees",,,1965,,,2026-05-28T18:21:43Z,2026-05-28T18:22:25Z
2135,https://www.linkedin.com/company/umdasch-group,Umdasch Group,Austria,umdaschgroup.com,https://www.umdaschgroup.com/,Construction,"10,001+ employees",,,,,,2026-05-28T18:23:10Z,2026-05-28T18:23:47Z
2136,https://www.linkedin.com/company/strabag,STRABAG,Austria,karriere.strabag.com,https://karriere.strabag.com,Construction,"10,001+ employees","Spittal/Drau, Kärnten",,,,,2026-05-28T18:24:35Z,2026-05-28T18:25:18Z
2137,https://www.linkedin.com/company/goldbeck,GOLDBECK,Austria,goldbeck.de,https://www.goldbeck.de/,Construction,"10,001+ employees","Bielefeld, Nordrhein-Westfalen",,1969,,,2026-05-28T18:26:12Z,2026-05-28T18:26:53Z
2138,https://www.linkedin.com/company/porr-group,PORR Group,Austria,porr-group.com,https://porr-group.com/,Construction,"10,001+ employees",,,,,,2026-05-28T18:27:43Z,2026-05-28T18:28:19Z
2139,https://www.linkedin.com/company/geberit-austria,Geberit Österreich,Austria,geberit.at,https://www.geberit.at/home/,Wholesale Building Materials,"10,001+ employees","St. Pölten, Niederösterreich",,,,,2026-05-28T18:29:09Z,2026-05-28T18:29:53Z
2140,https://www.linkedin.com/company/geberit,Geberit,Austria,geberit.com,http://www.geberit.com,Wholesale Building Materials,"10,001+ employees",,,1874,,,2026-05-28T18:30:34Z,2026-05-28T18:31:17Z
2141,https://www.linkedin.com/company/rtds-group,RTDS Group,Austria,rtds-group.com,http://www.rtds-group.com,Business Consulting and Services,11-50 employees,,,,,,2026-05-28T18:32:04Z,2026-05-28T18:32:44Z
2142,https://www.linkedin.com/company/montana-tech-components,Montana Tech Components,Austria,montanatechcomponents.com,http://www.montanatechcomponents.com,Aviation and Aerospace Component Manufacturing,"10,001+ employees","Reinach, Reinach AG",,2006,,,2026-05-28T18:33:28Z,2026-05-28T18:34:08Z
2143,https://www.linkedin.com/company/space-generation-advisory-council,Space Generation Advisory Council,Austria,spacegeneration.org,http://www.spacegeneration.org/,Aviation and Aerospace Component Manufacturing,"10,001+ employees","Vienna, Vienna",,1999,,,2026-05-28T18:34:52Z,2026-05-28T18:35:44Z
2144,https://www.linkedin.com/company/liebherr-aerospace-and-transportation,Liebherr Aerospace and Transportation,Austria,liebherr.com,https://www.liebherr.com/en/deu/products/aerospace-and-transportation-systems/aerospace-and-transportation-systems.html,Aviation and Aerospace Component Manufacturing,"10,001+ employees",,,,,,2026-05-28T18:36:28Z,2026-05-28T18:37:05Z
2145,https://www.linkedin.com/company/webasto,Webasto Group,Austria,webasto.com,https://www.webasto.com,Motor Vehicle Manufacturing,"10,001+ employees","Stockdorf, Bayern",,1901,,,2026-05-28T18:37:54Z,2026-05-28T18:38:30Z
2146,https://www.linkedin.com/company/kromberg-schubert-2,Kromberg & Schubert,Austria,kromberg-schubert.de,http://www.kromberg-schubert.de,Motor Vehicle Manufacturing,"10,001+ employees","Abensberg, Bayern",,1902,,,2026-05-28T18:39:18Z,2026-05-28T18:39:59Z
2147,https://www.linkedin.com/company/avlracetech,AVL RACETECH,Austria,avlracetech.com,www.avlracetech.com,Motor Vehicle Manufacturing,"10,001+ employees","Graz, Steiermark",,1948,,,2026-05-28T18:40:40Z,2026-05-28T18:41:21Z
2148,https://www.linkedin.com/company/great-wall-motor-co-ltd-,"Great Wall Motor Co., Ltd.",Austria,gwm.com.cn,http://www.gwm.com.cn,Automotive,"10,001+ employees","BAODING, HE | Hebei",,1984,,,2026-05-28T18:42:05Z,2026-05-28T18:42:40Z
2149,https://www.linkedin.com/company/avl,AVL,Austria,avl.com,http://www.avl.com,Motor Vehicle Manufacturing,"10,001+ employees",,,,,,2026-05-28T18:43:30Z,2026-05-28T18:44:08Z
2150,https://www.linkedin.com/company/dr%C3%A4xlmaier-group-deutschland,DRÄXLMAIER Group,Austria,draexlmaier.com,https://www.draexlmaier.com/en/data-protection,Motor Vehicle Manufacturing,"10,001+ employees","Vilsbiburg, GERMANY",,1958,,,2026-05-28T18:57:10Z,2026-05-28T18:57:51Z
2151,https://www.linkedin.com/company/audi-oesterreich,Audi Österreich,Austria,audi.at,https://www.audi.at/,Motor Vehicle Manufacturing,"10,001+ employees",,,,,,2026-05-28T18:58:36Z,2026-05-28T18:59:21Z
2152,https://www.linkedin.com/company/mubea,Mubea,Austria,mubea.com,http://www.mubea.com,Motor Vehicle Manufacturing,"10,001+ employees","Attendorn, North Rhine Westphalia",,1916,,,2026-05-28T19:00:06Z,2026-05-28T19:00:48Z
2153,https://www.linkedin.com/company/magna-steyr-fahrzeugtechnik-ag,MAGNA STEYR Fahrzeugtechnik AG,Austria,magna.com,http://www.magna.com,Automotive,"10,001+ employees","Graz, Steiermark",,,,,2026-05-28T19:01:35Z,2026-05-28T19:02:16Z
2154,https://www.linkedin.com/company/benteler-group,BENTELER Group,Austria,benteler.com,http://www.benteler.com,Motor Vehicle Manufacturing,"10,001+ employees",,,1876,,,2026-05-28T19:02:56Z,2026-05-28T19:03:44Z
2155,https://www.linkedin.com/company/firmenich,Firmenich,Austria,dsm-firmenich.com,https://www.dsm-firmenich.com/en/home.html,Chemical Manufacturing,"10,001+ employees","Meyrin-Satigny, Geneva",,,,,2026-05-28T19:04:25Z,2026-05-28T19:05:05Z
2156,https://www.linkedin.com/company/boehringer-ingelheim,Boehringer Ingelheim,Austria,boehringer-ingelheim.com,http://www.boehringer-ingelheim.com,Pharmaceutical Manufacturing,"10,001+ employees","Ingelheim am Rhein, Rhineland-Palatinate",,,,,2026-05-28T19:05:54Z,2026-05-28T19:06:35Z
2157,https://www.linkedin.com/company/novartis,Novartis,Austria,novartis.com,http://www.novartis.com,Pharmaceutical Manufacturing,"10,001+ employees","Basel, Baselstadt",,,,,2026-05-28T19:07:29Z,2026-05-28T19:08:10Z
2158,https://www.linkedin.com/company/patheon,Patheon,Austria,patheon.com,https://www.patheon.com/us/en/home.html,Pharmaceutical Manufacturing,"10,001+ employees","Waltham, Massachusetts",,,,,2026-05-28T19:08:56Z,2026-05-28T19:09:37Z
2159,https://www.linkedin.com/company/octapharma,Octapharma,Austria,octapharma.com,http://www.octapharma.com,Pharmaceutical Manufacturing,"10,001+ employees","Lachen, Switzerland",,1983,,,2026-05-28T19:10:28Z,2026-05-28T19:11:06Z
2160,https://www.linkedin.com/company/dr--reddys-laboratories,Dr. Reddy's Laboratories,Austria,drreddys.com,http://www.drreddys.com,Pharmaceutical Manufacturing,"10,001+ employees","Hyderabad, TS",,1984,,,2026-05-28T19:11:52Z,2026-05-28T19:12:32Z
2161,https://www.linkedin.com/company/gsk,GSK,Austria,gsk.com,http://www.gsk.com,Pharmaceutical Manufacturing,"10,001+ employees","London, England",,,,,2026-05-28T19:13:19Z,2026-05-28T19:14:00Z
2162,https://www.linkedin.com/company/abbvie,AbbVie,Austria,abbvie.com,http://www.abbvie.com,Pharmaceutical Manufacturing,"10,001+ employees","North Chicago, Illinois",,,,,2026-05-28T19:14:50Z,2026-05-28T19:15:30Z
2163,https://www.linkedin.com/company/sibur,SIBUR,Austria,sibur.ru,http://www.sibur.ru,Chemical Manufacturing,"10,001+ employees",,,1995,,,2026-05-28T19:16:20Z,2026-05-28T19:16:59Z
2164,https://www.linkedin.com/company/csl-vifor,CSL Vifor,Austria,csl.com,https://www.csl.com/,Pharmaceutical Manufacturing,"10,001+ employees","St. Gallen, Switzerland",,,,,2026-05-28T19:17:44Z,2026-05-28T19:18:25Z
2165,https://www.linkedin.com/company/mondi-group,Mondi Group,Austria,linktr.ee,https://linktr.ee/mondi_group,Packaging and Containers Manufacturing,"10,001+ employees",,,,,,2026-05-28T19:19:22Z,2026-05-28T19:20:02Z
2166,https://www.linkedin.com/company/mm-group,MM Group,Austria,mm.group,https://mm.group/,Paper and Forest Product Manufacturing,"10,001+ employees","Vienna, Vienna",,,,,2026-05-28T19:20:48Z,2026-05-28T19:21:32Z
2167,https://www.linkedin.com/company/sappi,Sappi,Austria,sappi.com,http://www.sappi.com,Paper and Forest Product Manufacturing,"10,001+ employees","Rosebank, Gauteng",,1936,,,2026-05-28T19:22:07Z,2026-05-28T19:22:47Z
2168,https://www.linkedin.com/company/tischlerwerkst%C3%A4tte-hofer,Tischlerwerkstätte Hofer,Austria,tischlerei-hofer.com,http://tischlerei-hofer.com,Paper and Forest Product Manufacturing,"10,001+ employees",,,,,,2026-05-28T19:23:32Z,2026-05-28T19:24:11Z
2169,https://www.linkedin.com/company/ladendorf,Ladendorf,Austria,mut-ladendorf.at,http://mut-ladendorf.at,Paper and Forest Product Manufacturing,"10,001+ employees",,,,,,2026-05-28T19:24:54Z,2026-05-28T19:25:36Z
2170,https://www.linkedin.com/company/comb-at,COMB.AT – Coherent Optical Metrology Beyond Electric-Dipole-Allowed Transitions,Austria,sfb-combat.univie.ac.at,https://sfb-combat.univie.ac.at/,Higher Education,"10,001+ employees",,,2023,,,2026-05-28T23:02:22Z,2026-05-28T23:03:06Z
2171,https://www.linkedin.com/company/eudres-european-university,E³UDRES² European University,Austria,eudres.eu,http://www.eudres.eu,Higher Education,"10,001+ employees","St Pölten, Lower Austria",,2020,,,2026-05-28T23:03:43Z,2026-05-28T23:04:22Z
2172,https://www.linkedin.com/company/alumni-uniwien,Alumni University of Vienna,Austria,alumni.ac.at,http://www.alumni.ac.at/,Higher Education,"10,001+ employees",,,,,,2026-05-28T23:05:09Z,2026-05-28T23:05:48Z
2173,https://www.linkedin.com/company/preclinical-imaging-lab,Preclinical Imaging Lab MedUniVienna,Austria,radiologie-nuklearmedizin.meduniwien.ac.at,https://radiologie-nuklearmedizin.meduniwien.ac.at/unsere-abteilungen/preclinical-imaging-laboratories-pil/,Higher Education,"10,001+ employees",,,,,,2026-05-28T23:06:39Z,2026-05-28T23:07:19Z
2174,https://www.linkedin.com/company/trans-form-research-group-population-environment-development,"Trans|Form - Research Group Population, Environment, Development",Austria,population.univie.ac.at,https://population.univie.ac.at/,Higher Education,"10,001+ employees","Vienna, Vienna",,,,,2026-05-28T23:08:01Z,2026-05-28T23:08:40Z
2175,https://www.linkedin.com/company/tu-austria,TU Austria,Austria,tuaustria.at,https://www.tuaustria.at/,Higher Education,"10,001+ employees","Leoben, Styria",,2010,,,2026-05-28T23:09:21Z,2026-05-28T23:10:00Z
2176,https://www.linkedin.com/company/sustainability-award-hochschulen,Sustainability Award,Austria,sustainability-award.at,https://sustainability-award.at/,Higher Education,"10,001+ employees",,,2008,,,2026-05-28T23:10:46Z,2026-05-28T23:11:26Z
2177,https://www.linkedin.com/company/arqusalliance,Arqus European University Alliance,Austria,arqus-alliance.eu,https://www.arqus-alliance.eu,Higher Education,"10,001+ employees","Granada, Andalusia",,2018,,,2026-05-28T23:12:06Z,2026-05-28T23:12:52Z
2178,https://www.linkedin.com/company/wissenstransferzentrum-west,Wissenstransferzentrum West,Austria,wtz-west.at,www.wtz-west.at,Higher Education,"10,001+ employees","Salzburg, Salzburg",,2014,,,2026-05-28T23:13:43Z,2026-05-28T23:14:23Z
2179,https://www.linkedin.com/company/paw-austria,Postdoc Appreciation Week Austria,Austria,,,Higher Education,"10,001+ employees",,,2026,,,2026-05-28T23:15:03Z,2026-05-28T23:15:43Z
2180,https://www.linkedin.com/company/uniteuniversity,"Unite! University Network for Innovation, Technology and Engineering",Austria,unite-university.eu,https://www.unite-university.eu/,Education Administration Programs,"10,001+ employees","Darmstadt, Germany",,2019,,,2026-05-28T23:16:00Z,2026-05-28T23:16:40Z
2181,https://www.linkedin.com/company/ams-osram,ams OSRAM,Austria,ams-osram.com,https://ams-osram.com,Semiconductor Manufacturing,"10,001+ employees","Unterpremstätten, Styria",,,,,2026-05-28T23:17:24Z,2026-05-28T23:18:00Z
2182,https://www.linkedin.com/company/ams-ag,ams AG,Austria,ams-osram.com,http://www.ams-osram.com,Semiconductor Manufacturing,"10,001+ employees",,,,,,2026-05-28T23:18:45Z,2026-05-28T23:19:23Z
2183,https://www.linkedin.com/company/nxp-semiconductors,NXP Semiconductors,Austria,nxp.com,http://www.nxp.com,Semiconductor Manufacturing,"10,001+ employees","Eindhoven, Noord-Brabant",,2006,,,2026-05-28T23:20:02Z,2026-05-28T23:20:43Z
2184,https://www.linkedin.com/company/lam-research,Lam Research,Austria,lamresearch.com,http://www.lamresearch.com,Semiconductor Manufacturing,"10,001+ employees","Fremont, CA",,1980,,,2026-05-28T23:21:40Z,2026-05-28T23:22:19Z
2185,https://www.linkedin.com/company/microchip-technology,Microchip Technology Inc.,Austria,microchip.com,http://www.microchip.com/,Semiconductor Manufacturing,"10,001+ employees","Chandler, AZ",,1989,,,2026-05-28T23:23:09Z,2026-05-28T23:23:53Z
2186,https://www.linkedin.com/company/asmpt,ASMPT Ltd,Austria,asmpt.com,https://www.asmpt.com/,Semiconductor Manufacturing,"10,001+ employees","Singapore, Singapore",,1975,,,2026-05-28T23:24:41Z,2026-05-28T23:25:19Z
2187,https://www.linkedin.com/company/tuvsud,TÜV SÜD,Austria,tuvsud.com,http://www.tuvsud.com,Public Safety,"10,001+ employees","Munich, Germany",,,,,2026-05-28T23:26:21Z,2026-05-28T23:27:03Z
2188,https://www.linkedin.com/company/bundesministerium-finanzen,Bundesministerium für Finanzen,Austria,bmf.gv.at,https://www.bmf.gv.at,Government Administration,"10,001+ employees",,,1848,,,2026-05-28T23:27:55Z,2026-05-28T23:28:34Z
2189,https://www.linkedin.com/company/gesundheitskasse,Österreichische Gesundheitskasse,Austria,oegk.at,www.oegk.at,Government Administration,"10,001+ employees","Wien, Wien",,2020,,,2026-05-28T23:29:27Z,2026-05-28T23:30:08Z
2190,https://www.linkedin.com/company/land-niederoesterreich,Land Niederösterreich,Austria,noe.gv.at,http://www.noe.gv.at/noe/index.html,Government Administration,"10,001+ employees","St Pölten, Lower Austria",,,,,2026-05-29T18:02:01Z,2026-05-29T18:02:42Z
2191,https://www.linkedin.com/company/city-of-vienna,City of Vienna,Austria,jobs.wien.gv.at,https://jobs.wien.gv.at/,Executive Offices,"10,001+ employees","Wien, Wien",,,,,2026-05-29T18:03:41Z,2026-05-29T18:04:21Z
2192,https://www.linkedin.com/company/amt-der-o-landesregierung,Land Oberösterreich,Austria,land-oberoesterreich.gv.at,https://www.land-oberoesterreich.gv.at/karriereportal.htm,Government Administration,"10,001+ employees","Linz, Upper Austria",,,,,2026-05-29T18:05:12Z,2026-05-29T18:05:53Z
2193,https://www.linkedin.com/company/innenministerium,Bundesministerium für Inneres (BMI),Austria,bmi.gv.at,http://www.bmi.gv.at,Public Safety,"10,001+ employees",,,,,,2026-05-29T18:06:37Z,2026-05-29T18:07:19Z
2194,https://www.linkedin.com/company/faculty-of-chemistry-and-vienna-doctoral-school-in-chemistry,Vienna Doctoral School in Chemistry - DoSChem,Austria,chemie.univie.ac.at,https://chemie.univie.ac.at/en/,Government Administration,"10,001+ employees",,,,,,2026-05-29T18:08:10Z,2026-05-29T18:08:50Z
2195,https://www.linkedin.com/company/bundesheer,Österreichisches Bundesheer (Austrian Armed Forces),Austria,bundesheer.at,https://www.bundesheer.at/,Public Safety,"10,001+ employees",,,,,,2026-05-29T18:09:24Z,2026-05-29T18:10:06Z
2196,https://www.linkedin.com/company/telekom-austria-group-internationalbusiness,A1 International Business,Austria,internationalbusiness.a1.group,https://internationalbusiness.a1.group/,Telecommunications,"10,001+ employees","Wien, Wien",,,,,2026-05-29T18:10:56Z,2026-05-29T18:11:36Z
2197,https://www.linkedin.com/company/zte-austria,ZTE Austria,Austria,ztedevices.com,https://ztedevices.com/de-at/,Telecommunications,"10,001+ employees",,,2009,,,2026-05-29T18:12:28Z,2026-05-29T18:13:14Z
2198,https://www.linkedin.com/company/vdo-fleet,VDO Fleet,Austria,fleet.vdo.com,http://www.fleet.vdo.com,Wireless Services,"10,001+ employees","Villingen-Schwenningen, Baden-Württemberg",,1929,,,2026-05-29T18:13:58Z,2026-05-29T18:14:40Z
2199,https://www.linkedin.com/company/a1-telekom-austria-group,A1 Telekom Austria Group,Austria,a1.group,https://www.a1.group/,Telecommunications,"10,001+ employees","Vienna, Vienna",,1887,,,2026-05-29T18:15:22Z,2026-05-29T18:16:10Z
2200,https://www.linkedin.com/company/telekom-austria,Telekom Austria,Austria,telekom.at,http://www.telekom.at,Telecommunications,"10,001+ employees",,,,,,2026-05-29T18:17:03Z,2026-05-29T18:17:46Z
2201,https://www.linkedin.com/company/fachgruppe-gewerbliche-dienstleister-tirol,Fachgruppe gewerbliche Dienstleister Tirol,Austria,dienstleister.at,dienstleister.at,Business Content,"10,001+ employees","Innsbruck, Tyrol",,,,,2026-05-29T18:18:27Z,2026-05-29T18:19:07Z
2202,https://www.linkedin.com/company/fachverband-entsorgungs-und-ressourcenmanagement-%C3%B6sterreich,Fachverband Entsorgungs- und Ressourcenmanagement Österreich,Austria,dieabfallwirtschaft.at,http://www.dieabfallwirtschaft.at,Environmental Services,"10,001+ employees","Wien , Wien",,2000,,,2026-05-29T18:19:48Z,2026-05-29T18:20:26Z
2203,https://www.linkedin.com/company/international-association-of-press-clubs,International Association of Press Clubs IAPC,Austria,pressclubs.org,http://www.pressclubs.org,Civic and Social Organizations,"10,001+ employees",,,2002,,,2026-05-29T18:21:08Z,2026-05-29T18:21:46Z
2204,https://www.linkedin.com/company/lazarus-union,Lazarus Union International,Austria,lazarus-union.international,http://www.lazarus-union.international,Civic and Social Organizations,"10,001+ employees","Vienna, Austria",,2006,,,2026-05-29T18:22:30Z,2026-05-29T18:23:11Z
2205,https://www.linkedin.com/company/lebenshilfe-%C3%B6sterreich,Lebenshilfe Österreich,Austria,lebenshilfe.at,https://www.lebenshilfe.at,Civic and Social Organizations,"10,001+ employees","Wien, Wien",,1967,,,2026-05-29T18:23:51Z,2026-05-29T18:24:30Z
2206,https://www.linkedin.com/company/wir-haus-und-fach%C3%A4rzte,Wir Haus- und Fachärzte,Austria,aerztekammer.at,https://www.aerztekammer.at/bundeskurie-niedergelassene-aerzte,Professional Organizations,"10,001+ employees",,,,,,2026-05-29T18:25:19Z,2026-05-29T18:25:58Z
2207,https://www.linkedin.com/company/impacthubnetwork,Impact Hub Network,Austria,impacthub.net,https://impacthub.net/,Civic and Social Organizations,"10,001+ employees","Vienna, Vienna",,2005,,,2026-05-29T18:26:38Z,2026-05-29T18:27:19Z
2208,https://www.linkedin.com/company/peacetraining-eu,PeaceTraining.eu,Austria,project.peacetraining.eu,https://project.peacetraining.eu,Civic and Social Organizations,"10,001+ employees",,,,,,2026-05-29T18:28:15Z,2026-05-29T18:28:56Z
2209,https://www.linkedin.com/company/pfadis-oesterreich,Pfadfinder und Pfadfinderinnen Österreichs,Austria,pfadis-oesterreich.at,https://www.pfadis-oesterreich.at,Non-profit Organization Management,"10,001+ employees",,,1910,,,2026-05-29T18:29:36Z,2026-05-29T18:30:17Z
2210,https://www.linkedin.com/company/maschinenringe-oesterreich,Maschinenring,Austria,maschinenring.at,https://www.maschinenring.at/ueber-uns/maschinenring-oesterreich,Consumer Services,"10,001+ employees","LINZ, Oberösterreich",,1998,,,2026-05-29T21:58:52Z,2026-05-29T21:59:33Z
2211,https://www.linkedin.com/company/oracle,Oracle,Austria,oracle.com,http://www.oracle.com,IT Services and IT Consulting,"10,001+ employees","Austin, Texas",,1977,,,2026-05-29T22:00:21Z,2026-05-29T22:01:00Z
2212,https://www.linkedin.com/company/virtusa,Virtusa,Austria,virtusa.com,http://www.virtusa.com,IT Services and IT Consulting,"10,001+ employees","Southborough, MA",,1996,,,2026-05-29T22:01:55Z,2026-05-29T22:02:36Z
2213,https://www.linkedin.com/company/unisys,Unisys,Austria,unisys.com,http://www.unisys.com/,IT Services and IT Consulting,"10,001+ employees","Blue Bell, Pennsylvania",,,,,2026-05-29T22:03:32Z,2026-05-29T22:04:11Z
2214,https://www.linkedin.com/company/tdsynnexnorthamerica,TD SYNNEX North America,Austria,tdsynnex.com,https://www.tdsynnex.com/na/us/,IT Services and IT Consulting,"10,001+ employees","Clearwater, Florida",,,,,2026-05-29T22:05:11Z,2026-05-29T22:05:51Z
2215,https://www.linkedin.com/company/epam-systems,EPAM Systems,Austria,epam.com,http://www.epam.com,IT Services and IT Consulting,"10,001+ employees","Newtown, PA",,1993,,,2026-05-29T22:06:35Z,2026-05-29T22:07:14Z
2216,https://www.linkedin.com/company/ingram-micro,Ingram Micro,Austria,ingrammicro.com,http://www.ingrammicro.com,IT Services and IT Consulting,"10,001+ employees","Irvine, CA",,1979,,,2026-05-29T22:08:04Z,2026-05-29T22:08:46Z
2217,https://www.linkedin.com/company/mastercard,Mastercard,Austria,mastercard.com,http://www.mastercard.com,IT Services and IT Consulting,"10,001+ employees","Purchase, NY",,,,,2026-05-29T22:09:34Z,2026-05-29T22:10:17Z
2218,https://www.linkedin.com/company/bdsv-eu,Federation of German Security and Defence Industries e.V.,Germany,bdsv.eu,http://www.bdsv.eu,Defense and Space Manufacturing,11-50 employees,"Berlin, Berlin",,2009,,,2026-05-29T22:11:11Z,2026-05-29T22:11:48Z
2219,https://www.linkedin.com/company/space-tech-expo-europe,Space Tech Expo Europe,Germany,spacetechexpo-europe.com,https://www.spacetechexpo-europe.com/,Defense and Space Manufacturing,11-50 employees,"Bremen, Bremen",,,,,2026-05-29T22:12:32Z,2026-05-29T22:13:12Z
2220,https://www.linkedin.com/company/sekai-electronics-inc.,"SEKAI Electronics, Inc.",Germany,sekai-electronics.com,http://sekai-electronics.com,Defense and Space Manufacturing,11-50 employees,"Irvine, California",,1983,,,2026-05-29T22:13:48Z,2026-05-29T22:14:29Z
2221,https://www.linkedin.com/company/azimutspacegmbh,Azimut Space GmbH,Germany,azimutspace.com,http://www.azimutspace.com/,Defense and Space Manufacturing,11-50 employees,"Berlin, Select a State",,2007,,,2026-05-29T22:15:09Z,2026-05-29T22:15:48Z
2222,https://www.linkedin.com/company/space-structures-gmbh,Space Structures GmbH,Germany,spacestructures.de,https://www.spacestructures.de,Defense and Space Manufacturing,11-50 employees,"Berlin, Berlin",,2011,,,2026-05-29T22:16:37Z,2026-05-29T22:17:16Z
2223,https://www.linkedin.com/company/space-products-and-innovation,SPiN - Space Products and Innovation,Germany,spinintech.com,http://www.spinintech.com,Defense and Space Manufacturing,11-50 employees,"Frascati, Roma",,2015,,,2026-05-29T22:18:00Z,2026-05-29T22:18:46Z
2224,https://www.linkedin.com/company/exostaff,Exostaff GmbH,Germany,exostaff.de,https://www.exostaff.de,Defense and Space Manufacturing,11-50 employees,,,2014,,,2026-05-29T22:19:42Z,2026-05-29T22:20:20Z
2225,https://www.linkedin.com/company/dcubedspace,Dcubed,Germany,dcubed.space,http://www.dcubed.space,Defense and Space Manufacturing,11-50 employees,"Germering, Bavaria",,2019,,,2026-05-29T22:21:09Z,2026-05-29T22:21:50Z
2226,https://www.linkedin.com/company/jdi-integrations-llc,JDI Integrations,Germany,jdi-integrations.com,https://www.jdi-integrations.com/,Defense and Space Manufacturing,11-50 employees,"Palm Beach Gardens, FL",,2019,,,2026-05-29T22:22:36Z,2026-05-29T22:23:18Z
2227,https://www.linkedin.com/company/sternavexgmbh,Sternavex Gmbh,Germany,sternavex.com,https://sternavex.com/,Defense and Space Manufacturing,11-50 employees,"Jülich, North Rhine-Westphalia",,2024,,,2026-05-29T22:24:09Z,2026-05-29T22:24:48Z
2228,https://www.linkedin.com/company/data-pop-alliance,Data-Pop Alliance,Germany,datapopalliance.org,http://datapopalliance.org,Non-profit Organizations,11-50 employees,"New York City, .",,2013,,,2026-05-29T22:25:35Z,2026-05-29T22:26:14Z
2229,https://www.linkedin.com/company/europeancenterforconstitutional&humanrights,European Center for Constitutional and Human Rights e.V. (ECCHR),Germany,ecchr.eu,https://www.ecchr.eu/en,Non-profit Organizations,11-50 employees,"Berlin, Berlin",,2008,,,2026-05-29T22:27:02Z,2026-05-29T22:27:46Z
2230,https://www.linkedin.com/company/charta-der-vielfalt,Charta der Vielfalt e.V.,Germany,charta-der-vielfalt.de,http://www.charta-der-vielfalt.de,Non-profit Organizations,11-50 employees,,,2010,,,2026-05-31T17:16:10Z,2026-05-31T17:16:50Z
2231,https://www.linkedin.com/company/junior-chamber-international,JCI (Junior Chamber International),Germany,jci.cc,jci.cc,Non-profit Organizations,11-50 employees,"Chesterfield, MO",,1915,,,2026-05-31T17:17:35Z,2026-05-31T17:18:14Z
2232,https://www.linkedin.com/company/climatechangeai,Climate Change AI,Germany,climatechange.ai,https://www.climatechange.ai,Non-profit Organizations,11-50 employees,,,2019,,,2026-05-31T17:19:08Z,2026-05-31T17:19:50Z
2233,https://www.linkedin.com/company/unwfp,World Food Programme,Germany,wfp.org,http://wfp.org,Non-profit Organizations,"10,001+ employees","Roma, RM",,,,,2026-05-31T17:20:29Z,2026-05-31T17:21:08Z
2234,https://www.linkedin.com/company/outrightintl,Outright International,Germany,outrightinternational.org,http://www.outrightinternational.org,Non-profit Organizations,11-50 employees,,,1990,,,2026-05-31T17:21:54Z,2026-05-31T17:22:32Z
2235,https://www.linkedin.com/company/westerwellefoundation,Westerwelle Foundation,Germany,westerwelle-foundation.com,http://westerwelle-foundation.com/,Non-profit Organization Management,11-50 employees,"Berlin, BE",,2013,,,2026-05-31T17:23:22Z,2026-05-31T17:24:03Z
2236,https://www.linkedin.com/company/open-supply-hub,Open Supply Hub,Germany,opensupplyhub.org,http://www.opensupplyhub.org,Non-profit Organizations,11-50 employees,"Hudson, New York",,,,,2026-05-31T17:24:52Z,2026-05-31T17:25:34Z
2237,https://www.linkedin.com/company/counter-extremism-project,Counter Extremism Project (CEP),Germany,counterextremism.com,www.counterextremism.com,Non-profit Organizations,11-50 employees,"New York, NY",,,,,2026-05-31T17:26:33Z,2026-05-31T17:27:12Z
2238,https://www.linkedin.com/company/syrian-youth-assembly,Syrian Youth Assembly - SYA,Germany,syrian-youth.org,https://www.syrian-youth.org/,Non-profit Organizations,11-50 employees,"Berlin, Berlin",,2016,,,2026-05-31T17:28:03Z,2026-05-31T17:28:45Z
2239,https://www.linkedin.com/company/digitalwaffle,Digital Waffle,Germany,digitalwaffle.co,https://www.digitalwaffle.co/,Staffing and Recruiting,11-50 employees,"Birmingham, England",,2018,,,2026-05-31T17:29:34Z,2026-05-31T17:30:14Z
2240,https://www.linkedin.com/company/scipro,SciPro,Germany,sciproglobal.com,http://www.sciproglobal.com,Staffing and Recruiting,11-50 employees,,,2016,,,2026-05-31T17:30:58Z,2026-05-31T17:31:41Z
2241,https://www.linkedin.com/company/approach-people-recruitment,Approach People Recruitment,Germany,approachpeople.com,https://www.approachpeople.com,Staffing and Recruiting,11-50 employees,"Blackrock, Co. Dublin",,2000,,,2026-05-31T17:32:38Z,2026-05-31T17:33:17Z
2242,https://www.linkedin.com/company/developrec,develop,Germany,developrec.net,https://www.developrec.net/,Staffing and Recruiting,11-50 employees,"London, England",,2020,,,2026-05-31T17:33:57Z,2026-05-31T17:34:39Z
2243,https://www.linkedin.com/company/reesmarx,reesmarx,Germany,reesmarx.com,https://reesmarx.com/,Staffing and Recruiting,11-50 employees,"Charlotte, North Carolina",,2001,,,2026-05-31T17:35:30Z,2026-05-31T17:36:12Z
2244,https://www.linkedin.com/company/uplift-people-consulting,Uplift People Consulting,Germany,uplift-people.com,https://uplift-people.com/,Executive Search Services,11-50 employees,,,,,,2026-05-31T17:36:56Z,2026-05-31T17:37:38Z
2245,https://www.linkedin.com/company/lawrence-harvey,Lawrence Harvey,Germany,lawrenceharvey.com,http://www.lawrenceharvey.com,Staffing and Recruiting,11-50 employees,"London, England",,2002,,,2026-05-31T17:38:21Z,2026-05-31T17:39:02Z
2246,https://www.linkedin.com/company/thryvetalent,THRYVE,Germany,thryvetalent.com,https://www.thryvetalent.com,Staffing and Recruiting,11-50 employees,"Berlin, Germany",,2014,,,2026-05-31T17:39:44Z,2026-05-31T17:40:26Z
2247,https://www.linkedin.com/company/freightappointments,Freight Appointments,Germany,freightappointments.com,http://www.freightappointments.com,Staffing and Recruiting,11-50 employees,"New York City, New York",,2019,,,2026-05-31T17:41:24Z,2026-05-31T17:42:05Z
2248,https://www.linkedin.com/company/oliverbernard,Oliver Bernard,Germany,oliverbernard.com,www.oliverbernard.com,Staffing and Recruiting,11-50 employees,"London, England",,2010,,,2026-05-31T17:42:56Z,2026-05-31T17:43:41Z
2249,https://www.linkedin.com/company/institut-fuer-persoenlichkeit,Institut für Persönlichkeit,Germany,institut-fuer-persoenlichkeit.de,http://www.institut-fuer-persoenlichkeit.de,Professional Training and Coaching,11-50 employees,"Köln, North Rhine-Westphalia",,2006,,,2026-05-31T17:44:32Z,2026-05-31T17:45:13Z
2250,https://www.linkedin.com/company/infraredtraining,Infrared Training Center,Germany,infraredtraining.com,http://www.infraredtraining.com,Professional Training and Coaching,11-50 employees,"Nashua, New Hampshire",,1989,,,2026-06-01T17:46:07Z,2026-06-01T17:46:48Z
2251,https://www.linkedin.com/company/bettercoach,bettercoach,Germany,bettercoach.io,https://www.bettercoach.io,Professional Training and Coaching,11-50 employees,"Berlin, BE",,2017,,,2026-06-01T17:47:34Z,2026-06-01T17:48:20Z
2252,https://www.linkedin.com/company/mentormegermany,MentorMe,Germany,mentorme-ngo.org,http://www.mentorme-ngo.org,Professional Training and Coaching,11-50 employees,,,2015,,,2026-06-01T17:49:07Z,2026-06-01T17:49:45Z
2253,https://www.linkedin.com/company/sharpist,Sharpist,Germany,sharpist.com,https://www.sharpist.com,Professional Training and Coaching,11-50 employees,,,2018,,,2026-06-01T17:50:35Z,2026-06-01T17:51:17Z
2254,https://www.linkedin.com/company/schulz-von-thun-institut-f%C3%BCr-kommunikation,Schulz von Thun Institut für Kommunikation,Germany,schulz-von-thun.de,https://www.schulz-von-thun.de,Professional Training and Coaching,11-50 employees,,,2006,,,2026-06-01T17:52:07Z,2026-06-01T17:52:47Z
2255,https://www.linkedin.com/company/dear-monday-de,Dear Monday,Germany,dear-monday.de,https://dear-monday.de/,Professional Training and Coaching,11-50 employees,,,2018,,,2026-06-01T17:53:32Z,2026-06-01T17:54:11Z
2256,https://www.linkedin.com/company/fajig,Find a Job in Germany,Germany,findajobingermany.de,https://www.findajobingermany.de,Professional Training and Coaching,11-50 employees,"Berlin, BE",,2020,,,2026-06-01T17:54:54Z,2026-06-01T17:55:38Z
2257,https://www.linkedin.com/company/agile-leadership-journey,Agile Leadership Journey,Germany,agileleadershipjourney.com,http://agileleadershipjourney.com,Professional Training and Coaching,11-50 employees,,,2017,,,2026-06-01T17:56:18Z,2026-06-01T17:56:59Z
2258,https://www.linkedin.com/company/konu,KONU,Germany,konu.org,http://www.konu.org,Professional Training and Coaching,11-50 employees,"Washington, District of Columbia",,2013,,,2026-06-01T17:57:55Z,2026-06-01T17:58:35Z
2259,https://www.linkedin.com/company/bde-bundesverband-der-deutschen-entsorgungs--wasser--und-rohstoffwirtschaft-e.-v.,"BDE Bundesverband der Deutschen Entsorgungs-, Wasser- und Kreislaufwirtschaft e. V.",Germany,bde.de,https://www.bde.de,Political Organizations,11-50 employees,,,1961,,,2026-06-01T17:59:23Z,2026-06-01T18:00:04Z
2260,https://www.linkedin.com/company/arbeitgeberverband-gesamtmetall,Arbeitgeberverband Gesamtmetall,Germany,gesamtmetall.de,https://www.gesamtmetall.de/datenschutzerklaerung/,Political Organizations,11-50 employees,"Berlin, Berlin",,1890,,,2026-06-01T18:00:50Z,2026-06-01T18:01:28Z
2261,https://www.linkedin.com/company/deutscher-steuerberaterverband-e-v-,Deutscher Steuerberaterverband e.V.,Germany,dstv.de,http://www.dstv.de,Political Organizations,11-50 employees,"Berlin, Berlin",,1975,,,2026-06-01T18:02:07Z,2026-06-01T18:02:48Z
2262,https://www.linkedin.com/company/hauptverband-der-deutschen-bauindustrie,Hauptverband der Deutschen Bauindustrie,Germany,bauindustrie.de,http://www.bauindustrie.de/impressum,Political Organizations,11-50 employees,"Berlin, Berlin",,1948,,,2026-06-01T18:03:35Z,2026-06-01T18:04:15Z
2263,https://www.linkedin.com/company/rat-f%C3%BCr-nachhaltige-entwicklung,German Council for Sustainable Development (RNE),Germany,nachhaltigkeitsrat.de,http://www.nachhaltigkeitsrat.de,Political Organizations,11-50 employees,,,2001,,,2026-06-01T18:05:04Z,2026-06-01T18:05:41Z
2264,https://www.linkedin.com/company/die-familienunternehmer-e-v,DIE FAMILIENUNTERNEHMER,Germany,familienunternehmer.eu,https://www.familienunternehmer.eu/,Political Organizations,11-50 employees,"Berlin, Berlin",,1949,,,2026-06-01T18:06:22Z,2026-06-01T18:07:03Z
2265,https://www.linkedin.com/company/cyber-innovation-hub-der-bundeswehr,Bundeswehr Cyber Innovation Hub,Germany,cyberinnovationhub.de,http://www.cyberinnovationhub.de,Political Organizations,11-50 employees,"Berlin , Berlin",,2017,,,2026-06-01T18:07:55Z,2026-06-01T18:08:34Z
2266,https://www.linkedin.com/company/insm,Initiative Neue Soziale Marktwirtschaft (INSM),Germany,insm.de,http://www.insm.de,Political Organizations,11-50 employees,"Berlin, Berlin",,1999,,,2026-06-01T18:09:23Z,2026-06-01T18:10:03Z
2267,https://www.linkedin.com/company/brand-new-bundestag,Brand New Bundestag,Germany,brandnewbundestag.de,https://brandnewbundestag.de,Political Organizations,11-50 employees,,,2020,,,2026-06-01T18:10:49Z,2026-06-01T18:11:34Z
2268,https://www.linkedin.com/company/kulturpolitische-gesellschaft-e-v-,Kulturpolitische Gesellschaft e. V.,Germany,kupoge.de,http://www.kupoge.de,Political Organizations,11-50 employees,,,1976,,,2026-06-01T18:12:26Z,2026-06-01T18:13:06Z
2269,https://www.linkedin.com/company/playtestcloud,PlaytestCloud,Germany,playtestcloud.com,https://www.playtestcloud.com/,Computer Games,11-50 employees,"Berlin, BE",,2012,,,2026-06-01T18:13:51Z,2026-06-01T18:14:34Z
2270,https://www.linkedin.com/company/sunday-gmbh,Sunday,Germany,sunday.gg,https://sunday.gg,Mobile Gaming Apps,11-50 employees,,,2019,,,2026-06-01T20:12:11Z,2026-06-01T20:12:53Z
2271,https://www.linkedin.com/company/justdice,justDice,Germany,justdice.io,http://www.justdice.io,Mobile Gaming Apps,11-50 employees,,,2015,,,2026-06-01T20:13:38Z,2026-06-01T20:14:16Z
2272,https://www.linkedin.com/company/karmine-corp,Karmine Corp,Germany,karminecorp.fr,https://www.karminecorp.fr/,Computer Games,11-50 employees,"Paris, Ile de france",,2020,,,2026-06-01T20:15:10Z,2026-06-01T20:15:49Z
2273,https://www.linkedin.com/company/game-verband,game - German Games Industry Association,Germany,game.de,https://www.game.de/,Computer Games,11-50 employees,"Berlin, Berlin",,2018,,,2026-06-01T20:16:30Z,2026-06-01T20:17:08Z
2274,https://www.linkedin.com/company/daedalic-entertainment-gmbh,Daedalic Entertainment GmbH,Germany,daedalic.com,http://www.daedalic.com,Computer Games,11-50 employees,"Hamburg, HH",,2007,,,2026-06-01T20:18:07Z,2026-06-01T20:18:46Z
2275,https://www.linkedin.com/company/microids,Microids,Germany,microids.com,http://www.microids.com,Computer Games,11-50 employees,"Paris, Île-de-France",,,,,2026-06-01T20:19:39Z,2026-06-01T20:20:17Z
2276,https://www.linkedin.com/company/airborn-studios,Airborn Studios GmbH,Germany,airborn.art,http://www.airborn.art,Computer Games,11-50 employees,"Berlin, BE",,2008,,,2026-06-01T20:21:12Z,2026-06-01T20:21:53Z
2277,https://www.linkedin.com/company/orion-infosolutions-india,Orion InfoSolutions,Germany,orioninfosolutions.com,https://www.orioninfosolutions.com/,Computer Games,11-50 employees,"New York City, New York",,2015,,,2026-06-01T20:22:52Z,2026-06-01T20:23:33Z
2278,https://www.linkedin.com/company/keen-games,Keen Games,Germany,keengames.com,https://www.keengames.com,Computer Games,11-50 employees,"Frankfurt, Hessen",,2005,,,2026-06-01T20:24:22Z,2026-06-01T20:25:10Z
2279,https://www.linkedin.com/company/recruitment-room-global,Recruitment Room - Global,Germany,recruitmentroom.net,https://recruitmentroom.net/,Business Consulting and Services,11-50 employees,,,2023,,,2026-06-01T20:25:59Z,2026-06-01T20:26:34Z
2280,https://www.linkedin.com/company/kreativstorm,Kreativstormmm,Germany,kreativstorm.de,https://www.kreativstorm.de/,Business Consulting and Services,11-50 employees,"Berlin, BE",,,,,2026-06-01T20:27:19Z,2026-06-01T20:27:59Z
2281,https://www.linkedin.com/company/spanish-leadership,Spanish Leadership,Germany,spanishleadership.com,http://spanishleadership.com,Business Consulting and Services,11-50 employees,"Kelkheim, Hesse",,2008,,,2026-06-01T20:28:39Z,2026-06-01T20:29:18Z
2282,https://www.linkedin.com/company/spiritual-intelligence-leadership,Spiritual Intelligence Leadership,Germany,spiritualintelligenceleadership.com,http://www.spiritualintelligenceleadership.com,Business Consulting and Services,11-50 employees,,,2016,,,2026-06-01T20:30:02Z,2026-06-01T20:30:37Z
2283,https://www.linkedin.com/company/american-leadership,American Leadership,Germany,american-leadership.net,http://american-leadership.net,Business Consulting and Services,11-50 employees,"Kelkheim, Hesse",,2012,,,2026-06-01T20:31:09Z,2026-06-01T20:31:46Z
2284,https://www.linkedin.com/company/artixio,ArtiXio,Germany,artixio.com,http://www.artixio.com/,Business Consulting and Services,11-50 employees,"Princeton, New Jersey",,2019,,,2026-06-01T20:32:24Z,2026-06-01T20:33:04Z
2285,https://www.linkedin.com/company/consultport,Consultport,Germany,consultport.com,https://www.consultport.com,Business Consulting and Services,11-50 employees,,,2018,,,2026-06-01T20:33:50Z,2026-06-01T20:34:30Z
2286,https://www.linkedin.com/company/mcs,MCS Management Consulting & Selection,Germany,mcs-selection.it,http://www.mcs-selection.it,Business Consulting and Services,11-50 employees,"Rome, Latium",,1977,,,2026-06-01T20:35:15Z,2026-06-01T20:35:56Z
2287,https://www.linkedin.com/company/ipbes,IPBES,Germany,ipbes.net,http://www.ipbes.net,Environmental Services,11-50 employees,,,2012,,,2026-06-01T20:36:53Z,2026-06-01T20:37:32Z
2288,https://www.linkedin.com/company/european-leadership,European Leadership,Germany,europeanleadershippoweredbyunitedstatesofeurope.com,http://www.europeanleadershippoweredbyunitedstatesofeurope.com,Business Consulting and Services,11-50 employees,"Kelkheim, Hesse",,2017,,,2026-06-01T20:38:23Z,2026-06-01T20:39:01Z
2289,https://www.linkedin.com/company/the-grow-match-forum,THE GROW MATCH FORUM,Germany,the-match-forum.de,http://www.the-match-forum.de,Events Services,11-50 employees,"Zwönitz, Sachsen",,2021,,,2026-06-01T20:39:41Z,2026-06-01T20:40:20Z
2290,https://www.linkedin.com/company/dechema,DECHEMA,Germany,dechema.de,http://www.dechema.de,Community Services,51-200 employees,,,1926,,,2026-06-02T16:17:03Z,2026-06-02T16:17:44Z
2291,https://www.linkedin.com/company/bitsandpretzels,Bits & Pretzels,Germany,bitsandpretzels.com,https://www.bitsandpretzels.com,Events Services,11-50 employees,"München, Bayern",,2014,,,2026-06-02T16:18:29Z,2026-06-02T16:19:09Z
2292,https://www.linkedin.com/company/tech-summit-event,Tech Summit,Germany,tech-summit.org,https://tech-summit.org,Events Services,11-50 employees,"Berlin, BE",,2017,,,2026-06-02T16:19:53Z,2026-06-02T16:20:35Z
2293,https://www.linkedin.com/company/e-commerce-berlin-expo,E-commerce Berlin Expo,Germany,buff.ly,https://buff.ly/3GjuRmY,Events Services,11-50 employees,,,2015,,,2026-06-02T16:21:24Z,2026-06-02T16:22:09Z
2294,https://www.linkedin.com/company/exposervice,EXPOSERVICE,Germany,exposervice.com,http://www.exposervice.com,Events Services,11-50 employees,"Las Vegas, Nevada",,2008,,,2026-06-02T16:23:00Z,2026-06-02T16:23:38Z
2295,https://www.linkedin.com/company/cruise-ship-interiors-design-expo,Cruise Ship Interiors,Germany,cruiseshipinteriors-expo.com,https://cruiseshipinteriors-expo.com/,Events Services,11-50 employees,"Miami, FL",,2018,,,2026-06-02T16:24:23Z,2026-06-02T16:25:00Z
2296,https://www.linkedin.com/company/messe-berlin-gmbh,Messe Berlin,Germany,messe-berlin.de,http://www.messe-berlin.de,Events Services,"501-1,000 employees","Berlin, Berlin",,1923,,,2026-06-02T16:25:46Z,2026-06-02T16:26:21Z
2297,https://www.linkedin.com/company/sensaihackademy,SensAI Hackademy,Germany,sensaihackademy.com,https://www.sensaihackademy.com/,Events Services,11-50 employees,,,2025,,,2026-06-02T16:27:10Z,2026-06-02T16:27:50Z
2298,https://www.linkedin.com/company/neumeister-m%C3%BCnchener-kunstauktionshaus,NEUMEISTER Münchener Kunstauktionshaus GmbH & Co.KG,Germany,neumeister.com,http://www.neumeister.com,Retail Art Supplies,11-50 employees,"München, Bayern",,1958,,,2026-06-02T16:28:43Z,2026-06-02T16:29:25Z
2299,https://www.linkedin.com/company/thisisblythecom,This Is Blythe,Germany,thisisblythe.com,https://www.thisisblythe.com/,Retail Art Supplies,11-50 employees,,,2000,,,2026-06-02T16:30:10Z,2026-06-02T16:30:51Z
2300,https://www.linkedin.com/company/maschenfein,Maschenfein,Germany,maschenfein.de,http://www.maschenfein.de,Retail Art Supplies,11-50 employees,,,2014,,,2026-06-02T16:31:30Z,2026-06-02T16:32:08Z
2301,https://www.linkedin.com/company/koenig-galerie,KÖNIG GALERIE,Germany,koeniggalerie.com,http://www.koeniggalerie.com,Retail Art Supplies,11-50 employees,,,2002,,,2026-06-02T16:32:51Z,2026-06-02T16:33:33Z
2302,https://www.linkedin.com/company/nagelauktionen,Nagel Auktionen GmbH,Germany,auction.de,https://www.auction.de/,Retail Art Supplies,11-50 employees,"Stuttgart, Baden-Württemberg",,1922,,,2026-06-02T16:34:15Z,2026-06-02T16:34:58Z
2303,https://www.linkedin.com/company/eidotech,Eidotech GmbH,Germany,eidotech.de,http://www.eidotech.de/,Retail Art Supplies,11-50 employees,"Berlin, Berlin",,2005,,,2026-06-02T16:35:46Z,2026-06-02T16:36:23Z
2304,https://www.linkedin.com/company/kremer-pigmente-gmbh-co-kg,Kremer Pigmente GmbH & Co. KG,Germany,kremer-pigmente.com,http://www.kremer-pigmente.com,Arts & Crafts,11-50 employees,"Aichstetten, Baden-Württemberg",,1977,,,2026-06-02T16:37:07Z,2026-06-02T16:37:46Z
2305,https://www.linkedin.com/company/werner-murrer-rahmen,MURRER RAHMEN | FRAMES,Germany,murrer-rahmen.de,http://www.murrer-rahmen.de,Retail Art Supplies,11-50 employees,"München, Bavaria",,1987,,,2026-06-02T16:38:32Z,2026-06-02T16:39:08Z
2306,https://www.linkedin.com/company/analogdream,AnalogDream e.V.,Germany,analogdream.io,https://www.analogdream.io,Retail Art Supplies,11-50 employees,"Berlin, Berlin",,2019,,,2026-06-02T16:39:48Z,2026-06-02T16:40:26Z
2307,https://www.linkedin.com/company/artoui,ARTOUI,Germany,artoui.com,http://artoui.com,Arts & Crafts,11-50 employees,"Munich, Bavaria",,2019,,,2026-06-02T16:41:03Z,2026-06-02T16:41:46Z
2308,https://www.linkedin.com/company/coiltech-international-coil-winding-exhibition,"Coiltech®, International Coil Winding Exhibition & Conference",Germany,quickfairs.net,https://www.quickfairs.net,"Appliances, Electrical, and Electronics Manufacturing",11-50 employees,"Milano, MI",,2010,,,2026-06-02T16:42:44Z,2026-06-02T16:43:24Z
2309,https://www.linkedin.com/company/ynvisible,Ynvisible Interactive Inc,Germany,ynvisible.com,https://www.ynvisible.com,"Appliances, Electrical, and Electronics Manufacturing",11-50 employees,"Vancouver, British Columbia",,2010,,,2026-06-02T16:44:16Z,2026-06-02T16:44:57Z
2310,https://www.linkedin.com/company/citel-usa,Citel USA,Germany,citel.us,www.citel.us,"Appliances, Electrical, and Electronics Manufacturing",11-50 employees,"Miramar, Florida",,1985,,,2026-06-02T18:19:42Z,2026-06-02T18:20:20Z
2311,https://www.linkedin.com/company/mrs-electronic-inc,MRS Electronic USA,Germany,mrs-electronics.com,http://www.mrs-electronics.com,"Appliances, Electrical, and Electronics Manufacturing",11-50 employees,"Dayton, Ohio",,2015,,,2026-06-02T18:21:11Z,2026-06-02T18:21:53Z
2312,https://www.linkedin.com/company/alcons-audio,Alcons Audio,Germany,alconsaudio.com,http://www.alconsaudio.com,"Appliances, Electrical, and Electronics Manufacturing",11-50 employees,,,2002,,,2026-06-02T18:22:42Z,2026-06-02T18:23:21Z
2313,https://www.linkedin.com/company/metz-connect-usa,METZ CONNECT USA,Germany,metz-connect.com,http://www.metz-connect.com,"Appliances, Electrical, and Electronics Manufacturing",11-50 employees,"Tinton Falls, NJ",,1991,,,2026-06-02T18:24:07Z,2026-06-02T18:24:45Z
2314,https://www.linkedin.com/company/absen-europe,Absen Europe,Germany,absen-europe.com,http://www.absen-europe.com,"Appliances, Electrical, and Electronics Manufacturing",11-50 employees,"Mörfelden-Walldorf (Frankfurt am Main), Hessen",,2013,,,2026-06-02T18:25:27Z,2026-06-02T18:26:08Z
2315,https://www.linkedin.com/company/chief-enterprises-inc-,Chief Enterprises LLC,Germany,chiefenterprises.com,https://chiefenterprises.com/,"Appliances, Electrical, and Electronics Manufacturing",11-50 employees,"Elmhurst, Illinois",,1991,,,2026-06-02T18:27:02Z,2026-06-02T18:27:41Z
2316,https://www.linkedin.com/company/oxeltech,Oxeltech,Germany,oxeltech.de,http://www.oxeltech.de,"Appliances, Electrical, and Electronics Manufacturing",11-50 employees,,,2020,,,2026-06-02T18:28:25Z,2026-06-02T18:29:06Z
2317,https://www.linkedin.com/company/rigol-technologies-eu-gmbh,RIGOL Technologies EU GmbH,Germany,rigol.eu,https://www.rigol.eu,"Appliances, Electrical, and Electronics Manufacturing",11-50 employees,"Gilching, Bavaria",,2011,,,2026-06-02T18:29:52Z,2026-06-02T18:30:30Z
2318,https://www.linkedin.com/company/haus_2,HAUS Music+Sound,Germany,hausmusic.com,http://hausmusic.com,Musicians,11-50 employees,"New York, NY",,2010,,,2026-06-02T18:31:17Z,2026-06-02T18:31:58Z
2319,https://www.linkedin.com/company/initiativemusik,Initiative Musik,Germany,initiative-musik.de,https://www.initiative-musik.de/socialmedia/,Musicians,11-50 employees,"Berlin, Berlin",,2007,,,2026-06-02T18:32:39Z,2026-06-02T18:33:20Z
2320,https://www.linkedin.com/company/tracks-and-fields,Tracks & Fields,Germany,tracksandfields.com,http://www.tracksandfields.com/,Musicians,11-50 employees,,,2008,,,2026-06-02T18:34:06Z,2026-06-02T18:34:45Z
2321,https://www.linkedin.com/company/tarisio,Tarisio,Germany,tarisio.com,https://tarisio.com,Musicians,11-50 employees,"New York, NY",,1999,,,2026-06-02T18:35:33Z,2026-06-02T18:36:09Z
2322,https://www.linkedin.com/company/musicmastery,Music Mastery,Germany,musicmastery.com,https://www.musicmastery.com,Musicians,11-50 employees,,,2019,,,2026-06-02T18:36:56Z,2026-06-02T18:37:37Z
2323,https://www.linkedin.com/company/yessian-music,Yessian Music Global,Germany,yessian.com,http://www.yessian.com,Musicians,11-50 employees,"New York, NY",,1971,,,2026-06-02T18:38:16Z,2026-06-02T18:38:55Z
2324,https://www.linkedin.com/company/big-sync-music,Big Sync Music,Germany,bigsync.com,http://bigsync.com,Musicians,11-50 employees,"London, London",,2013,,,2026-06-02T18:39:36Z,2026-06-02T18:40:17Z
2325,https://www.linkedin.com/company/protunes,proTunes,Germany,protunes.com,http://www.protunes.com,Musicians,11-50 employees,"Los Angeles, California",,2013,,,2026-06-02T18:41:04Z,2026-06-02T18:41:45Z
2326,https://www.linkedin.com/company/k7-music,!K7 Music,Germany,k7.com,http://www.k7.com,Musicians,11-50 employees,,,1985,,,2026-06-02T18:42:31Z,2026-06-02T18:43:07Z
2327,https://www.linkedin.com/company/rbx,Reeperbahn Festival,Germany,reeperbahnfestival.com,https://www.reeperbahnfestival.com/en/,Musicians,11-50 employees,"Hamburg, Hamburg",,2006,,,2026-06-02T18:43:55Z,2026-06-02T18:44:35Z
2328,https://www.linkedin.com/company/moeco,Moeco,Germany,moeco.io,http://www.moeco.io,"Transportation, Logistics, Supply Chain and Storage",11-50 employees,"San Francisco, CA",,2017,,,2026-06-02T18:45:27Z,2026-06-02T18:46:09Z
2329,https://www.linkedin.com/company/marlowoffshore,Marlow Offshore,Germany,marlow-offshore.com,https://marlow-offshore.com,Maritime Transportation,11-50 employees,"Hamburg, Hamburg",,,,,2026-06-02T18:46:58Z,2026-06-02T18:47:37Z
2330,https://www.linkedin.com/company/wyatt-aerospace,"Wyatt Aerospace, LLC",Germany,wyattaerospace.com,http://www.wyattaerospace.com/,Airlines and Aviation,11-50 employees,"Chandler, Arizona",,2006,,,2026-06-02T21:19:54Z,2026-06-02T21:20:35Z
2331,https://www.linkedin.com/company/sheevaai,Sheeva.AI,Germany,sheeva.ai,https://www.sheeva.ai,"Transportation, Logistics, Supply Chain and Storage",11-50 employees,"Vienna, Virginia",,2016,,,2026-06-02T21:21:23Z,2026-06-02T21:22:02Z
2332,https://www.linkedin.com/company/beautechaero,BeauTech,Germany,beautech.aero,http://www.beautech.aero,Airlines and Aviation,11-50 employees,"Dallas, Texas",,2011,,,2026-06-02T21:22:54Z,2026-06-02T21:23:36Z
2333,https://www.linkedin.com/company/hafen-hamburg-marketing-e-v-,Port of Hamburg Marketing,Germany,hafen-hamburg.de,https://www.hafen-hamburg.de,Advertising Services,11-50 employees,"Hamburg, Hamburg",,,,,2026-06-02T21:24:33Z,2026-06-02T21:25:16Z
2334,https://www.linkedin.com/company/staralliance,Star Alliance,Germany,staralliance.com,http://www.staralliance.com,Airlines and Aviation,11-50 employees,,,1997,,,2026-06-02T21:26:02Z,2026-06-02T21:26:41Z
2335,https://www.linkedin.com/company/bvloffice,BVL - Bundesvereinigung Logistik,Germany,bvl.de,https://www.bvl.de,"Transportation, Logistics, Supply Chain and Storage",11-50 employees,"Bremen, Bremen",,1978,,,2026-06-02T21:27:23Z,2026-06-02T21:28:05Z
2336,https://www.linkedin.com/company/aviation-event,Aviation-Event,Germany,aviation-event.de,http://www.aviation-event.de/,Airlines and Aviation,11-50 employees,"Darmstadt, Hessen",,,,,2026-06-02T21:28:52Z,2026-06-02T21:29:35Z
2337,https://www.linkedin.com/company/neoxnetworks,NEOX Networks,Germany,neoxnetworks.com,https://neoxnetworks.com,Computer and Network Security,11-50 employees,"Santa Clara, CA",,2013,,,2026-06-02T21:30:22Z,2026-06-02T21:31:02Z
2338,https://www.linkedin.com/company/vxlabs-de,VxLabs,Germany,vxlabs.ai,https://vxlabs.ai,Computer and Network Security,11-50 employees,"Regensburg, Bavaria",,2021,,,2026-06-02T21:31:44Z,2026-06-02T21:32:23Z
2339,https://www.linkedin.com/company/abusix,"Abusix, Inc.",Germany,abusix.com,https://abusix.com/,Computer and Network Security,11-50 employees,"Boston, MA",,2009,,,2026-06-02T21:33:03Z,2026-06-02T21:33:38Z
2340,https://www.linkedin.com/company/shardsecure,ShardSecure,Germany,shardsecure.com,https://shardsecure.com/,Computer and Network Security,11-50 employees,"New York, New York",,2019,,,2026-06-02T21:34:28Z,2026-06-02T21:35:07Z
2341,https://www.linkedin.com/company/apheris,Apheris,Germany,apheris.com,https://www.apheris.com/,Computer and Network Security,51-200 employees,,,2019,,,2026-06-02T21:35:52Z,2026-06-02T21:36:34Z
2342,https://www.linkedin.com/company/bloombase,Bloombase,Germany,bloombase.com,https://www.bloombase.com,Computer and Network Security,11-50 employees,"Redwood City, CA",,2012,,,2026-06-02T21:37:19Z,2026-06-02T21:38:02Z
2343,https://www.linkedin.com/company/saporo-cybersecurity,Saporo,Germany,saporo.io,https://saporo.io,Computer and Network Security,11-50 employees,"Lausanne, Vaud",,2021,,,2026-06-02T21:38:47Z,2026-06-02T21:39:27Z
2344,https://www.linkedin.com/company/svnzenarmor,Zenarmor,Germany,zenarmor.com,https://www.zenarmor.com,Computer and Network Security,11-50 employees,"Cupertino, California",,2017,,,2026-06-02T21:40:18Z,2026-06-02T21:41:00Z
2345,https://www.linkedin.com/company/unosecur,Unosecur,Germany,unosecur.com,https://www.unosecur.com/,Computer and Network Security,11-50 employees,,,2021,,,2026-06-02T21:41:52Z,2026-06-02T21:42:33Z
2346,https://www.linkedin.com/company/quointelligence,QuoIntelligence,Germany,quointelligence.eu,https://www.quointelligence.eu,Computer and Network Security,11-50 employees,"Frankfurt am Main, Hesse",,2020,,,2026-06-02T21:43:23Z,2026-06-02T21:44:03Z
2347,https://www.linkedin.com/company/modivision,MODI Vision,Germany,modivision.net,https://www.modivision.net,Security and Investigations,11-50 employees,"Wiehl, NRW",,2002,,,2026-06-02T21:44:55Z,2026-06-02T21:45:35Z
2348,https://www.linkedin.com/company/desk-sicherheitstechnik,Desk Sicherheit GmbH,Germany,desk-sicherheit.de,http://desk-sicherheit.de,Security Systems Services,11-50 employees,,,2013,,,2026-06-02T21:46:21Z,2026-06-02T21:47:05Z
2349,https://www.linkedin.com/company/safeture,Safeture,Germany,safeture.com,https://www.safeture.com,Security Systems Services,11-50 employees,"Lund, Skåne",,2009,,,2026-06-02T21:47:46Z,2026-06-02T21:48:27Z
2350,https://www.linkedin.com/company/hertie-school-digital-investigation-corps,Hertie School Digital Verification Corps,Germany,citizenevidence.org,https://citizenevidence.org/2019/12/06/the-digital-verification-corps-amnesty-internationals-volunteers-for-the-age-of-social-media/,Security and Investigations,11-50 employees,"Berlin, BE",,2023,,,2026-06-03T09:05:27Z,2026-06-03T09:06:11Z
2351,https://www.linkedin.com/company/sesamsec-gmbh,sesamsec GmbH,Germany,sesamsec.com,https://www.sesamsec.com/int,Security and Investigations,11-50 employees,"Puchheim, Bayern",,1993,,,2026-06-03T09:07:03Z,2026-06-03T09:07:44Z
2352,https://www.linkedin.com/company/i-b-s-international-operative-services,i.b.s. International Operative Services e.K.,Germany,ibs-ops.com,https://www.ibs-ops.com/en,Security and Investigations,11-50 employees,"Sittensen, Lower Saxony",,1996,,,2026-06-03T09:08:28Z,2026-06-03T09:09:05Z
2353,https://www.linkedin.com/company/davantis,DAVANTIS,Germany,davantis.com,http://www.davantis.com,Security and Investigations,11-50 employees,"Bellaterra, Barcelona",,2005,,,2026-06-03T09:09:45Z,2026-06-03T09:10:28Z
2354,https://www.linkedin.com/company/promiseq,promiseQ,Germany,promiseq.com,http://www.promiseq.com,Security Systems Services,11-50 employees,,,2020,,,2026-06-03T09:11:17Z,2026-06-03T09:11:58Z
2355,https://www.linkedin.com/company/teligencia,Teligencia Labs,Germany,teligencia.com,https://www.teligencia.com/,Security Systems Services,11-50 employees,"Düsseldorf, North Rhine-Westphalia",,2020,,,2026-06-03T09:12:38Z,2026-06-03T09:13:19Z
2356,https://www.linkedin.com/company/bdsw-bundesverband-der-sicherheitswirtschaft,BDSW BUNDESVERBAND DER SICHERHEITSWIRTSCHAFT,Germany,bdsw.de,http://www.bdsw.de,Security and Investigations,11-50 employees,,,1904,,,2026-06-03T09:13:58Z,2026-06-03T09:14:40Z
2357,https://www.linkedin.com/company/pv-magazine-espana,pv magazine España,Germany,pv-magazine.es,https://www.pv-magazine.es/,Media Production,11-50 employees,,,,,,2026-06-03T09:15:26Z,2026-06-03T09:16:05Z
2358,https://www.linkedin.com/company/personalwirtschaft,Personalwirtschaft,Germany,personalwirtschaft.de,https://www.personalwirtschaft.de,Media Production,11-50 employees,,,,,,2026-06-03T09:16:48Z,2026-06-03T09:17:27Z
2359,https://www.linkedin.com/company/pv-magazine-deutschland,pv magazine Deutschland,Germany,pv-magazine.de,http://www.pv-magazine.de,Media Production,11-50 employees,,,2008,,,2026-06-03T09:18:19Z,2026-06-03T09:18:59Z
2360,https://www.linkedin.com/company/funk,funk - Content-Netzwerk von ARD und ZDF,Germany,go.funk.net,http://go.funk.net,Media Production,11-50 employees,,,,,,2026-06-03T09:19:34Z,2026-06-03T09:20:11Z
2361,https://www.linkedin.com/company/pv-magazine-australia,pv magazine Australia,Germany,pv-magazine-australia.com,https://www.pv-magazine-australia.com/,Media Production,11-50 employees,"Berlin, Berlin",,,,,2026-06-03T09:20:56Z,2026-06-03T09:21:34Z
2362,https://www.linkedin.com/company/neue-narrative,Neue Narrative,Germany,neuenarrative.de,http://neuenarrative.de,Media Production,11-50 employees,,,2017,,,2026-06-03T09:22:19Z,2026-06-03T09:22:57Z
2363,https://www.linkedin.com/company/personalmagazin,personalmagazin,Germany,personalmagazin.de,http://www.personalmagazin.de,Media Production,11-50 employees,"Freiburg, Baden-Württemberg",,,,,2026-06-03T09:24:05Z,2026-06-03T09:24:46Z
2364,https://www.linkedin.com/company/pv-magazine-india,pv magazine India,Germany,pv-magazine-india.com,https://www.pv-magazine-india.com/,Media Production,11-50 employees,"Berlin, Berlin",,,,,2026-06-03T09:25:36Z,2026-06-03T09:26:16Z
2365,https://www.linkedin.com/company/pv-magazine-france,pv magazine France,Germany,pv-magazine.fr,https://www.pv-magazine.fr/,Media Production,11-50 employees,,,2016,,,2026-06-03T09:26:58Z,2026-06-03T09:27:41Z
2366,https://www.linkedin.com/company/business-punk,Business Punk,Germany,business-punk.com,https://www.business-punk.com/,Media Production,11-50 employees,"München, Bavaria",,,,,2026-06-03T09:28:24Z,2026-06-03T09:29:06Z
2367,https://www.linkedin.com/company/blue-silver,BLUE SILVER GmbH | 3D Animations | TV | VR,Germany,blue-silver.com,http://www.blue-silver.com,Animation and Post-production,11-50 employees,"Ismaning, Bayern",,2000,,,2026-06-03T09:29:49Z,2026-06-03T09:30:25Z
2368,https://www.linkedin.com/company/mimic-productions,Mimic Productions,Germany,mimicproductions.com,http://www.mimicproductions.com,Animation and Post-production,11-50 employees,"Berlin, Brandenburg",,2013,,,2026-06-03T09:31:08Z,2026-06-03T09:31:51Z
2369,https://www.linkedin.com/company/styleframe,Styleframe,Germany,styleframe.de,http://www.styleframe.de,Animation and Post-production,11-50 employees,"Frankfurt, Hessen",,2014,,,2026-06-03T09:32:47Z,2026-06-03T09:33:31Z
2370,https://www.linkedin.com/company/fmx-film-and-media-exchange,FMX - Film & Media Exchange,Germany,fmx.de,http://www.fmx.de,Animation and Post-production,11-50 employees,,,1994,,,2026-06-03T11:24:21Z,2026-06-03T11:24:59Z
2371,https://www.linkedin.com/company/animares,ANIMA RES - 3d medical animation / AR / MR / VR,Germany,animares.com,https://www.animares.com,Animation,11-50 employees,"Bonn, North Rhine-Westphalia",,1997,,,2026-06-03T11:25:46Z,2026-06-03T11:26:28Z
2372,https://www.linkedin.com/company/aixsponza-gmbh,Aixsponza,Germany,aixsponza.com,http://www.aixsponza.com,Animation,11-50 employees,"Munich, Bavaria",,2006,,,2026-06-03T11:27:12Z,2026-06-03T11:27:52Z
2373,https://www.linkedin.com/company/spellwork-pictures,Spellwork,Germany,spellwork.de,http://www.spellwork.de,Animation and Post-production,11-50 employees,,,2014,,,2026-06-03T11:28:45Z,2026-06-03T11:29:21Z
2374,https://www.linkedin.com/company/mondlichtstudios,Mondlicht Studios,Germany,mondlicht-studios.de,http://mondlicht-studios.de/,Animation and Post-production,11-50 employees,"Bad Liebenzell, Baden-Württemberg",,2019,,,2026-06-03T11:30:06Z,2026-06-03T11:30:46Z
2375,https://www.linkedin.com/company/metricminds,metricminds,Germany,metricminds.com,http://www.metricminds.com,Animation,11-50 employees,"Frankfurt am Main, Hessen",,2001,,,2026-06-03T11:31:27Z,2026-06-03T11:32:06Z
2376,https://www.linkedin.com/company/campus-berlin-buch-gmbh,Campus Berlin-Buch GmbH,Germany,campusberlinbuch.de,http://campusberlinbuch.de,Leasing Non-residential Real Estate,11-50 employees,,,1995,,,2026-06-03T11:32:57Z,2026-06-03T11:33:35Z
2377,https://www.linkedin.com/company/the-office-providers,The Office Providers,Germany,theofficeproviders.com,https://www.theofficeproviders.com,Leasing Non-residential Real Estate,11-50 employees,"London, London",,2009,,,2026-06-03T11:34:18Z,2026-06-03T11:35:01Z
2378,https://www.linkedin.com/company/ikad-europe-gmbh,Ikad Europe GmbH,Germany,ikadeurope.de,http://ikadeurope.de,Leasing Non-residential Real Estate,11-50 employees,,,2003,,,2026-06-03T11:35:38Z,2026-06-03T11:36:19Z
2379,https://www.linkedin.com/company/mark51-7,Bochum Perspektive 2022 GmbH,Germany,mark51-7.de,https://www.mark51-7.de,Leasing Non-residential Real Estate,11-50 employees,"Bochum, Nordrhein-Westfalen",,2014,,,2026-06-03T11:37:01Z,2026-06-03T11:37:42Z
2380,https://www.linkedin.com/company/brainergy-park-juelich,Brainergy Park Jülich GmbH,Germany,brainergy-park.de,https://www.brainergy-park.de,Leasing Non-residential Real Estate,11-50 employees,"Jülich, North Rhine-Westphalia",,,,,2026-06-03T11:38:16Z,2026-06-03T11:38:59Z
2381,https://www.linkedin.com/company/germanyssaarland,Germany's Saarland | Invest. Trade. Service.,Germany,germanys.saarland,http://www.germanys.saarland,Leasing Non-residential Real Estate,11-50 employees,"Saarbrücken, Saarland",,1956,,,2026-06-03T11:39:54Z,2026-06-03T11:40:35Z
2382,https://www.linkedin.com/company/technologiezentrumdortmund,Technologiezentrum Dortmund,Germany,tzdo.de,https://www.tzdo.de/,Leasing Non-residential Real Estate,11-50 employees,"Dortmund, Nordrhein-Westfalen",,1985,,,2026-06-03T11:41:23Z,2026-06-03T11:42:03Z
2383,https://www.linkedin.com/company/hillemeyer-immobilien,Hillemeyer Immobilien GmbH,Germany,hillemeyer.de,http://www.hillemeyer.de,Leasing Non-residential Real Estate,11-50 employees,"Lippstadt, Lippstadt",,1998,,,2026-06-03T11:42:59Z,2026-06-03T11:43:40Z
2384,https://www.linkedin.com/company/spacebase,Spacebase,Germany,spacebase.com,http://www.spacebase.com/,Leasing Non-residential Real Estate,11-50 employees,"Berlin, Berlin",,2015,,,2026-06-03T11:44:23Z,2026-06-03T11:45:04Z
2385,https://www.linkedin.com/company/ifdesign,iF Design,Germany,ifdesign.com,https://ifdesign.com/en/,Think Tanks,11-50 employees,,,1953,,,2026-06-03T11:45:49Z,2026-06-03T11:46:31Z
2386,https://www.linkedin.com/company/maschinenraum,Maschinenraum,Germany,maschinenraum.io,http://www.maschinenraum.io,Think Tanks,11-50 employees,"Berlin, Berlin",,2019,,,2026-06-03T11:47:23Z,2026-06-03T11:47:59Z
2387,https://www.linkedin.com/company/global-solutions-initiative,Global Solutions Initiative,Germany,global-solutions-initiative.org,http://www.global-solutions-initiative.org,Think Tanks,11-50 employees,"Berlin, Berlin",,2017,,,2026-06-03T11:48:43Z,2026-06-03T11:49:23Z
2388,https://www.linkedin.com/company/afripoli,APRI Africa Policy Research Institute gGmbH,Germany,afripoli.org,http://www.afripoli.org,Think Tanks,11-50 employees,"Berlin, BE",,2021,,,2026-06-03T11:50:09Z,2026-06-03T11:50:51Z
2389,https://www.linkedin.com/company/agora-verkehrswende,Agora Verkehrswende,Germany,agora-verkehrswende.de,https://www.agora-verkehrswende.de/,Think Tanks,11-50 employees,"Berlin, Berlin",,2016,,,2026-06-03T11:51:43Z,2026-06-03T11:52:23Z
2390,https://www.linkedin.com/company/send-ev,Social Entrepreneurship Netzwerk Deutschland (SEND) e.V.,Germany,send-ev.de,https://www.send-ev.de/,Think Tanks,11-50 employees,"Berlin, Berlin",,2017,,,2026-06-05T08:23:52Z,2026-06-05T08:24:33Z
2391,https://www.linkedin.com/company/purpose-economy,PURPOSE®,Germany,purpose-economy.org,https://purpose-economy.org/en/,Think Tanks,11-50 employees,,,,,,2026-06-05T08:25:20Z,2026-06-05T08:26:09Z
2392,https://www.linkedin.com/company/bnwbundesverband,Bundesverband Nachhaltige Wirtschaft (BNW),Germany,bnw-bundesverband.de,https://www.bnw-bundesverband.de/,Think Tanks,11-50 employees,,,1992,,,2026-06-05T08:27:00Z,2026-06-05T08:27:38Z
2393,https://www.linkedin.com/company/house-of-beautiful-business,House of Beautiful Business,Germany,houseofbeautifulbusiness.com,http://houseofbeautifulbusiness.com,Think Tanks,11-50 employees,,,2017,,,2026-06-05T08:29:21Z,2026-06-05T08:30:07Z
2394,https://www.linkedin.com/company/ijm-deutschland,International Justice Mission Deutschland e.V.,Germany,ijm-deutschland.de,https://ijm-deutschland.de,Philanthropic Fundraising Services,11-50 employees,"Berlin, Berlin",,2009,,,2026-06-05T08:30:43Z,2026-06-05T08:31:25Z
2395,https://www.linkedin.com/company/stiftung-kindergesundheit,Stiftung Kindergesundheit,Germany,kindergesundheit.de,https://www.kindergesundheit.de/,Philanthropy,11-50 employees,"München, Bayern",,1997,,,2026-06-05T08:32:12Z,2026-06-05T08:32:54Z
2396,https://www.linkedin.com/company/vivaconagua,Viva con Agua,Germany,vivaconagua.org,http://www.vivaconagua.org,Philanthropic Fundraising Services,11-50 employees,"Hamburg, HH",,2006,,,2026-06-05T08:33:43Z,2026-06-05T08:34:21Z
2397,https://www.linkedin.com/company/deutsch-t%C3%BCrkische-jugendbr%C3%BCcke,Deutsch-Türkische Jugendbrücke gGmbH,Germany,jugendbruecke.de,https://www.jugendbruecke.de/,Philanthropic Fundraising Services,11-50 employees,"Düsseldorf, North Rhine-Westphalia",,,,,2026-06-05T08:35:17Z,2026-06-05T08:35:57Z
2398,https://www.linkedin.com/company/generation-restoration-ev,Generation Restoration e.V.,Germany,genr.world,https://www.GenR.world,Philanthropic Fundraising Services,11-50 employees,,,2023,,,2026-06-05T08:36:39Z,2026-06-05T08:37:23Z
2399,https://www.linkedin.com/company/zeitstiftungbucerius,ZEIT STIFTUNG BUCERIUS,Germany,zeit-stiftung.de,https://www.zeit-stiftung.de,Philanthropic Fundraising Services,11-50 employees,"Hamburg, Hamburg",,1971,,,2026-06-05T08:38:11Z,2026-06-05T08:38:51Z
2400,https://www.linkedin.com/company/ashoka-deutschland-ggmbh,Ashoka Deutschland gGmbH,Germany,ashoka.org,https://www.ashoka.org/de-de,Philanthropic Fundraising Services,11-50 employees,,,,,,2026-06-05T08:39:49Z,2026-06-05T08:40:29Z
2401,https://www.linkedin.com/company/beisheim-stiftung-deutschland,Beisheim Stiftung Deutschland,Germany,beisheim-stiftung.com,https://www.beisheim-stiftung.com/de/de,Philanthropic Fundraising Services,11-50 employees,"München, Bayern",,,,,2026-06-05T08:41:24Z,2026-06-05T08:42:07Z
2402,https://www.linkedin.com/company/child-foundation,Child Foundation,Germany,childfoundation.org,https://www.childfoundation.org,Philanthropic Fundraising Services,11-50 employees,"Portland, OR",,1994,,,2026-06-05T08:43:02Z,2026-06-05T08:43:43Z
2403,https://www.linkedin.com/company/kewazo,KEWAZO,Germany,kewazo.com,http://www.kewazo.com,Industrial Machinery Manufacturing,11-50 employees,"Houston, Texas",,2018,,,2026-06-05T08:44:28Z,2026-06-05T08:45:06Z
2404,https://www.linkedin.com/company/nccm-global,NCCM COMPANY,Germany,nccmco.com,http://nccmco.com,Industrial Machinery Manufacturing,11-50 employees,"River Falls, Wisconsin",,1987,,,2026-06-05T08:45:53Z,2026-06-05T08:46:31Z
2405,https://www.linkedin.com/company/emo-hannover,EMO Hannover,Germany,emo-hannover.de,https://www.emo-hannover.de,Industrial Machinery Manufacturing,11-50 employees,"Hannover, Niedersachsen",,1975,,,2026-06-05T08:47:18Z,2026-06-05T08:48:00Z
2406,https://www.linkedin.com/company/pelletron-corporation,Pelletron Corporation,Germany,pelletroncorp.com,http://www.pelletroncorp.com,Industrial Machinery Manufacturing,11-50 employees,"Lancaster, PA",,,,,2026-06-05T08:48:41Z,2026-06-05T08:49:21Z
2407,https://www.linkedin.com/company/loesche-america-inc-,Loesche America Inc.,Germany,loescheamerica.com,http://www.loescheamerica.com,Mechanical Or Industrial Engineering,11-50 employees,"Pembroke Pines, FL",,1996,,,2026-06-05T08:50:08Z,2026-06-05T08:50:49Z
2408,https://www.linkedin.com/company/uniluxqualitycontrol,Unilux,Germany,unilux.com,http://www.unilux.com,Mechanical Or Industrial Engineering,11-50 employees,"Saddle Brook, NJ",,1962,,,2026-06-05T08:51:29Z,2026-06-05T08:52:09Z
2409,https://www.linkedin.com/company/smets-technology,Smets Technology GmbH,Germany,smets-technology.com,http://www.smets-technology.com,Mechanical Or Industrial Engineering,11-50 employees,"Hoppegarten, Brandenburg",,2009,,,2026-06-05T08:52:54Z,2026-06-05T08:53:34Z
2410,https://www.linkedin.com/company/one-click-metal,One Click Metal,Germany,oneclickmetal.com,https://oneclickmetal.com/?utm_source=linkedin&utm_medium=organic&utm_campaign=company_page,Industrial Machinery Manufacturing,11-50 employees,"Tamm, Baden-Württemberg",,2019,,,2026-06-05T15:26:45Z,2026-06-05T15:27:30Z
2411,https://www.linkedin.com/company/molabo,MOLABO GmbH,Germany,molabo.com,https://molabo.com,Industrial Machinery Manufacturing,11-50 employees,"Ottobrunn, Bayern",,2016,,,2026-06-05T15:28:19Z,2026-06-05T15:28:58Z
2412,https://www.linkedin.com/company/carbon-mobile,Carbon Mobile,Germany,carbonmobile.com,https://www.carbonmobile.com,Industrial Machinery Manufacturing,11-50 employees,"San Francisco, California",,2019,,,2026-06-05T15:29:40Z,2026-06-05T15:30:50Z
2413,https://www.linkedin.com/company/pexels,Pexels,Germany,pexels.com,www.pexels.com,Photography,11-50 employees,"Berlin, -",,2014,,,2026-06-05T15:31:37Z,2026-06-05T15:32:20Z
2414,https://www.linkedin.com/company/ilford-imaging,ILFORD Imaging,Germany,ilford.com,http://www.ilford.com,Photography,11-50 employees,,,1879,,,2026-06-05T15:33:12Z,2026-06-05T15:33:53Z
2415,https://www.linkedin.com/company/one-hundred-berlin-gmbh,One Hundred Berlin GmbH,Germany,onehundredberlin.com,www.onehundredberlin.com/,Photography,11-50 employees,"Berlin, Deutschland",,2010,,,2026-06-05T15:34:31Z,2026-06-05T15:35:10Z
2416,https://www.linkedin.com/company/cgi-backgrounds,CGI Backgrounds,Germany,cgibackgrounds.com,http://www.cgibackgrounds.com,Photography,11-50 employees,"Troy, Michigan",,2004,,,2026-06-05T15:36:02Z,2026-06-05T15:36:46Z
2417,https://www.linkedin.com/company/gallerystock,GALLERY STOCK,Germany,gallerystock.com,http://www.gallerystock.com,Photography,11-50 employees,"New York, NY",,,,,2026-06-05T15:37:30Z,2026-06-05T15:38:11Z
2418,https://www.linkedin.com/company/hgesch,HGEsch Photography,Germany,hgesch.de,http://www.hgesch.de,Photography,11-50 employees,"Hennef (Stadt Blankenberg), Nordrhein-Westfalen",,1989,,,2026-06-05T15:38:55Z,2026-06-05T15:39:38Z
2419,https://www.linkedin.com/company/laif-agentur-f%C3%BCr-photos-reportagen,laif - Agentur für Photos & Reportagen,Germany,laif.de,https://www.laif.de/,Photography,11-50 employees,"Köln, Nordrhein-Westfalen",,1981,,,2026-06-05T15:40:17Z,2026-06-05T15:41:00Z
2420,https://www.linkedin.com/company/westend61,Westend61 GmbH,Germany,westend61.de,https://www.westend61.de,Photography,11-50 employees,"München, Bayern",,2003,,,2026-06-05T15:41:48Z,2026-06-05T15:42:28Z
2421,https://www.linkedin.com/company/splento,Splento,Germany,splento.com,https://www.splento.com,Photography,11-50 employees,"London, England",,2015,,,2026-06-05T15:43:13Z,2026-06-05T15:43:51Z
2422,https://www.linkedin.com/company/shotview-berlin-photographers-management,SHOTVIEW ARTISTS MANAGEMENT,Germany,shotview.com,http://www.shotview.com,Photography,11-50 employees,"Berlin, Prenzlauerberg",,2001,,,2026-06-05T15:44:43Z,2026-06-05T15:45:25Z
2423,https://www.linkedin.com/company/dgfp-deutsche-gesellschaft-fuer-personalfuehrung,German association for Personnel management (DGFP),Germany,dgfp.de,https://www.dgfp.de/,Human Resources Services,11-50 employees,"Berlin, BE",,1952,,,2026-06-05T15:46:22Z,2026-06-05T15:47:02Z
2424,https://www.linkedin.com/company/doga-hr-global-hr-center,DoğaHR Global HR Center,Germany,dogahr.com,https://dogahr.com/,Human Resources Services,11-50 employees,,,2017,,,2026-06-05T15:47:54Z,2026-06-05T15:48:33Z
2425,https://www.linkedin.com/company/transparent-hiring,Transparent Hiring GmbH,Germany,transparent-hiring.com,https://transparent-hiring.com,Human Resources Services,11-50 employees,"Oberhaching, Bavaria",,2020,,,2026-06-05T15:49:17Z,2026-06-05T15:49:58Z
2426,https://www.linkedin.com/company/insight222,Insight222,Germany,insight222.com,http://www.insight222.com,Human Resources Services,11-50 employees,"London, England",,2017,,,2026-06-05T15:50:54Z,2026-06-05T15:51:39Z
2427,https://www.linkedin.com/company/crescentia-global-talent-solutions,Crescentia Global Talent Solutions,Germany,marlacgroup.com,https://marlacgroup.com/,Human Resources Services,11-50 employees,"Greater Salt Lake City, Utah, Utah Area",,2020,,,2026-06-05T15:52:35Z,2026-06-05T15:53:22Z
2428,https://www.linkedin.com/company/servitalent,Servitalent,Germany,servitalent.com,http://www.servitalent.com,Human Resources Services,11-50 employees,"Madrid, Madrid",,2014,,,2026-06-05T15:54:12Z,2026-06-05T15:54:51Z
2429,https://www.linkedin.com/company/vogel-&-detambel-gbr,Vogel & Detambel,Germany,vogel-detambel.de,http://www.vogel-detambel.de,Human Resources Services,11-50 employees,"Wiesbaden, Hessen",,2000,,,2026-06-05T15:55:38Z,2026-06-05T15:56:15Z
2430,https://www.linkedin.com/company/triplegoal,TripleGoal,Germany,triplegoal.com,https://triplegoal.com/leadership-assessment/leadership-growth-profile/,Human Resources Services,11-50 employees,,,2016,,,2026-06-05T19:24:51Z,2026-06-05T19:25:29Z
2431,https://www.linkedin.com/company/cryptorecruit,CryptoRecruit,Germany,cryptorecruit.com,http://www.cryptorecruit.com,Human Resources Services,11-50 employees,"Sydney, NSW",,2017,,,2026-06-05T19:26:16Z,2026-06-05T19:26:55Z
2432,https://www.linkedin.com/company/robertson-associates,ROBERTSON ASSOCIATES Executive Search,Germany,robertson-associates.com,https://www.robertson-associates.com,Human Resources Services,11-50 employees,,,,,,2026-06-05T19:27:39Z,2026-06-05T19:28:21Z
2433,https://www.linkedin.com/company/likemindedcare,Likeminded,Germany,likeminded.care,http://www.likeminded.care,Mental Health Care,11-50 employees,"Berlin, BE",,,,,2026-06-05T19:29:07Z,2026-06-05T19:29:48Z
2434,https://www.linkedin.com/company/berufsverband-deutscher-psychologinnen-und-psychologen,German Association of Psychologists,Germany,bdp-verband.de,http://www.bdp-verband.de,Mental Health Care,11-50 employees,"Berlin, Berlin",,1946,,,2026-06-05T19:30:41Z,2026-06-05T19:31:18Z
2435,https://www.linkedin.com/company/its-complicated,It's Complicated,Germany,complicated.life,https://www.complicated.life/en,Mental Health Care,11-50 employees,"Berlin, Berlin",,2020,,,2026-06-05T19:32:18Z,2026-06-05T19:32:58Z
2436,https://www.linkedin.com/company/neuronic-devices,Neuronic,Germany,neuronic.online,https://neuronic.online/,Mental Health Care,11-50 employees,,,2021,,,2026-06-05T19:33:44Z,2026-06-05T19:34:23Z
2437,https://www.linkedin.com/company/ovid-clinic-berlin,OVID Clinic Berlin,Germany,ovid-clinics.de,https://ovid-clinics.de,Mental Health Care,11-50 employees,"Berlin, Berlin",,2021,,,2026-06-05T19:35:12Z,2026-06-05T19:35:54Z
2438,https://www.linkedin.com/company/institut-f%C3%BCr-betriebliche-gesundheitsberatung-ifbg-,IFBG,Germany,ifbg.eu,https://www.ifbg.eu,Mental Health Care,11-50 employees,"Konstanz, Baden-Württemberg",,2013,,,2026-06-05T19:36:41Z,2026-06-05T19:37:23Z
2439,https://www.linkedin.com/company/elona-health,Elona Health,Germany,elona.health,https://www.elona.health,Mental Health Care,11-50 employees,"Düsseldorf, North Rhine-Westphalia",,2021,,,2026-06-05T19:38:05Z,2026-06-05T19:38:44Z
2440,https://www.linkedin.com/company/tomoni-mental-health,tomoni mental health,Germany,tomonimentalhealth.org,https://tomonimentalhealth.org/,Mental Health Care,11-50 employees,"Bad Homburg, Hessen",,2022,,,2026-06-05T19:39:31Z,2026-06-05T19:40:09Z
2441,https://www.linkedin.com/company/mental-health-support-solutions,Mental Health Support Solutions (MHSS),Germany,mentalhealth-support.com,www.mentalhealth-support.com,Mental Health Care,11-50 employees,,,2018,,,2026-06-05T19:40:53Z,2026-06-05T19:41:30Z
2442,https://www.linkedin.com/company/hateaid-ggmbh,HateAid,Germany,hateaid.org,https://hateaid.org/,Individual and Family Services,11-50 employees,,,2018,,,2026-06-05T19:42:18Z,2026-06-05T19:43:02Z
2443,https://www.linkedin.com/company/levy-health,LEVY Health,Germany,levy.health,https://www.levy.health,Hospitals and Health Care,11-50 employees,,,2020,,,2026-06-05T19:43:44Z,2026-06-05T19:44:25Z
2444,https://www.linkedin.com/company/vamed,VAMED,Germany,,,Hospitals and Health Care,11-50 employees,,,,,,2026-06-05T19:45:14Z,2026-06-05T19:45:56Z
2445,https://www.linkedin.com/company/veta-health,Veta Health,Germany,myvetahealth.com,http://www.myvetahealth.com,Hospitals and Health Care,11-50 employees,"Miami, FL",,2016,,,2026-06-05T19:46:10Z,2026-06-05T19:46:55Z
2446,https://www.linkedin.com/company/cw1,CW1,Germany,cw1.com,https://www.cw1.com,Hospitals and Health Care,11-50 employees,,,2019,,,2026-06-05T19:47:34Z,2026-06-05T19:48:11Z
2447,https://www.linkedin.com/company/international-liver-transplantation-society,International Liver Transplantation Society,Germany,ilts.org,https://ilts.org/,Medical Practices,11-50 employees,"Fredericksburg, Virgina",,,,,2026-06-05T19:48:55Z,2026-06-05T19:49:35Z
2448,https://www.linkedin.com/company/erler-zimmer,Erler-Zimmer Medical GmbH,Germany,erler-zimmer.de,http://erler-zimmer.de,Hospitals and Health Care,11-50 employees,,,1950,,,2026-06-05T19:50:29Z,2026-06-05T19:51:09Z
2449,https://www.linkedin.com/company/aupairworld,AuPairWorld,Germany,aupairworld.com,https://www.aupairworld.com?utm_source=LinkedIn&utm_medium=social&utm_campaign=AuPairWorld_EN,Individual and Family Services,11-50 employees,"Kassel, Hessen",,1999,,,2026-06-05T19:51:56Z,2026-06-05T19:52:39Z
2450,https://www.linkedin.com/company/montredo,MONTREDO,Germany,montredo.com,https://www.montredo.com,Retail Luxury Goods and Jewelry,11-50 employees,"Berlin, Berlin",,2012,,,2026-06-06T06:26:41Z,2026-06-06T06:27:18Z
2451,https://www.linkedin.com/company/horizn-studios,Horizn Studios,Germany,horizn-studios.com,https://horizn-studios.com,Retail Luxury Goods and Jewelry,11-50 employees,,,2015,,,2026-06-06T06:28:09Z,2026-06-06T06:28:50Z
2452,https://www.linkedin.com/company/merci-maman,Merci Maman,Germany,mercimamanboutique.com,http://www.mercimamanboutique.com,Retail Luxury Goods and Jewelry,11-50 employees,"London, London",,2007,,,2026-06-06T06:29:33Z,2026-06-06T06:30:12Z
2453,https://www.linkedin.com/company/irisvonarnim,IRIS VON ARNIM,Germany,irisvonarnim.com,http://www.irisvonarnim.com,Retail Luxury Goods and Jewelry,11-50 employees,"Hamburg, Deutschland",,1976,,,2026-06-06T06:31:02Z,2026-06-06T06:31:44Z
2454,https://www.linkedin.com/company/bregner-luxury-&-lifestyle,BREGNER Luxury & Lifestyle,Germany,bregner.com,http://www.bregner.com,Retail Luxury Goods and Jewelry,11-50 employees,"Berlin, Deutschland",,2015,,,2026-06-06T06:32:29Z,2026-06-06T06:33:09Z
2455,https://www.linkedin.com/company/paul-wild-gmbh-co-kg,Paul Wild GmbH & Co. KG,Germany,paulwild.com,https://www.paulwild.com/,Luxury Goods & Jewelry,11-50 employees,"Kirschweiler, Rhineland-Palatinate",,1927,,,2026-06-06T06:33:50Z,2026-06-06T06:34:30Z
2456,https://www.linkedin.com/company/saclab,SACLÀB,Germany,saclab.com,http://www.saclab.com,Retail Luxury Goods and Jewelry,11-50 employees,"Munich, Bavaria",,2018,,,2026-06-06T06:35:28Z,2026-06-06T06:36:06Z
2457,https://www.linkedin.com/company/you-mawo-gmbh,YOU MAWO,Germany,youmawo.com,http://www.youmawo.com,Retail Luxury Goods and Jewelry,11-50 employees,"Konstanz, Baden-Württemberg",,,,,2026-06-06T06:37:04Z,2026-06-06T06:37:53Z
2458,https://www.linkedin.com/company/azur-aliance,Azur Aliance,Germany,azurconcierge.com,https://azurconcierge.com,Retail Luxury Goods and Jewelry,11-50 employees,,,2021,,,2026-06-06T06:38:46Z,2026-06-06T06:39:28Z
2459,https://www.linkedin.com/company/baunatgroup,Baunat Group,Germany,baunatgroup.com,https://baunatgroup.com/,Retail Luxury Goods and Jewelry,11-50 employees,"Antwerp, Vlaanderen",,2008,,,2026-06-06T06:40:17Z,2026-06-06T06:40:57Z
2460,https://www.linkedin.com/company/pi-profibus-&-profinet-international-,PROFIBUS & PROFINET International (PI),Germany,profibus.com,http://www.profibus.com,Automation Machinery Manufacturing,11-50 employees,"Karlsruhe, Baden-Württemberg",,1989,,,2026-06-06T06:41:39Z,2026-06-06T06:42:18Z
2461,https://www.linkedin.com/company/cambrianrobotics,Cambrian Robotics,Germany,cambrianrobotics.ai,https://www.cambrianrobotics.ai,Automation Machinery Manufacturing,11-50 employees,"Detroit, Michigan",,,,,2026-06-06T06:43:02Z,2026-06-06T06:43:39Z
2462,https://www.linkedin.com/company/mesago-messe-frankfurt-gmbh,Mesago Messe Frankfurt GmbH,Germany,corporate.mesago.com,https://corporate.mesago.com,Events Services,51-200 employees,"Stuttgart, Baden-Württemberg",,1982,,,2026-06-06T06:44:22Z,2026-06-06T06:45:03Z
2463,https://www.linkedin.com/company/ipr-robotics-llc,IPR Robotics - The Hands and Feet of Robots!,Germany,en.iprworldwide.com,https://en.iprworldwide.com/,Automation Machinery Manufacturing,11-50 employees,"Shelby Township, Michigan",,1989,,,2026-06-06T06:45:42Z,2026-06-06T06:46:23Z
2464,https://www.linkedin.com/company/oliverobotics,Olive Robotics,Germany,olive-robotics.com,https://www.olive-robotics.com,Automation Machinery Manufacturing,11-50 employees,"Ottobrunn, Bavaria",,2022,,,2026-06-06T06:47:06Z,2026-06-06T06:47:44Z
2465,https://www.linkedin.com/company/filics,Filics,Germany,filics.eu,http://www.filics.eu,Automation Machinery Manufacturing,11-50 employees,"Munich, Bavaria",,2019,,,2026-06-06T06:48:35Z,2026-06-06T06:49:19Z
2466,https://www.linkedin.com/company/marsamr,MARS Autonomous Mobile Robots,Germany,mars-amr.com,http://www.mars-amr.com/,Automation Machinery Manufacturing,11-50 employees,"Tyngsborough, Massachusetts",,2017,,,2026-06-06T06:50:02Z,2026-06-06T06:50:44Z
2467,https://www.linkedin.com/company/ferolabs,Fero Labs,Germany,ferolabs.com,https://www.ferolabs.com,Industrial Automation,11-50 employees,,,2016,,,2026-06-06T06:51:30Z,2026-06-06T06:52:17Z
2468,https://www.linkedin.com/company/software-defined-automation,Software Defined Automation,Germany,softwaredefinedautomation.io,http://www.softwaredefinedautomation.io,Industrial Automation,11-50 employees,"Newton, Massachusetts",,,,,2026-06-06T06:53:02Z,2026-06-06T06:53:43Z
2469,https://www.linkedin.com/company/verband-garten-landschafts-und-sportplatzbau-baden-w%C3%BCrttemberg-e-v,"Verband Garten-, Landschafts- und Sportplatzbau Baden-Württemberg e.V.",Germany,galabau-bw.de,https://www.galabau-bw.de/,Horticulture,11-50 employees,"Leinfelden-Echterdingen, Baden-Württemberg",,1975,,,2026-06-06T06:54:33Z,2026-06-06T06:55:14Z
2470,https://www.linkedin.com/company/deutschebundesgartenschaugesellschaft,Deutsche Bundesgartenschau-Gesellschaft,Germany,bundesgartenschau.de,https://www.bundesgartenschau.de/datenschutz/datenschutzerklaerung-linkedin.html,Horticulture,11-50 employees,"Bonn, North Rhine-Westphalia",,1993,,,2026-06-06T19:25:01Z,2026-06-06T19:25:40Z
2471,https://www.linkedin.com/company/zentralverband-gartenbau,Zentralverband Gartenbau,Germany,derdeutschegartenbau.de,www.derdeutschegartenbau.de,Horticulture,11-50 employees,,,1948,,,2026-06-06T19:26:24Z,2026-06-06T19:27:10Z
2472,https://www.linkedin.com/company/marktverband-bremen-gmbh,Marktverband Bremen GmbH,Germany,mvae.com,www.mvae.com,Horticulture,11-50 employees,,,1963,,,2026-06-06T19:27:55Z,2026-06-06T19:28:36Z
2473,https://www.linkedin.com/company/gr%C3%BCtters-gmbh-g%C3%A4rtner-von-eden,Grütters GmbH - Gärtner von Eden,Germany,gruetters-gruen.de,www.gruetters-gruen.de,Horticulture,11-50 employees,"Sonsbeck, North Rhine-Westphalia",,1968,,,2026-06-06T19:29:20Z,2026-06-06T19:30:00Z
2474,https://www.linkedin.com/company/bluegardensag,bluegardens AG,Germany,bluegardens.com,www.bluegardens.com,Horticulture,11-50 employees,"Frechen, NRW",,2024,,,2026-06-06T19:30:47Z,2026-06-06T19:31:28Z
2475,https://www.linkedin.com/company/riedrich-und-dremel-gmbh-garten-landschaftsbau-g%C3%A4rtner-von-eden,Riedrich und Dremel GmbH Garten- & Landschaftsbau Gärtner von Eden,Germany,riedrich-dremel.de,www.riedrich-dremel.de,Horticulture,11-50 employees,"Falkensee, Brandenburg",,2014,,,2026-06-06T19:32:13Z,2026-06-06T19:32:51Z
2476,https://www.linkedin.com/company/park-der-g%C3%A4rten-ggmbh,Park der Gärten gGmbH,Germany,park-der-gaerten.de,https://www.park-der-gaerten.de/,Horticulture,11-50 employees,"Bad Zwischenahn, Lower Saxony",,2002,,,2026-06-06T19:33:32Z,2026-06-06T19:34:14Z
2477,https://www.linkedin.com/company/tollerei,tollerei,Germany,tollerei.com,http://tollerei.com,Horticulture,11-50 employees,,,2019,,,2026-06-06T19:34:52Z,2026-06-06T19:35:35Z
2478,https://www.linkedin.com/company/avema-gmbh,AVEMA,Germany,avema.eu,https://avema.eu/,Horticulture,11-50 employees,,,2021,,,2026-06-06T19:36:20Z,2026-06-06T19:37:02Z
2479,https://www.linkedin.com/company/appwrite,Appwrite,Germany,appwrite.io,https://appwrite.io,"Technology, Information and Internet",11-50 employees,"San Francisco, CA",,2020,,,2026-06-06T19:37:43Z,2026-06-06T19:38:25Z
2480,https://www.linkedin.com/company/convert-com,Convert.com,Germany,convert.com,https://www.convert.com/,Software Development,11-50 employees,"Claymont, Delaware",,2008,,,2026-06-06T19:39:22Z,2026-06-06T19:40:02Z
2481,https://www.linkedin.com/company/eqt-ventures,EQT Ventures & Growth,Germany,eqtventures.com,http://www.eqtventures.com,"Technology, Information and Internet",11-50 employees,"Stockholm, Stockholm County",,,,,2026-06-06T19:40:45Z,2026-06-06T19:41:26Z
2482,https://www.linkedin.com/company/sap-press,SAP PRESS,Germany,sap-press.com,https://www.sap-press.com/,Book and Periodical Publishing,11-50 employees,"Quincy, MA",,2002,,,2026-06-06T19:42:17Z,2026-06-06T19:42:56Z
2483,https://www.linkedin.com/company/tietalent,TieTalent,Germany,tietalent.com,https://tietalent.com/,"Technology, Information and Internet",11-50 employees,"Renens, Vaud",,2017,,,2026-06-06T19:43:43Z,2026-06-06T19:44:24Z
2484,https://www.linkedin.com/company/brand-eins,brand eins,Germany,brandeins.de,http://www.brandeins.de,Book and Periodical Publishing,11-50 employees,"Hamburg, HH",,1999,,,2026-06-06T19:45:08Z,2026-06-06T19:45:48Z
2485,https://www.linkedin.com/company/gr%C3%BCnderszene,Gründerszene,Germany,gruenderszene.de,https://www.gruenderszene.de,Book and Periodical Publishing,11-50 employees,"Berlin, Deutschland",,,,,2026-06-06T19:46:34Z,2026-06-06T19:47:16Z
2486,https://www.linkedin.com/company/zellerfeld-inc,Zellerfeld Shoe Company Inc.,Germany,zellerfeld.com,http://www.zellerfeld.com,Retail Apparel and Fashion,11-50 employees,,,2020,,,2026-06-06T19:48:02Z,2026-06-06T19:48:42Z
2487,https://www.linkedin.com/company/erlich-textil,erlich textil,Germany,erlich-textil.com,https://www.erlich-textil.com,Retail Apparel and Fashion,11-50 employees,"Köln, Deutschland",,2016,,,2026-06-06T19:49:31Z,2026-06-06T19:50:11Z
2488,https://www.linkedin.com/company/global-products,"Global Products, Inc.",Germany,gpii.com,http://www.gpii.com,Retail Apparel and Fashion,11-50 employees,"Earth City, MO",,,,,2026-06-06T19:50:58Z,2026-06-06T19:51:41Z
2489,https://www.linkedin.com/company/circular-fashion,circular.fashion,Germany,circular.fashion,https://circular.fashion,Retail Apparel and Fashion,11-50 employees,"Berlin, BE",,2017,,,2026-06-06T19:52:21Z,2026-06-06T19:52:59Z
2490,https://www.linkedin.com/company/coloro,Coloro,Germany,coloro.com,http://www.coloro.com,Retail Apparel and Fashion,11-50 employees,,,2017,,,2026-06-07T05:08:29Z,2026-06-07T05:09:33Z
2491,https://www.linkedin.com/company/aeyde-gmbh,Aeyde,Germany,aeyde.com,http://www.aeyde.com,Retail Apparel and Fashion,11-50 employees,"Berlin, Berlin",,2015,,,2026-06-07T05:10:19Z,2026-06-07T05:10:57Z
2492,https://www.linkedin.com/company/fashion-icons-ai,Fashion Icons,Germany,fashionicons.io,https://fashionicons.io/,Retail Apparel and Fashion,11-50 employees,"Los Angeles, CA",,2023,,,2026-06-07T05:11:50Z,2026-06-07T05:12:30Z
2493,https://www.linkedin.com/company/love-stories-,Love Stories,Germany,lovestoriesintimates.com,http://www.lovestoriesintimates.com,Retail Apparel and Fashion,11-50 employees,"Amsterdam, North Holland",,2013,,,2026-06-07T05:13:14Z,2026-06-07T05:13:54Z
2494,https://www.linkedin.com/company/anooshasourcing,Anoosha Sourcing Ltd.,Germany,anooshasourcing.com,https://anooshasourcing.com/,Retail Apparel and Fashion,11-50 employees,,,2020,,,2026-06-07T05:14:35Z,2026-06-07T05:15:16Z
2495,https://www.linkedin.com/company/karokauerlabel,Karo Kauer Label GmbH,Germany,karokauer.com,http://www.karokauer.com,Retail Apparel and Fashion,11-50 employees,"Eislingen/Fils, Baden-Württemberg",,,,,2026-06-07T05:16:30Z,2026-06-07T05:17:11Z
2496,https://www.linkedin.com/company/tophotelprojects-gmbh,THP - TOPHOTELPROJECTS,Germany,tophotelprojects.com,http://www.tophotelprojects.com,Information Services,11-50 employees,"Rotenburg, Lower Saxony",,2004,,,2026-06-07T05:17:52Z,2026-06-07T05:18:30Z
2497,https://www.linkedin.com/company/manakyinc,Manaky,Germany,manaky.com,http://www.manaky.com,Hospitality,11-50 employees,"Seattle, Washington",,,,,2026-06-07T05:19:13Z,2026-06-07T05:19:54Z
2498,https://www.linkedin.com/company/s-f-gruppe,S&F-Gruppe,Germany,sundf-gruppe.de,http://www.sundf-gruppe.de,Food and Beverage Services,11-50 employees,"Pfaffenhofen an der Ilm, Bayern",,1999,,,2026-06-07T05:20:42Z,2026-06-07T05:21:21Z
2499,https://www.linkedin.com/company/hvs-executive-search,HVS Executive Search,Germany,hvs.com,http://www.hvs.com/Services/Executive-Search,Hospitality,11-50 employees,,,1992,,,2026-06-07T05:22:13Z,2026-06-07T05:22:52Z
2500,https://www.linkedin.com/company/vlyfoods,vly,Germany,vlyfoods.com,http://www.vlyfoods.com,Food and Beverage Services,11-50 employees,,,2018,,,2026-06-07T05:23:38Z,2026-06-07T05:24:20Z
2501,https://www.linkedin.com/company/lebensmittelverband,Food Federation Germany,Germany,lebensmittelverband.de,http://www.lebensmittelverband.de/,Food and Beverage Services,11-50 employees,,,1955,,,2026-06-07T05:25:14Z,2026-06-07T05:25:51Z
2502,https://www.linkedin.com/company/hotelverband-deutschland-iha-,Hotelverband Deutschland (IHA),Germany,hotellerie.de,https://www.hotellerie.de,Hospitality,11-50 employees,"Berlin, Berlin",,1992,,,2026-06-07T05:26:44Z,2026-06-07T05:27:24Z
2503,https://www.linkedin.com/company/dertour-hotels-resorts,DERTOUR Hotels & Resorts,Germany,dertour-hotels.com,https://www.dertour-hotels.com/en/home/,Hospitality,11-50 employees,,,1989,,,2026-06-07T05:28:05Z,2026-06-07T05:28:41Z
2504,https://www.linkedin.com/company/villa-viva-haus,VILLA VIVA,Germany,villaviva-hamburg.de,https://www.villaviva-hamburg.de,Hospitality,11-50 employees,"Hamburg, HH",,2021,,,2026-06-07T05:29:27Z,2026-06-07T05:30:08Z
2505,https://www.linkedin.com/company/dehoga-bundesverband,DEHOGA Bundesverband,Germany,dehoga-bundesverband.de,http://www.dehoga-bundesverband.de/,Hospitality,11-50 employees,"Berlin, Berlin",,1949,,,2026-06-07T05:30:49Z,2026-06-07T05:31:28Z
2506,https://www.linkedin.com/company/karmakollektiv,KarmaKollektiv,Germany,karmakollektiv.berlin,https://karmakollektiv.berlin/,Retail Groceries,11-50 employees,"Berlin, Berlin",,2018,,,2026-06-07T05:32:15Z,2026-06-07T05:32:51Z
2507,https://www.linkedin.com/company/heimatgut-gmbh,Heimatgut,Germany,heimatgut.com,https://heimatgut.com/,Retail Groceries,11-50 employees,,,,,,2026-06-07T05:33:40Z,2026-06-07T05:34:17Z
2508,https://www.linkedin.com/company/elorigenfood,el origen,Germany,elorigenfood.com,http://www.elorigenfood.com,Retail Groceries,11-50 employees,,,2020,,,2026-06-07T05:35:05Z,2026-06-07T05:35:43Z
2509,https://www.linkedin.com/company/linisbites,Lini's Bites,Germany,linisbites.com,https://linisbites.com,Retail Groceries,11-50 employees,"München, Bayern",,2019,,,2026-06-07T05:36:21Z,2026-06-07T05:36:59Z
2510,https://www.linkedin.com/company/tantem,Tante-M,Germany,tante-m.shop,http://www.tante-m.shop,Retail Groceries,11-50 employees,"Bad Urach-Hengen, Baden-Württemberg",,2019,,,2026-06-07T05:44:27Z,2026-06-07T05:45:04Z
2511,https://www.linkedin.com/company/hallonabio,Nabio,Germany,nabio.de,http://www.nabio.de,Retail Groceries,11-50 employees,"Berlin, Berlin",,,,,2026-06-07T05:45:55Z,2026-06-07T05:46:33Z
2512,https://www.linkedin.com/company/bettercakez,BETTER CAKEZ,Germany,bettercakez.com,www.bettercakez.com,Retail Groceries,11-50 employees,,,,,,2026-06-07T05:47:14Z,2026-06-07T05:47:56Z
2513,https://www.linkedin.com/company/cookiebrospartnersgmbh,Cookie Bros. Partners GmbH,Germany,cookiebros.de,https://cookiebros.de,Retail Groceries,11-50 employees,"Köln, NRW",,2018,,,2026-06-07T05:48:37Z,2026-06-07T05:49:14Z
2514,https://www.linkedin.com/company/ooha-impact-food-agency,ooha | retail sales & distribution company,Germany,ooha-food.de,http://www.ooha-food.de,Retail Groceries,11-50 employees,,,2022,,,2026-06-07T05:49:56Z,2026-06-07T05:50:35Z
2515,https://www.linkedin.com/company/the-nu-company-gmbh,nucao,Germany,nucao.de,https://www.nucao.de,Retail Groceries,11-50 employees,"Leipzig, Sachsen",,2016,,,2026-06-07T05:51:25Z,2026-06-07T05:52:03Z
2516,https://www.linkedin.com/company/knecht-gmbh-teppichreinigung,"Knecht GmbH, Teppichreinigung",Germany,knecht-gmbh.ch,http://www.knecht-gmbh.ch/de/Startseite.html,Laundry and Drycleaning Services,11-50 employees,"Gais, Appenzell-Ausserrhoden",,,,,2026-06-07T05:52:55Z,2026-06-07T05:53:36Z
2517,https://www.linkedin.com/company/hitztextilien,Johann Hitz GmbH,Germany,hitz-textilien.de,https://hitz-textilien.de,Laundry and Drycleaning Services,11-50 employees,"Fürth, Bavaria",,1919,,,2026-06-07T05:54:20Z,2026-06-07T05:55:01Z
2518,https://www.linkedin.com/company/liebtex,Textilservice Liebhardt GmbH & Co.KG,Germany,miettextilien.de,https://www.miettextilien.de,Laundry and Drycleaning Services,11-50 employees,"Biberach, Baden-Württemberg",,,,,2026-06-07T05:55:47Z,2026-06-07T05:56:24Z
2519,https://www.linkedin.com/company/w%C3%A4scherei-konopka-gmbh,Wäscherei Konopka GmbH,Germany,waescherei-konopka.de,https://waescherei-konopka.de,Laundry and Drycleaning Services,11-50 employees,"Rotenburg, Hessen",,,,,2026-06-07T05:57:05Z,2026-06-07T05:57:44Z
2520,https://www.linkedin.com/company/ts-sauber-gebaudereinigung,TS - Sauber Gebäudereinigung GmbH,Germany,ts-sauber.eu,http://www.ts-sauber.eu,Laundry and Drycleaning Services,11-50 employees,"Oberreichenbach , Baden-Württemberg",,2007,,,2026-06-07T05:58:21Z,2026-06-07T05:59:00Z
2521,https://www.linkedin.com/company/duvatex-gmbh,DuVaTex GmbH,Germany,duvatex.de,https://www.duvatex.de/,Laundry and Drycleaning Services,11-50 employees,"Merenberg, Hesse",,2011,,,2026-06-07T05:59:41Z,2026-06-07T06:00:18Z
2522,https://www.linkedin.com/company/mwtex,mwtex GmbH,Germany,mwtex.de,http://www.mwtex.de,Laundry and Drycleaning Services,11-50 employees,"Borken, Nordrhein-Westfalen",,,,,2026-06-07T06:01:05Z,2026-06-07T06:01:46Z
2523,https://www.linkedin.com/company/textilreinigung-eckhardt-gmbh,Textilreinigung Eckhardt GmbH,Germany,textilreinigung-eckhardt.de,https://textilreinigung-eckhardt.de/,Laundry and Drycleaning Services,11-50 employees,,,1876,,,2026-06-07T06:02:36Z,2026-06-07T06:03:18Z
2524,https://www.linkedin.com/company/p-g-service,P&G Service,Germany,pgsvc.de,www.pgsvc.de,Laundry and Drycleaning Services,11-50 employees,,,2022,,,2026-06-07T06:03:58Z,2026-06-07T06:04:37Z
2525,https://www.linkedin.com/company/inn-tex-textilservice-gmbh,INN-TEX Textilservice GmbH,Germany,inn-tex.de,http://inn-tex.de,Laundry and Drycleaning Services,11-50 employees,,,,,,2026-06-07T06:05:16Z,2026-06-07T06:05:57Z
2526,https://www.linkedin.com/company/e2ps,E2PS,Germany,e2ps.com,https://www.e2ps.com,Food & Beverages,11-50 employees,"Cologne, North Rhein Westfalia",,2001,,,2026-06-07T06:06:39Z,2026-06-07T06:07:22Z
2527,https://www.linkedin.com/company/3bears,3Bears Foods GmbH,Germany,3bears.de,https://www.3bears.de,Food & Beverages,11-50 employees,"Munich, Bavaria",,2016,,,2026-06-07T06:08:01Z,2026-06-07T06:08:42Z
2528,https://www.linkedin.com/company/ph-ltd,KA-EX®,Germany,ka-ex.com,http://www.ka-ex.com,Food and Beverage Manufacturing,11-50 employees,"Zürich, Zürich",,2016,,,2026-06-07T06:09:34Z,2026-06-07T06:10:16Z
2529,https://www.linkedin.com/company/alprotein,AlProtein,Germany,,,Food and Beverage Manufacturing,11-50 employees,"Munich, Bavaria",,2023,,,2026-06-07T06:11:04Z,2026-06-07T06:11:44Z
2530,https://www.linkedin.com/company/kyr%C3%B6-distillery-company,Kyrö Distillery Company - Global,Germany,kyrodistillery.com,http://www.kyrodistillery.com,Beverage Manufacturing,11-50 employees,"Cologne, North Rhine-Westphalia",,2012,,,2026-06-07T06:28:25Z,2026-06-07T06:29:06Z
2531,https://www.linkedin.com/company/convinide,Convini Deutschland,Germany,convini.de,http://www.convini.de,Food & Beverages,11-50 employees,"Berlin, Berlin",,2018,,,2026-06-07T06:29:53Z,2026-06-07T06:30:34Z
2532,https://www.linkedin.com/company/rexus-international,REXUS International,Germany,rexus-international.com,http://www.rexus-international.com,Food and Beverage Manufacturing,11-50 employees,,,,,,2026-06-07T06:31:19Z,2026-06-07T06:31:55Z
2533,https://www.linkedin.com/company/truefruits,true fruits,Germany,true-fruits.com,https://true-fruits.com/,Food & Beverages,11-50 employees,"Bonn, Nordrhein-Westfalen",,2006,,,2026-06-07T06:32:38Z,2026-06-07T06:33:17Z
2534,https://www.linkedin.com/company/urban-chestnut-brewing-co,Urban Chestnut Brewing Co,Germany,urbanchestnut.com,http://www.urbanchestnut.com,Beverage Manufacturing,11-50 employees,"St. Louis, MO",,2011,,,2026-06-07T06:34:06Z,2026-06-07T06:35:00Z
2535,https://www.linkedin.com/company/mack-brands-gmbh,Mack Brands GmbH,Germany,mack-brands.com,www.mack-brands.com,Beverage Manufacturing,11-50 employees,,,2023,,,2026-06-07T06:35:56Z,2026-06-07T06:36:37Z
2536,https://www.linkedin.com/company/discountretailconsulting,DRC Discount Retail Consulting GmbH,Germany,discountretailconsulting.com,https://www.discountretailconsulting.com,Retail,11-50 employees,"Heinsberg, Düsseldorf area, NRW",,2019,,,2026-06-07T06:37:29Z,2026-06-07T06:38:08Z
2537,https://www.linkedin.com/company/hoellegames,Hölle Games ®,Germany,hölle.games,http://hölle.games,Gambling Facilities and Casinos,11-50 employees,,,2020,,,2026-06-07T06:38:57Z,2026-06-07T06:39:33Z
2538,https://www.linkedin.com/company/german-casino-events,"German Casino Events - Mobile Spielbank (Roulette, BlackJack, Poker mieten)",Germany,linkedin.com,https://www.linkedin.com/redir/general-malware-page?url=https%3A%2F%2Fwww%2egermancasinoevents%2ecom%2F,Gambling Facilities and Casinos,11-50 employees,"Osnabrück, Niedersachsen",,2014,,,2026-06-07T06:40:22Z,2026-06-07T06:41:04Z
2539,https://www.linkedin.com/company/casinoplusbonus,Online Casino News,Germany,casinoplusbonus.com,https://casinoplusbonus.com,Gambling Facilities and Casinos,11-50 employees,"Berlin, Berlin",,2017,,,2026-06-07T06:41:52Z,2026-06-07T06:42:33Z
2540,https://www.linkedin.com/company/coins-game,Coins.game,Germany,coins.game,https://coins.game,Gambling Facilities and Casinos,11-50 employees,,,,,,2026-06-07T06:43:17Z,2026-06-07T06:43:57Z
2541,https://www.linkedin.com/company/apparatgaming,Apparat,Germany,apparatgaming.com,http://www.apparatgaming.com,Gambling Facilities and Casinos,11-50 employees,,,2020,,,2026-06-07T06:44:41Z,2026-06-07T06:45:21Z
2542,https://www.linkedin.com/company/merkur-esolutions-malta-ltd,Merkur eSolutions,Germany,merkur-esolutions.mt,https://www.merkur-esolutions.mt/,Gambling Facilities and Casinos,11-50 employees,,,,,,2026-06-07T06:46:03Z,2026-06-07T06:46:45Z
2543,https://www.linkedin.com/company/games-business-automaten-und-gastronomie,"games & business, Spielhalle und Gastro",Germany,gamesundbusiness.de,https://www.gamesundbusiness.de/home/,Gambling Facilities and Casinos,11-50 employees,"Mainz, Rheinland-Pfalz",,,,,2026-06-07T06:47:26Z,2026-06-07T06:48:07Z
2544,https://www.linkedin.com/company/hey-sok,Sok Studio,Germany,sok.studio,https://sok.studio,Gambling Facilities and Casinos,11-50 employees,,,2023,,,2026-06-07T06:48:47Z,2026-06-07T06:49:27Z
2545,https://www.linkedin.com/company/eventus-international-ltd-,Eventus International,Germany,eventus-international.com,http://www.eventus-international.com,Events Services,11-50 employees,"Central, Hong Kong",,2010,,,2026-06-07T06:50:07Z,2026-06-07T06:50:54Z
2546,https://www.linkedin.com/company/acme-portable-machines,Acme Portable Machines,Germany,acmeportable.com,http://www.acmeportable.com,Computer Hardware Manufacturing,11-50 employees,"Azusa, ca",,1994,,,2026-06-07T06:51:34Z,2026-06-07T06:52:13Z
2547,https://www.linkedin.com/company/qudora,QUDORA Technologies,Germany,qudora.com,https://www.qudora.com,Computer Hardware Manufacturing,11-50 employees,"Brunswick, Lower Saxony",,2021,,,2026-06-07T06:52:59Z,2026-06-07T06:53:38Z
2548,https://www.linkedin.com/company/trojanlabel,TrojanLabel,Germany,trojanlabel.com,http://www.trojanlabel.com,Computer Hardware Manufacturing,11-50 employees,"West Warwick, Rhode Island",,,,,2026-06-07T06:54:24Z,2026-06-07T06:54:59Z
2549,https://www.linkedin.com/company/worldline-healthcare,Worldline Healthcare GmbH,Germany,de.worldline.com,https://de.worldline.com/de/home/solutions/healthcare.html,Computer Hardware Manufacturing,11-50 employees,"Flintbek, Schleswig-Holstein",,1993,,,2026-06-07T06:55:43Z,2026-06-07T06:56:24Z
2550,https://www.linkedin.com/company/sixfab,Sixfab,Germany,sixfab.com,https://sixfab.com,Computer Hardware Manufacturing,11-50 employees,"Allen, Texas",,2016,,,2026-06-07T11:32:32Z,2026-06-07T11:33:14Z
2551,https://www.linkedin.com/company/dataram,Dataram,Germany,dataram.com,https://www.dataram.com,Computer Hardware Manufacturing,11-50 employees,"West Palm Beach, Florida",,1967,,,2026-06-07T11:34:02Z,2026-06-07T11:34:40Z
2552,https://www.linkedin.com/company/vr-expert,VR Expert,Germany,vr-expert.com,https://vr-expert.com,Computer Hardware Manufacturing,11-50 employees,"Utrecht, Utrecht",,2012,,,2026-06-07T11:35:21Z,2026-06-07T11:36:00Z
2553,https://www.linkedin.com/company/spinncloud,SpiNNcloud,Germany,spinncloud.com,https://spinncloud.com/,Computer Hardware Manufacturing,11-50 employees,"Dresden, Sachsen",,2021,,,2026-06-07T11:36:50Z,2026-06-07T11:37:31Z
2554,https://www.linkedin.com/company/quix-quantum,QuiX Quantum,Germany,quixquantum.com,http://www.quixquantum.com,Computer Hardware Manufacturing,11-50 employees,"Enschede, Overijssel",,2019,,,2026-06-07T11:38:24Z,2026-06-07T11:39:05Z
2555,https://www.linkedin.com/company/melting-travel,Melting Travel,Germany,loving-travel.de,http://www.loving-travel.de,"Leisure, Travel & Tourism",11-50 employees,"New York, New York",,2013,,,2026-06-07T11:39:56Z,2026-06-07T11:40:35Z
2556,https://www.linkedin.com/company/deutscher-tourismusverband-e-v-dtv-,Deutscher Tourismusverband (DTV),Germany,deutschertourismusverband.de,http://www.deutschertourismusverband.de/pflichtangaben,"Leisure, Travel & Tourism",11-50 employees,"Berlin, Berlin",,1902,,,2026-06-07T11:41:17Z,2026-06-07T11:41:57Z
2557,https://www.linkedin.com/company/southamerica-travel,SouthAmerica.travel - 4★ & 5★ Custom Tours,Germany,southamerica.travel,https://www.SouthAmerica.travel,Travel Arrangements,11-50 employees,"Seattle, WA",,1999,,,2026-06-07T11:42:42Z,2026-06-07T11:43:20Z
2558,https://www.linkedin.com/company/joinmytrip1,JoinMyTrip,Germany,joinmytrip.com,https://www.joinmytrip.com,Travel Arrangements,11-50 employees,"Cologne, North Rhine-Westphalia",,2017,,,2026-06-07T11:44:04Z,2026-06-07T11:44:48Z
2559,https://www.linkedin.com/company/tourismus-nrw,Tourismus NRW e.V.,Germany,tourismusverband.nrw,https://tourismusverband.nrw/,Travel Arrangements,11-50 employees,"Düsseldorf, Nordrhein-Westfalen",,1997,,,2026-06-07T11:45:32Z,2026-06-07T11:46:17Z
2560,https://www.linkedin.com/company/lufthansa-city-center-international-gmbh,Lufthansa City Center,Germany,lufthansa-city-center.com,http://www.lufthansa-city-center.com/en,Travel Arrangements,11-50 employees,"Frankfurt, Hessen",,1991,,,2026-06-07T11:47:07Z,2026-06-07T11:47:47Z
2561,https://www.linkedin.com/company/greatwinecapitals,Great Wine Capitals,Germany,greatwinecapitals.com,http://www.greatwinecapitals.com/,Travel Arrangements,11-50 employees,"Bordeaux, Nouvelle Aquitaine",,,,,2026-06-07T11:48:32Z,2026-06-07T11:49:12Z
2562,https://www.linkedin.com/company/itb-china,ITB China,Germany,itb-china.com,http://itb-china.com,"Leisure, Travel & Tourism",11-50 employees,"Shanghai, Shanghai",,2015,,,2026-06-07T11:50:07Z,2026-06-07T11:51:13Z
2563,https://www.linkedin.com/company/rauslife,Raus,Germany,raus.life,https://www.raus.life/,"Leisure, Travel & Tourism",11-50 employees,,,2021,,,2026-06-07T11:51:56Z,2026-06-07T11:52:35Z
2564,https://www.linkedin.com/company/schwarzwald-tourismus-gmbh,Schwarzwald Tourismus GmbH,Germany,schwarzwald-tourismus.info,http://www.schwarzwald-tourismus.info,Travel Arrangements,11-50 employees,"Freiburg im Breisgau, Baden-Württemberg",,2006,,,2026-06-07T11:53:24Z,2026-06-07T11:54:03Z
2565,https://www.linkedin.com/company/loop-luxury-fair,Loop Luxury Fair,Germany,loop-luxury-fair.com,http://www.loop-luxury-fair.com/,Hospitality,11-50 employees,"Offenbach, Hessen",,2013,,,2026-06-07T11:54:51Z,2026-06-07T11:55:27Z
2566,https://www.linkedin.com/company/lobster-experience,Lobster Experience GmbH,Germany,lobster-experience.com,http://lobster-experience.com,Hospitality,11-50 employees,,,2007,,,2026-06-07T11:56:11Z,2026-06-07T11:56:52Z
2567,https://www.linkedin.com/company/livecookintable,livecookintable®,Germany,livecookintable.com,https://www.livecookintable.com/,Hospitality,11-50 employees,"Eltville, Hesse",,2008,,,2026-06-07T11:58:19Z,2026-06-07T11:58:57Z
2568,https://www.linkedin.com/company/cyber-insight-de,Cyber Insight,Germany,cyber-insight.de,https://www.cyber-insight.de,Data Security Software Products,11-50 employees,"Leipzig, Saxony",,2022,,,2026-06-07T11:59:46Z,2026-06-07T12:00:25Z
2569,https://www.linkedin.com/company/ory-corp,Ory Corp,Germany,ory.com,https://www.ory.com,Data Security Software Products,11-50 employees,"Scottsdale, Arizona",,2019,,,2026-06-07T12:01:10Z,2026-06-07T12:01:49Z
2570,https://www.linkedin.com/company/spherity,Spherity,Germany,spherity.com,http://www.spherity.com,Data Security Software Products,11-50 employees,"Dortmund, Nordrhein-Westfalen",,2017,,,2026-06-07T12:08:51Z,2026-06-07T12:09:31Z
2571,https://www.linkedin.com/company/sitaas-gmbh_2,sitaas GmbH,Germany,sitaas.de,http://www.sitaas.de,IT Services and IT Consulting,11-50 employees,,,2009,,,2026-06-07T12:10:27Z,2026-06-07T12:11:06Z
2572,https://www.linkedin.com/company/broadsource-australia-pty-ltd,BroadSource,Germany,broadsource.com.au,https://www.broadsource.com.au,Data Security Software Products,11-50 employees,"Docklands, Victoria",,2013,,,2026-06-07T12:11:57Z,2026-06-07T12:12:39Z
2573,https://www.linkedin.com/company/contechnet,CONTECHNET Deutschland GmbH,Germany,contechnet.de,http://www.contechnet.de,Data Security Software Products,11-50 employees,"Pattensen, Niedersachsen",,2007,,,2026-06-07T12:13:22Z,2026-06-07T12:14:00Z
2574,https://www.linkedin.com/company/idee-gmbh,AuthN by IDEE,Germany,getidee.com,http://www.getidee.com,Data Security Software Products,11-50 employees,"Munich, Bavaria",,2015,,,2026-06-07T12:14:47Z,2026-06-07T12:15:25Z
2575,https://www.linkedin.com/company/teamwire,Teamwire,Germany,teamwire.eu,https://teamwire.eu/,Data Security Software Products,11-50 employees,,,2010,,,2026-06-07T12:16:18Z,2026-06-07T12:16:59Z
2576,https://www.linkedin.com/company/revel8ai,revel8,Germany,revel8.ai,https://www.revel8.ai/,Data Security Software Products,11-50 employees,"Munich, Bavaria",,2023,,,2026-06-07T12:18:01Z,2026-06-07T12:18:43Z
2577,https://www.linkedin.com/company/eugen-block-holding-gmbh,Block Gruppe,Germany,block-gruppe.de,http://www.block-gruppe.de,Restaurants,11-50 employees,,,,,,2026-06-07T12:19:43Z,2026-06-07T12:20:22Z
2578,https://www.linkedin.com/company/a-casa-mia,A Casa Mia,Germany,,,Restaurants,11-50 employees,"Rheinfelden, Rheinfelden (Baden)",,,,,2026-06-07T12:21:08Z,2026-06-07T12:21:48Z
2579,https://www.linkedin.com/company/rabowls,råbowls®,Germany,rabowls.com,http://www.rabowls.com,Restaurants,11-50 employees,"Hamburg, HH",,2023,,,2026-06-07T12:22:04Z,2026-06-07T12:22:43Z
2580,https://www.linkedin.com/company/k&p-consulting-gmbh,K&P Consulting & Planung,Germany,kup-consult.de,http://www.kup-consult.de,Hospitality,11-50 employees,,,1985,,,2026-06-07T12:23:27Z,2026-06-07T12:24:06Z
2581,https://www.linkedin.com/company/tamtam-hamburg,TamTam,Germany,tamtam.hamburg,https://tamtam.hamburg,Restaurants,11-50 employees,,,2025,,,2026-06-07T12:24:51Z,2026-06-07T12:25:30Z
2582,https://www.linkedin.com/company/hato-duesseldorf,HATO Düsseldorf,Germany,hato-restaurants.com,https://hato-restaurants.com/duesseldorf/,Restaurants,11-50 employees,"Düsseldorf, North Rhine-Westphalia",,2023,,,2026-06-07T12:26:08Z,2026-06-07T12:26:48Z
2583,https://www.linkedin.com/company/business-club-hamburg,Business Club Hamburg,Germany,bch.de,http://www.bch.de,Restaurants,11-50 employees,,,2008,,,2026-06-07T12:27:35Z,2026-06-07T12:28:14Z
2584,https://www.linkedin.com/company/knees-to-chin,Knees to chin,Germany,kneestochin.com,http://kneestochin.com,Restaurants,11-50 employees,,,,,,2026-06-07T12:29:03Z,2026-06-07T12:29:44Z
2585,https://www.linkedin.com/company/eatrenalin,Eatrenalin,Germany,eatrenalin.de,https://www.eatrenalin.de/en/legal-notice,Restaurants,11-50 employees,"Rust, Baden-Württemberg",,2022,,,2026-06-07T12:30:26Z,2026-06-07T12:31:06Z
2586,https://www.linkedin.com/company/pizza-factory,Pizza Factory,Germany,pizzafactory.rs,http://www.pizzafactory.rs,Restaurants,11-50 employees,"Kragujevac, Centralna Srbija",,2017,,,2026-06-07T12:31:49Z,2026-06-07T12:32:26Z
2587,https://www.linkedin.com/company/deutschesporthilfe,Sporthilfe,Germany,sporthilfe.de,http://www.sporthilfe.de,Spectator Sports,11-50 employees,"Frankfurt am Main, Hessen",,1967,,,2026-06-07T12:33:08Z,2026-06-07T12:33:47Z
2588,https://www.linkedin.com/company/volleyball-bundesliga,Volleyball Bundesliga,Germany,volleyball-bundesliga.de,http://www.volleyball-bundesliga.de,Spectator Sports,11-50 employees,"Berlin, BE",,2014,,,2026-06-07T12:34:31Z,2026-06-07T12:35:11Z
2589,https://www.linkedin.com/company/worldrally,FIA World Rally Championship (WRC),Germany,wrc.com,http://www.wrc.com,Spectator Sports,11-50 employees,"Munich, Bavaria",,2013,,,2026-06-07T12:35:54Z,2026-06-07T12:36:32Z
2590,https://www.linkedin.com/company/common-goal-org,Common Goal,Germany,common-goal.org,https://www.common-goal.org/,Spectator Sports,11-50 employees,,,2017,,,2026-06-08T09:37:58Z,2026-06-08T09:38:36Z
2591,https://www.linkedin.com/company/handball-bundesliga,Handball-Bundesliga GmbH,Germany,daikin-hbl.de,https://www.daikin-hbl.de,Spectator Sports,11-50 employees,"Köln, Nordrhein-Westfalen",,2004,,,2026-06-08T09:39:28Z,2026-06-08T09:40:06Z
2592,https://www.linkedin.com/company/roguegg,Rogue,Germany,rogue.gg,http://www.rogue.gg,Spectator Sports,11-50 employees,,,2016,,,2026-06-08T09:40:49Z,2026-06-08T09:41:30Z
2593,https://www.linkedin.com/company/deutsche-sport-marketing,Deutsche Sport Marketing,Germany,dsm-olympia.de,http://www.dsm-olympia.de,Spectator Sports,11-50 employees,"Frankfurt am Main, Hessen",,1986,,,2026-06-08T09:42:21Z,2026-06-08T09:43:03Z
2594,https://www.linkedin.com/company/team-malizia,TEAM MALIZIA,Germany,team-malizia.com,https://team-malizia.com/,Spectator Sports,11-50 employees,,,,,,2026-06-08T09:43:53Z,2026-06-08T09:44:32Z
2595,https://www.linkedin.com/company/tonsser,Tonsser,Germany,tonsser.com,http://www.tonsser.com,Spectator Sports,11-50 employees,,,2014,,,2026-06-08T09:45:20Z,2026-06-08T09:45:58Z
2596,https://www.linkedin.com/company/spobis-gmbh,SPOBIS,Germany,spobis.com,http://www.spobis.com,Spectator Sports,11-50 employees,,,1996,,,2026-06-08T09:46:43Z,2026-06-08T09:47:23Z
2597,https://www.linkedin.com/company/wholey,Wholey,Germany,wholey.de,http://www.wholey.de,Food and Beverage Services,11-50 employees,"Berlin, BE",,2017,,,2026-06-08T09:48:20Z,2026-06-08T09:48:57Z
2598,https://www.linkedin.com/company/the-cocktail-tree,The Cocktail Tree,Germany,,,Food and Beverage Services,11-50 employees,"Dubai, Dubai",,2022,,,2026-06-08T09:49:47Z,2026-06-08T09:50:25Z
2599,https://www.linkedin.com/company/natural-mojo,natural mojo,Germany,naturalmojo.de,https://www.naturalmojo.de,Food and Beverage Services,11-50 employees,"Berlin, Berlin",,2015,,,2026-06-08T09:50:41Z,2026-06-08T09:51:20Z
2600,https://www.linkedin.com/company/aiya-america-inc.,"Aiya America, Inc. (Aiya Matcha)",Germany,aiya-america.com,http://www.aiya-america.com,Food and Beverage Services,11-50 employees,"Torrance, California",,1888,,,2026-06-08T09:52:02Z,2026-06-08T09:52:42Z
2601,https://www.linkedin.com/company/every-foods,every®,Germany,every-foods.com,http://Every-foods.com,Food and Beverage Services,11-50 employees,,,2019,,,2026-06-08T09:53:27Z,2026-06-08T09:54:08Z
2602,https://www.linkedin.com/company/latteartfactory,Latte Art Factory,Germany,latteartfactory.com,https://www.latteartfactory.com/,Food and Beverage Services,11-50 employees,"Hövelhof, Nordrhein-Westfalen",,2020,,,2026-06-08T09:54:53Z,2026-06-08T09:55:30Z
2603,https://www.linkedin.com/company/fruits4you,fruits4you,Germany,fruits4you.de,http://www.fruits4you.de,Mobile Food Services,11-50 employees,,,2019,,,2026-06-08T09:56:18Z,2026-06-08T09:56:56Z
2604,https://www.linkedin.com/company/anorakfilm,ANORAK Film,Germany,anorakfilm.com,http://anorakfilm.com,Broadcast Media Production and Distribution,11-50 employees,,,2015,,,2026-06-08T09:57:34Z,2026-06-08T09:58:16Z
2605,https://www.linkedin.com/company/plura-broadcast-inc.,PLURA®,Germany,plurainc.com,http://www.plurainc.com,Broadcast Media Production and Distribution,11-50 employees,"Phoenix, AZ",,2006,,,2026-06-08T09:59:07Z,2026-06-08T09:59:46Z
2606,https://www.linkedin.com/company/madame-zheng-production-gmbh,Madame Zheng Production GmbH,Germany,madamezheng.de,www.madamezheng.de,Radio and Television Broadcasting,11-50 employees,"München, Bayern",,,,,2026-06-08T10:00:33Z,2026-06-08T10:01:10Z
2607,https://www.linkedin.com/company/trans-info-global,"Trans.iNFO - transport, trucking & logistics news",Germany,trans.info,http://www.trans.info/,Broadcast Media Production and Distribution,11-50 employees,"Wrocław, Dolnośląskie",,2010,,,2026-06-08T10:02:02Z,2026-06-08T10:02:43Z
2608,https://www.linkedin.com/company/directout-gmbh,DirectOut GmbH,Germany,directout.eu,http://www.directout.eu,Broadcast Media Production and Distribution,11-50 employees,"Mittweida, Mittweida",,2008,,,2026-06-08T10:03:28Z,2026-06-08T10:04:06Z
2609,https://www.linkedin.com/company/wdr,WDR,Germany,karriere.wdr.de,http://www.karriere.wdr.de,Broadcast Media Production and Distribution,"1,001-5,000 employees","Köln, Nordrhein-Westfalen",,1956,,,2026-06-08T10:04:51Z,2026-06-08T10:05:29Z
2610,https://www.linkedin.com/company/klimavoracht,KLIMA° vor acht e.V.,Germany,klimavoracht.de,http://www.klimavoracht.de,Broadcast Media Production and Distribution,11-50 employees,,,2020,,,2026-06-08T10:11:35Z,2026-06-08T10:12:13Z
2611,https://www.linkedin.com/company/orban-audio,Orban,Germany,orban.com,http://www.orban.com,Broadcast Media Production and Distribution,11-50 employees,"Pennsauken, New Jersey",,,,,2026-06-08T10:13:01Z,2026-06-08T10:13:40Z
2612,https://www.linkedin.com/company/sevenonestudiosinternational,Seven.One Studios International,Germany,sevenonestudiosinternational.com,https://www.sevenonestudiosinternational.com/,Broadcast Media Production and Distribution,11-50 employees,"Unterfoehring, Bavaria",,2004,,,2026-06-08T10:14:31Z,2026-06-08T10:15:12Z
2613,https://www.linkedin.com/company/dataconomy-media,Dataconomy Media,Germany,dataconomy.com,http://www.dataconomy.com/,Broadcast Media Production and Distribution,11-50 employees,,,2014,,,2026-06-08T10:15:54Z,2026-06-08T10:16:30Z
2614,https://www.linkedin.com/company/lasartfoundation,LAS Art Foundation,Germany,las-art.foundation,https://www.las-art.foundation/,"Museums, Historical Sites, and Zoos",11-50 employees,"Berlin, BE",,2019,,,2026-06-08T10:17:12Z,2026-06-08T10:17:51Z
2615,https://www.linkedin.com/company/barker-langham,Barker Langham,Germany,barkerlangham.co.uk,http://www.barkerlangham.co.uk,"Museums, Historical Sites, and Zoos",11-50 employees,"London, England",,2005,,,2026-06-08T10:18:35Z,2026-06-08T10:19:12Z
2616,https://www.linkedin.com/company/museumsbund,Deutscher Museumsbund,Germany,museumsbund.de,https://museumsbund.de,Museums,11-50 employees,,,1917,,,2026-06-08T10:20:05Z,2026-06-08T10:20:43Z
2617,https://www.linkedin.com/company/ifmberlin,Institut für Museumsforschung,Germany,smb.museum,https://www.smb.museum/museen-einrichtungen/institut-fuer-museumsforschung,"Museums, Historical Sites, and Zoos",11-50 employees,,,1979,,,2026-06-08T10:21:32Z,2026-06-08T10:22:11Z
2618,https://www.linkedin.com/company/schirn,SCHIRN KUNSTHALLE FRANKFURT,Germany,www.schirn.de,http://WWW.SCHIRN.DE,"Museums, Historical Sites, and Zoos",11-50 employees,"Frankfurt am Main, Hessen",,1986,,,2026-06-08T10:22:54Z,2026-06-08T10:23:33Z
2619,https://www.linkedin.com/company/haus-der-kunst,Haus der Kunst,Germany,hausderkunst.de,http://hausderkunst.de,"Museums, Historical Sites, and Zoos",11-50 employees,,,1994,,,2026-06-08T10:24:22Z,2026-06-08T10:25:02Z
2620,https://www.linkedin.com/company/museum-reinhard-ernst,Museum Reinhard Ernst,Germany,museum-re.de,https://www.museum-re.de/,"Museums, Historical Sites, and Zoos",11-50 employees,,,2024,,,2026-06-08T10:25:45Z,2026-06-08T10:26:28Z
2621,https://www.linkedin.com/company/digital-art-museum-hamburg,UBS DIGITAL ART MUSEUM,Germany,digitalartmuseum.com,https://www.digitalartmuseum.com,"Museums, Historical Sites, and Zoos",11-50 employees,,,2020,,,2026-06-08T10:27:20Z,2026-06-08T10:28:00Z
2622,https://www.linkedin.com/company/internationales-maritimes-museum,Internationales Maritimes Museum Hamburg,Germany,imm-hamburg.de,https://www.imm-hamburg.de,"Museums, Historical Sites, and Zoos",11-50 employees,"Hamburg, Hamburg",,2008,,,2026-06-08T10:28:52Z,2026-06-08T10:29:30Z
2623,https://www.linkedin.com/company/therme-art,Therme Art,Germany,therme.art,http://www.therme.art,"Museums, Historical Sites, and Zoos",11-50 employees,"Berlin, Berlin",,2017,,,2026-06-08T10:30:15Z,2026-06-08T10:30:53Z
2624,https://www.linkedin.com/company/karl-&-faber,KARL & FABER Kunstauktionen GmbH,Germany,karlundfaber.de,http://www.karlundfaber.de,Artists and Writers,11-50 employees,"Munich, Bavaria",,1923,,,2026-06-08T10:31:37Z,2026-06-08T10:32:16Z
2625,https://www.linkedin.com/company/anna-laudel-gallery,Anna Laudel Gallery,Germany,annalaudel.gallery,https://annalaudel.gallery,Artists and Writers,11-50 employees,"Beyoglu, Istanbul",,2012,,,2026-06-08T10:33:02Z,2026-06-08T10:33:39Z
2626,https://www.linkedin.com/company/international-platform-for-art-research-&-conservation-iparc-,IPARC,Germany,iparc.eu,http://www.iparc.eu,Artists and Writers,11-50 employees,"Kampenhout, Flemish Region",,2011,,,2026-06-08T10:34:24Z,2026-06-08T10:35:06Z
2627,https://www.linkedin.com/company/hampel-fine-art-auctions,Hampel Fine Art Auctions,Germany,hampel-auctions.com,https://www.hampel-auctions.com/,Artists and Writers,11-50 employees,"Munich, Bavaria",,,,,2026-06-08T10:35:45Z,2026-06-08T10:36:26Z
2628,https://www.linkedin.com/company/kirafoundation,Kira.Foundation,Germany,kira.foundation,https://Kira.Foundation,Artists and Writers,11-50 employees,,,,,,2026-06-08T10:37:09Z,2026-06-08T10:37:49Z
2629,https://www.linkedin.com/company/expanded-art,expanded.art,Germany,expanded.art,https://expanded.art,Artists and Writers,11-50 employees,"Berlin, Berlin",,,,,2026-06-08T10:38:29Z,2026-06-08T10:39:09Z
2630,https://www.linkedin.com/company/positions-berlin-art-fair,POSITIONS Berlin,Germany,positions.de,http://www.positions.de,Artists and Writers,11-50 employees,,,2014,,,2026-06-08T18:23:18Z,2026-06-08T18:24:01Z
2631,https://www.linkedin.com/company/artcru-llc,Galería Azur,Germany,,,Artists and Writers,11-50 employees,"Miami, Florida",,2009,,,2026-06-08T18:24:43Z,2026-06-08T18:25:23Z
2632,https://www.linkedin.com/company/koller-auktionen-ag,Koller Auktionen AG,Germany,kollerauctions.com,http://www.kollerauctions.com,Artists and Writers,11-50 employees,,,,,,2026-06-08T18:25:45Z,2026-06-08T18:26:24Z
2633,https://www.linkedin.com/company/asisi,studio asisi,Germany,asisi.de,http://www.asisi.de,Artists and Writers,11-50 employees,,,2003,,,2026-06-08T18:27:13Z,2026-06-08T18:27:49Z
2634,https://www.linkedin.com/company/flow3d,FLOW-3D,Germany,flow3d.com,https://www.flow3d.com,Software Development,11-50 employees,"Santa Fe, NM",,1980,,,2026-06-08T18:28:34Z,2026-06-08T18:29:13Z
2635,https://www.linkedin.com/company/scoutbee,Scoutbee,Germany,scoutbee.com,scoutbee.com,Software Development,11-50 employees,"San Francisco , CA",,2015,,,2026-06-08T18:30:00Z,2026-06-08T18:30:44Z
2636,https://www.linkedin.com/company/ins-pi,ins-pi,Germany,ins-pi.com,https://ins-pi.com,Software Development,11-50 employees,"Miami, Florida",,2015,,,2026-06-08T18:31:24Z,2026-06-08T18:32:03Z
2637,https://www.linkedin.com/company/langfuse,Langfuse,Germany,langfuse.com,https://langfuse.com,Software Development,11-50 employees,,,2022,,,2026-06-08T18:32:57Z,2026-06-08T18:33:39Z
2638,https://www.linkedin.com/company/jinaai,Jina AI,Germany,jina.ai,https://jina.ai,Software Development,11-50 employees,"Sunnyvale, California",,2020,,,2026-06-08T18:34:26Z,2026-06-08T18:35:06Z
2639,https://www.linkedin.com/company/coffee-bean-technology,CoffeeBean Technology,Germany,coffeebeantech.com,https://www.coffeebeantech.com/,Software Development,11-50 employees,"San Ramon, California",,2008,,,2026-06-08T18:35:50Z,2026-06-08T18:36:32Z
2640,https://www.linkedin.com/company/gudens,Gudens,Germany,gudens.com,http://www.gudens.com/,Software Development,11-50 employees,,,1999,,,2026-06-08T18:37:14Z,2026-06-08T18:37:53Z
2641,https://www.linkedin.com/company/trio-so,Trio,Germany,trio.so,https://trio.so/,Software Development,11-50 employees,"Covina, California",,2023,,,2026-06-08T18:38:33Z,2026-06-08T18:39:09Z
2642,https://www.linkedin.com/company/curentis-ag,CURENTIS AG,Germany,curentis.com,http://curentis.com,Banking,11-50 employees,"Oberursel (Taunus), Hessen",,2009,,,2026-06-08T18:39:57Z,2026-06-08T18:40:39Z
2643,https://www.linkedin.com/company/escp-europe-finance-society,ESCP Finance Society,Germany,escpfinancesociety.com,Escpfinancesociety.com,Banking,11-50 employees,"London, England",,2012,,,2026-06-08T18:41:22Z,2026-06-08T18:41:59Z
2644,https://www.linkedin.com/company/paymentandbanking,Payment & Banking - PBA Experts GmbH,Germany,paymentandbanking.com,http://www.paymentandbanking.com,Banking,11-50 employees,"München, Bayern",,2011,,,2026-06-08T18:42:37Z,2026-06-08T18:43:18Z
2645,https://www.linkedin.com/company/ccbff,China Construction Bank Frankfurt Branch,Germany,de.ccb.com,http://de.ccb.com,Banking,11-50 employees,"Frankfurt am Main, Hessen",,1999,,,2026-06-08T18:44:05Z,2026-06-08T18:44:50Z
2646,https://www.linkedin.com/company/europeanbankingfederation,European Banking Federation,Germany,ebf.eu,http://www.ebf.eu,Banking,11-50 employees,,,1960,,,2026-06-08T18:45:46Z,2026-06-08T18:46:29Z
2647,https://www.linkedin.com/company/association-of-german-pfandbrief-banks,Association of German Pfandbrief Banks,Germany,pfandbrief.de,http://www.pfandbrief.de,Banking,11-50 employees,,,1902,,,2026-06-08T18:47:19Z,2026-06-08T18:48:02Z
2648,https://www.linkedin.com/company/aazzur,AAZZUR,Germany,aazzur.com,https://www.aazzur.com/,Banking,11-50 employees,,,2017,,,2026-06-08T18:48:53Z,2026-06-08T18:49:31Z
2649,https://www.linkedin.com/company/european-systemic-risk-board,European Systemic Risk Board,Germany,esrb.europa.eu,https://www.esrb.europa.eu/home/html/index.en.html,Banking,11-50 employees,"Frankfurt am Main , Hessen",,2010,,,2026-06-08T18:50:20Z,2026-06-08T18:51:02Z
2650,https://www.linkedin.com/company/bankingclub-plattform-gmbh,BANKINGCLUB,Germany,bankingclub.de,http://www.bankingclub.de,Banking,11-50 employees,"Cologne, North Rhine-Westphalia",,2004,,,2026-06-08T18:57:55Z,2026-06-08T18:58:38Z
2651,https://www.linkedin.com/company/misr-bank---europe-gmbh,Misr Bank - Europe GmbH,Germany,misr.de,http://misr.de,Banking,11-50 employees,,,1992,,,2026-06-08T18:59:30Z,2026-06-08T19:00:06Z
2652,https://www.linkedin.com/company/deutsche-aktuarvereinigung-e-v-,German Association of Actuaries,Germany,aktuar.de,http://www.aktuar.de,Insurance,11-50 employees,"Köln, Nordrhein-Westfalen",,1994,,,2026-06-08T19:00:44Z,2026-06-08T19:01:23Z
2653,https://www.linkedin.com/company/springer-professional,Springer Professional,Germany,springerprofessional.de,https://www.springerprofessional.de/,"Technology, Information and Media",201-500 employees,"Wiesbaden, Hessen",,1786,,,2026-06-08T19:02:10Z,2026-06-08T19:02:49Z
2654,https://www.linkedin.com/company/mhg-insurance,MHG Insurance,Germany,mhginsurance.com,http://mhginsurance.com/,Insurance,11-50 employees,"Fort Lauderdale, FL",,1991,,,2026-06-08T19:03:40Z,2026-06-08T19:04:19Z
2655,https://www.linkedin.com/company/kasko-tech,KASKO,Germany,kasko.io,http://www.kasko.io,Insurance,11-50 employees,"London, England",,2015,,,2026-06-08T19:05:00Z,2026-06-08T19:05:39Z
2656,https://www.linkedin.com/company/artegenerali,ARTE Generali,Germany,artegenerali.com,http://www.artegenerali.com,Insurance,11-50 employees,,,2019,,,2026-06-08T19:06:30Z,2026-06-08T19:07:07Z
2657,https://www.linkedin.com/company/staygenki,Genki,Germany,gen.ki,https://gen.ki/from/linkedin,Insurance,11-50 employees,"Cologne, NRW",,2021,,,2026-06-08T19:07:48Z,2026-06-08T19:08:28Z
2658,https://www.linkedin.com/company/insurtechhub-munich,InsurTech Hub Munich,Germany,insurtech-munich.com,https://www.insurtech-munich.com/,Insurance,11-50 employees,"München, Bayern",,2017,,,2026-06-08T19:09:19Z,2026-06-08T19:09:58Z
2659,https://www.linkedin.com/company/insurance-acquisition-partners,Insurance Acquisition Partners,Germany,,,Insurance Carriers,11-50 employees,"New York, NY",,2004,,,2026-06-08T19:10:43Z,2026-06-08T19:11:24Z
2660,https://www.linkedin.com/company/lakahq,Laka,Germany,laka.co,http://laka.co,Insurance,11-50 employees,"London, UK",,2017,,,2026-06-08T19:11:52Z,2026-06-08T19:12:36Z
2661,https://www.linkedin.com/company/unisonsteadfast,UnisonSteadfast,Germany,unisonsteadfast.com,https://www.unisonsteadfast.com/de/impressum/#,Insurance,11-50 employees,,,2005,,,2026-06-08T19:13:13Z,2026-06-08T19:13:56Z
2662,https://www.linkedin.com/company/project-a-vc,Project A,Germany,project-a.vc,https://www.project-a.vc,Venture Capital and Private Equity Principals,11-50 employees,,,2012,,,2026-06-08T19:14:53Z,2026-06-08T19:15:35Z
2663,https://www.linkedin.com/company/bioseedin,bioSeedin,Germany,bioseedin.com,https://www.bioseedin.com/,Financial Services,11-50 employees,"Cambridge, MA",,2019,,,2026-06-08T19:16:23Z,2026-06-08T19:17:04Z
2664,https://www.linkedin.com/company/activant,Activant Capital,Germany,activantcapital.com,http://www.activantcapital.com,Venture Capital and Private Equity Principals,11-50 employees,"Greenwich, Connecticut",,2015,,,2026-06-08T19:18:00Z,2026-06-08T19:18:42Z
2665,https://www.linkedin.com/company/100-women-in-finance,100 Women In Finance,Germany,100women.org,https://100women.org/,Financial Services,11-50 employees,,,2001,,,2026-06-08T19:19:35Z,2026-06-08T19:20:14Z
2666,https://www.linkedin.com/company/bitkraftvc,BITKRAFT Ventures,Germany,bitkraft.vc,https://www.bitkraft.vc,Venture Capital and Private Equity Principals,11-50 employees,"Denver, Colorado",,2017,,,2026-06-08T19:21:03Z,2026-06-08T19:21:40Z
2667,https://www.linkedin.com/company/cherry-ventures,Cherry Ventures,Germany,cherry.vc,http://www.cherry.vc,Venture Capital and Private Equity Principals,11-50 employees,"Berlin, BE",,2012,,,2026-06-08T19:22:36Z,2026-06-08T19:23:24Z
2668,https://www.linkedin.com/company/bruin-capital-llc,Bruin Capital,Germany,bruincptl.com,http://bruincptl.com,Financial Services,11-50 employees,"White Plains, New York",,2015,,,2026-06-08T19:24:15Z,2026-06-08T19:24:56Z
2669,https://www.linkedin.com/company/clipperton-finance,Clipperton,Germany,clipperton.com,http://www.clipperton.com,Investment Banking,11-50 employees,,,2003,,,2026-06-08T19:25:48Z,2026-06-08T19:26:33Z
2670,https://www.linkedin.com/company/gdw-bundesverband-deutscher-wohnungs--und-immobilienunternehmen-e-v-,GdW Bundesverband Wohnungswirtschaft,Germany,gdw.de,https://www.gdw.de/,Real Estate,11-50 employees,"Berlin, Berlin",,1924,,,2026-06-08T20:23:12Z,2026-06-08T20:23:55Z
2671,https://www.linkedin.com/company/fore-future-of-real-estate,FORE - Future of Real Estate,Germany,future-of-real-estate.de,http://www.future-of-real-estate.de,Real Estate,11-50 employees,"Frankfurt am Main , Hessen",,2022,,,2026-06-08T20:24:53Z,2026-06-08T20:25:30Z
2672,https://www.linkedin.com/company/ziaev,ZIA German Property Federation,Germany,zia-deutschland.de,https://zia-deutschland.de,Real Estate,11-50 employees,,,2006,,,2026-06-08T20:26:15Z,2026-06-08T20:26:53Z
2673,https://www.linkedin.com/company/nestpick,Nestpick,Germany,nestpick.com,https://www.nestpick.com,Real Estate,11-50 employees,,,2014,,,2026-06-08T20:27:37Z,2026-06-08T20:28:20Z
2674,https://www.linkedin.com/company/verband-f%C3%BCr-bauen-im-bestand-bib-e-v,Verband für Bauen im Bestand (BiB) e. V.,Germany,fuerbauenimbestand.de,www.fuerbauenimbestand.de,Real Estate,11-50 employees,"Berlin, BE",,2023,,,2026-06-08T20:28:59Z,2026-06-08T20:29:41Z
2675,https://www.linkedin.com/company/vdiv-deutschland,Verband der Immobilienverwalter Deutschland e. V. (VDIV Deutschland),Germany,vdiv.de,http://www.vdiv.de,Real Estate,11-50 employees,,,1988,,,2026-06-08T20:30:14Z,2026-06-08T20:30:52Z
2676,https://www.linkedin.com/company/lcn-capital-partners,LCN Capital Partners,Germany,lcnpartners.com,http://www.lcnpartners.com/,Real Estate,11-50 employees,"New York, NY",,2011,,,2026-06-08T20:31:48Z,2026-06-08T20:32:27Z
2677,https://www.linkedin.com/company/estate-protocol,Estate Protocol,Germany,estateprotocol.com,http://www.estateprotocol.com,Real Estate,11-50 employees,,,,,,2026-06-08T20:33:23Z,2026-06-08T20:34:04Z
2678,https://www.linkedin.com/company/withbuenadotcom,Buena,Germany,buena.com,http://www.buena.com,Real Estate,11-50 employees,"Berlin, BE",,2016,,,2026-06-08T20:34:51Z,2026-06-08T20:35:31Z
2679,https://www.linkedin.com/company/medworld-advisors,MedWorld Advisors,Germany,medworldadvisors.com,http://www.medworldadvisors.com/,Investment Banking,11-50 employees,"West Palm Beach, FL",,2013,,,2026-06-08T20:36:19Z,2026-06-08T20:37:00Z
2680,https://www.linkedin.com/company/saxenhammer,Saxenhammer,Germany,saxenhammer-co.com,https://www.saxenhammer-co.com/,Investment Banking,11-50 employees,,,2006,,,2026-06-08T20:37:45Z,2026-06-08T20:38:25Z
2681,https://www.linkedin.com/company/q-advisors,Q Advisors,Germany,qllc.com,http://www.qllc.com,Investment Banking,11-50 employees,"Denver, Colorado",,2001,,,2026-06-08T20:39:11Z,2026-06-08T20:39:52Z
2682,https://www.linkedin.com/company/oaklins-germany,Oaklins Germany AG,Germany,oaklins.de,http://www.oaklins.de,Investment Banking,11-50 employees,"Hamburg, Hamburg",,1953,,,2026-06-08T20:40:45Z,2026-06-08T20:41:27Z
2683,https://www.linkedin.com/company/blue-tree-group,Blue Tree Group | Investment Banking,Germany,bluetreegroup.com,http://www.bluetreegroup.com,Investment Banking,11-50 employees,"München, Bayern",,2015,,,2026-06-08T20:42:11Z,2026-06-08T20:42:52Z
2684,https://www.linkedin.com/company/herter-co,Herter & Co.,Germany,herter-co.de,https://herter-co.de,Investment Banking,11-50 employees,"Frankfurt, Hesse",,2012,,,2026-06-08T20:43:41Z,2026-06-08T20:44:20Z
2685,https://www.linkedin.com/company/case-cassiopea,CASE CASSIOPEA,Germany,casecassiopea.com,https://casecassiopea.com,Investment Banking,11-50 employees,,,,,,2026-06-08T20:45:11Z,2026-06-08T20:45:50Z
2686,https://www.linkedin.com/company/alcor-ibank,Alcor iBank,Germany,alcoribank.com,https://alcoribank.com/,Investment Banking,11-50 employees,,,2010,,,2026-06-08T20:46:38Z,2026-06-08T20:47:20Z
2687,https://www.linkedin.com/company/global-capital-finance-americas-llc,Global Capital Finance,Germany,globalcapitalfinance.com,http://www.globalcapitalfinance.com,Investment Banking,11-50 employees,"White Plains, NY",,2000,,,2026-06-08T20:48:03Z,2026-06-08T20:48:43Z
2688,https://www.linkedin.com/company/baumeister-online,"BDB - Bund Deutscher Baumeister, Architekten und Ingenieure",Germany,baumeister-online.de,https://www.baumeister-online.de/home/,Construction,11-50 employees,"Berlin, Berlin",,1925,,,2026-06-08T20:49:29Z,2026-06-08T20:50:09Z
2689,https://www.linkedin.com/company/ernst-und-sohn,Ernst & Sohn,Germany,ernst-und-sohn.de,http://ernst-und-sohn.de,Book and Periodical Publishing,11-50 employees,"Berlin, Berlin",,1851,,,2026-06-08T20:50:52Z,2026-06-08T20:51:31Z
2690,https://www.linkedin.com/company/madaster-germany,Madaster Germany,Germany,madaster.de,https://madaster.de/plattform/,Construction,11-50 employees,,,2021,,,2026-06-08T21:43:51Z,2026-06-08T21:44:30Z
2691,https://www.linkedin.com/company/vincivilworld,Civil Engineers World,Germany,vincivilworld.com,https://vincivilworld.com/,Civil Engineering,11-50 employees,"North Rhine-Westphalia, Westphalia",,2019,,,2026-06-08T21:45:16Z,2026-06-08T21:45:56Z
2692,https://www.linkedin.com/company/hess-timber,HESS TIMBER,Germany,hess-timber.com,https://www.hess-timber.com/en/,Construction,11-50 employees,"Kleinheubach, Bavaria",,1876,,,2026-06-08T21:46:40Z,2026-06-08T21:47:20Z
2693,https://www.linkedin.com/company/buildingsmart-deutschland,buildingSMART Deutschland,Germany,buildingsmart.de,www.buildingSMART.de,Construction,11-50 employees,"Dresden, Sachsen",,1995,,,2026-06-08T21:48:03Z,2026-06-08T21:48:46Z
2694,https://www.linkedin.com/company/triqbriq-ag,TRIQBRIQ,Germany,triqbriq.de,https://triqbriq.de,Construction,11-50 employees,"Stuttgart, Baden-Württemberg",,2021,,,2026-06-08T21:49:28Z,2026-06-08T21:50:09Z
2695,https://www.linkedin.com/company/bim-deutschland,BIM Deutschland,Germany,bimdeutschland.de,http://www.bimdeutschland.de,Construction,11-50 employees,,,2020,,,2026-06-08T21:50:53Z,2026-06-08T21:51:33Z
2696,https://www.linkedin.com/company/sentinel-holding-institut,Sentinel Holding Institut GmbH,Germany,sentinel-holding.eu,https://www.sentinel-holding.eu/de,Construction,11-50 employees,"Freiburg, Baden-Württemberg",,2007,,,2026-06-08T21:52:16Z,2026-06-08T21:52:56Z
2697,https://www.linkedin.com/company/skygeo,SkyGeo,Germany,skygeo.com,https://skygeo.com,Civil Engineering,11-50 employees,"San Mateo, California",,2014,,,2026-06-08T21:53:43Z,2026-06-08T21:54:19Z
2698,https://www.linkedin.com/company/blue-west-gmbh,Blue West GmbH,Germany,bluewest.de,http://bluewest.de,Wholesale Building Materials,11-50 employees,,,2018,,,2026-06-08T21:54:57Z,2026-06-08T21:55:37Z
2699,https://www.linkedin.com/company/informationszentrum-beton-gmbh,InformationsZentrum Beton,Germany,beton.org,http://www.beton.org,Wholesale Building Materials,11-50 employees,"Düsseldorf, Nordrhein-Westfalen",,,,,2026-06-08T21:56:25Z,2026-06-08T21:57:01Z
2700,https://www.linkedin.com/company/g-fittings-gmbh,G-Fittings,Germany,g-fittings.com,http://www.g-fittings.com,Wholesale Building Materials,11-50 employees,"Emmerich am Rhein - Germany, -",,1980,,,2026-06-08T21:57:47Z,2026-06-08T21:58:29Z
2701,https://www.linkedin.com/company/lucaindustries,Luca Industries International GmbH,Germany,,,Wholesale Building Materials,11-50 employees,,,,,,2026-06-08T21:59:23Z,2026-06-08T22:00:09Z
2702,https://www.linkedin.com/company/ecolocked,ecoLocked,Germany,ecolocked.com,https://ecolocked.com/,Wholesale Building Materials,11-50 employees,,,2021,,,2026-06-08T22:00:28Z,2026-06-08T22:01:09Z
2703,https://www.linkedin.com/company/viritopia,Viritopia,Germany,viritopia.com,https://www.viritopia.com/,Wholesale Building Materials,11-50 employees,"London, England",,2007,,,2026-06-08T22:01:57Z,2026-06-08T22:02:33Z
2704,https://www.linkedin.com/company/sykongmbh,SYKON GmbH & Co. KG ( Middle East ),Germany,sykon.ae,http://www.sykon.ae,Wholesale Building Materials,11-50 employees,"DUBAI , Dubai",,,,,2026-06-08T22:03:26Z,2026-06-08T22:04:08Z
2705,https://www.linkedin.com/company/van-merksteijn-fences,VAN MERKSTEIJN FENCES,Germany,vmfences.com,vmfences.com,Wholesale Building Materials,11-50 employees,"Almelo, Overijssel",,2013,,,2026-06-08T22:04:55Z,2026-06-08T22:05:34Z
2706,https://www.linkedin.com/company/bpa-gmbh,"BPA GmbH ""Waterproofing is our Passion""",Germany,bpa-waterproofing.com,http://www.bpa-waterproofing.com,Wholesale Building Materials,11-50 employees,"Herrenberg, Baden-Württemberg",,1998,,,2026-06-08T22:06:24Z,2026-06-08T22:07:05Z
2707,https://www.linkedin.com/company/pam-building-deutschland,Pam Building Deutschland,Germany,pambuilding.de,http://www.pambuilding.de,Wholesale Building Materials,11-50 employees,"Köln, Nordrhein-Westfalen",,1998,,,2026-06-08T22:07:57Z,2026-06-08T22:08:35Z
2708,https://www.linkedin.com/company/allegro-packets,Allegro Packets,Germany,allegro-packets.com,https://allegro-packets.com,Computer Networking Products,11-50 employees,"Leipzig, Saxony",,2014,,,2026-06-08T22:09:23Z,2026-06-08T22:10:04Z
2709,https://www.linkedin.com/company/meshmerize,Meshmerize,Germany,meshmerize.net,https://meshmerize.net/,Computer Networking Products,11-50 employees,"Dresden, Sachsen",,2020,,,2026-06-08T22:10:54Z,2026-06-08T22:11:35Z
2710,https://www.linkedin.com/company/litentry,Litentry,Germany,litentry.com,https://www.litentry.com/,Computer Networking Products,11-50 employees,,,,,,2026-06-09T06:51:44Z,2026-06-09T06:52:27Z
2711,https://www.linkedin.com/company/benocs,BENOCS,Germany,benocs.com,http://benocs.com,Computer Networking Products,11-50 employees,,,2013,,,2026-06-09T06:53:15Z,2026-06-09T06:53:54Z
2712,https://www.linkedin.com/company/zaphosting,ZAP-Hosting,Germany,zap-hosting.com,https://zap-hosting.com/welcome,Computer Networking Products,11-50 employees,"Münster, North Rhine-Westphalia",,2010,,,2026-06-09T06:54:38Z,2026-06-09T06:55:19Z
2713,https://www.linkedin.com/company/stordis,STORDIS – Network People · Open by Design,Germany,stordis.com,https://www.stordis.com/,Computer Networking Products,11-50 employees,,,,,,2026-06-09T06:56:01Z,2026-06-09T06:56:39Z
2714,https://www.linkedin.com/company/seh-technology-inc-usa-,"SEH Technology, Inc. (USA)",Germany,seh-technology.com,http://www.seh-technology.com,Computer Networking Products,11-50 employees,"Phoenixville, PA",,,,,2026-06-09T06:57:33Z,2026-06-09T06:58:12Z
2715,https://www.linkedin.com/company/securosys,Securosys,Germany,securosys.com,http://www.securosys.com,Computer Networking Products,11-50 employees,,,2014,,,2026-06-09T06:58:57Z,2026-06-09T06:59:36Z
2716,https://www.linkedin.com/company/datacake,Datacake,Germany,datacake.co,https://datacake.co/,Computer Networking Products,11-50 employees,"Münster, North Rhine-Westphalia",,2017,,,2026-06-09T07:00:26Z,2026-06-09T07:01:10Z
2717,https://www.linkedin.com/company/enapi,ENAPI,Germany,enapi.com,https://enapi.com/,Computer Networking Products,11-50 employees,"Berlin, BE",,2024,,,2026-06-09T07:01:57Z,2026-06-09T07:02:37Z
2718,https://www.linkedin.com/company/bauhaus-movement,Bauhaus Movement,Germany,bauhaus-movement.com,http://www.bauhaus-movement.com,Architecture and Planning,11-50 employees,,,,,,2026-06-09T07:03:24Z,2026-06-09T07:04:02Z
2719,https://www.linkedin.com/company/bundesstiftung-baukultur,Bundesstiftung Baukultur,Germany,bundesstiftung-baukultur.de,http://www.bundesstiftung-baukultur.de,Architecture and Planning,11-50 employees,"Potsdam, Brandenburg",,2007,,,2026-06-09T07:04:46Z,2026-06-09T07:05:24Z
2720,https://www.linkedin.com/company/kerearchitecture,Kéré Architecture GmbH,Germany,kerearchitecture.com,http://www.kerearchitecture.com,Architecture and Planning,11-50 employees,,,2005,,,2026-06-09T07:06:15Z,2026-06-09T07:06:56Z
2721,https://www.linkedin.com/company/urbanistahamburg,urbanista,Germany,urbanista.de,http://www.urbanista.de,Architecture and Planning,11-50 employees,,,,,,2026-06-09T07:07:42Z,2026-06-09T07:08:24Z
2722,https://www.linkedin.com/company/karres-en-brands,Karres en Brands,Germany,karresenbrands.com,http://www.karresenbrands.com,Architecture and Planning,11-50 employees,"Hilversum, North Holland",,1997,,,2026-06-09T07:09:02Z,2026-06-09T07:09:41Z
2723,https://www.linkedin.com/company/joi-design,JOI-Design Innenarchitekten,Germany,joi-design.com,http://www.JOI-Design.com,Architecture and Planning,11-50 employees,"Hamburg, Hamburg",,1984,,,2026-06-09T07:10:31Z,2026-06-09T07:11:12Z
2724,https://www.linkedin.com/company/dittel---architekten,Dittel Assoziierte GmbH,Germany,di-a.de,http://www.di-a.de,Architecture and Planning,11-50 employees,,,2006,,,2026-06-09T07:11:54Z,2026-06-09T07:12:37Z
2725,https://www.linkedin.com/company/architektenkammer-berlin,Architektenkammer Berlin,Germany,ak-berlin.de,https://www.ak-berlin.de/,Architecture and Planning,11-50 employees,,,1985,,,2026-06-09T07:13:16Z,2026-06-09T07:13:58Z
2726,https://www.linkedin.com/company/bundesarchitektenkammer,Bundesarchitektenkammer,Germany,bak.de,https://bak.de/,Architecture and Planning,11-50 employees,,,1969,,,2026-06-09T07:14:42Z,2026-06-09T07:15:20Z
2727,https://www.linkedin.com/company/icdstuttgart,Institute for Computational Design and Construction (ICD),Germany,icd.uni-stuttgart.de,http://icd.uni-stuttgart.de/,Architecture and Planning,11-50 employees,,,2008,,,2026-06-09T07:16:13Z,2026-06-09T07:16:54Z
2728,https://www.linkedin.com/company/ipm-conferences-and-events,IPM Conferences and Events (IPM AG),Germany,ipm.ag,http://www.ipm.ag,Events Services,11-50 employees,"Hannover, Niedersachsen",,2001,,,2026-06-09T07:17:40Z,2026-06-09T07:18:22Z
2729,https://www.linkedin.com/company/aircraft-interiors-expo,Aircraft Interiors Expo,Germany,aircraftinteriorsexpo.com,http://www.aircraftinteriorsexpo.com,Aviation and Aerospace Component Manufacturing,11-50 employees,,,2000,,,2026-06-09T07:19:09Z,2026-06-09T07:19:49Z
2730,https://www.linkedin.com/company/hamburg-aviation,Hamburg Aviation,Germany,hamburg-aviation.com,http://www.hamburg-aviation.com,Aviation and Aerospace Component Manufacturing,11-50 employees,,,2011,,,2026-06-09T16:52:42Z,2026-06-09T16:53:22Z
2731,https://www.linkedin.com/company/maeveaerospace,Maeve,Germany,maeve.aero,http://www.maeve.aero,Aviation and Aerospace Component Manufacturing,11-50 employees,,,2020,,,2026-06-09T16:54:05Z,2026-06-09T16:54:47Z
2732,https://www.linkedin.com/company/laversab-aviation,Laversab Aviation,Germany,laversab.com,http://laversab.com/aviation/,Aviation and Aerospace Component Manufacturing,11-50 employees,"Sugar Land, Texas",,1982,,,2026-06-09T16:55:39Z,2026-06-09T16:56:20Z
2733,https://www.linkedin.com/company/evitado-technologies,Evitado Technologies,Germany,evitado.io,http://www.evitado.io,Aviation & Aerospace,11-50 employees,"Golden , CO",,,,,2026-06-09T16:57:15Z,2026-06-09T16:57:52Z
2734,https://www.linkedin.com/company/bdli-de,BDLI Bundesverband der Deutschen Luft- und Raumfahrtindustrie e.V.,Germany,bdli.de,https://www.bdli.de,Aviation & Aerospace,11-50 employees,"Berlin, Berlin",,1955,,,2026-06-09T16:58:45Z,2026-06-09T16:59:24Z
2735,https://www.linkedin.com/company/spectrum-aeromed,Spectrum Aeromed,Germany,spectrum-aeromed.com,http://www.spectrum-aeromed.com,Aviation and Aerospace Component Manufacturing,11-50 employees,"Fargo, ND",,1991,,,2026-06-09T17:00:14Z,2026-06-09T17:00:56Z
2736,https://www.linkedin.com/company/8tree,8tree,Germany,8-tree.com,http://www.8-tree.com,Aviation and Aerospace Component Manufacturing,11-50 employees,"Rancho Cucamonga, California",,,,,2026-06-09T17:01:54Z,2026-06-09T17:02:35Z
2737,https://www.linkedin.com/company/changan-europe,Changan Europe,Germany,,,Motor Vehicle Manufacturing,11-50 employees,,,,,,2026-06-09T17:03:15Z,2026-06-09T17:03:56Z
2738,https://www.linkedin.com/company/ferryauto,Ferry,Germany,ferryauto.com,https://www.ferryauto.com/,Motor Vehicle Manufacturing,11-50 employees,"Austin, TEXAS (TX)",,2021,,,2026-06-09T17:04:16Z,2026-06-09T17:04:56Z
2739,https://www.linkedin.com/company/bmw-group-startup-garage,BMW Group Startup Garage,Germany,bmwstartupgarage.com,https://www.bmwstartupgarage.com,Motor Vehicle Manufacturing,11-50 employees,,,2015,,,2026-06-09T17:05:29Z,2026-06-09T17:06:05Z
2740,https://www.linkedin.com/company/car-solutions-international-gmbh,Car Solutions International GmbH,Germany,csi-repair.com,https://csi-repair.com/,Motor Vehicle Manufacturing,11-50 employees,"Neumünster, Schleswig-Holstein",,2019,,,2026-06-09T17:06:50Z,2026-06-09T17:07:29Z
2741,https://www.linkedin.com/company/temot-international-autoparts-gmbh,TEMOT International Autoparts GmbH,Germany,temot.com,http://www.temot.com,Motor Vehicle Manufacturing,11-50 employees,"Düsseldorf, NRW",,1994,,,2026-06-09T17:08:18Z,2026-06-09T17:08:59Z
2742,https://www.linkedin.com/company/automotive-iq,Automotive IQ,Germany,automotive-iq.com,https://www.automotive-iq.com/,Motor Vehicle Manufacturing,11-50 employees,"Victoria, England",,2012,,,2026-06-09T17:09:52Z,2026-06-09T17:10:38Z
2743,https://www.linkedin.com/company/chery-europe-gmbh,Chery Europe GmbH,Germany,cheryinternational.com,https://www.cheryinternational.com/,Motor Vehicle Manufacturing,11-50 employees,"Raunheim, Hessen",,,,,2026-06-09T17:11:21Z,2026-06-09T17:12:03Z
2744,https://www.linkedin.com/company/pdm-automotive,PDM Automotive,Germany,pdmautomotive.com,http://www.pdmautomotive.com,Automotive,11-50 employees,"Seattle, Washington",,2017,,,2026-06-09T17:12:46Z,2026-06-09T17:13:23Z
2745,https://www.linkedin.com/company/unu-ug,unu,Germany,unumotors.com,http://www.unumotors.com,Motor Vehicle Manufacturing,11-50 employees,,,2013,,,2026-06-09T17:14:10Z,2026-06-09T17:14:49Z
2746,https://www.linkedin.com/company/byd-deutschland,BYD Deutschland,Germany,byd.com,https://byd.com/de,Automotive,11-50 employees,,,,,,2026-06-09T17:15:34Z,2026-06-09T17:16:16Z
2747,https://www.linkedin.com/company/e-lyte-innovations-gmbh,E-Lyte - Solutions to power the future!,Germany,e-lyte.de,https://e-lyte.de/,Chemical Manufacturing,11-50 employees,"Kaiserslautern, Rheinland Pfalz",,2019,,,2026-06-09T17:16:59Z,2026-06-09T17:17:35Z
2748,https://www.linkedin.com/company/proteinea,Proteinea,Germany,proteinea.com,https://proteinea.com/,Biotechnology,11-50 employees,"Cambridge, Massachusetts",,2020,,,2026-06-09T17:18:19Z,2026-06-09T17:18:58Z
2749,https://www.linkedin.com/company/gene-cell-mrna-therapy-summit-by-etapa-pharma,"Gene, Cell and mRNA Therapy Network I Etapa Pharma",Germany,mrna.etapapharma.com,https://mrna.etapapharma.com/,Pharmaceutical Manufacturing,11-50 employees,,,,,,2026-06-09T17:20:00Z,2026-06-09T17:20:43Z
2750,https://www.linkedin.com/company/alliesofskin,ALLIES OF SKIN,Germany,alliesofskin.com,http://www.alliesofskin.com,Personal Care Product Manufacturing,11-50 employees,"Los Angeles, California",,2016,,,2026-06-10T17:18:04Z,2026-06-10T17:18:47Z
2751,https://www.linkedin.com/company/pda,PDA - Parenteral Drug Association,Germany,pda.org,pda.org,Pharmaceutical Manufacturing,11-50 employees,"Bethesda, Maryland",,1946,,,2026-06-10T17:19:24Z,2026-06-10T17:20:06Z
2752,https://www.linkedin.com/company/evident-ingredients-gmbh,evident ingredients GmbH,Germany,evident-ingredients.com,http://www.evident-ingredients.com,Personal Care Product Manufacturing,11-50 employees,,,2020,,,2026-06-10T17:20:52Z,2026-06-10T17:21:30Z
2753,https://www.linkedin.com/company/oncimmune,Oncimmune - An Alden Scientific Company,Germany,oncimmune.com,http://www.oncimmune.com,Biotechnology,11-50 employees,"Cambridge, MA",,2006,,,2026-06-10T17:22:13Z,2026-06-10T17:22:52Z
2754,https://www.linkedin.com/company/optimus-life-sciences,Optimus Life Sciences,Germany,,,Pharmaceutical Manufacturing,11-50 employees,,,,,,2026-06-10T17:23:41Z,2026-06-10T17:24:26Z
2755,https://www.linkedin.com/company/laxxon-medical,Laxxon Medical,Germany,laxxonmedical.com,http://www.laxxonmedical.com,Pharmaceutical Manufacturing,11-50 employees,"New York, NY",,,,,2026-06-10T17:24:45Z,2026-06-10T17:25:24Z
2756,https://www.linkedin.com/company/osmetall-steel-solutions-gmbh,OSMETALL Steel Solutions GmbH,Germany,osmetall.com,http://www.osmetall.com,Oil and Gas,11-50 employees,"Ratingen, NRW",,2010,,,2026-06-10T17:26:23Z,2026-06-10T17:26:59Z
2757,https://www.linkedin.com/company/in-vr-energy,IN-VR,Germany,in-vr.co,http://www.in-vr.co,Oil and Gas,11-50 employees,"London, England",,,,,2026-06-10T17:27:44Z,2026-06-10T17:28:27Z
2758,https://www.linkedin.com/company/hotenergygroup,HOT Energy Group,Germany,hoteng.com,https://hoteng.com/,Oil and Gas,11-50 employees,"Austria, -",,1986,,,2026-06-10T17:29:19Z,2026-06-10T17:29:59Z
2759,https://www.linkedin.com/company/aps-grp,APS Group,Germany,apsgrp.com,http://www.apsgrp.com,Oil and Gas,11-50 employees,"Vadodara, Gujarat",,2018,,,2026-06-10T17:30:44Z,2026-06-10T17:31:25Z
2760,https://www.linkedin.com/company/ode.,ODE – DORIS Group Company,Germany,dorisgroup.com,http://www.dorisgroup.com,Oil and Gas,11-50 employees,"Wimbledon, Greater London",,2024,,,2026-06-10T17:32:08Z,2026-06-10T17:32:47Z
2761,https://www.linkedin.com/company/bs-geoscience,Brightskies Geoscience,Germany,bsgeoscience.com,https://bsgeoscience.com/,Oil and Gas,11-50 employees,,,2020,,,2026-06-10T17:33:36Z,2026-06-10T17:34:16Z
2762,https://www.linkedin.com/company/eworldessen,E-world energy & water,Germany,e-world-essen.com,https://www.e-world-essen.com/en/,Oil and Gas,11-50 employees,,,2001,,,2026-06-10T17:35:05Z,2026-06-10T17:35:47Z
2763,https://www.linkedin.com/company/townsendwellcontrol,Townsend Well Control,Germany,townsendwellcontrol.com,http://townsendwellcontrol.com,Oil and Gas,11-50 employees,"Tomball, Texas",,2013,,,2026-06-10T17:36:35Z,2026-06-10T17:37:14Z
2764,https://www.linkedin.com/company/engineered-custom-lubricants,Engineered Custom Lubricants,Germany,ecllube.com,http://www.ecllube.com,Oil and Gas,11-50 employees,"Aurora, Illinois",,1954,,,2026-06-10T17:37:56Z,2026-06-10T17:38:37Z
2765,https://www.linkedin.com/company/sharp-reflections-as,Sharp Reflections,Germany,sharpreflections.com,http://www.sharpreflections.com,Oil and Gas,11-50 employees,,,2010,,,2026-06-10T17:39:20Z,2026-06-10T17:39:56Z
2766,https://www.linkedin.com/company/thraki-yacht-painting,Thraki Yacht Painting,Germany,thrakiyachtpainting.com,http://www.thrakiyachtpainting.com,Shipbuilding,11-50 employees,"Schwentinental, Schleswig-Holstein",,2005,,,2026-06-10T17:40:41Z,2026-06-10T17:41:22Z
2767,https://www.linkedin.com/company/fassmer-service,Fassmer Service,Germany,fassmer-service.de,http://www.fassmer-service.de,Shipbuilding,11-50 employees,"Berne, Lower Saxony",,2006,,,2026-06-10T17:42:07Z,2026-06-10T17:42:47Z
2768,https://www.linkedin.com/company/yachtsign,YACHTSIGN,Germany,yachtsign.com,http://www.yachtsign.com,Shipbuilding,11-50 employees,"Bonita Springs, FL",,2005,,,2026-06-10T17:43:34Z,2026-06-10T17:44:15Z
2769,https://www.linkedin.com/company/sm-electrics-gmbh,sm electrics,Germany,sm-electrics.de,http://www.sm-electrics.de,Shipbuilding,11-50 employees,"Schönberg (Holstein), Schleswig-Holstein",,2002,,,2026-06-10T17:45:08Z,2026-06-10T17:45:50Z
2770,https://www.linkedin.com/company/iyacht-gmbh,iYacht design & engineering,Germany,i-yacht.de,http://www.i-yacht.de,Shipbuilding,11-50 employees,,,2007,,,2026-06-10T17:53:58Z,2026-06-10T17:54:38Z
2771,https://www.linkedin.com/company/yyachts,YYachts,Germany,yyachts.de,https://www.yyachts.de/,Shipbuilding,11-50 employees,"Greifswald, Mecklenburg-Vorpommern",,,,,2026-06-10T17:55:21Z,2026-06-10T17:56:03Z
2772,https://www.linkedin.com/company/meyer-re,MEYER RE,Germany,meyer-re.com,https://www.meyer-re.com/,Shipbuilding,11-50 employees,,,2022,,,2026-06-10T17:56:39Z,2026-06-10T17:57:20Z
2773,https://www.linkedin.com/company/say-carbon,SAY Carbon Yachts,Germany,saycarbon.com,http://saycarbon.com,Shipbuilding,11-50 employees,"Wangen im Allgäu, Baden-Württemberg",,,,,2026-06-10T17:58:07Z,2026-06-10T17:58:49Z
2774,https://www.linkedin.com/company/tyde-gmbh,TYDE,Germany,tyde.one,https://tyde.one/,Shipbuilding,11-50 employees,"Starnberg, Bayern",,,,,2026-06-10T17:59:37Z,2026-06-10T18:00:17Z
2775,https://www.linkedin.com/company/l%C3%BCrssen-logistics-gmbh-&-co-kg,NVL Services,Germany,nvl.de,https://nvl.de/de/nvl-services,Shipbuilding,11-50 employees,"Bremen, HB",,1987,,,2026-06-10T18:01:02Z,2026-06-10T18:01:45Z
2776,https://www.linkedin.com/company/allturtlesco,All Turtles,Germany,all-turtles.com,https://all-turtles.com/,"Technology, Information and Internet",11-50 employees,"Bentonville, Arkansas",,2017,,,2026-06-10T18:02:24Z,2026-06-10T18:03:06Z
2777,https://www.linkedin.com/company/doolahq,doola,Germany,doola.com,https://www.doola.com/?utm_source=linkedin&utm_medium=social&utm_campaign=bio&htrafficsource=linkedin&el=doola,"Technology, Information and Internet",11-50 employees,"New York, NY",,2020,,,2026-06-10T18:03:55Z,2026-06-10T18:04:32Z
2778,https://www.linkedin.com/company/dorsan-filtration,Dorsan® Filtration,Germany,dorsanfiltration.com,http://www.dorsanfiltration.com,Paper and Forest Product Manufacturing,11-50 employees,"Igualada, Barcelona",,2000,,,2026-06-10T18:05:22Z,2026-06-10T18:06:02Z
2779,https://www.linkedin.com/company/pefc-deutschland,PEFC Deutschland e.V.,Germany,pefc.de,https://www.pefc.de,Paper and Forest Product Manufacturing,11-50 employees,"Stuttgart, BW",,1999,,,2026-06-10T18:06:52Z,2026-06-10T18:07:30Z
2780,https://www.linkedin.com/company/grebien-qualifiber%C2%AE-gmbh,GREBIEN QUALIFIBER® GmbH,Germany,qualifiber.com,www.qualifiber.com,Paper and Forest Product Manufacturing,11-50 employees,"St. Stefan im Lavantal , Carinthia",,1998,,,2026-06-10T18:08:16Z,2026-06-10T18:09:00Z
2781,https://www.linkedin.com/company/inter-papier,INTER-PAPIER Handelsgesellschaft mbH,Germany,inter-papier.com,http://www.inter-papier.com,Paper and Forest Product Manufacturing,11-50 employees,"Pinneberg, Schleswig-Holstein",,1959,,,2026-06-10T18:09:49Z,2026-06-10T18:10:27Z
2782,https://www.linkedin.com/company/kurt-schubert-gmbh,Kurt Schubert GmbH,Germany,schubert-gegenzugfolien.de,http://schubert-gegenzugfolien.de,Paper and Forest Product Manufacturing,11-50 employees,"Rietberg, Nordrhein-Westfalen",,1979,,,2026-06-10T18:11:16Z,2026-06-10T18:12:01Z
2783,https://www.linkedin.com/company/creapaper,creapaper GmbH,Germany,creapaper.de,https://www.creapaper.de,Paper and Forest Product Manufacturing,11-50 employees,"Hennef (Sieg), Nordrhein-Westfalen",,2012,,,2026-06-10T18:12:45Z,2026-06-10T18:13:26Z
2784,https://www.linkedin.com/company/fsc-deutschland,FSC Deutschland,Germany,fsc-deutschland.de,https://www.fsc-deutschland.de/,Paper and Forest Product Manufacturing,11-50 employees,"Freiburg im Breisgau, Baden-Württemberg",,1998,,,2026-06-10T18:14:07Z,2026-06-10T18:14:47Z
2785,https://www.linkedin.com/company/emtec-electronic,emtec Electronic GmbH,Germany,emtec-electronic.de,https://www.emtec-electronic.de,Paper and Forest Product Manufacturing,11-50 employees,"Leipzig, Sachsen",,1995,,,2026-06-10T18:15:40Z,2026-06-10T18:16:20Z
2786,https://www.linkedin.com/company/dshwood,DSHwood,Germany,dshwood.com,http://www.dshwood.com,Paper and Forest Product Manufacturing,11-50 employees,,,,,,2026-06-10T18:17:03Z,2026-06-10T18:17:44Z
2787,https://www.linkedin.com/company/outnature,OutNature,Germany,out-nature.de,https://out-nature.de/,Paper and Forest Product Manufacturing,11-50 employees,"Neckarsulm, Baden-Württemberg",,,,,2026-06-10T18:18:30Z,2026-06-10T18:19:10Z
2788,https://www.linkedin.com/company/loohuis-melktechnik,Loohuis Melktechnik,Germany,loohuismelktechnik.de,http://www.loohuismelktechnik.de,Ranching,11-50 employees,"Schüttorf, Neder-Saksen",,,,,2026-06-10T18:19:55Z,2026-06-10T18:20:34Z
2789,https://www.linkedin.com/company/poochy,POOCHY,Germany,poochy.de,http://poochy.de,Ranching,11-50 employees,,,,,,2026-06-10T18:21:10Z,2026-06-10T18:21:52Z
2790,https://www.linkedin.com/company/rinderzucht-lanz-lenzen-ag,Rinderzucht Lanz-Lenzen AG,Germany,holding-lenzen.de,http://holding-lenzen.de,Ranching,11-50 employees,,,1952,,,2026-06-10T21:16:52Z,2026-06-10T21:17:29Z
2791,https://www.linkedin.com/company/%C3%B6zmen-a-,Özmen A.,Germany,,,Ranching,11-50 employees,"Müllheim, Müllheim Baden",,,,,2026-06-10T21:18:17Z,2026-06-10T21:19:01Z
2792,https://www.linkedin.com/company/d%C3%BCrr-samen-stephan-schwenk-e.k.-samengro%C3%9Fhandel,Dürr Samen Stephan Schwenk e.K. Samengroßhandel,Germany,duerr-samen.de,http://duerr-samen.de,Ranching,11-50 employees,,,,,,2026-06-10T21:19:22Z,2026-06-10T21:20:01Z
2793,https://www.linkedin.com/company/woelsau-genetics,BG Wölsau,Germany,fleckvieh-besamung.de,https://www.fleckvieh-besamung.de/,Ranching,11-50 employees,"Marktredwitz, Bavaria",,1951,,,2026-06-10T21:20:36Z,2026-06-10T21:21:11Z
2794,https://www.linkedin.com/company/top-agrar,top agrar,Germany,topagrar.com,http://www.topagrar.com,Ranching,11-50 employees,"Münster, Münster",,,,,2026-06-10T21:21:49Z,2026-06-10T21:22:28Z
2795,https://www.linkedin.com/company/cat-&-clean,Cat & Clean,Germany,catundclean.de,http://catundclean.de,Ranching,11-50 employees,,,,,,2026-06-10T21:23:12Z,2026-06-10T21:23:50Z
2796,https://www.linkedin.com/company/kleymann-viehhandels-gmbh-co-kg,Kleymann Viehhandels GmbH & Co. KG,Germany,kleymann-vieh.de,https://kleymann-vieh.de/,Ranching,11-50 employees,,,1962,,,2026-06-10T21:24:40Z,2026-06-10T21:25:19Z
2797,https://www.linkedin.com/company/canadoo,CANADOO GmbH,Germany,canadoo.de,http://www.canadoo.de,Ranching,11-50 employees,"Seevetal, Lower Saxony",,2014,,,2026-06-10T21:25:54Z,2026-06-10T21:26:35Z
2798,https://www.linkedin.com/company/yomilk,YÖMilk Dairy Group,Germany,yomilch.de,www.yomilch.de,Dairy Product Manufacturing,11-50 employees,"Berlin, Pomorskie",,2022,,,2026-06-10T21:27:13Z,2026-06-10T21:27:55Z
2799,https://www.linkedin.com/company/apollo-milchprodukte-gmbh,Apollo Milchprodukte GmbH,Germany,apollomilch.de,http://www.apollomilch.de,Dairy Product Manufacturing,11-50 employees,,,,,,2026-06-10T21:28:50Z,2026-06-10T21:29:31Z
2800,https://www.linkedin.com/company/trigona-dairy-trade-bv,Trigona Dairy Trade BV,Germany,trigonadairytrade.nl,http://www.trigonadairytrade.nl,Dairy Product Manufacturing,11-50 employees,,,2009,,,2026-06-10T21:30:12Z,2026-06-10T21:30:54Z
2801,https://www.linkedin.com/company/n%C3%B6ll-co-gmbh,Nöll & Co. GmbH,Germany,noell-bueren.de,http://www.noell-bueren.de,Dairy,11-50 employees,,,,,,2026-06-10T21:31:47Z,2026-06-10T21:32:28Z
2802,https://www.linkedin.com/company/idf-iso-analytical-week,IDF/ISO Analytical Week,Germany,idfisoanalyticalweek.com,https://www.idfisoanalyticalweek.com/,Dairy Product Manufacturing,11-50 employees,,,,,,2026-06-10T21:33:21Z,2026-06-10T21:34:00Z
2803,https://www.linkedin.com/company/sch%C3%A4tz-gmbh-co-kg,Schätz GmbH,Germany,schaetz.de,https://www.schaetz.de/,Dairy Product Manufacturing,11-50 employees,"Bad Grönenbach, Bavaria",,1968,,,2026-06-10T21:34:44Z,2026-06-10T21:35:26Z
2804,https://www.linkedin.com/company/mercurius-production-gmbh,Mercurius Production GmbH,Germany,mercurius-production.de,https://mercurius-production.de/en/welcome/,Dairy Product Manufacturing,11-50 employees,"Frankfurt, Hesse",,2019,,,2026-06-10T21:36:07Z,2026-06-10T21:36:48Z
2805,https://www.linkedin.com/company/girando-gmbh,Girofood GmbH,Germany,girofood.de,https://www.girofood.de/,Retail Groceries,11-50 employees,"Ludwigsburg, Baden-Württemberg",,2018,,,2026-06-10T21:37:33Z,2026-06-10T21:38:12Z
2806,https://www.linkedin.com/company/f&f-group,F&F Group,Germany,f-fgroup.com,http://www.f-fgroup.com,Dairy,11-50 employees,"Zeist, Utrecht",,1993,,,2026-06-10T21:38:54Z,2026-06-10T21:39:36Z
2807,https://www.linkedin.com/company/emmi-deutschland-gmbh,Emmi Deutschland GmbH,Germany,group.emmi.com,https://group.emmi.com/deu/de,Dairy Product Manufacturing,11-50 employees,"Essen, North Rhine-Westphalia",,1999,,,2026-06-10T21:40:17Z,2026-06-10T21:40:58Z
2808,https://www.linkedin.com/company/hydroneo,HydroNeo,Germany,hydroneo.net,https://www.hydroneo.net,Fisheries,11-50 employees,"Bang Rak, Bangkok City",,,,,2026-06-10T21:41:56Z,2026-06-10T21:42:31Z
2809,https://www.linkedin.com/company/fischmaster-ip-services-gmbh,Fischmaster IP-Services GmbH,Germany,fischmaster.net,http://www.fischmaster.net,Fisheries,11-50 employees,"Trebur - Hessenaue, Hessen",,2014,,,2026-06-10T21:43:15Z,2026-06-10T21:43:55Z
2810,https://www.linkedin.com/company/heidefisch-gmbh,Heidefisch GmbH,Germany,heidefisch.de,http://heidefisch.de,Fisheries,11-50 employees,,,2009,,,2026-06-10T21:52:32Z,2026-06-10T21:53:11Z
2811,https://www.linkedin.com/company/fischerei-k%C3%B6llnitz,Fischerei Köllnitz,Germany,koellnitz.de,https://koellnitz.de/,Fisheries,11-50 employees,"Storkow (Mark), Brandenburg",,1300,,,2026-06-10T21:53:59Z,2026-06-10T21:54:35Z
2812,https://www.linkedin.com/company/fishx-project,Fish-X,Germany,fish-x.eu,http://www.fish-x.eu/,Fisheries,11-50 employees,"Bad Wiessee, Bavaria",,2022,,,2026-06-10T21:55:14Z,2026-06-10T21:55:54Z
2813,https://www.linkedin.com/company/frischgefischt,Frisch Gefischt,Germany,frischgefischt.de,https://frischgefischt.de/,Fisheries,11-50 employees,"Hamburg, HH",,2019,,,2026-06-10T21:56:41Z,2026-06-10T21:57:17Z
2814,https://www.linkedin.com/company/zenfishone,ZenFish Group,Germany,zenfish.one,http://www.zenfish.one,Fisheries,11-50 employees,,,2021,,,2026-06-10T21:57:58Z,2026-06-10T21:58:37Z
2815,https://www.linkedin.com/company/global-fishing,Global Fishing,Germany,global-fishing.com,http://www.global-fishing.com,Fisheries,11-50 employees,"Kamern, Saxony-Anhalt",,,,,2026-06-10T21:59:23Z,2026-06-10T22:00:05Z
2816,https://www.linkedin.com/company/meeresfr%C3%BCchte-gmbh,Meeresfrüchte GmbH,Germany,meeresfruechte.de,http://www.meeresfruechte.de,Fisheries,11-50 employees,"Cuxhaven, Lower Saxony",,1988,,,2026-06-10T22:00:46Z,2026-06-10T22:01:23Z
2817,https://www.linkedin.com/company/zebco-sports-europe-gmbh,ZEBCO Sports Europe GmbH,Germany,zebco-europe.net,http://www.zebco-europe.net,Fisheries,11-50 employees,"Tostedt, NDS",,,,,2026-06-10T22:02:06Z,2026-06-10T22:02:43Z
2818,https://www.linkedin.com/company/forum-holzbau,FORUM HOLZBAU,Germany,forumholzbau.com,http://www.forumholzbau.com,Higher Education,11-50 employees,"Biel/Bienne, Bern",,2007,,,2026-06-10T22:03:19Z,2026-06-10T22:04:03Z
2819,https://www.linkedin.com/company/rwthinnovation,RWTH Innovation,Germany,rwth-innovation.de,http://www.rwth-innovation.de/,Higher Education,11-50 employees,"Aachen, Deutschland",,2017,,,2026-06-10T22:04:46Z,2026-06-10T22:05:24Z
2820,https://www.linkedin.com/company/epro-360-global-education,Epro 360 LLC - Study Your Degree in the U.S. and Around the World,Germany,epro360.com,https://www.epro360.com/en,Education Administration Programs,11-50 employees,"Miami, Florida",,2013,,,2026-06-10T22:06:19Z,2026-06-10T22:07:02Z
2821,https://www.linkedin.com/company/uwcinternational,UWC International,Germany,uwc.org,http://www.uwc.org,Education Administration Programs,11-50 employees,"London, England",,1962,,,2026-06-10T22:07:52Z,2026-06-10T22:08:31Z
2822,https://www.linkedin.com/company/future-females,Future Females,Germany,,,Education Administration Programs,11-50 employees,"Cape Town, WP",,2017,,,2026-06-10T22:09:13Z,2026-06-10T22:09:54Z
2823,https://www.linkedin.com/company/tbhcircle,TBH Circle,Germany,tbhcircle.com,www.tbhcircle.com,Education Administration Programs,11-50 employees,,,2020,,,2026-06-10T22:10:10Z,2026-06-10T22:10:48Z
2824,https://www.linkedin.com/company/founders-foundation-ggmbh,Founders Foundation gGmbH,Germany,foundersfoundation.de,https://www.foundersfoundation.de,Education Administration Programs,11-50 employees,"Bielefeld, North Rhine-Westphalia",,2016,,,2026-06-10T22:11:28Z,2026-06-10T22:12:12Z
2825,https://www.linkedin.com/company/ifsadotnet,International Forestry Students'​ Association (IFSA),Germany,ifsa.net,http://www.ifsa.net,Education Administration Programs,11-50 employees,,,1973,,,2026-06-10T22:12:58Z,2026-06-10T22:13:42Z
2826,https://www.linkedin.com/company/esmc-dresden,ESMC,Germany,esmc.eu,https://www.esmc.eu/en/index.html,Semiconductor Manufacturing,11-50 employees,,,,,,2026-06-10T22:14:32Z,2026-06-10T22:15:11Z
2827,https://www.linkedin.com/company/silicon-saxony,Silicon Saxony,Germany,silicon-saxony.de,https://www.silicon-saxony.de,Semiconductor Manufacturing,11-50 employees,,,2000,,,2026-06-10T22:15:54Z,2026-06-10T22:16:33Z
2828,https://www.linkedin.com/company/renewable-energy-hamburg,Renewable Energy Hamburg,Germany,erneuerbare-energien-hamburg.de,https://www.erneuerbare-energien-hamburg.de/de/,Renewable Energy Semiconductor Manufacturing,11-50 employees,"Hamburg, Hamburg",,2010,,,2026-06-10T22:17:23Z,2026-06-10T22:18:04Z
2829,https://www.linkedin.com/company/firstammonia,First Ammonia,Germany,firstammonia.com,http://www.firstammonia.com,Renewable Energy Semiconductor Manufacturing,11-50 employees,"New York, NY",,2022,,,2026-06-10T22:18:55Z,2026-06-10T22:19:35Z
2830,https://www.linkedin.com/company/solar-manager,Solar Manager,Germany,solarmanager.ch,https://www.solarmanager.ch,Renewable Energy Semiconductor Manufacturing,11-50 employees,"Muri (Aargau), Aargau",,2018,,,2026-06-12T00:08:47Z,2026-06-12T00:09:33Z
2831,https://www.linkedin.com/company/bwpev,Bundesverband Wärmepumpe (BWP) e. V.,Germany,waermepumpe.de,http://www.waermepumpe.de,Renewable Energy Semiconductor Manufacturing,11-50 employees,,,1993,,,2026-06-12T00:10:20Z,2026-06-12T00:10:59Z
2832,https://www.linkedin.com/company/intersolar,Intersolar,Germany,intersolar.de,http://www.intersolar.de,Renewable Energy Semiconductor Manufacturing,11-50 employees,,,1991,,,2026-06-12T00:11:56Z,2026-06-12T00:12:36Z
2833,https://www.linkedin.com/company/axonne,AXONNE,Germany,axonne.com,https://www.axonne.com/,Semiconductor Manufacturing,11-50 employees,"San Jose, California",,2018,,,2026-06-12T00:13:13Z,2026-06-12T00:13:51Z
2834,https://www.linkedin.com/company/bee-ev,Bundesverband Erneuerbare Energie e.V. (BEE),Germany,bee-ev.de,https://www.bee-ev.de,Renewable Energy Semiconductor Manufacturing,11-50 employees,,,1991,,,2026-06-12T00:14:38Z,2026-06-12T00:15:17Z
2835,https://www.linkedin.com/company/verilab,Verilab,Germany,verilab.com,http://www.verilab.com/,Semiconductor Manufacturing,11-50 employees,"Austin, TX",,2000,,,2026-06-12T00:16:21Z,2026-06-12T00:17:04Z
2836,https://www.linkedin.com/company/research-in-germany,Research in Germany,Germany,research-in-germany.org,https://www.research-in-germany.org,Research Services,11-50 employees,"Bonn, Nordrhein-Westfalen",,,,,2026-06-12T00:17:53Z,2026-06-12T00:18:37Z
2837,https://www.linkedin.com/company/mlearning-ai,Machine Learning,Germany,mlearning.substack.com,https://mlearning.substack.com,Research Services,11-50 employees,,,2019,,,2026-06-12T00:19:12Z,2026-06-12T00:19:53Z
2838,https://www.linkedin.com/company/t-knife,T-knife Therapeutics,Germany,t-knife.com,http://www.t-knife.com,Biotechnology Research,11-50 employees,,,2019,,,2026-06-12T00:20:36Z,2026-06-12T00:21:17Z
2839,https://www.linkedin.com/company/quantumzeitgeist,Quantum Zeitgeist,Germany,quantumzeitgeist.com,https://QuantumZeitgeist.com,Research Services,11-50 employees,,,2019,,,2026-06-12T00:22:07Z,2026-06-12T00:22:48Z
2840,https://www.linkedin.com/company/iot-analytics,IoT Analytics,Germany,iot-analytics.com,https://iot-analytics.com,Research Services,11-50 employees,,,,,,2026-06-12T00:23:27Z,2026-06-12T00:24:10Z
2841,https://www.linkedin.com/company/inceptivenucleics,Inceptive,Germany,inceptive.com,http://inceptive.com,Biotechnology Research,11-50 employees,"Palo Alto, California",,2021,,,2026-06-12T00:24:56Z,2026-06-12T00:25:34Z
2842,https://www.linkedin.com/company/airna-bio,AIRNA,Germany,airna.com,www.airna.com,Biotechnology Research,11-50 employees,"Cambridge, MA",,2021,,,2026-06-12T00:26:17Z,2026-06-12T00:26:54Z
2843,https://www.linkedin.com/company/leapsbybayer,Leaps by Bayer,Germany,leaps.bayer.com,http://leaps.bayer.com,Research,11-50 employees,,,2015,,,2026-06-12T00:27:47Z,2026-06-12T00:28:36Z
2844,https://www.linkedin.com/company/sdgaction,UN SDG Action Campaign,Germany,sdgactioncampaign.org,https://sdgactioncampaign.org/,International Affairs,11-50 employees,"Bonn, North Rhine-Westphalia",,2002,,,2026-06-12T00:29:24Z,2026-06-12T00:30:03Z
2845,https://www.linkedin.com/company/ifs-international-featured-standards,IFS - International Featured Standards,Germany,ifs-certification.com,http://www.ifs-certification.com,Public Safety,11-50 employees,"Berlin, Berlin",,2002,,,2026-06-12T00:30:44Z,2026-06-12T00:31:23Z
2846,https://www.linkedin.com/company/united-nations-office-for-outer-space-affairs,United Nations Office for Outer Space Affairs (UNOOSA),Germany,unoosa.org,http://www.unoosa.org/,International Affairs,11-50 employees,"Vienna, Vienna",,1958,,,2026-06-12T00:32:07Z,2026-06-12T00:32:48Z
2847,https://www.linkedin.com/company/worldhealthsummit,World Health Summit,Germany,worldhealthsummit.org,http://www.worldhealthsummit.org,Public Health,11-50 employees,"Berlin, BE",,2009,,,2026-06-12T00:33:39Z,2026-06-12T00:34:18Z
2848,https://www.linkedin.com/company/gppi-berlin,Global Public Policy Institute (GPPi),Germany,gppi.net,http://www.gppi.net,International Affairs,11-50 employees,,,2003,,,2026-06-12T00:35:08Z,2026-06-12T00:35:44Z
2849,https://www.linkedin.com/company/wirtschaftsfoerderung-duesseldorf,The Office of Economic Development Düsseldorf,Germany,duesseldorf.de,https://www.duesseldorf.de/wirtschaftsfoerderung.html,Government Administration,11-50 employees,"Düsseldorf, Nordrhein-Westfalen",,,,,2026-06-12T00:36:25Z,2026-06-12T00:37:03Z
2850,https://www.linkedin.com/company/bundesinstitut-f%C3%BCr-berufsbildung,Bundesinstitut für Berufsbildung (BIBB),Germany,bibb.de,https://www.bibb.de/de/impressum.php,Executive Offices,"501-1,000 employees","Bonn, North Rhine-Westphalia",,1970,,,2026-06-12T00:43:41Z,2026-06-12T00:44:21Z
2851,https://www.linkedin.com/company/cybervalley,Cyber Valley,Germany,cyber-valley.de,https://cyber-valley.de/,Executive Offices,11-50 employees,"Stuttgart/Tübingen, Baden-Württemberg",,2016,,,2026-06-12T00:45:07Z,2026-06-12T00:45:50Z
2852,https://www.linkedin.com/company/antidiskriminierungsstelle-des-bundes,Antidiskriminierungsstelle des Bundes,Germany,antidiskriminierungsstelle.de,http://www.antidiskriminierungsstelle.de,Executive Offices,11-50 employees,"Berlin, Berlin",,2006,,,2026-06-12T00:46:29Z,2026-06-12T00:47:06Z
2853,https://www.linkedin.com/company/bayika,Bayerische Ingenieurekammer-Bau,Germany,bayika.de,https://www.bayika.de,Executive Offices,11-50 employees,"München, Bayern",,,,,2026-06-12T00:47:58Z,2026-06-12T00:48:37Z
2854,https://www.linkedin.com/company/german-american-chamber-of-commerce-california,German American Chamber of Commerce California,Germany,gaccca.org,http://www.gaccca.org,Executive Offices,11-50 employees,"San Diego, CA",,2003,,,2026-06-12T00:49:19Z,2026-06-12T00:49:59Z
2855,https://www.linkedin.com/company/bundessteuerberaterkammer,Bundessteuerberaterkammer KdöR,Germany,bstbk.de,www.bstbk.de,Executive Offices,11-50 employees,,,1961,,,2026-06-12T00:50:40Z,2026-06-12T00:51:21Z
2856,https://www.linkedin.com/company/ikbaunrw,Ingenieurkammer-Bau Nordrhein-Westfalen,Germany,ikbaunrw.de,http://ikbaunrw.de,Executive Offices,11-50 employees,,,,,,2026-06-12T00:52:14Z,2026-06-12T00:52:54Z
2857,https://www.linkedin.com/company/wirtschaftsfoerderung-stadt-erfurt,Wirtschaftsförderung Stadt Erfurt,Germany,erfurt.de,http://www.erfurt.de/wirtschaft,Executive Offices,11-50 employees,"Erfurt, Thüringen",,,,,2026-06-12T00:53:35Z,2026-06-12T00:54:11Z
2858,https://www.linkedin.com/company/mredgarperez,"MrEdgarPerez.com, Global Representation for Business and Technology Keynote Speaker Edgar Perez",Germany,mredgarperez.com,http://www.MrEdgarPerez.com,Executive Offices,11-50 employees,"New York, NY",,2012,,,2026-06-12T00:54:58Z,2026-06-12T00:55:37Z
2859,https://www.linkedin.com/company/deutscher-nachhaltigkeitskodex,Deutscher Nachhaltigkeitskodex (DNK),Germany,deutscher-nachhaltigkeitskodex.de,https://www.deutscher-nachhaltigkeitskodex.de/,Executive Offices,11-50 employees,,,,,,2026-06-12T00:56:20Z,2026-06-12T00:56:55Z
2860,https://www.linkedin.com/company/engagespark,engageSPARK,Germany,engagespark.com,https://www.engagespark.com,Telecommunications,11-50 employees,,,2012,,,2026-06-12T00:57:43Z,2026-06-12T00:58:23Z
2861,https://www.linkedin.com/company/fonio-ai,fonio.ai,Germany,fonio.ai,https://www.fonio.ai/en,Telecommunications,51-200 employees,,,2024,,,2026-06-12T00:59:08Z,2026-06-12T00:59:47Z
2862,https://www.linkedin.com/company/wearable-technologies-ag,Wearable Technologies AG,Germany,wearable-technologies.com,http://www.wearable-technologies.com,Wireless Services,11-50 employees,,,2006,,,2026-06-12T01:00:35Z,2026-06-12T01:01:18Z
2863,https://www.linkedin.com/company/rapidrf,RapidRF AI,Germany,rapidrf.com,www.rapidrf.com,Telecommunications,11-50 employees,"San Diego, California",,,,,2026-06-12T01:02:04Z,2026-06-12T01:02:42Z
2864,https://www.linkedin.com/company/zerophase-defense,ZeroPhase,Germany,zerophase.de,https://zerophase.de,Telecommunications,11-50 employees,,,2025,,,2026-06-12T01:03:25Z,2026-06-12T01:04:08Z
2865,https://www.linkedin.com/company/babelforce,babelforce,Germany,babelforce.com,http://www.babelforce.com,Software Development,11-50 employees,,,2013,,,2026-06-12T01:04:50Z,2026-06-12T01:05:28Z
2866,https://www.linkedin.com/company/bundesverband-breitbandkommunikation-e-v-breko-,BREKO Bundesverband Breitbandkommunikation e.V.,Germany,brekoverband.de,https://www.brekoverband.de,Telecommunications,11-50 employees,"Bonn, North Rhine-Westphalia",,1999,,,2026-06-12T01:06:20Z,2026-06-12T01:07:07Z
2867,https://www.linkedin.com/company/stellartc,stellar //,Germany,stellar.tc,https://stellar.tc/,Telecommunications,11-50 employees,,,2021,,,2026-06-12T01:07:58Z,2026-06-12T01:08:39Z
2868,https://www.linkedin.com/company/hubraumdt,hubraum,Germany,hubraum.com,https://www.hubraum.com,Telecommunications,11-50 employees,,,2012,,,2026-06-12T01:09:30Z,2026-06-12T01:10:06Z
2869,https://www.linkedin.com/company/vatm,VATM,Germany,vatm.de,http://www.vatm.de,Telecommunications,11-50 employees,,,1998,,,2026-06-12T01:10:52Z,2026-06-12T01:11:32Z
2870,https://www.linkedin.com/company/interactive-digital-media-gmbh,IDM - Interactive Digital Media,Germany,i-digital-m.com,http://www.i-digital-m.com/,Telecommunications,11-50 employees,"Lübeck, Schleswig-Holstein",,,,,2026-06-12T21:20:28Z,2026-06-12T21:21:11Z
2871,https://www.linkedin.com/company/cliq-digital,CLIQ Digital,Germany,cliqdigital.com,http://www.cliqdigital.com,Online Audio and Video Media,11-50 employees,,,2005,,,2026-06-12T21:21:56Z,2026-06-12T21:22:36Z
2872,https://www.linkedin.com/company/dresslife,dresslife,Germany,dresslife.com,https://dresslife.com,Information Services,11-50 employees,"San Francisco, California",,,,,2026-06-12T21:23:27Z,2026-06-12T21:24:04Z
2873,https://www.linkedin.com/company/women-automotive-network,Women Automotive Network,Germany,womenautomotivenetwork.com,https://womenautomotivenetwork.com/,Business Content,11-50 employees,,,2019,,,2026-06-12T21:24:52Z,2026-06-12T21:25:31Z
2874,https://www.linkedin.com/company/volksverpetzer,Volksverpetzer,Germany,volksverpetzer.de,http://volksverpetzer.de,Online Audio and Video Media,11-50 employees,,,2019,,,2026-06-12T21:26:22Z,2026-06-12T21:26:59Z
2875,https://www.linkedin.com/company/nbyula,Nbyula - Skillizens without Borders,Germany,nbyula.com,https://nbyula.com,Internet Publishing,11-50 employees,,,2014,,,2026-06-12T21:27:48Z,2026-06-12T21:28:26Z
2876,https://www.linkedin.com/company/orbis-america,"ORBIS America, Inc.",Germany,orbisusa.com,http://www.orbisusa.com,Information Services,11-50 employees,"McLean, Virginia",,1997,,,2026-06-12T21:29:09Z,2026-06-12T21:29:49Z
2877,https://www.linkedin.com/company/packaging-journal,packaging journal,Germany,packaging-journal.de,http://www.packaging-journal.de,Business Content,11-50 employees,"Hürth, North Rhine-Westphalia",,2002,,,2026-06-12T21:30:32Z,2026-06-12T21:31:10Z
2878,https://www.linkedin.com/company/cpm-defence-network,defence-network.com,Germany,defence-network.com,http://www.defence-network.com,Internet News,11-50 employees,"Meckenheim, North Rhine-Westphalia",,1989,,,2026-06-12T21:31:59Z,2026-06-12T21:32:34Z
2879,https://www.linkedin.com/company/vegconomist,vegconomist,Germany,vegconomist.com,https://vegconomist.com/,Internet Publishing,2-10 employees,"Berlin, Berlin",,2018,,,2026-06-12T21:33:19Z,2026-06-12T21:33:59Z
2880,https://www.linkedin.com/company/fid-ost,"Fachinformationsdienst Ost-, Ostmittel- und Südosteuropa (FID Ost)",Germany,osmikon.de,https://www.osmikon.de/,Libraries,11-50 employees,"Munich, Bavaria",,2016,,,2026-06-12T21:34:41Z,2026-06-12T21:35:23Z
2881,https://www.linkedin.com/company/nexbib,Nexbib,Germany,nexbib.com,http://www.nexbib.com,Libraries,11-50 employees,,,2020,,,2026-06-12T21:36:03Z,2026-06-12T21:36:44Z
2882,https://www.linkedin.com/company/deutscher-bibliotheksverband-e-v,Deutscher Bibliotheksverband e.V. (dbv),Germany,bibliotheksverband.de,https://www.bibliotheksverband.de/,Libraries,11-50 employees,,,1949,,,2026-06-12T21:37:35Z,2026-06-12T21:38:15Z
2883,https://www.linkedin.com/company/unibib-ilmenau,Universitätsbibliothek Ilmenau,Germany,tu-ilmenau.de,https://www.tu-ilmenau.de/ub/,Libraries,11-50 employees,"Ilmenau, Thüringen",,,,,2026-06-12T21:38:56Z,2026-06-12T21:39:39Z
2884,https://www.linkedin.com/company/mk-solutions,mk Solutions,Germany,mksolutions.com,http://www.mksolutions.com,Libraries,11-50 employees,"York, Pennsylvania",,2008,,,2026-06-12T21:40:19Z,2026-06-12T21:41:00Z
2885,https://www.linkedin.com/company/fid-ska,Fachinformationsdienst Sozial- und Kulturanthropologie (FID SKA),Germany,evifa.de,https://www.evifa.de/de,Libraries,11-50 employees,,,,,,2026-06-12T21:41:44Z,2026-06-12T21:42:24Z
2886,https://www.linkedin.com/company/leo-baeck-institute-inc,Leo Baeck Institute – New York | Berlin,Germany,lbi.org,http://www.lbi.org,Libraries,11-50 employees,"New York, New York",,1955,,,2026-06-12T21:43:16Z,2026-06-12T21:43:57Z
2887,https://www.linkedin.com/company/universit%C3%A4tsbibliothek-freiberg,Universitätsbibliothek Freiberg,Germany,tu-freiberg.de,https://tu-freiberg.de/ub,Libraries,11-50 employees,"Freiberg, Saxony",,1765,,,2026-06-12T21:44:44Z,2026-06-12T21:45:26Z
2888,https://www.linkedin.com/company/schleswig-holsteinischelandesbibliothek,Kulturspeicher SH,Germany,schleswig-holstein.de,www.schleswig-holstein.de/shlb,Libraries,11-50 employees,"Kiel, Schleswig-Holstein",,1896,,,2026-06-12T21:46:08Z,2026-06-12T21:46:47Z
2889,https://www.linkedin.com/company/dansk-centralbibliotek-for-sydslesvig-e-v-,Dansk Centralbibliotek for Sydslesvig e.V.,Germany,dcbib.dk,http://www.dcbib.dk,Libraries,11-50 employees,"Flensburg, Schleswig-Holstein",,1891,,,2026-06-12T21:47:29Z,2026-06-12T21:48:10Z
2890,https://www.linkedin.com/company/24163,DIFC,Germany,difc.com,http://www.difc.com,Financial Services,201-500 employees,,,2004,,,2026-06-12T21:54:58Z,2026-06-12T21:55:40Z
2891,https://www.linkedin.com/company/sykell-reusable,Sykell,Germany,sykell.com,https://www.sykell.com,Environmental Services,11-50 employees,,,2021,,,2026-06-12T21:56:36Z,2026-06-12T21:57:12Z
2892,https://www.linkedin.com/company/croptrust,Crop Trust,Germany,croptrust.org,http://www.croptrust.org,Environmental Services,11-50 employees,,,2004,,,2026-06-12T21:58:03Z,2026-06-12T21:58:45Z
2893,https://www.linkedin.com/company/climate-focus-b.v.,Climate Focus,Germany,climatefocus.com,http://www.climatefocus.com,Environmental Services,11-50 employees,,,2004,,,2026-06-12T21:59:36Z,2026-06-12T22:00:16Z
2894,https://www.linkedin.com/company/carbonfuture,Carbonfuture,Germany,carbonfuture.earth,https://www.carbonfuture.earth?utm_source=linkedin&utm_medium=social&utm_campaign=linkedin_visit_website&utm_content=button,Environmental Services,11-50 employees,"Freiburg, Baden-Württemberg",,2020,,,2026-06-12T22:01:01Z,2026-06-12T22:01:43Z
2895,https://www.linkedin.com/company/nachhaltigkeitspreis,Deutscher Nachhaltigkeitspreis,Germany,ow.ly,https://ow.ly/n3Z750RgRB9,Environmental Services,11-50 employees,"Düsseldorf, North Rhine-Westphalia",,2008,,,2026-06-12T22:02:26Z,2026-06-12T22:03:05Z
2896,https://www.linkedin.com/company/ucaneo,Ucaneo,Germany,ucaneo.com,https://www.ucaneo.com/,Environmental Services,11-50 employees,"Berlin, BE",,2022,,,2026-06-12T22:03:58Z,2026-06-12T22:04:43Z
2897,https://www.linkedin.com/company/planetwild-official,Planet Wild,Germany,planetwild.com,https://planetwild.com,Environmental Services,11-50 employees,"Berlin, Berlin",,2023,,,2026-06-12T22:05:26Z,2026-06-12T22:06:07Z
2898,https://www.linkedin.com/company/icapsecretariat,International Carbon Action Partnership (ICAP),Germany,icapcarbonaction.com,https://icapcarbonaction.com/,Environmental Services,11-50 employees,,,2007,,,2026-06-12T22:07:03Z,2026-06-12T22:07:51Z
2899,https://www.linkedin.com/company/greentech-festival,GREENTECH FESTIVAL,Germany,greentechfestival.com,https://greentechfestival.com/,Environmental Services,11-50 employees,,,2008,,,2026-06-12T22:08:36Z,2026-06-12T22:09:15Z
2900,https://www.linkedin.com/company/speditions--und-logistikverband-hessen-rheinland-pfalz-e.v.,Speditions- und Logistikverband Hessen/Rheinland-Pfalz e.V.,Germany,slv-spediteure.de,http://slv-spediteure.de,Freight and Package Transportation,11-50 employees,,,,,,2026-06-12T22:09:59Z,2026-06-12T22:10:37Z
2901,https://www.linkedin.com/company/osalogistikgmbh,OSA Logistik GmbH,Germany,osalog.de,www.osalog.de,Freight and Package Transportation,11-50 employees,"Hamburg , Hamburg",,2008,,,2026-06-12T22:11:22Z,2026-06-12T22:12:00Z
2902,https://www.linkedin.com/company/mail-boxes-etc-garching,Mail Boxes Etc. Garching b. München,Germany,mbe.de,https://www.mbe.de/2545,Freight and Package Transportation,11-50 employees,"Garching bei München, Bayern",,2016,,,2026-06-12T22:12:42Z,2026-06-12T22:13:23Z
2903,https://www.linkedin.com/company/sunship-schiffahrtskontor-kg-reederei-m.-lauterjung,Sunship Schiffahrtskontor KG Reederei M. Lauterjung,Germany,sunship.de,http://sunship.de,Freight and Package Transportation,11-50 employees,,,1979,,,2026-06-12T22:14:00Z,2026-06-12T22:14:36Z
2904,https://www.linkedin.com/company/klaus-altmann-transport-und-speditions-gmbh,"Klaus Altmann, Transport-und Speditions GmbH",Germany,altmann-spedition.de,http://www.altmann-spedition.de,Freight and Package Transportation,11-50 employees,,,1990,,,2026-06-12T22:15:20Z,2026-06-12T22:15:58Z
2905,https://www.linkedin.com/company/spedition-neuner-gmbh,Spedition Neuner GmbH & Co. KG,Germany,spedition-neuner.de,http://spedition-neuner.de,Freight and Package Transportation,11-50 employees,,,1974,,,2026-06-12T22:16:37Z,2026-06-12T22:17:14Z
2906,https://www.linkedin.com/company/hermesborderguru,Hermes BorderGuru,Germany,hermesborderguru.com,http://www.hermesborderguru.com,Freight and Package Transportation,11-50 employees,"Hamburg, Hamburg",,2014,,,2026-06-12T22:18:00Z,2026-06-12T22:18:37Z
2907,https://www.linkedin.com/company/kommt-overnight,KOMMT Overnight,Germany,,,Freight and Package Transportation,11-50 employees,,,,,,2026-06-12T22:19:20Z,2026-06-12T22:19:59Z
2908,https://www.linkedin.com/company/collico-verpackungslogistik-und-service-gmbh,COLLICO Verpackungslogistik und Service GmbH,Germany,collico.de,https://collico.de/,Freight and Package Transportation,11-50 employees,"Oberhausen, NRW",,,,,2026-06-12T22:20:29Z,2026-06-12T22:21:11Z
2909,https://www.linkedin.com/company/lithium-battery-service,Lithium Battery Service,Germany,lithium-batterie-service.de,https://www.lithium-batterie-service.de,Freight and Package Transportation,11-50 employees,"München, Bayern",,2014,,,2026-06-12T22:21:46Z,2026-06-12T22:22:25Z
2910,https://www.linkedin.com/company/impact-hub-berlin,Impact Hub Berlin,Germany,berlin.impacthub.net,https://berlin.impacthub.net/,Civic and Social Organizations,11-50 employees,,,2013,,,2026-06-13T04:02:59Z,2026-06-13T04:03:41Z
2911,https://www.linkedin.com/company/ifoam-organicsinternational,IFOAM - Organics International,Germany,ifoam.bio,http://www.ifoam.bio,Civic and Social Organizations,11-50 employees,"Bonn, Rheinland Westfalen",,1972,,,2026-06-13T04:04:32Z,2026-06-13T04:05:10Z
2912,https://www.linkedin.com/company/democratic-society,Democratic Society,Germany,demsoc.org,http://www.demsoc.org,Civic and Social Organizations,11-50 employees,"Brussels, Brussels Region",,2006,,,2026-06-13T04:05:51Z,2026-06-13T04:06:28Z
2913,https://www.linkedin.com/company/yunus-social-business,Yunus Social Business,Germany,yunussb.com,http://www.yunussb.com,Civic and Social Organizations,11-50 employees,,,2011,,,2026-06-13T04:07:17Z,2026-06-13T04:07:57Z
2914,https://www.linkedin.com/company/urban-future-global-conference,Urban Future,Germany,urban-future.org,https://urban-future.org/,Civic and Social Organizations,11-50 employees,,,2013,,,2026-06-13T04:08:42Z,2026-06-13T04:09:25Z
2915,https://www.linkedin.com/company/hackers-founders,Hackers/Founders,Germany,hf.cx,http://hf.cx,Civic and Social Organizations,11-50 employees,"San Jose, California",,2008,,,2026-06-13T04:10:14Z,2026-06-13T04:10:52Z
2916,https://www.linkedin.com/company/better-politics,Better Politics Foundation,Germany,betterpolitics.foundation,https://www.betterpolitics.foundation/,Civic and Social Organizations,11-50 employees,,,,,,2026-06-13T04:11:46Z,2026-06-13T04:12:31Z
2917,https://www.linkedin.com/company/space-plus-store,Space Plus Store GmbH,Germany,myspaceplus.de,http://www.myspaceplus.de,Warehousing and Storage,11-50 employees,"Holzbüttgen, North Rhine-Westphalia",,2020,,,2026-06-13T04:13:21Z,2026-06-13T04:14:00Z
2918,https://www.linkedin.com/company/remystahl,Remystahl GmbH & Co. KG,Germany,remystahl.de,https://www.remystahl.de,Warehousing and Storage,11-50 employees,"Hagen, NRW",,1856,,,2026-06-13T04:14:49Z,2026-06-13T04:15:31Z
2919,https://www.linkedin.com/company/r-o-s-deutschland-gmbh,ROS Deutschland GmbH,Germany,rosdeutschland.de,http://www.rosdeutschland.de,Warehousing and Storage,11-50 employees,"Korb, Baden-Württemberg",,2009,,,2026-06-13T04:16:16Z,2026-06-13T04:16:53Z
2920,https://www.linkedin.com/company/rr-fischer,RR Fischer GmbH,Germany,rr-fischer.com,www.rr-fischer.com,Warehousing and Storage,11-50 employees,,,2023,,,2026-06-13T04:17:34Z,2026-06-13T04:18:12Z
2921,https://www.linkedin.com/company/lagerkarton-systembox-gmbh,Lagerkarton Systembox GmbH®,Germany,lagerkarton.de,https://www.lagerkarton.de/,Warehousing,11-50 employees,"Ahaus, North Rhine-Westphalia",,2022,,,2026-06-13T04:19:00Z,2026-06-13T04:19:43Z
2922,https://www.linkedin.com/company/schwerlast-terminal-niederrhein,Schwerlast Terminal Niederrhein GmbH,Germany,schwerlast-terminal.de,http://www.schwerlast-terminal.de/,Warehousing and Storage,11-50 employees,"Wesel, Nordrhein-Westfalen",,2014,,,2026-06-13T04:20:23Z,2026-06-13T04:21:04Z
2923,https://www.linkedin.com/company/storemore,storemore,Germany,storemore.com,http://www.storemore.com,Warehousing and Storage,11-50 employees,,,,,,2026-06-13T04:21:39Z,2026-06-13T04:22:20Z
2924,https://www.linkedin.com/company/trisor,Trisor GmbH,Germany,trisor.de,https://trisor.de/business/,Warehousing and Storage,11-50 employees,,,2019,,,2026-06-13T04:23:08Z,2026-06-13T04:23:49Z
2925,https://www.linkedin.com/company/volume-lagersysteme-gmbh,VOLUME Lagersysteme GmbH,Germany,volume.eu,https://www.volume.eu/,Warehousing and Storage,11-50 employees,"Dresden, Saxony",,2017,,,2026-06-13T04:24:34Z,2026-06-13T04:25:13Z
2926,https://www.linkedin.com/company/gilde-logistik,GILDE Logistik,Germany,gilde-logistik.de,https://www.gilde-logistik.de/,Warehousing and Storage,11-50 employees,"Bocholt, Nordrhein-Westfalen",,,,,2026-06-13T04:25:59Z,2026-06-13T04:26:38Z
2927,https://www.linkedin.com/company/messe-friedrichshafen-gmbh,Messe Friedrichshafen GmbH,Germany,messe-friedrichshafen.de,http://www.messe-friedrichshafen.de,Events Services,51-200 employees,,,,,,2026-06-13T04:27:12Z,2026-06-13T04:27:52Z
2928,https://www.linkedin.com/company/avitrader-publications-corp,AviTrader Aviation News,Germany,avitrader.com,https://avitrader.com,Airlines and Aviation,11-50 employees,"Richmond, British Columbia",,2005,,,2026-06-13T04:28:33Z,2026-06-13T04:29:13Z
2929,https://www.linkedin.com/company/staffnowsl,StaffNow.aero,Germany,staffnow.aero,https://staffnow.aero/,Airlines and Aviation,11-50 employees,,,2021,,,2026-06-13T04:29:52Z,2026-06-13T04:30:33Z
2930,https://www.linkedin.com/company/strike-aviation-group,Strike Aviation Group,Germany,strike.aero,https://www.strike.aero,Airlines and Aviation,11-50 employees,"Mörfelden-Walldorf, Hessen",,1997,,,2026-06-13T04:39:23Z,2026-06-13T04:40:03Z
2931,https://www.linkedin.com/company/aviation-job-com,Aviation-Job - the job board made by aviation experts for aviation enthusiasts,Germany,aviation-job.com,https://www.aviation-job.com,Airlines and Aviation,11-50 employees,"Frankfurt, Hesse",,2006,,,2026-06-13T04:40:52Z,2026-06-13T04:41:32Z
2932,https://www.linkedin.com/company/globalhelicopterservice,Global Helicopter Service GmbH,Germany,global-helicopter-service.com,http://www.global-helicopter-service.com,Airlines and Aviation,11-50 employees,,,2014,,,2026-06-13T04:42:13Z,2026-06-13T04:42:49Z
2933,https://www.linkedin.com/company/dship,dship Carriers,Germany,dship-carriers.com,http://www.dship-carriers.com,Maritime Transportation,11-50 employees,"Hamburg, Hamburg",,2015,,,2026-06-13T04:43:45Z,2026-06-13T04:44:25Z
2934,https://www.linkedin.com/company/minship-shipmanagement,MINSHIP Shipmanagement GmbH & Co. KG,Germany,minship.com,https://www.minship.com,Maritime,11-50 employees,"Schnaittenbach, Bayern",,2017,,,2026-06-13T04:45:16Z,2026-06-13T04:45:55Z
2935,https://www.linkedin.com/company/ocean7-projects,OCEAN7 Group,Germany,ocean7projects.com,http://www.ocean7projects.com,Maritime Transportation,11-50 employees,"Fredericia, Region of Southern Denmark",,2013,,,2026-06-13T04:46:39Z,2026-06-13T04:47:20Z
2936,https://www.linkedin.com/company/bernhard-schulte-offshore-gmbh,Bernhard Schulte Offshore GmbH,Germany,bs-offshore.com,http://www.bs-offshore.com,Maritime Transportation,11-50 employees,,,,,,2026-06-13T04:48:00Z,2026-06-13T04:48:42Z
2937,https://www.linkedin.com/company/verbanddeutscherreeder,German Shipowners Association,Germany,reederverband.de,http://www.reederverband.de,Maritime Transportation,11-50 employees,"Hamburg, Hamburg",,1907,,,2026-06-13T04:49:28Z,2026-06-13T04:50:06Z
2938,https://www.linkedin.com/company/vtsshipping,VTS Shipping Global Marine Survey & Consultancy Services,Germany,vtsshipping.com,http://www.vtsshipping.com,Maritime Transportation,11-50 employees,"İstanbul, Tuzla",,2004,,,2026-06-13T04:50:58Z,2026-06-13T04:51:37Z
2939,https://www.linkedin.com/company/marprogroup,MARPRO Group,Germany,marprogroup.com,http://www.marprogroup.com,Maritime Transportation,11-50 employees,"Helsingør, Capital Region",,2017,,,2026-06-13T04:52:24Z,2026-06-13T04:53:02Z
2940,https://www.linkedin.com/company/locke-mccloud,Locke and McCloud,Germany,locke-mccloud.com,http://locke-mccloud.com,IT Services and IT Consulting,11-50 employees,"London, London",,,,,2026-06-13T04:53:48Z,2026-06-13T04:54:32Z
2941,https://www.linkedin.com/company/faceup-com,FaceUp Technology,Germany,faceup.com,https://www.faceup.com/en,IT Services and IT Consulting,11-50 employees,"Charleston, South Carolina",,2017,,,2026-06-13T04:55:15Z,2026-06-13T04:55:54Z
2942,https://www.linkedin.com/company/knk-gt,K&K Global Talent Solutions INC.,Germany,knkglobaltalents.com,https://www.knkglobaltalents.com/,IT Services and IT Consulting,11-50 employees,"St Petersburg, Florida",,1993,,,2026-06-13T04:56:48Z,2026-06-13T04:57:27Z
2943,https://www.linkedin.com/company/quantazone,Quantazone,Germany,quantazone.com,https://quantazone.com,IT Services and IT Consulting,11-50 employees,"San Francisco, California",,2016,,,2026-06-13T04:58:12Z,2026-06-13T04:58:53Z
2944,https://www.linkedin.com/company/techohana,TECHOHANA,Germany,tech-ohana.com,http://www.tech-ohana.com,IT Services and IT Consulting,11-50 employees,"London, England",,2020,,,2026-06-13T04:59:47Z,2026-06-13T05:00:27Z
2945,https://www.linkedin.com/company/aglowid-it-solutions,Aglowid IT Solutions Inc.,Germany,aglowiditsolutions.com,https://aglowiditsolutions.com/,IT Services and IT Consulting,11-50 employees,"Marlton, New Jersey",,2018,,,2026-06-13T05:01:19Z,2026-06-13T05:01:57Z
2946,https://www.linkedin.com/company/inhubber,Inhubber,Germany,inhubber.com,https://inhubber.com/en/,IT Services and IT Consulting,11-50 employees,,,2020,,,2026-06-13T05:02:39Z,2026-06-13T05:03:22Z
2947,https://www.linkedin.com/company/ahdus,Ähdus Technology GmbH,Germany,ahdustechnology.com,http://www.ahdustechnology.com,IT Services and IT Consulting,11-50 employees,"Heilbronn, Baden-Württemberg",,2022,,,2026-06-13T05:04:15Z,2026-06-13T05:04:55Z
2948,https://www.linkedin.com/company/hypersonicagmbh,Hypersonica,Germany,hypersonica.com,https://hypersonica.com,Defense and Space Manufacturing,51-200 employees,,,2023,,,2026-06-13T05:05:36Z,2026-06-13T05:06:18Z
2949,https://www.linkedin.com/company/reflex-aerospace,Reflex Aerospace,Germany,reflexaerospace.com,https://www.reflexaerospace.com/,Defense and Space Manufacturing,51-200 employees,,,2021,,,2026-06-13T05:07:14Z,2026-06-13T05:07:52Z
2950,https://www.linkedin.com/company/morpheus-space,Morpheus Space,Germany,morpheus.space,https://morpheus.space,Defense and Space Manufacturing,51-200 employees,"El Segundo, California",,2018,,,2026-06-13T16:11:57Z,2026-06-13T16:12:36Z
2951,https://www.linkedin.com/company/dedrone,Dedrone,Germany,dedrone.com,http://www.dedrone.com,Defense and Space Manufacturing,51-200 employees,"Sterling, VA",,,,,2026-06-13T16:13:27Z,2026-06-13T16:14:04Z
2952,https://www.linkedin.com/company/spectra-aerospace-defense,Spectra Defense Technologies,Germany,spectradefense.tech,https://spectradefense.tech,Defense and Space Manufacturing,51-200 employees,"Alpharetta, GA",,2021,,,2026-06-13T16:15:01Z,2026-06-13T16:15:40Z
2953,https://www.linkedin.com/company/walaris,Walaris,Germany,walaris.com,https://www.walaris.com,Defense and Space Manufacturing,51-200 employees,"Atlanta, Georgia",,,,,2026-06-13T16:16:29Z,2026-06-13T16:17:12Z
2954,https://www.linkedin.com/company/theodor-wille-intertrade,TWI,Germany,twipv.com,http://www.twipv.com,Defense and Space Manufacturing,51-200 employees,"Reston, VA",,1844,,,2026-06-13T16:18:04Z,2026-06-13T16:18:44Z
2955,https://www.linkedin.com/company/deep-space-initiative,DEEP SPACE INITIATIVE,Germany,deepspaceinitiative.org,https://deepspaceinitiative.org/,Defense and Space Manufacturing,51-200 employees,"Denver, Colorado",,2021,,,2026-06-13T16:19:29Z,2026-06-13T16:20:10Z
2956,https://www.linkedin.com/company/deicoinc,DEICO Engineering Inc.,Germany,deico.com.tr,http://www.deico.com.tr,Defense & Space,51-200 employees,"İvedik, Ankara",,2013,,,2026-06-13T16:21:00Z,2026-06-13T16:21:42Z
2957,https://www.linkedin.com/company/constellr,constellr,Germany,constellr.com,https://constellr.com/,Defense and Space Manufacturing,51-200 employees,"München, Bayern",,2020,,,2026-06-13T16:22:23Z,2026-06-13T16:22:59Z
2958,https://www.linkedin.com/company/berghof-foundation,Berghof Foundation,Germany,berghof-foundation.org,https://www.berghof-foundation.org,Non-profit Organizations,51-200 employees,"Berlin, Berlin",,1971,,,2026-06-13T16:23:54Z,2026-06-13T16:24:32Z
2959,https://www.linkedin.com/company/whale-and-dolphin-conservation,Whale and Dolphin Conservation,Germany,whales.org,https://whales.org,Non-profit Organizations,51-200 employees,"Chippenham, Wiltshire",,1987,,,2026-06-13T16:25:18Z,2026-06-13T16:26:01Z
2960,https://www.linkedin.com/company/transparency-international,Transparency International,Germany,transparency.org,http://www.transparency.org,Non-profit Organizations,51-200 employees,,,1993,,,2026-06-13T16:26:44Z,2026-06-13T16:27:21Z
2961,https://www.linkedin.com/company/european-council-on-foreign-relations,European Council on Foreign Relations,Germany,ecfr.eu,https://ecfr.eu,Non-profit Organizations,51-200 employees,,,2007,,,2026-06-13T16:28:03Z,2026-06-13T16:28:39Z
2962,https://www.linkedin.com/company/acatech-deutsche-akademie-der-technikwissenschaften,acatech – Deutsche Akademie der Technikwissenschaften,Germany,acatech.de,https://www.acatech.de/,Non-profit Organizations,51-200 employees,"München, Bayern",,,,,2026-06-13T16:29:33Z,2026-06-13T16:30:13Z
2963,https://www.linkedin.com/company/bmwfoundation,BMW Foundation Herbert Quandt,Germany,bmw-foundation.org,http://www.bmw-foundation.org,Non-profit Organizations,51-200 employees,"München, Bayern",,1970,,,2026-06-13T16:31:01Z,2026-06-13T16:31:47Z
2964,https://www.linkedin.com/company/european-molecular-biology-organization,EMBO,Germany,embo.org,http://www.embo.org,Non-profit Organizations,51-200 employees,,,1964,,,2026-06-13T16:32:35Z,2026-06-13T16:33:19Z
2965,https://www.linkedin.com/company/iapmo,IAPMO,Germany,iapmo.org,http://www.IAPMO.org,Non-profit Organizations,51-200 employees,"Ontario, CA",,,,,2026-06-13T16:34:06Z,2026-06-13T16:34:50Z
2966,https://www.linkedin.com/company/eit-food,EIT Food,Germany,eitfood.eu,https://www.eitfood.eu/?utm_source=linkedin&utm_medium=organic&utm_campaign=HQ_WebsiteButton_1023&utm_content=link-website-button,Non-profit Organizations,51-200 employees,"Heverlee (Leuven), Flemish Region",,2016,,,2026-06-13T16:35:32Z,2026-06-13T16:36:09Z
2967,https://www.linkedin.com/company/koerber-stiftung,Körber-Stiftung,Germany,koerber-stiftung.de,https://www.koerber-stiftung.de,Non-profit Organizations,51-200 employees,"Hamburg, Hamburg",,,,,2026-06-13T16:36:56Z,2026-06-13T16:37:34Z
2968,https://www.linkedin.com/company/business-umbrella,"Business Umbrella - Recruitment, Training, Consulting, Licensing Healthcare Education Real estate",Germany,business-umbrella.com,https://www.business-umbrella.com,Staffing and Recruiting,51-200 employees,"Dubai, UAE",,2016,,,2026-06-13T16:38:22Z,2026-06-13T16:39:05Z
2969,https://www.linkedin.com/company/noir-consulting,Noir,Germany,noirconsulting.co.uk,http://www.noirconsulting.co.uk,Staffing and Recruiting,51-200 employees,"London, London",,2005,,,2026-06-13T16:39:50Z,2026-06-13T16:40:30Z
2970,https://www.linkedin.com/company/the-green-recruitment-company,The Green Recruitment Company,Germany,greenrecruitmentcompany.com,http://www.greenrecruitmentcompany.com,Staffing and Recruiting,51-200 employees,"London, London",,,,,2026-06-13T16:47:14Z,2026-06-13T16:47:53Z
2971,https://www.linkedin.com/company/icresources,IC Resources,Germany,ic-resources.com,https://ic-resources.com,Staffing and Recruiting,51-200 employees,"Reading, Berkshire",,1999,,,2026-06-13T16:48:36Z,2026-06-13T16:49:17Z
2972,https://www.linkedin.com/company/mane-contract-services,Mane Contract Services,Germany,mane.co.uk,https://www.mane.co.uk/,Staffing and Recruiting,51-200 employees,"Watford, England",,1993,,,2026-06-13T16:49:57Z,2026-06-13T16:50:39Z
2973,https://www.linkedin.com/company/optimus-search,Optimus Search,Germany,optimussearch.com,http://www.optimussearch.com,Staffing and Recruiting,51-200 employees,"London, London",,2005,,,2026-06-13T16:51:26Z,2026-06-13T16:52:05Z
2974,https://www.linkedin.com/company/enzo-tech-group,Enzo Tech Group,Germany,enzotechgroup.com,https://enzotechgroup.com/,Staffing and Recruiting,51-200 employees,,,2021,,,2026-06-13T16:52:49Z,2026-06-13T16:53:31Z
2975,https://www.linkedin.com/company/franklin-fitch,Franklin Fitch,Germany,franklinfitch.com,http://www.franklinfitch.com,Staffing and Recruiting,51-200 employees,,,2011,,,2026-06-13T16:54:15Z,2026-06-13T16:54:56Z
2976,https://www.linkedin.com/company/amoria-bond,Amoria Bond,Germany,amoriabond.com,https://www.amoriabond.com/en/,Staffing and Recruiting,51-200 employees,"Manchester, Gtr Manchester",,2006,,,2026-06-13T16:55:43Z,2026-06-13T16:56:23Z
2977,https://www.linkedin.com/company/nicoll-curtin,Nicoll Curtin,Germany,nicollcurtin.com,https://www.nicollcurtin.com,Staffing and Recruiting,51-200 employees,"London, England",,1999,,,2026-06-13T16:57:11Z,2026-06-13T16:57:55Z
2978,https://www.linkedin.com/company/strategyexecution,"Strategy Execution, A Korn Ferry Company",Germany,kornferry.com,https://www.kornferry.com/about-us/our-story/strategy-execution,Professional Training and Coaching,51-200 employees,"Arlington, VA",,,,,2026-06-13T16:58:41Z,2026-06-13T16:59:20Z
2979,https://www.linkedin.com/company/officiallyomr,OMR,Germany,omr.com,http://www.omr.com/,"Technology, Information and Media",201-500 employees,,,,,,2026-06-13T17:00:02Z,2026-06-13T17:00:40Z
2980,https://www.linkedin.com/company/scotwork,Scotwork,Germany,scotwork.com,http://www.scotwork.com,Professional Training and Coaching,51-200 employees,"GLASGOW, Strathclyde",,1975,,,2026-06-13T17:01:24Z,2026-06-13T17:02:01Z
2981,https://www.linkedin.com/company/iilglobal,International Institute for Learning,Germany,linktr.ee,https://linktr.ee/iilglobal,Professional Training and Coaching,51-200 employees,"New York, New York",,1991,,,2026-06-13T17:02:44Z,2026-06-13T17:03:22Z
2982,https://www.linkedin.com/company/the-school-of-life-for-business,The School of Life,Germany,theschooloflife.com,https://www.theschooloflife.com/who-we-are/,Professional Training and Coaching,51-200 employees,"London, London",,2008,,,2026-06-13T17:04:01Z,2026-06-13T17:04:39Z
2983,https://www.linkedin.com/company/serview,SERVIEW,Germany,serview.de,https://www.serview.de,Professional Training and Coaching,51-200 employees,"Bad Homburg vor der Höhe, Hessen",,2002,,,2026-06-13T17:05:28Z,2026-06-13T17:06:04Z
2984,https://www.linkedin.com/company/vdi-wissensforum-gmbh,VDI Wissensforum GmbH,Germany,vdi-wissensforum.de,http://www.vdi-wissensforum.de,Professional Training and Coaching,51-200 employees,"Düsseldorf, NRW",,,,,2026-06-13T17:06:58Z,2026-06-13T17:07:42Z
2985,https://www.linkedin.com/company/impulse-medien,Impulse Medien GmbH,Germany,impulse.de,https://www.impulse.de,Professional Training and Coaching,51-200 employees,,,2013,,,2026-06-13T17:08:31Z,2026-06-13T17:09:11Z
2986,https://www.linkedin.com/company/ihk-flensburg,IHK Flensburg,Germany,ihk.de,www.ihk.de/sh,Political Organizations,51-200 employees,"Flensburg, Schleswig-Holstein",,1870,,,2026-06-13T17:09:56Z,2026-06-13T17:10:36Z
2987,https://www.linkedin.com/company/cdudeutschlands,CDU Deutschlands,Germany,cdu.de,http://www.cdu.de,Political Organizations,51-200 employees,"Berlin, Berlin",,1945,,,2026-06-13T17:11:21Z,2026-06-13T17:12:01Z
2988,https://www.linkedin.com/company/abda-bundesvereinigung-deutscher-apothekerverbaende-e-v,ABDA - Bundesvereinigung Deutscher Apothekerverbände e. V.,Germany,abda.de,http://www.abda.de,Political Organizations,51-200 employees,"Berlin, Berlin",,1950,,,2026-06-13T17:12:52Z,2026-06-13T17:13:35Z
2989,https://www.linkedin.com/company/amadeu-antonio-stiftung,Amadeu Antonio Stiftung,Germany,amadeu-antonio-stiftung.de,https://www.amadeu-antonio-stiftung.de/spenden/,Political Organizations,51-200 employees,,,1998,,,2026-06-13T17:14:22Z,2026-06-13T17:15:00Z
2990,https://www.linkedin.com/company/medico-international-e-v,medico international,Germany,medico.de,https://www.medico.de,Political Organizations,51-200 employees,"Frankfurt am Main, Hessen",,1968,,,2026-06-14T23:13:38Z,2026-06-14T23:14:18Z
2991,https://www.linkedin.com/company/bdew-bundesverband-der-energie-und-wasserwirtschaft-e-v,BDEW Bundesverband der Energie- und Wasserwirtschaft e.V.,Germany,bdew.de,http://www.bdew.de,Political Organizations,51-200 employees,,,2007,,,2026-06-14T23:15:01Z,2026-06-14T23:15:39Z
2992,https://www.linkedin.com/company/bdi-bundesverband-der-deutschen-industrie-e-v-,BDI - Bundesverband der Deutschen Industrie e.V.,Germany,bdi.eu,http://www.bdi.eu,Political Organizations,51-200 employees,"Berlin, Berlin",,1949,,,2026-06-14T23:16:30Z,2026-06-14T23:17:16Z
2993,https://www.linkedin.com/company/wirtschaftsrat-der-cdu-e.v.,Wirtschaftsrat der CDU e.V.,Germany,wirtschaftsrat.de,http://www.wirtschaftsrat.de,Political Organizations,51-200 employees,,,1963,,,2026-06-14T23:17:59Z,2026-06-14T23:18:37Z
2994,https://www.linkedin.com/company/b%C3%BCndnis-90-die-gr%C3%BCnen,BÜNDNIS 90/DIE GRÜNEN,Germany,gruene.de,http://www.gruene.de,Political Organizations,51-200 employees,"Berlin, Berlin",,1980,,,2026-06-14T23:19:28Z,2026-06-14T23:20:10Z
2995,https://www.linkedin.com/company/bvmw,BVMW - Bundesverband mittelständische Wirtschaft e.V.,Germany,bvmw.de,https://www.bvmw.de/,Political Organizations,51-200 employees,"Berlin, Berlin",,1975,,,2026-06-14T23:20:58Z,2026-06-14T23:21:36Z
2996,https://www.linkedin.com/company/giants-software,GIANTS Software,Germany,giants-software.com,https://www.giants-software.com,Computer Games,51-200 employees,"Schlieren, Zürich",,2008,,,2026-06-14T23:22:33Z,2026-06-14T23:23:13Z
2997,https://www.linkedin.com/company/klang-games,Klang Games,Germany,klang-games.com,http://www.klang-games.com,Computer Games,51-200 employees,"Berlin, BE",,2013,,,2026-06-14T23:24:01Z,2026-06-14T23:24:39Z
2998,https://www.linkedin.com/company/readyplayerme,Ready Player Me,Germany,readyplayer.me,https://readyplayer.me,Computer Games,51-200 employees,"Tallinn, Harjumaa",,2014,,,2026-06-14T23:25:32Z,2026-06-14T23:26:14Z
2999,https://www.linkedin.com/company/azubu-tv,AZUBU,Germany,azubu.tv,http://www.azubu.tv,Computer Games,51-200 employees,"Sherman Oaks, CA",,2011,,,2026-06-14T23:27:04Z,2026-06-14T23:27:45Z
3000,https://www.linkedin.com/company/kolibri-games,Kolibri Games,Germany,kolibrigames.com,https://kolibrigames.com/,Computer Games,51-200 employees,,,2016,,,2026-06-14T23:28:29Z,2026-06-14T23:29:13Z
3001,https://www.linkedin.com/company/deep-silver-fishlabs,FISHLABS GmbH,Germany,fishlabs.de,http://www.fishlabs.de,Computer Games,51-200 employees,"Hamburg, HH",,2004,,,2026-06-14T23:29:54Z,2026-06-14T23:30:36Z
3002,https://www.linkedin.com/company/appcharge,Appcharge,Germany,appcharge.com,https://www.appcharge.com,Mobile Gaming Apps,51-200 employees,"Tel Aviv, Tel-Aviv",,2022,,,2026-06-14T23:31:25Z,2026-06-14T23:32:04Z
3003,https://www.linkedin.com/company/giantx,GIANTX,Germany,giantx.gg,https://giantx.gg/,Computer Games,51-200 employees,"London, England",,,,,2026-06-14T23:32:55Z,2026-06-14T23:33:34Z
3004,https://www.linkedin.com/company/softgames-mobile-entertainment-services,SOFTGAMES,Germany,softgames.com,http://www.softgames.com,Computer Games,51-200 employees,"Berlin, Berlin",,2006,,,2026-06-14T23:34:19Z,2026-06-14T23:34:56Z
3005,https://www.linkedin.com/company/anglepoint-inc-,Anglepoint,Germany,anglepoint.com,https://www.anglepoint.com,Business Consulting and Services,51-200 employees,"San Francisco, CA",,2009,,,2026-06-14T23:35:42Z,2026-06-14T23:36:21Z
3006,https://www.linkedin.com/company/lean-focus-llc,Lean Focus,Germany,leanfocus.com,https://leanfocus.com/,Business Consulting and Services,51-200 employees,"La Jolla, CA",,2017,,,2026-06-14T23:37:08Z,2026-06-14T23:37:47Z
3007,https://www.linkedin.com/company/x4-technology,X4 Technology,Germany,x4-technology.com,http://www.x4-technology.com,Business Consulting and Services,51-200 employees,"Temple, England",,2008,,,2026-06-14T23:38:33Z,2026-06-14T23:39:15Z
3008,https://www.linkedin.com/company/starburst-aerospace-defense,Starburst,Germany,starburst.aero,https://starburst.aero/,Business Consulting and Services,51-200 employees,"El Segundo, CA",,2012,,,2026-06-14T23:39:59Z,2026-06-14T23:40:39Z
3009,https://www.linkedin.com/company/future-today-strategy-group,Future Today Strategy Group,Germany,futuretodayinstitute.com,http://www.futuretodayinstitute.com,Business Consulting and Services,51-200 employees,"New York City, NY",,2006,,,2026-06-14T23:41:21Z,2026-06-14T23:42:02Z
3010,https://www.linkedin.com/company/ingenious-e-brain-solutions,Ingenious e-Brain,Germany,iebrain.com,https://www.iebrain.com/,Business Consulting and Services,51-200 employees,"Dover, Delaware",,2012,,,2026-06-14T23:49:06Z,2026-06-14T23:49:47Z
3011,https://www.linkedin.com/company/10eqs,10EQS,Germany,10eqs.com,https://www.10eqs.com/,Business Consulting and Services,51-200 employees,"New York, NY",,2008,,,2026-06-14T23:50:41Z,2026-06-14T23:51:22Z
3012,https://www.linkedin.com/company/sapientrazorfish,SapientRazorfish,Germany,linkedin.com,https://www.linkedin.com/company/publicissapien,Business Consulting and Services,51-200 employees,"New York, NY",,,,,2026-06-14T23:52:14Z,2026-06-14T23:52:58Z
3013,https://www.linkedin.com/company/signium,Signium,Germany,signium.com,http://www.signium.com,Business Consulting and Services,51-200 employees,"Chicago, IL",,,,,2026-06-14T23:53:51Z,2026-06-14T23:54:30Z
3014,https://www.linkedin.com/company/arc-advisory-group,ARC Advisory Group Inc.,Germany,arcweb.com,http://www.arcweb.com,Business Consulting and Services,51-200 employees,"Boston Area, MA",,1986,,,2026-06-14T23:55:23Z,2026-06-14T23:56:01Z
3015,https://www.linkedin.com/company/whysummits,Why Summits,Germany,whysummits.com,https://whysummits.com,Events Services,51-200 employees,"Bratislava, Slovakia",,,,,2026-06-14T23:56:50Z,2026-06-14T23:57:27Z
3016,https://www.linkedin.com/company/hackathon-com,Hackathon.com,Germany,hackathon.com,http://www.hackathon.com,Events Services,51-200 employees,"San Francisco , California",,2010,,,2026-06-14T23:58:16Z,2026-06-14T23:58:56Z
3017,https://www.linkedin.com/company/aluminium-exhibition,ALUMINIUM - Global Exhibition,Germany,aluminium-exhibition.com,https://www.aluminium-exhibition.com/en-gb.html,Events Services,51-200 employees,"Düsseldorf, Nordrhein-Westfalen",,1997,,,2026-06-14T23:59:46Z,2026-06-15T00:00:24Z
3018,https://www.linkedin.com/company/formnext,Formnext - Where ideas take shape,Germany,formnext.com,http://www.formnext.com,Events Services,51-200 employees,"Frankfurt am Main, Hessen",,2015,,,2026-06-15T00:01:12Z,2026-06-15T00:01:56Z
3019,https://www.linkedin.com/company/atomic-design-inc,ATOMIC,Germany,atomicdesign.tv,http://www.atomicdesign.tv,Events Services,51-200 employees,"Lititz, PA",,,,,2026-06-15T00:02:46Z,2026-06-15T00:03:25Z
3020,https://www.linkedin.com/company/ifa-berlin,IFA Berlin,Germany,ifa-berlin.com,https://www.ifa-berlin.com,Events Services,51-200 employees,,,1924,,,2026-06-15T00:04:06Z,2026-06-15T00:04:45Z
3021,https://www.linkedin.com/company/absoluteexhibits,"Absolute Exhibits, Inc.",Germany,absoluteexhibits.com,https://www.absoluteexhibits.com,Events Services,51-200 employees,"Las Vegas, NV",,2000,,,2026-06-15T00:05:34Z,2026-06-15T00:06:14Z
3022,https://www.linkedin.com/company/the-smarter-e,The smarter E,Germany,thesmartere.de,https://www.thesmartere.de/global-events?lang=en,Events Services,51-200 employees,"Pforzheim, Baden-Württemberg",,1991,,,2026-06-15T00:07:02Z,2026-06-15T00:07:38Z
3023,https://www.linkedin.com/company/food-ingredients-global,Food ingredients Global,Germany,figlobal.com,http://www.figlobal.com,Events Services,51-200 employees,"Amsterdam, Noord-Holland",,1986,,,2026-06-15T00:08:21Z,2026-06-15T00:09:01Z
3024,https://www.linkedin.com/company/choose-2-rent,Choose 2 Rent,Germany,choose2rent.com,www.Choose2Rent.com,Events Services,51-200 employees,"Miami, Florida",,2013,,,2026-06-15T00:09:46Z,2026-06-15T00:10:28Z
3025,https://www.linkedin.com/company/ketterer-kunst-gmbh-&-co-kg,Ketterer Kunst GmbH & Co. KG,Germany,kettererkunst.de,http://kettererkunst.de,Retail Art Supplies,51-200 employees,"München, Bayern",,1954,,,2026-06-15T00:11:13Z,2026-06-15T00:11:53Z
3026,https://www.linkedin.com/company/ara-kunst-dr.-fritz-albrecht-gmbh-&-co.-kg,"ARA-Kunst, Dr. Fritz Albrecht GmbH & Co. KG",Germany,ara-kunst.com,http://www.ara-kunst.com,Retail Art Supplies,51-200 employees,,,,,,2026-06-15T00:12:35Z,2026-06-15T00:13:13Z
3027,https://www.linkedin.com/company/f-g-conzen-gmbh,CONZEN,Germany,conzen.de,http://www.conzen.de,Retail Art Supplies,51-200 employees,"Düsseldorf, Germany",,1854,,,2026-06-15T00:14:02Z,2026-06-15T00:14:43Z
3028,https://www.linkedin.com/company/kunstgiesserei-st.gallen-ag,Kunstgiesserei St. Gallen AG,Germany,kunstgiesserei.ch,http://www.kunstgiesserei.ch/,Arts & Crafts,51-200 employees,,,1986,,,2026-06-15T00:15:27Z,2026-06-15T00:16:05Z
3029,https://www.linkedin.com/company/walentowski-galerien,Walentowski Galerien,Germany,walentowski-galerien.de,https://walentowski-galerien.de,Retail Art Supplies,51-200 employees,"Werl, Nordrhein-Westfalen",,1968,,,2026-06-15T00:16:52Z,2026-06-15T00:17:29Z
3030,https://www.linkedin.com/company/ma-shops,MA-Shops.com,Germany,ma-shops.com,https://www.ma-shops.com,Retail Art Supplies,51-200 employees,"Bocholt, NRW",,2005,,,2026-06-15T06:37:37Z,2026-06-15T06:38:17Z
3031,https://www.linkedin.com/company/lineo-pinsel,lineo brushes,Germany,lineo-pinsel.eu,https://www.lineo-pinsel.eu,Arts & Crafts,51-200 employees,"Wieseth, Bavaria",,1911,,,2026-06-15T06:39:04Z,2026-06-15T06:39:43Z
3032,https://www.linkedin.com/company/weinfurtner-das-glasdorf,Weinfurtner - das GLASDORF,Germany,weinfurtner.de,http://www.weinfurtner.de,Retail Art Supplies,51-200 employees,"Arnbruck, Bayern",,1969,,,2026-06-15T06:40:26Z,2026-06-15T06:41:05Z
3033,https://www.linkedin.com/company/spleen-ltd,SPLEEN.LTD,Germany,spleen-art.com,http://www.spleen-art.com,Retail Art Supplies,51-200 employees,"Berlin, Berlin Brandenburg",,2008,,,2026-06-15T06:41:51Z,2026-06-15T06:42:30Z
3034,https://www.linkedin.com/company/arecont-vision,AV Costar,Germany,avcostar.com,http://www.avcostar.com,"Appliances, Electrical, and Electronics Manufacturing",51-200 employees,"Glendale, California",,2018,,,2026-06-15T06:43:10Z,2026-06-15T06:43:49Z
3035,https://www.linkedin.com/company/telosalliance,Telos Alliance,Germany,telosalliance.com,http://www.TelosAlliance.com,"Appliances, Electrical, and Electronics Manufacturing",51-200 employees,"Cleveland, OH",,1985,,,2026-06-15T06:44:41Z,2026-06-15T06:45:24Z
3036,https://www.linkedin.com/company/aqualab-by-addium,AQUALAB (by Addium),Germany,aqualab.com,https://aqualab.com,"Appliances, Electrical, and Electronics Manufacturing",51-200 employees,"Pullman, Washington",,1983,,,2026-06-15T06:46:10Z,2026-06-15T06:46:51Z
3037,https://www.linkedin.com/company/framos-gmbh,FRAMOS,Germany,framos.com,https://framos.com/,"Appliances, Electrical, and Electronics Manufacturing",51-200 employees,,,1981,,,2026-06-15T06:47:31Z,2026-06-15T06:48:06Z
3038,https://www.linkedin.com/company/magnet-schultz-of-america-inc-,"Magnet-Schultz of America, Inc.",Germany,magnet-schultzamerica.com,http://www.magnet-schultzamerica.com,"Appliances, Electrical, and Electronics Manufacturing",51-200 employees,"Westmont, Illinos",,1955,,,2026-06-15T06:48:57Z,2026-06-15T06:49:36Z
3039,https://www.linkedin.com/company/active-power,Active Power Inc.,Germany,activepower.com,http://www.activepower.com/,"Appliances, Electrical, and Electronics Manufacturing",51-200 employees,"Austin, Texas",,1992,,,2026-06-15T06:50:12Z,2026-06-15T06:50:51Z
3040,https://www.linkedin.com/company/gatan-inc.,Gatan Inc.,Germany,gatan.com,http://www.gatan.com,"Appliances, Electrical, and Electronics Manufacturing",51-200 employees,"Pleasanton, CA",,,,,2026-06-15T06:51:33Z,2026-06-15T06:52:08Z
3041,https://www.linkedin.com/company/simplyeiko,EiKO,Germany,eiko.com,http://www.eiko.com,"Appliances, Electrical, and Electronics Manufacturing",51-200 employees,"Olathe, Kansas",,1978,,,2026-06-15T06:52:50Z,2026-06-15T06:53:28Z
3042,https://www.linkedin.com/company/oledworks,OLEDWorks,Germany,oledworks.com,http://oledworks.com,Electric Lighting Equipment Manufacturing,51-200 employees,"Rochester, New York",,2010,,,2026-06-15T06:54:14Z,2026-06-15T06:54:52Z
3043,https://www.linkedin.com/company/easy-laser-ab,Easy-Laser,Germany,easylaser.com,https://www.easylaser.com,"Appliances, Electrical, and Electronics Manufacturing",51-200 employees,,,1994,,,2026-06-15T06:55:39Z,2026-06-15T06:56:20Z
3044,https://www.linkedin.com/company/west-one-music-group,West One Music Group,Germany,westonemusic.com,http://www.westonemusic.com,Musicians,51-200 employees,,,2002,,,2026-06-15T06:57:10Z,2026-06-15T06:57:45Z
3045,https://www.linkedin.com/company/warner-chappell-production-music,Warner Chappell Production Music,Germany,warnerchappellpm.com,http://www.warnerchappellpm.com,Musicians,51-200 employees,"Los Angeles, CA",,1984,,,2026-06-15T06:58:38Z,2026-06-15T06:59:17Z
3046,https://www.linkedin.com/company/beatport,Beatport,Germany,beatport.com,http://www.beatport.com,Musicians,51-200 employees,"Denver, CO",,2004,,,2026-06-15T07:00:11Z,2026-06-15T07:00:55Z
3047,https://www.linkedin.com/company/ampsoundbranding,amp sound branding,Germany,ampcontact.com,http://www.ampcontact.com,Musicians,51-200 employees,"München, Bavaria",,2008,,,2026-06-15T07:01:43Z,2026-06-15T07:02:20Z
3048,https://www.linkedin.com/company/ccli,CCLI,Germany,ccli.com,http://www.ccli.com,Musicians,51-200 employees,"Vancouver, WA",,,,,2026-06-15T07:03:07Z,2026-06-15T07:03:48Z
3049,https://www.linkedin.com/company/booseyhawkes,Boosey & Hawkes,Germany,boosey.com,http://www.boosey.com/,Musicians,51-200 employees,"London, UK",,1930,,,2026-06-15T07:04:29Z,2026-06-15T07:05:11Z
3050,https://www.linkedin.com/company/audio-network,Audio Network,Germany,audionetwork.com,https://www.audionetwork.com,Musicians,51-200 employees,"London, London",,,,,2026-06-15T07:12:00Z,2026-06-15T07:12:44Z
3051,https://www.linkedin.com/company/massivemusic,MassiveMusic,Germany,massivemusic.com,http://www.massivemusic.com,Musicians,51-200 employees,,,,,,2026-06-15T07:13:32Z,2026-06-15T07:14:14Z
3052,https://www.linkedin.com/company/sentric-music,Sentric,Germany,sentric.com,http://www.sentric.com,Musicians,51-200 employees,"Liverpool, Merseyside",,,,,2026-06-15T07:15:01Z,2026-06-15T07:15:40Z
3053,https://www.linkedin.com/company/adam-audio,ADAM Audio GmbH,Germany,adam-audio.com,http://www.adam-audio.com,Musicians,51-200 employees,,,1999,,,2026-06-15T07:16:28Z,2026-06-15T07:17:08Z
3054,https://www.linkedin.com/company/the-evtol-show,The EVTOL SHOW,Germany,evtolshowusa.com,https://www.evtolshowusa.com,Airlines and Aviation,51-200 employees,,,2019,,,2026-06-15T07:17:52Z,2026-06-15T07:18:33Z
3055,https://www.linkedin.com/company/ems-maritime-offshore-gmbh,Ems Maritime Offshore (EMO),Germany,offshoreservice.de,http://www.offshoreservice.de,Maritime Transportation,51-200 employees,"Emden, Niedersachsen",,2010,,,2026-06-15T07:19:25Z,2026-06-15T07:20:00Z
3056,https://www.linkedin.com/company/resourcegroup-recruitment,Resource Group - Recruitment,Germany,employment.resourcegroup.co.uk,https://www.employment.resourcegroup.co.uk/jobs,Airlines and Aviation,51-200 employees,,,,,,2026-06-15T07:20:52Z,2026-06-15T07:21:34Z
3057,https://www.linkedin.com/company/bastian-solutions-pallet-automation,Bastian Solutions: Pallet Automation,Germany,viastore.com,https://www.viastore.com/systems/en-us,"Transportation, Logistics, Supply Chain and Storage",51-200 employees,"Grand Rapids, Michigan",,1889,,,2026-06-15T07:22:31Z,2026-06-15T07:23:09Z
3058,https://www.linkedin.com/company/munich-airport-international-gmbh,Munich Airport International,Germany,munich-airport.com,http://www.munich-airport.com/international,Airlines and Aviation,51-200 employees,"Munich Airport, Bavaria",,2017,,,2026-06-15T07:23:45Z,2026-06-15T07:24:26Z
3059,https://www.linkedin.com/company/aerovect,AeroVect,Germany,aerovect.com,http://aerovect.com,Airlines and Aviation,51-200 employees,"South San Francisco, California",,2020,,,2026-06-15T07:25:16Z,2026-06-15T07:25:57Z
3060,https://www.linkedin.com/company/airbusupnext,Airbus UpNext,Germany,airbus.com,https://www.airbus.com/en/innovation/innovation-ecosystem/airbus-upnext,Airlines and Aviation,51-200 employees,"Blagnac, Occitanie",,2015,,,2026-06-15T07:26:43Z,2026-06-15T07:27:21Z
3061,https://www.linkedin.com/company/decklar,Decklar,Germany,decklar.com,https://www.decklar.com,"Transportation, Logistics, Supply Chain and Storage",51-200 employees,"Santa Clara, California",,2014,,,2026-06-15T07:28:09Z,2026-06-15T07:28:51Z
3062,https://www.linkedin.com/company/cargoone,cargo.one,Germany,cargo.one,http://www.cargo.one,"Transportation, Logistics, Supply Chain and Storage",51-200 employees,,,2017,,,2026-06-15T07:29:41Z,2026-06-15T07:30:23Z
3063,https://www.linkedin.com/company/bsmcruise,BSM Cruise Services,Germany,schultecruise.com,http://schultecruise.com/,Maritime Transportation,51-200 employees,"Hamburg, Hamburg",,2017,,,2026-06-15T07:31:02Z,2026-06-15T07:31:43Z
3064,https://www.linkedin.com/company/scadafence,"SCADAfence, a Honeywell Company",Germany,scadafence.com,https://www.scadafence.com/contact-us/,Computer and Network Security,51-200 employees,"New York, New York",,,,,2026-06-15T07:32:24Z,2026-06-15T07:33:05Z
3065,https://www.linkedin.com/company/mondoo,Mondoo,Germany,mondoo.com,https://mondoo.com,Computer and Network Security,51-200 employees,"San Francisco, CA",,2020,,,2026-06-15T07:33:44Z,2026-06-15T07:34:20Z
3066,https://www.linkedin.com/company/cygnalabs,Cygna Labs,Germany,cygnalabs.com,https://cygnalabs.com,Computer and Network Security,51-200 employees,"Miami Beach, Florida",,,,,2026-06-15T07:35:06Z,2026-06-15T07:35:44Z
3067,https://www.linkedin.com/company/atsec-information-security-corporation,atsec information security,Germany,atsec.com,http://www.atsec.com,Computer and Network Security,51-200 employees,"Austin, TX",,2000,,,2026-06-15T07:36:29Z,2026-06-15T07:37:10Z
3068,https://www.linkedin.com/company/quantstamp,"Quantstamp, Inc.",Germany,quantstamp.com,https://quantstamp.com,Computer and Network Security,51-200 employees,"San Francisco, California",,2017,,,2026-06-15T07:37:58Z,2026-06-15T07:38:39Z
3069,https://www.linkedin.com/company/tosicompany,Tosi,Germany,tosi.net,http://www.tosi.net,Computer and Network Security,51-200 employees,"Irving, Texas",,2011,,,2026-06-15T07:39:29Z,2026-06-15T07:40:08Z
3070,https://www.linkedin.com/company/cyberbit,Cyberbit,Germany,cyberbit.com,https://www.cyberbit.com,Computer and Network Security,51-200 employees,"Boston, Massachusetts",,2015,,,2026-06-16T09:46:09Z,2026-06-16T09:46:49Z
3071,https://www.linkedin.com/company/hyprcorp,HYPR | The Identity Assurance Company,Germany,hypr.com,https://www.hypr.com/,Computer and Network Security,51-200 employees,"New York, NY",,2014,,,2026-06-16T09:47:34Z,2026-06-16T09:48:14Z
3072,https://www.linkedin.com/company/sorhea-by-hirsch,SORHEA,Germany,sorhea.com,http://www.sorhea.com,Security and Investigations,51-200 employees,,,1987,,,2026-06-16T09:49:01Z,2026-06-16T09:49:40Z
3073,https://www.linkedin.com/company/kooi-videosurveillance,Kooi Vidéosurveillance,Germany,247kooi.fr,http://www.247kooi.fr,Security Systems Services,51-200 employees,,,2010,,,2026-06-16T09:50:30Z,2026-06-16T09:51:10Z
3074,https://www.linkedin.com/company/hirschsecure-france,Hirsch France,Germany,,,Security Systems Services,51-200 employees,"Aix-en-Provence, Provence-Alpes-Côte d’Azur",,,,,2026-06-16T09:52:00Z,2026-06-16T09:52:41Z
3075,https://www.linkedin.com/company/polaris-corporate-risk-management,Polaris Corporate Risk Management,Germany,polarisrsk.com,https://polarisrsk.com/,Security and Investigations,51-200 employees,"New York, New York",,,,,2026-06-16T09:52:55Z,2026-06-16T09:53:32Z
3076,https://www.linkedin.com/company/detertech-uk,DeterTech | UK,Germany,detertech.com,https://detertech.com/,Security Systems Services,51-200 employees,"Telford, Shropshire",,1993,,,2026-06-16T09:54:29Z,2026-06-16T09:55:11Z
3077,https://www.linkedin.com/company/optex-emea,OPTEX Security EMEA,Germany,optex-europe.com,http://www.optex-europe.com/,Security and Investigations,51-200 employees,,,1991,,,2026-06-16T09:55:58Z,2026-06-16T09:56:35Z
3078,https://www.linkedin.com/company/result-group-gmbh,Result Group Global Risk and Crisis Management,Germany,result-group.com,https://www.result-group.com,Security and Investigations,11-50 employees,"Pöcking / Starnberger See, Bayern",,1996,,,2026-06-16T09:57:37Z,2026-06-16T09:58:20Z
3079,https://www.linkedin.com/company/stadtritter-gmbh,Stadtritter GmbH,Germany,,,,,,,,,,2026-06-16T09:59:01Z,2026-06-16T09:59:18Z
3080,https://www.linkedin.com/company/magnetic-access,Magnetic Autocontrol,Germany,magnetic-access.com,https://www.magnetic-access.com,Security and Investigations,51-200 employees,"Lörrach, Baden-Württemberg",,1946,,,2026-06-16T09:59:32Z,2026-06-16T10:00:10Z
3081,https://www.linkedin.com/company/royal-american,Royal American Group,Germany,royalamericangroup.com,http://www.royalamericangroup.com,Security and Investigations,51-200 employees,"Miami, FL",,2008,,,2026-06-16T10:01:10Z,2026-06-16T10:02:35Z
3082,https://www.linkedin.com/company/dvz,DVZ Deutsche Verkehrs-Zeitung,Germany,dvz.de,http://www.dvz.de,Media Production,51-200 employees,,,1947,,,2026-06-16T10:03:44Z,2026-06-16T10:04:45Z
3083,https://www.linkedin.com/company/stargate-studios,Stargate Studios,Germany,stargatestudios.net,http://www.stargatestudios.net,Media Production,51-200 employees,"South Pasadena, CA",,1989,,,2026-06-16T10:05:36Z,2026-06-16T10:06:16Z
3084,https://www.linkedin.com/company/iconoclast-films,ICONOCLAST,Germany,iconoclast.tv,http://www.iconoclast.tv,Media Production,51-200 employees,,,2012,,,2026-06-16T10:07:04Z,2026-06-16T10:07:44Z
3085,https://www.linkedin.com/company/finance-magazin,FINANCE Magazin,Germany,finance-magazin.de,https://www.finance-magazin.de,Media Production,51-200 employees,"Frankfurt am Main, Hessen",,2012,,,2026-06-16T10:08:35Z,2026-06-16T10:09:15Z
3086,https://www.linkedin.com/company/harvard-business-manager,Harvard Business manager,Germany,harvardbusinessmanager.de,http://www.harvardbusinessmanager.de,Media Production,51-200 employees,"Hamburg, Hamburg",,1979,,,2026-06-16T10:09:54Z,2026-06-16T10:10:35Z
3087,https://www.linkedin.com/company/star-entertainment-gmbh,Star Entertainment GmbH,Germany,star-entertainment.org,http://star-entertainment.org/,Media Production,51-200 employees,,,,,,2026-06-16T10:11:16Z,2026-06-16T10:11:53Z
3088,https://www.linkedin.com/company/ntvnachrichten,ntvNachrichten,Germany,n-tv.de,http://www.n-tv.de,Media Production,51-200 employees,,,1992,,,2026-06-16T10:12:33Z,2026-06-16T10:13:11Z
3089,https://www.linkedin.com/company/slideslive,SlidesLive,Germany,slideslive.com,http://www.slideslive.com,Media Production,51-200 employees,"New York, New York",,2012,,,2026-06-16T10:14:02Z,2026-06-16T10:14:44Z
3090,https://www.linkedin.com/company/private-banking-magazin,private banking magazin,Germany,private-banking-magazin.de,https://www.private-banking-magazin.de,Media Production,51-200 employees,"Hamburg, Hamburg",,2011,,,2026-06-16T13:51:10Z,2026-06-16T13:51:55Z
3091,https://www.linkedin.com/company/motor-presse-stuttgart,Motor Presse Stuttgart GmbH & Co. KG,Germany,motorpresse.de,http://www.motorpresse.de/,Media Production,201-500 employees,"Stuttgart, Baden-Württemberg",,1946,,,2026-06-16T13:52:38Z,2026-06-16T13:53:23Z
3092,https://www.linkedin.com/company/studio-soi,Studio Soi,Germany,studiosoi.de,http://www.studiosoi.de,Animation and Post-production,51-200 employees,"Ludwigsburg, Baden-Württemberg",,2003,,,2026-06-16T13:54:21Z,2026-06-16T13:55:08Z
3093,https://www.linkedin.com/company/m.a.r.k.13,The M.A.R.K.13™ - Group,Germany,mark13.com,http://www.mark13.com,Animation and Post-production,51-200 employees,"Stuttgart, Baden-Württemberg",,1999,,,2026-06-16T13:56:01Z,2026-06-16T13:56:47Z
3094,https://www.linkedin.com/company/b-water-studios,B-water animation studios,Germany,b-waterstudios.com,http://www.b-waterstudios.com,Animation and Post-production,51-200 employees,"Barcelona, Catalonia",,1996,,,2026-06-16T13:57:42Z,2026-06-16T13:58:29Z
3095,https://www.linkedin.com/company/kuert-datenrettung-deutschland-gmbh,KUERT Data Recovery Germany GmbH,Germany,bemind.hu,https://bemind.hu/,Animation and Post-production,51-200 employees,"Bochum, Nordrhein-Westfalen",,2003,,,2026-06-16T13:59:20Z,2026-06-16T14:00:10Z
3096,https://www.linkedin.com/company/dokard-animation-studio,Dokard Entertainment,Germany,dokardentertainment.com,https://dokardentertainment.com/,Animation,51-200 employees,,,,,,2026-06-16T14:00:51Z,2026-06-16T14:01:37Z
3097,https://www.linkedin.com/company/lavalabs-moving-images,LAVAlabs moving images,Germany,lavalabs.de,http://www.lavalabs.de,Animation and Post-production,51-200 employees,,,2011,,,2026-06-16T14:02:33Z,2026-06-16T14:03:22Z
3098,https://www.linkedin.com/company/benarstudio,Benar Studio,Germany,benarstudio.com,www.benarstudio.com,Animation and Post-production,51-200 employees,"Cologne, North Rhine-Westphalia",,2018,,,2026-06-16T14:04:13Z,2026-06-16T14:04:58Z
3099,https://www.linkedin.com/company/yolowayofficial,Yoloway,Germany,yolo-way.com,http://www.yolo-way.com,Animation and Post-production,51-200 employees,"Prishtina, Kosovo",,2021,,,2026-06-16T14:05:51Z,2026-06-16T14:06:38Z
3100,https://www.linkedin.com/company/officeclub,Office Club,Germany,officeclub.com,https://www.officeclub.com,Commercial Real Estate,51-200 employees,"Berlin, Berlin",,2010,,,2026-06-16T14:07:22Z,2026-06-16T14:08:07Z
3101,https://www.linkedin.com/company/europa-center-ag,EUROPA-CENTER AG,Germany,europa-center.de,http://www.europa-center.de,Leasing Non-residential Real Estate,51-200 employees,,,1972,,,2026-06-16T14:09:03Z,2026-06-16T14:09:57Z
3102,https://www.linkedin.com/company/scannell-properties,Scannell Properties,Germany,scannellproperties.com,http://www.scannellproperties.com,Real Estate,51-200 employees,"Indianapolis, IN",,1990,,,2026-06-16T14:10:59Z,2026-06-16T14:11:50Z
3103,https://www.linkedin.com/company/multi-germany,Multi Germany,Germany,multi-germany.de,http://www.multi-germany.de,Leasing Non-residential Real Estate,51-200 employees,"Düsseldorf, North Rhine-Westphalia",,1996,,,2026-06-16T14:12:41Z,2026-06-16T14:13:32Z
3104,https://www.linkedin.com/company/centerscape-deutschland-gmbh-&-co--kg,Centerscape Deutschland GmbH & Co. KG,Germany,centerscape.eu,http://www.centerscape.eu,Leasing Non-residential Real Estate,51-200 employees,"Hannover, Niedersachsen",,2006,,,2026-06-16T14:14:38Z,2026-06-16T14:15:27Z
3105,https://www.linkedin.com/company/kadanssciencepartner,Kadans Science Partner,Germany,kadans.com,https://www.kadans.com,Leasing Non-residential Real Estate,51-200 employees,"’s-Hertogenbosch, North Brabant",,,,,2026-06-16T14:16:16Z,2026-06-16T14:17:05Z
3106,https://www.linkedin.com/company/united-workspace,Rivvers,Germany,rivvers.de,www.rivvers.de,Leasing Non-residential Real Estate,51-200 employees,"Frankfurt am Main, Hessen",,2016,,,2026-06-16T14:17:55Z,2026-06-16T14:18:41Z
3107,https://www.linkedin.com/company/neo-leipzig,NEO Leipzig,Germany,neoleipzig.de,http://www.neoleipzig.de,Leasing Non-residential Real Estate,51-200 employees,"Leipzig, Saxony",,,,,2026-06-16T14:19:32Z,2026-06-16T14:20:23Z
3108,https://www.linkedin.com/company/solid-supply,Solid Supply,Germany,solidsupply.com,http://www.solidsupply.com,Leasing Non-residential Real Estate,51-200 employees,"Vilnius, Vilniaus",,2006,,,2026-06-16T14:21:17Z,2026-06-16T14:22:03Z
3109,https://www.linkedin.com/company/kl%C3%A9pierre-management-deutschland-gmbh,Klépierre Management Deutschland GmbH,Germany,klepierre.com,http://www.klepierre.com/en/portfolio/germany/,Leasing Non-residential Real Estate,51-200 employees,"Duisburg, North Rhine-Westphalia",,,,,2026-06-16T14:22:50Z,2026-06-16T14:23:44Z
3110,https://www.linkedin.com/company/german-marshall-fund-of-the-united-states,German Marshall Fund of the United States,Germany,gmfus.org,http://www.gmfus.org,Think Tanks,51-200 employees,"Washington, DC",,1972,,,2026-06-16T14:32:31Z,2026-06-16T14:33:17Z
3111,https://www.linkedin.com/company/isdglobal,ISD (Institute for Strategic Dialogue),Germany,isdglobal.org,http://www.isdglobal.org,Think Tanks,51-200 employees,,,2006,,,2026-06-16T14:34:16Z,2026-06-16T14:35:04Z
3112,https://www.linkedin.com/company/kgst,KGSt,Germany,kgst.de,https://www.kgst.de/,Think Tanks,51-200 employees,"Köln, NRW",,1949,,,2026-06-16T14:35:56Z,2026-06-16T14:36:39Z
3113,https://www.linkedin.com/company/sprind,SPRIND - Bundesagentur für Sprunginnovationen,Germany,sprind.org,https://www.sprind.org/de/,Think Tanks,51-200 employees,,,2019,,,2026-06-16T14:37:30Z,2026-06-16T14:38:15Z
3114,https://www.linkedin.com/company/e3g,E3G,Germany,e3g.org,http://www.e3g.org/,Think Tanks,51-200 employees,"Waterloo, England",,2004,,,2026-06-16T14:39:07Z,2026-06-16T14:39:58Z
3115,https://www.linkedin.com/company/german-development-institute-deutsches-institut-f-r-entwicklungspolitik-die-,German Institute of Development and Sustainability (IDOS),Germany,idos-research.de,www.idos-research.de,Think Tanks,51-200 employees,,,1964,,,2026-06-16T14:40:52Z,2026-06-16T14:41:43Z
3116,https://www.linkedin.com/company/swp-berlin,Stiftung Wissenschaft und Politik (SWP),Germany,swp-berlin.org,https://www.swp-berlin.org/,Think Tanks,51-200 employees,,,1962,,,2026-06-16T14:42:52Z,2026-06-16T14:43:39Z
3117,https://www.linkedin.com/company/social-impact-ggmbh,Social Impact gGmbH,Germany,socialimpact.eu,https://socialimpact.eu/,Think Tanks,51-200 employees,,,,,,2026-06-16T14:44:41Z,2026-06-16T14:45:30Z
3118,https://www.linkedin.com/company/the-international-council-on-clean-transportation,The International Council on Clean Transportation,Germany,theicct.org,http://www.theicct.org,Think Tanks,51-200 employees,"Washington, District of Columbia",,2001,,,2026-06-16T14:46:20Z,2026-06-16T14:47:13Z
3119,https://www.linkedin.com/company/agora-energiewende,Agora Energiewende,Germany,agora-energiewende.org,https://www.agora-energiewende.org/,Think Tanks,51-200 employees,"Berlin, Berlin",,2012,,,2026-06-16T14:48:04Z,2026-06-16T14:48:53Z
3120,https://www.linkedin.com/company/klaus-tschira-stiftung,Klaus Tschira Stiftung,Germany,klaus-tschira-stiftung.de,http://klaus-tschira-stiftung.de,Philanthropic Fundraising Services,51-200 employees,,,1995,,,2026-06-16T14:49:52Z,2026-06-16T14:50:38Z
3121,https://www.linkedin.com/company/nestwaermedeutschland,nestwärme e.V. Deutschland,Germany,nestwaerme.org,http://www.nestwaerme.org/,Philanthropic Fundraising Services,51-200 employees,,,1999,,,2026-06-16T14:51:30Z,2026-06-16T14:52:18Z
3122,https://www.linkedin.com/company/civil-relief-munich,Civil Relief Munich,Germany,civilreliefmunich.org,http://civilreliefmunich.org,Philanthropic Fundraising Services,51-200 employees,"Munich, Bavaria",,,,,2026-06-16T14:53:18Z,2026-06-16T14:54:09Z
3123,https://www.linkedin.com/company/coach2energize-grow2glow-siemensenergy,#Coach2Energize - Grow2Glow@SiemensEnergy,Germany,siemens-energy.com,https://www.siemens-energy.com/global/en/company/jobs.html,Philanthropy,51-200 employees,,,2020,,,2026-06-16T14:54:53Z,2026-06-16T14:55:44Z
3124,https://www.linkedin.com/company/schoepflin-stiftung,Schöpflin Stiftung,Germany,schoepflin-stiftung.de,https://www.schoepflin-stiftung.de,Philanthropy,51-200 employees,"Lörrach, Baden-Württemberg",,2001,,,2026-06-16T14:56:33Z,2026-06-16T14:57:20Z
3125,https://www.linkedin.com/company/spfworldwide,Students'​ Philanthropic Foundation,Germany,spfworldwide.org,http://www.spfworldwide.org,Philanthropic Fundraising Services,51-200 employees,"Frankfurt , Hesse",,2015,,,2026-06-16T14:58:15Z,2026-06-16T14:59:00Z
3126,https://www.linkedin.com/company/h2global-stiftung,H2Global Foundation,Germany,h2-global.org,https://www.h2-global.org,Philanthropy,51-200 employees,,,2021,,,2026-06-16T14:59:53Z,2026-06-16T15:00:39Z
3127,https://www.linkedin.com/company/robertboschstiftung,Robert Bosch Stiftung,Germany,bosch-stiftung.de,https://www.bosch-stiftung.de/en,Philanthropy,51-200 employees,"Stuttgart, Baden-Württemberg",,1964,,,2026-06-16T15:01:29Z,2026-06-16T15:02:17Z
3128,https://www.linkedin.com/company/tooltech-global-engineering-pvt-ltd,Tooltech Global Engineering Pvt. Ltd.,Germany,tooltech.net,http://www.tooltech.net,Mechanical Or Industrial Engineering,51-200 employees,"Pune, Maharashtra",,1999,,,2026-06-16T15:03:13Z,2026-06-16T15:04:00Z
3129,https://www.linkedin.com/company/delfin-industrial-vacuums,Delfin Industrial Vacuums,Germany,delfinvacuums.com,https://www.delfinvacuums.com/,Industrial Machinery Manufacturing,51-200 employees,"Settimo Torinese, Piemonte",,1991,,,2026-06-16T15:04:48Z,2026-06-16T15:05:36Z
3130,https://www.linkedin.com/company/coriolis-composites,Coriolis Composites,Germany,coriolis-composites.com,http://www.coriolis-composites.com,Industrial Machinery Manufacturing,51-200 employees,"QUEVEN, FRANCE",,2000,,,2026-06-17T07:33:16Z,2026-06-17T07:34:05Z
3131,https://www.linkedin.com/company/bloom-engineering,Bloom Engineering Company,Germany,bloomeng.com,https://www.bloomeng.com,Mechanical Or Industrial Engineering,51-200 employees,"Charleroi, Pennsylvania",,1934,,,2026-06-17T07:34:55Z,2026-06-17T07:35:48Z
3132,https://www.linkedin.com/company/hydropower-engineering-turkey,HydroPower,Germany,hydropower-maschinen.de,http://www.hydropower-maschinen.de,Industrial Machinery Manufacturing,51-200 employees,"Ankara, Ankara 2. Organize Sanayi Bölgesi Sincan",,2015,,,2026-06-17T07:36:45Z,2026-06-17T07:37:37Z
3133,https://www.linkedin.com/company/rdtestsystems,R&D Test Systems,Germany,rdtestsystems.com,http://rdtestsystems.com/,Industrial Machinery Manufacturing,51-200 employees,"Hinnerup, Middle Jutland",,2005,,,2026-06-17T07:38:21Z,2026-06-17T07:39:06Z
3134,https://www.linkedin.com/company/lee-spring,Lee Spring,Germany,leespring.com,http://www.leespring.com/,Mechanical Or Industrial Engineering,51-200 employees,"Brooklyn, NY",,1918,,,2026-06-17T07:39:51Z,2026-06-17T07:40:37Z
3135,https://www.linkedin.com/company/exoskeletons,SUITX by Ottobock,Germany,suitx.com,https://www.suitx.com/en/home,Industrial Machinery Manufacturing,51-200 employees,"Emeryville, California",,,,,2026-06-17T07:41:22Z,2026-06-17T07:42:10Z
3136,https://www.linkedin.com/company/dynamic-engineering,Dynamic Engineering,Germany,dynamicengineer.com,http://www.dynamicengineer.com,Mechanical Or Industrial Engineering,51-200 employees,"Houston, TX",,1985,,,2026-06-17T07:42:58Z,2026-06-17T07:43:44Z
3137,https://www.linkedin.com/company/hotstart,HOTSTART,Germany,hotstart.com,http://www.hotstart.com,Industrial Machinery Manufacturing,51-200 employees,"Spokane, WA",,1942,,,2026-06-17T07:44:29Z,2026-06-17T07:45:16Z
3138,https://www.linkedin.com/company/imago-images,IMAGO,Germany,imago-images.com,https://www.imago-images.com,Photography,51-200 employees,"Berlin, BE",,1997,,,2026-06-17T07:46:10Z,2026-06-17T07:46:58Z
3139,https://www.linkedin.com/company/saal-digital,Saal Digital,Germany,saal-digital.de,https://www.saal-digital.de/,Photography,51-200 employees,"Röttenbach, Bavaria",,,,,2026-06-17T07:47:45Z,2026-06-17T07:48:34Z
3140,https://www.linkedin.com/company/trunkarchive,TRUNK ARCHIVE,Germany,trunkarchive.com,http://www.trunkarchive.com,Photography,51-200 employees,"New York, New York",,,,,2026-06-17T07:49:29Z,2026-06-17T07:50:13Z
3141,https://www.linkedin.com/company/phase-one,Phase One,Germany,phaseone.com,https://www.phaseone.com/,Photography,201-500 employees,"Frederiksberg, DK",,1993,,,2026-06-17T07:51:11Z,2026-06-17T07:51:59Z
3142,https://www.linkedin.com/company/stockfood,StockFood,Germany,stockfood.com,https://www.stockfood.com,Photography,51-200 employees,,,1979,,,2026-06-17T07:52:47Z,2026-06-17T07:53:35Z
3143,https://www.linkedin.com/company/eyeem,EyeEm,Germany,eyeem.com,http://www.eyeem.com,Photography,51-200 employees,"Berlin, Germany",,,,,2026-06-17T07:54:22Z,2026-06-17T07:55:10Z
3144,https://www.linkedin.com/company/imageengineering,Image Engineering,Germany,image-engineering.com,http://www.image-engineering.com,Photography,51-200 employees,,,1995,,,2026-06-17T07:56:00Z,2026-06-17T07:56:49Z
3145,https://www.linkedin.com/company/impossible-b.v.,Impossible Camera GmbH,Germany,impossible-project.com,http://impossible-project.com,Photography,51-200 employees,,,2008,,,2026-06-17T07:57:33Z,2026-06-17T07:58:19Z
3146,https://www.linkedin.com/company/splash-news,Splash News,Germany,splashnews.com,http://www.splashnews.com,Photography,51-200 employees,"New York City, NY",,1990,,,2026-06-17T07:59:04Z,2026-06-17T07:59:50Z
3147,https://www.linkedin.com/company/luxetalent,LUXE TALENT,Germany,luxetalent.net,http://www.luxetalent.net,Human Resources Services,51-200 employees,,,2009,,,2026-06-17T08:00:35Z,2026-06-17T08:01:24Z
3148,https://www.linkedin.com/company/ins-global-consulting,INS Global,Germany,ins-globalconsulting.com,https://ins-globalconsulting.com,Human Resources Services,51-200 employees,,,2006,,,2026-06-17T08:02:13Z,2026-06-17T08:02:59Z
3149,https://www.linkedin.com/company/closer-still-media-germany-gmbh,CloserStill Media Germany GmbH,Germany,closerstillmedia.com,https://www.closerstillmedia.com/,Events Services,51-200 employees,"Mannheim, Baden-Württemberg",,1998,,,2026-06-17T08:03:58Z,2026-06-17T08:04:56Z
3150,https://www.linkedin.com/company/onehiring,ONE HIRING,Germany,onehiring.com,www.onehiring.com/de,Human Resources Services,51-200 employees,"Düsseldorf, Nordrhein-Westfalen",,,,,2026-06-17T08:12:53Z,2026-06-17T08:13:37Z
3151,https://www.linkedin.com/company/topemployersinstitute,Top Employers Institute,Germany,top-employers.com,https://www.top-employers.com/,Human Resources Services,51-200 employees,"Amsterdam, North Holland",,,,,2026-06-17T08:14:34Z,2026-06-17T08:15:23Z
3152,https://www.linkedin.com/company/thinkherrmann,Herrmann,Germany,thinkherrmann.com,https://www.thinkherrmann.com/,Human Resources Services,51-200 employees,"Remote, USA",,1981,,,2026-06-17T08:16:11Z,2026-06-17T08:17:01Z
3153,https://www.linkedin.com/company/ocbridge,OCBridge,Germany,ocbridge.ai,http://www.ocbridge.ai,Human Resources Services,51-200 employees,"San Jose, California",,2017,,,2026-06-17T08:17:44Z,2026-06-17T08:18:28Z
3154,https://www.linkedin.com/company/skills-alliance,Skills Alliance,Germany,skillsalliance.com,https://www.skillsalliance.com,Human Resources Services,51-200 employees,,,,,,2026-06-17T08:19:23Z,2026-06-17T08:20:10Z
3155,https://www.linkedin.com/company/airinc,AIRINC,Germany,air-inc.com,http://www.air-inc.com,Human Resources Services,51-200 employees,"Boston, Massachusetts",,1954,,,2026-06-17T08:21:02Z,2026-06-17T08:21:48Z
3156,https://www.linkedin.com/company/dabster-systems,Dabster,Germany,dabster.net,http://www.dabster.net,Human Resources Services,51-200 employees,"London, Greater London",,2007,,,2026-06-17T08:22:41Z,2026-06-17T08:23:25Z
3157,https://www.linkedin.com/company/hellobetter,HelloBetter,Germany,hellobetter.de,http://www.hellobetter.de,Mental Health Care,51-200 employees,,,2015,,,2026-06-17T08:24:23Z,2026-06-17T08:25:11Z
3158,https://www.linkedin.com/company/acturegermany,Acture Germany,Germany,,,Mental Health Care,51-200 employees,"Berlin, BE",,,,,2026-06-17T08:26:03Z,2026-06-17T08:26:49Z
3159,https://www.linkedin.com/company/minddoc,MindDoc,Germany,minddoc.de,http://www.minddoc.de,Mental Health Care,51-200 employees,"München, Bayern",,2017,,,2026-06-17T08:27:17Z,2026-06-17T08:28:03Z
3160,https://www.linkedin.com/company/openup-com,OpenUp,Germany,openup.com,https://openup.com/,Mental Health Care,51-200 employees,"Amsterdam, North Holland",,2020,,,2026-06-17T08:28:52Z,2026-06-17T08:29:42Z
3161,https://www.linkedin.com/company/neurocaregroup,neurocare group,Germany,neurocaregroup.com,http://www.neurocaregroup.com,Mental Health Care,51-200 employees,"Munich, Germany, Deutschland",,2015,,,2026-06-17T08:30:33Z,2026-06-17T08:31:19Z
3162,https://www.linkedin.com/company/krisenchat,krisenchat,Germany,krisenchat.de,https://krisenchat.de,Mental Health Care,51-200 employees,,,2020,,,2026-06-17T08:32:13Z,2026-06-17T08:33:00Z
3163,https://www.linkedin.com/company/insite-interventions,INSITE-Interventions GmbH,Germany,insite.de,http://www.insite.de,Mental Health Care,51-200 employees,"Frankfurt, Hessen",,2000,,,2026-06-17T08:33:57Z,2026-06-17T08:34:41Z
3164,https://www.linkedin.com/company/selfapy,Selfapy,Germany,selfapy.com,www.selfapy.com,Mental Health Care,51-200 employees,"Berlin, Deutschland",,2016,,,2026-06-17T08:35:34Z,2026-06-17T08:36:23Z
3165,https://www.linkedin.com/company/nilo-health,nilo,Germany,nilohealth.com,https://nilohealth.com,Mental Health Care,51-200 employees,"Berlin, BE",,,,,2026-06-17T08:37:17Z,2026-06-17T08:38:05Z
3166,https://www.linkedin.com/company/kyan-health,Kyan Health,Germany,kyanhealth.com,http://www.kyanhealth.com,Mental Health Care,51-200 employees,,,2021,,,2026-06-17T08:39:05Z,2026-06-17T08:39:49Z
3167,https://www.linkedin.com/company/vikandmedical,VIKAND Solutions,Germany,vikand.com,http://www.vikand.com/,Hospitals and Health Care,51-200 employees,"Dania Beach, Florida",,2010,,,2026-06-17T08:40:40Z,2026-06-17T08:41:26Z
3168,https://www.linkedin.com/company/birdiecare,Birdie,Germany,birdie.care,https://www.birdie.care?utm_source=LinkedInCorp,Hospitals and Health Care,51-200 employees,"London, England",,2017,,,2026-06-17T08:42:22Z,2026-06-17T08:43:08Z
3169,https://www.linkedin.com/company/ada-health,Ada Health,Germany,about.ada.com,https://about.ada.com,Hospitals and Health Care,51-200 employees,"Berlin, BE",,2011,,,2026-06-17T08:43:55Z,2026-06-17T08:44:42Z
3170,https://www.linkedin.com/company/visage-imaging,Visage Imaging,Germany,visageimaging.com,https://visageimaging.com/,Hospitals and Health Care,51-200 employees,"San Diego, California",,,,,2026-06-20T14:29:27Z,2026-06-20T14:30:18Z
3171,https://www.linkedin.com/company/sunday-natural-products-gmbh,Sunday Natural,Germany,sunday.de,https://www.sunday.de/,"Health, Wellness & Fitness",51-200 employees,,,2013,,,2026-06-20T14:31:13Z,2026-06-20T14:32:01Z
3172,https://www.linkedin.com/company/jacobian-health,Jacobian,Germany,jacobian.com,www.jacobian.com,Hospitals and Health Care,51-200 employees,"Pittsburgh, PA",,,,,2026-06-20T14:33:04Z,2026-06-20T14:33:54Z
3173,https://www.linkedin.com/company/meditrial-today,Meditrial,Germany,meditrial.net,http://www.meditrial.net,Hospitals and Health Care,51-200 employees,,,2008,,,2026-06-20T14:34:47Z,2026-06-20T14:35:36Z
3174,https://www.linkedin.com/company/dynex-technologies,DYNEX Technologies,Germany,dynex.com,http://www.dynex.com,Hospitals and Health Care,51-200 employees,"Chantilly, VA",,,,,2026-06-20T14:36:30Z,2026-06-20T14:37:19Z
3175,https://www.linkedin.com/company/purelei,PURELEI,Germany,link.purelei.com,https://link.purelei.com/ear4IGzXN,Retail Luxury Goods and Jewelry,51-200 employees,"Mannheim, Baden-Württemberg",,2016,,,2026-06-20T14:38:08Z,2026-06-20T14:38:57Z
3176,https://www.linkedin.com/company/chronext-gmbh,CHRONEXT,Germany,chronext.com,https://www.chronext.com,Retail Luxury Goods and Jewelry,51-200 employees,"Cologne, NRW",,2013,,,2026-06-20T14:40:02Z,2026-06-20T14:40:54Z
3177,https://www.linkedin.com/company/77-diamonds,77 Diamonds,Germany,bit.ly,https://bit.ly/4cRYWHV,Retail Luxury Goods and Jewelry,51-200 employees,,,2004,,,2026-06-20T14:41:47Z,2026-06-20T14:42:35Z
3178,https://www.linkedin.com/company/sinn-spezialuhren-zu-frankfurt-am-main,Sinn Spezialuhren zu Frankfurt am Main,Germany,sinn.de,https://www.sinn.de/de/Impressum.htm,Luxury Goods & Jewelry,51-200 employees,"Frankfurt/Main, Hessen",,1961,,,2026-06-20T14:43:30Z,2026-06-20T14:44:21Z
3179,https://www.linkedin.com/company/insider-creations,Insider Creations,Germany,insidercreations.com,http://www.insidercreations.com,Luxury Goods & Jewelry,51-200 employees,"New York, NY",,,,,2026-06-20T14:45:10Z,2026-06-20T14:45:57Z
3180,https://www.linkedin.com/company/glambou,glambou,Germany,glambou.com,https://www.glambou.com,Retail Luxury Goods and Jewelry,51-200 employees,,,,,,2026-06-20T14:46:37Z,2026-06-20T14:47:28Z
3181,https://www.linkedin.com/company/luxurysocietyescp,ESCP Luxury Society,Germany,luxurysocietyescp.com,http://www.luxurysocietyescp.com,Retail Luxury Goods and Jewelry,51-200 employees,,,2016,,,2026-06-20T14:48:27Z,2026-06-20T14:49:17Z
3182,https://www.linkedin.com/company/uhrenfabrik-junghans,Uhrenfabrik Junghans GmbH & Co.KG,Germany,junghans.de,https://www.junghans.de/en,Luxury Goods & Jewelry,51-200 employees,,,1861,,,2026-06-20T14:50:11Z,2026-06-20T14:51:01Z
3183,https://www.linkedin.com/company/maybachluxury,MAYBACH Icons of Luxury,Germany,maybach-luxury.com,http://www.maybach-luxury.com,Retail Luxury Goods and Jewelry,51-200 employees,,,2010,,,2026-06-20T14:51:54Z,2026-06-20T14:52:39Z
3184,https://www.linkedin.com/company/magswitch-technologies,Magswitch Technologies,Germany,magswitch.com,https://magswitch.com,Automation Machinery Manufacturing,51-200 employees,"Superior, Colorado",,2005,,,2026-06-20T14:53:33Z,2026-06-20T14:54:23Z
3185,https://www.linkedin.com/company/alpha-technologies-services,Alpha Technologies,Germany,alpha-technologies.com,http://www.alpha-technologies.com,Automation Machinery Manufacturing,51-200 employees,"Hudson, OH",,1964,,,2026-06-20T14:55:19Z,2026-06-20T14:56:08Z
3186,https://www.linkedin.com/company/peppermintrobotics,Peppermint Robotics,Germany,peppermintrobotics.com,www.peppermintrobotics.com,Robot Manufacturing,51-200 employees,"Pune, Maharashtra",,2019,,,2026-06-20T14:56:59Z,2026-06-20T14:57:54Z
3187,https://www.linkedin.com/company/onrobot,OnRobot,Germany,onrobot.com,http://www.onrobot.com,Automation Machinery Manufacturing,51-200 employees,"Odense SØ, Syddanmark",,,,,2026-06-20T14:58:50Z,2026-06-20T14:59:39Z
3188,https://www.linkedin.com/company/realtimerobotics,"Realtime Robotics, Inc.",Germany,rtr.ai,https://www.rtr.ai,Automation Machinery Manufacturing,51-200 employees,"Boston, MA",,2016,,,2026-06-20T15:00:35Z,2026-06-20T15:01:22Z
3189,https://www.linkedin.com/company/frankarobotics,Franka Robotics,Germany,franka.de,http://www.franka.de,Automation Machinery Manufacturing,51-200 employees,,,2016,,,2026-06-20T15:02:15Z,2026-06-20T15:03:01Z
3190,https://www.linkedin.com/company/valk-welding,Valk Welding,Germany,valkwelding.com,http://www.valkwelding.com,Automation Machinery Manufacturing,201-500 employees,"Alblasserdam, South Holland",,1961,,,2026-06-20T15:11:43Z,2026-06-20T15:12:33Z
3191,https://www.linkedin.com/company/enhanced-information-solutions-eis,Enhanced Information Solutions (EIS),Germany,eisinc.com,http://www.eisinc.com,Automation Machinery Manufacturing,51-200 employees,"Stillwater, MN",,1994,,,2026-06-20T15:13:25Z,2026-06-20T15:14:14Z
3192,https://www.linkedin.com/company/double-e-company,Double E Group,Germany,ee-co.com,https://www.ee-co.com,Automation Machinery Manufacturing,51-200 employees,"West Bridgewater, MA",,1972,,,2026-06-20T15:15:08Z,2026-06-20T15:15:54Z
3193,https://www.linkedin.com/company/shuttleworth-inc,Shuttleworth,Germany,shuttleworth.com,https://www.shuttleworth.com,Automation Machinery Manufacturing,51-200 employees,"Huntington, IN",,1962,,,2026-06-20T15:16:51Z,2026-06-20T15:17:38Z
3194,https://www.linkedin.com/company/gartenhof-kuesters,Gartenhof Küsters GmbH,Germany,gartenhof-kuesters.de,http://www.gartenhof-kuesters.de/,Horticulture,51-200 employees,"Neuss, North Rhine-Westphalia",,1964,,,2026-06-20T15:18:31Z,2026-06-20T15:19:19Z
3195,https://www.linkedin.com/company/lubera,Lubera,Germany,lubera.com,http://lubera.com,Horticulture,51-200 employees,"Buchs, Sankt Gallen",,,,,2026-06-20T15:20:10Z,2026-06-20T15:20:57Z
3196,https://www.linkedin.com/company/poolsystems-de,POOL-SYSTEMS GmbH & Co. KG,Germany,pool-systems.de,http://www.pool-systems.de/,Horticulture,51-200 employees,"Winklarn, Bayern",,,,,2026-06-20T15:21:45Z,2026-06-20T15:22:34Z
3197,https://www.linkedin.com/company/heroldgalabau,BBF Herold Ingenieurgesellschaft für Garten- und Landschaftsbau mbH,Germany,heroldgalabau.de,www.heroldgalabau.de,Horticulture,51-200 employees,"Berlin, Berlin",,1985,,,2026-06-20T15:23:19Z,2026-06-20T15:24:06Z
3198,https://www.linkedin.com/company/stedagmbh,steda GmbH & Co. KG,Germany,steda.de,http://www.steda.de,Horticulture,51-200 employees,"Meppen, Lower Saxony",,2011,,,2026-06-20T15:25:09Z,2026-06-20T15:26:02Z
3199,https://www.linkedin.com/company/hohenberggmbh,Hohenberg GmbH Garten- und Landschaftsbau,Germany,hohenberg-gmbh.de,https://www.hohenberg-gmbh.de/,Horticulture,51-200 employees,"Seevetal, Niedersachsen",,1987,,,2026-06-20T15:26:52Z,2026-06-20T15:27:38Z
3200,https://www.linkedin.com/company/k%C3%B6tterheinrich-hortensienkulturen,KÖTTERHEINRICH | Hortensienkulturen,Germany,koetterheinrich.de,https://koetterheinrich.de/,Horticulture,51-200 employees,"Lengerich, Nordrhein-Westfalen",,1934,,,2026-06-20T15:28:32Z,2026-06-20T15:29:25Z
3201,https://www.linkedin.com/company/odenwaeller-galabau-gmbh,Odenwäller Garten- und Landschaftsbau GmbH,Germany,odenwaeller.com,www.odenwaeller.com,Horticulture,51-200 employees,"Bruchköbel, Hessen",,1980,,,2026-06-20T15:30:13Z,2026-06-20T15:31:06Z
3202,https://www.linkedin.com/company/kokosflora,KOKOSFLORA SUBSTRATES,Germany,kokosflora.com,http://www.kokosflora.com,Horticulture,51-200 employees,"Wehrbleck, Lower Saxony",,2013,,,2026-06-20T15:32:03Z,2026-06-20T15:32:52Z
3203,https://www.linkedin.com/company/atmagrow-substrates,ATMAGROW SUBSTRATES,Germany,atmagrow.com,www.atmagrow.com,Horticulture,51-200 employees,,,2015,,,2026-06-20T15:33:47Z,2026-06-20T15:34:42Z
3204,https://www.linkedin.com/company/artnet,artnet,Germany,artnet.com,http://www.artnet.com,"Technology, Information and Internet",51-200 employees,"New York, New York",,1989,,,2026-06-20T15:35:26Z,2026-06-20T15:36:11Z
3205,https://www.linkedin.com/company/oliver-parks-ltd,OP Technology,Germany,oliverparks.com,http://www.oliverparks.com,"Technology, Information and Internet",51-200 employees,"New York, NY",,2012,,,2026-06-20T15:36:58Z,2026-06-20T15:37:47Z
3206,https://www.linkedin.com/company/wirtschaftswoche,WirtschaftsWoche,Germany,wiwo.de,http://www.wiwo.de,Newspaper Publishing,51-200 employees,"Düsseldorf, Nordrhein-Westfalen",,1926,,,2026-06-20T15:38:33Z,2026-06-20T15:39:20Z
3207,https://www.linkedin.com/company/die-zeit,DIE ZEIT,Germany,zeit.de,http://www.zeit.de,Media and Telecommunications,51-200 employees,"Berlin, BE",,,,,2026-06-20T15:40:15Z,2026-06-20T15:41:04Z
3208,https://www.linkedin.com/company/manager-magazin,manager magazin,Germany,manager-magazin.de,http://www.manager-magazin.de,Newspaper Publishing,51-200 employees,,,1971,,,2026-06-20T15:41:55Z,2026-06-20T15:42:44Z
3209,https://www.linkedin.com/company/jobleads-gmbh,JobLeads,Germany,jobleads.com,https://www.jobleads.com/,"Technology, Information and Internet",51-200 employees,,,2007,,,2026-06-20T15:43:29Z,2026-06-20T15:44:18Z
3210,https://www.linkedin.com/company/launchmaps,Launchmaps,Germany,launchmaps.com,http://www.launchmaps.com,Information Services,51-200 employees,"Los Angeles, California",,2019,,,2026-06-21T15:47:55Z,2026-06-21T15:48:40Z
3211,https://www.linkedin.com/company/handelsblatt,Handelsblatt,Germany,handelsblatt.com,http://www.handelsblatt.com,Newspaper Publishing,51-200 employees,"Düsseldorf, Nordrhein-Westfalen",,1946,,,2026-06-21T15:49:22Z,2026-06-21T15:50:14Z
3212,https://www.linkedin.com/company/dewsoftware,Dew Software,Germany,dewsoftware.com,http://www.dewsoftware.com,Software Development,51-200 employees,"Fremont, California",,1997,,,2026-06-21T15:51:07Z,2026-06-21T15:52:01Z
3213,https://www.linkedin.com/company/lerros-moden-gmbh,LERROS Moden GmbH,Germany,company.lerros.com,https://www.company.lerros.com,Retail Apparel and Fashion,51-200 employees,"Düsseldorf, North Rhine-Westphalia",,1979,,,2026-06-21T15:52:56Z,2026-06-21T15:53:47Z
3214,https://www.linkedin.com/company/orsay-global-gmbh,orsay,Germany,orsay.de,www.orsay.de,Retail Apparel and Fashion,51-200 employees,,,1975,,,2026-06-21T15:54:39Z,2026-06-21T15:55:28Z
3215,https://www.linkedin.com/company/textilwirtschaft,TextilWirtschaft,Germany,textilwirtschaft.de,https://textilwirtschaft.de,Retail Apparel and Fashion,51-200 employees,,,1946,,,2026-06-21T15:56:22Z,2026-06-21T15:57:16Z
3216,https://www.linkedin.com/company/compasstex,COMPASS TEX,Germany,compasstex.com,https://www.compasstex.com/,Retail Apparel and Fashion,51-200 employees,"Tiruppur, Tamil Nadu",,,,,2026-06-21T15:58:19Z,2026-06-21T15:59:08Z
3217,https://www.linkedin.com/company/ann-demeulemeester,Ann Demeulemeester,Germany,anndemeulemeester.com,https://anndemeulemeester.com/,Retail Apparel and Fashion,51-200 employees,,,,,,2026-06-21T16:00:01Z,2026-06-21T16:00:54Z
3218,https://www.linkedin.com/company/sahara-london,Sahara,Germany,saharalondon.com,http://www.saharalondon.com,Retail Apparel and Fashion,51-200 employees,"London, London",,1975,,,2026-06-21T16:01:38Z,2026-06-21T16:02:28Z
3219,https://www.linkedin.com/company/social-fashion-company-gmbh,ARMEDANGELS,Germany,armedangels.com,http://www.armedangels.com,Retail Apparel and Fashion,51-200 employees,,,2007,,,2026-06-21T16:03:23Z,2026-06-21T16:04:17Z
3220,https://www.linkedin.com/company/luca-faloni,Luca Faloni,Germany,lucafaloni.com,http://lucafaloni.com,Retail Apparel and Fashion,51-200 employees,,,2014,,,2026-06-21T16:05:08Z,2026-06-21T16:05:56Z
3221,https://www.linkedin.com/company/killstar,KILLSTAR,Germany,killstar.com,https://www.killstar.com/pages/careers,Retail Apparel and Fashion,51-200 employees,,,2010,,,2026-06-21T16:06:47Z,2026-06-21T16:07:38Z
3222,https://www.linkedin.com/company/mindspace-co,Mindspace,Germany,mindspace.me,http://www.mindspace.me,Hospitality,51-200 employees,"Tel aviv, Israel",,2014,,,2026-06-21T16:08:36Z,2026-06-21T16:09:29Z
3223,https://www.linkedin.com/company/design-hotels,Design Hotels,Germany,designhotels.com,http://www.designhotels.com,Hospitality,51-200 employees,"Berlin, BE",,1993,,,2026-06-21T16:10:22Z,2026-06-21T16:11:18Z
3224,https://www.linkedin.com/company/lemonaid-beverages-gmbh,Lemonaid & ChariTea,Germany,lemon-aid.de,http://lemon-aid.de,Food and Beverage Services,51-200 employees,"Hamburg, Hamburg",,2009,,,2026-06-21T16:12:19Z,2026-06-21T16:13:12Z
3225,https://www.linkedin.com/company/hapicloud,Hapi,Germany,stayhapi.com,http://stayhapi.com,Hospitality,51-200 employees,,,2017,,,2026-06-21T16:14:01Z,2026-06-21T16:14:56Z
3226,https://www.linkedin.com/company/eviivo,eviivo,Germany,bit.ly,https://bit.ly/eviivo-website-linkedin,Hospitality,51-200 employees,,,2003,,,2026-06-21T16:15:45Z,2026-06-21T16:16:37Z
3227,https://www.linkedin.com/company/wyndham-hotels-resorts-emea,Wyndham Hotels & Resorts EMEA,Germany,wyndhamhotels.com,https://www.wyndhamhotels.com/en-uk,Hospitality,51-200 employees,"London, England",,,,,2026-06-21T16:17:32Z,2026-06-21T16:18:21Z
3228,https://www.linkedin.com/company/holysoftdrinks,HOLY,Germany,holy.com,http://www.holy.com,Food and Beverage Services,51-200 employees,"Berlin, BE",,2020,,,2026-06-21T16:19:20Z,2026-06-21T16:20:16Z
3229,https://www.linkedin.com/company/worldhotels,WorldHotels,Germany,worldhotels.com,https://worldhotels.com,Hospitality,51-200 employees,,,1971,,,2026-06-21T16:21:11Z,2026-06-21T16:22:00Z
3230,https://www.linkedin.com/company/trade-fixtures-display-technologies,Trade Fixtures,Germany,tradefixtures.com,http://www.tradefixtures.com,Retail Groceries,51-200 employees,"Milwaukee, Wisconsin",,,,,2026-06-21T16:30:26Z,2026-06-21T16:31:16Z
3231,https://www.linkedin.com/company/eichhorn-und-grundmann-vertriebs-gmbh,Eichhorn & Grundmann Vertriebs GmbH,Germany,eichhorn-grundmann.de,www.eichhorn-grundmann.de,Retail Groceries,51-200 employees,"Oberboihingen, Baden-Württemberg",,1988,,,2026-06-21T16:32:13Z,2026-06-21T16:33:04Z
3232,https://www.linkedin.com/company/hof-l%C3%B6bke-gmbh-co-kg,Hof Löbke GmbH & Co. KG,Germany,loebke.com,www.loebke.com,Retail Groceries,51-200 employees,"Ibbenbüren, NRW",,1982,,,2026-06-21T16:33:59Z,2026-06-21T16:34:49Z
3233,https://www.linkedin.com/company/zwergenwiese-naturkost-gmbh,Zwergenwiese Naturkost GmbH,Germany,zwergenwiese.de,http://zwergenwiese.de,Retail Groceries,51-200 employees,"Silberstedt, Schleswig-Holstein",,1979,,,2026-06-21T16:35:47Z,2026-06-21T16:36:35Z
3234,https://www.linkedin.com/company/newcoffee,NewCoffee GmbH & Co. oHG - Unternehmensgruppe ALDI SÜD,Germany,newcoffee.de,www.newcoffee.de,Retail Groceries,51-200 employees,,,,,,2026-06-21T16:37:19Z,2026-06-21T16:38:09Z
3235,https://www.linkedin.com/company/hartkorn-gew%C3%BCrzm%C3%BChle,Hartkorn Gewürzmühle GmbH,Germany,hartkorn-gewuerze.de,http://hartkorn-gewuerze.de,Retail Groceries,51-200 employees,"Mülheim-Kärlich, Rheinland-Pfalz",,1920,,,2026-06-21T16:38:59Z,2026-06-21T16:39:55Z
3236,https://www.linkedin.com/company/farmers-snack,Farmer's Snack GmbH,Germany,farmers-snack.de,https://www.farmers-snack.de,Retail Groceries,51-200 employees,"Seevetal, Niedersachsen",,1971,,,2026-06-21T16:40:43Z,2026-06-21T16:41:34Z
3237,https://www.linkedin.com/company/ay-pas-metal-sogutma-san-ve-tic-anonim-sirket,AyPas Refrigeration,Germany,ay-pas.com,http://www.ay-pas.com,Retail Groceries,51-200 employees,"izmir, Ege",,2014,,,2026-06-21T16:42:23Z,2026-06-21T16:43:16Z
3238,https://www.linkedin.com/company/luise-h%C3%A4ndlmaier-gmbh-senf-saucen,LUISE HÄNDLMAIER GmbH - Senf & Saucen,Germany,haendlmaier.de,https://www.haendlmaier.de,Retail Groceries,51-200 employees,"Regensburg, Bayern",,1914,,,2026-06-21T16:44:15Z,2026-06-21T16:45:08Z
3239,https://www.linkedin.com/company/brata-gmbh,BRATA Produktion GmbH,Germany,brata.de,https://www.brata.de/,Retail Groceries,51-200 employees,"Neuss, North Rhine-Westphalia",,1953,,,2026-06-21T16:46:03Z,2026-06-21T16:46:56Z
3240,https://www.linkedin.com/company/carisma-geb%C3%A4udemanagement-und-service-gmbh,carisma Gebäudemanagement und Service GmbH,Germany,carisma-service.de,https://www.carisma-service.de,Laundry and Drycleaning Services,51-200 employees,"Stuttgart, Baden-Württemberg",,,,,2026-06-21T16:47:49Z,2026-06-21T16:48:41Z
3241,https://www.linkedin.com/company/kleintex,KLEINTEX,Germany,kleintex.de,http://kleintex.de,Laundry and Drycleaning Services,51-200 employees,,,1953,,,2026-06-21T16:49:29Z,2026-06-21T16:50:21Z
3242,https://www.linkedin.com/company/gafner-systemservice-gmbh,Gafner Systemservice GmbH,Germany,systemservice.de,http://www.systemservice.de,Laundry and Drycleaning Services,51-200 employees,"Waibstadt, Baden-Württemberg",,,,,2026-06-21T16:51:17Z,2026-06-21T16:52:08Z
3243,https://www.linkedin.com/company/monowii-textilmanagement-gmbh-co-kg,MONOWii Textilmanagement GmbH & Co. KG,Germany,monowii.com,http://www.monowii.com,Laundry and Drycleaning Services,51-200 employees,"Kreuztal, NRW",,1956,,,2026-06-21T16:52:55Z,2026-06-21T16:53:49Z
3244,https://www.linkedin.com/company/kampschulte-gmbh-&-co.-kg,Kampschulte GmbH & Co. KG,Germany,kampschulte-soest.de,http://kampschulte-soest.de,Laundry and Drycleaning Services,51-200 employees,,,1851,,,2026-06-21T16:54:38Z,2026-06-21T16:55:32Z
3245,https://www.linkedin.com/company/kotzenberg-textilservice-gmbh,DBL Kotzenberg Textilservice GmbH,Germany,dbl-kotzenberg.de,https://www.dbl-kotzenberg.de/datenschutz-social-media,Laundry and Drycleaning Services,51-200 employees,"Hövelhof, North Rhine-Westphalia",,1874,,,2026-06-21T16:56:26Z,2026-06-21T16:57:20Z
3246,https://www.linkedin.com/company/wulff-textil-service-gmbh,Wulff Textil-Service GmbH,Germany,dbl-wulff.de,https://www.dbl-wulff.de/datenschutz-social-media,Laundry and Drycleaning Services,51-200 employees,"Kiel, Schleswig-Holstein",,1868,,,2026-06-21T16:58:16Z,2026-06-21T16:59:07Z
3247,https://www.linkedin.com/company/nakon,NAKON GmbH,Germany,nakon-textil.de,https://www.nakon-textil.de/,Laundry and Drycleaning Services,51-200 employees,"Schweinfurt, Bavaria",,2010,,,2026-06-21T17:00:04Z,2026-06-21T17:00:59Z
3248,https://www.linkedin.com/company/buchholz-textilpflege,Buchholz Textilpflege GmbH,Germany,buchholz-textilpflege.de,https://buchholz-textilpflege.de,Laundry and Drycleaning Services,51-200 employees,"Bad Oldesloe, Schleswig-Holstein",,1880,,,2026-06-21T17:01:50Z,2026-06-21T17:02:39Z
3249,https://www.linkedin.com/company/rodinger-w%C3%A4scherei-gmbh,Rodinger Wäscherei GmbH & Co KG,Germany,rodingerwaescherei.de,http://www.rodingerwaescherei.de,Laundry and Drycleaning Services,51-200 employees,"Roding, Bavaria",,1990,,,2026-06-21T17:03:23Z,2026-06-21T17:04:16Z
3250,https://www.linkedin.com/company/edgard&cooper,Edgard & Cooper | B Corp,Germany,edgardcooper.com,https://www.edgardcooper.com/,Food and Beverage Manufacturing,51-200 employees,"Kortrijk, Flemish Region",,2014,,,2026-06-22T18:55:12Z,2026-06-22T18:56:05Z
3251,https://www.linkedin.com/company/castelfreres,Castel Frères,Germany,castel-freres.com,https://www.castel-freres.com,Wine & Spirits,51-200 employees,"Blanquefort, France",,1949,,,2026-06-22T18:56:50Z,2026-06-22T18:57:38Z
3252,https://www.linkedin.com/company/eat-formo,Formo,Germany,formo.bio,http://www.formo.bio,Food and Beverage Manufacturing,51-200 employees,,,2019,,,2026-06-22T18:58:48Z,2026-06-22T18:59:35Z
3253,https://www.linkedin.com/company/hydrosol-wetexturetaste,Hydrosol,Germany,hydrosol.de,https://hydrosol.de/en/,Food and Beverage Manufacturing,51-200 employees,,,,,,2026-06-22T19:00:26Z,2026-06-22T19:01:16Z
3254,https://www.linkedin.com/company/wti-inc-,WTI Inc.,Germany,wtiinc.com,http://www.wtiinc.com,Food and Beverage Manufacturing,51-200 employees,"Jefferson, GA",,1989,,,2026-06-22T19:02:01Z,2026-06-22T19:02:49Z
3255,https://www.linkedin.com/company/greenforce1,GREENFORCE,Germany,greenforce.com,http://www.greenforce.com,Food & Beverages,51-200 employees,"Munich, Bavaria",,2020,,,2026-06-22T19:03:43Z,2026-06-22T19:04:35Z
3256,https://www.linkedin.com/company/just-spices,Just Spices,Germany,justspices.de,http://www.justspices.de,Food and Beverage Manufacturing,51-200 employees,"Düsseldorf, Nordrhein-Westfalen",,2014,,,2026-06-22T19:05:25Z,2026-06-22T19:06:13Z
3257,https://www.linkedin.com/company/veganz,Planethic Group AG,Germany,veganz.de,www.veganz.de,Food and Beverage Manufacturing,51-200 employees,"Ludwigsfelde, Brandenburg",,2011,,,2026-06-22T19:07:05Z,2026-06-22T19:08:17Z
3258,https://www.linkedin.com/company/eybna,Eybna,Germany,eybna.com,http://www.eybna.com,Food and Beverage Manufacturing,51-200 employees,"Los Angeles, California",,2014,,,2026-06-22T19:09:28Z,2026-06-22T19:10:17Z
3259,https://www.linkedin.com/company/hitschler-international-gmbh-&-co-kg,hitschies,Germany,hitschler.de,http://www.hitschler.de,Food and Beverage Manufacturing,51-200 employees,"Hürth, Nordrhein-Westfalen",,,,,2026-06-22T19:11:07Z,2026-06-22T19:11:57Z
3260,https://www.linkedin.com/company/floraqueen,FloraQueen,Germany,floraqueen.com,http://www.floraqueen.com,Retail,51-200 employees,"Sant Just Desvern, Barcelona",,2005,,,2026-06-22T19:12:48Z,2026-06-22T19:13:38Z
3261,https://www.linkedin.com/company/olive-tree-people-inc.,Olive Tree People Inc.,Germany,us.olivetreepeople.com,https://us.olivetreepeople.com,Retail,51-200 employees,"Santa Monica, California",,,,,2026-06-22T19:14:29Z,2026-06-22T19:15:16Z
3262,https://www.linkedin.com/company/saltylama,SaltyLama,Germany,saltylama.com,https://saltylama.com,Retail,51-200 employees,,,2020,,,2026-06-22T19:16:13Z,2026-06-22T19:17:01Z
3263,https://www.linkedin.com/company/affordable-art-fair,Affordable Art Fair,Germany,affordableartfair.com,https://affordableartfair.com,Fine Art,51-200 employees,"London, London",,1999,,,2026-06-22T19:18:04Z,2026-06-22T19:18:54Z
3264,https://www.linkedin.com/company/scholl%E2%80%99s-wellness-company,Scholl's Wellness Company,Germany,scholl.co.uk,http://www.scholl.co.uk/home,Retail Health and Personal Care Products,51-200 employees,,,,,,2026-06-22T19:19:47Z,2026-06-22T19:20:36Z
3265,https://www.linkedin.com/company/patir-design-gmbh,Patir Casino Seating,Germany,patirseating.com,http://www.PatirSeating.com,Gambling Facilities and Casinos,51-200 employees,,,1991,,,2026-06-22T19:21:27Z,2026-06-22T19:22:18Z
3266,https://www.linkedin.com/company/wettarena,Wettarena,Germany,wettarena.de,https://wettarena.de/,Gambling Facilities and Casinos,51-200 employees,,,2017,,,2026-06-22T19:23:10Z,2026-06-22T19:23:59Z
3267,https://www.linkedin.com/company/toto-lotto-niedersachsen-gmbh,Toto-Lotto Niedersachsen GmbH,Germany,lotto-niedersachsen.de,https://www.lotto-niedersachsen.de/,Gambling Facilities and Casinos,51-200 employees,"Hannover, Niedersachsen",,1949,,,2026-06-22T19:24:50Z,2026-06-22T19:25:40Z
3268,https://www.linkedin.com/company/sachsenlotto,SACHSENLOTTO (Sächsische Lotto-GmbH),Germany,sachsenlotto.de,http://www.sachsenlotto.de,Gambling Facilities and Casinos,51-200 employees,"Leipzig, Saxony",,1990,,,2026-06-22T19:26:40Z,2026-06-22T19:27:27Z
3269,https://www.linkedin.com/company/lottobrandenburg,Land Brandenburg Lotto GmbH,Germany,lotto-brandenburg.de,https://www.lotto-brandenburg.de/,Gambling Facilities and Casinos,51-200 employees,,,1991,,,2026-06-22T19:28:26Z,2026-06-22T19:29:13Z
3270,https://www.linkedin.com/company/tipbet-ltd,Tipbet Ltd,Germany,tipbet.com,http://www.tipbet.com,Gambling Facilities and Casinos,51-200 employees,"Malta, Gzira",,2014,,,2026-06-22T19:41:52Z,2026-06-22T19:42:39Z
3271,https://www.linkedin.com/company/bet3000-deutschland-gmbh,BET3000 Deutschland Management GmbH,Germany,bet3000-deutschland.de,http://www.Bet3000-Deutschland.de,Gambling Facilities and Casinos,51-200 employees,"München, Bayern",,,,,2026-06-22T19:43:25Z,2026-06-22T19:44:16Z
3272,https://www.linkedin.com/company/merkurbets,MERKUR BETS,Germany,merkurbets.de,https://merkurbets.de,Gambling Facilities and Casinos,51-200 employees,"Espelkamp, Nordrhein-Westfalen",,,,,2026-06-22T19:45:19Z,2026-06-22T19:46:08Z
3273,https://www.linkedin.com/company/mybet-com,mybet,Germany,mybet-se.com,http://www.mybet-se.com/en/,Gambling Facilities and Casinos,51-200 employees,,,1998,,,2026-06-22T19:47:01Z,2026-06-22T19:47:50Z
3274,https://www.linkedin.com/company/lotto-sachsen-anhalt,Lotto-Toto GmbH Sachsen-Anhalt,Germany,lottosachsenanhalt.de,http://www.lottosachsenanhalt.de,Gambling Facilities and Casinos,51-200 employees,"Magdeburg, Sachsen-Anhalt",,1991,,,2026-06-22T19:48:41Z,2026-06-22T19:49:32Z
3275,https://www.linkedin.com/company/panasonic-toughbook,Panasonic TOUGHBOOK,Germany,eu.connect.panasonic.com,https://eu.connect.panasonic.com/gb/en/toughbook,Computer Hardware Manufacturing,51-200 employees,"Wiesbaden, Wiesbaden",,,,,2026-06-22T19:50:24Z,2026-06-22T19:51:12Z
3276,https://www.linkedin.com/company/universal-quantum,Universal Quantum,Germany,universalquantum.com,https://universalquantum.com/,Computer Hardware Manufacturing,51-200 employees,,,2018,,,2026-06-22T19:52:10Z,2026-06-22T19:53:00Z
3277,https://www.linkedin.com/company/elgato,Elgato,Germany,elgato.com,http://elgato.com,Computer Hardware Manufacturing,51-200 employees,"Munich, Bavaria",,,,,2026-06-22T19:53:53Z,2026-06-22T19:54:38Z
3278,https://www.linkedin.com/company/qct,QCT,Germany,qct.io,http://www.QCT.io,Computer Hardware Manufacturing,51-200 employees,"San Jose, CA",,,,,2026-06-22T19:55:40Z,2026-06-22T19:56:28Z
3279,https://www.linkedin.com/company/phytec,PHYTEC America,Germany,phytec.com,http://www.phytec.com/,Computer Hardware Manufacturing,51-200 employees,"Bainbridge Island, Washington",,1986,,,2026-06-22T19:57:18Z,2026-06-22T19:58:06Z
3280,https://www.linkedin.com/company/tensordyne,Tensordyne,Germany,tensordyne.ai,https://www.tensordyne.ai,Computer Hardware Manufacturing,51-200 employees,"Sunnyvale, California",,,,,2026-06-22T19:58:56Z,2026-06-22T19:59:44Z
3281,https://www.linkedin.com/company/nzxt,"NZXT, Inc.",Germany,nzxt.com,http://www.nzxt.com,Computer Hardware Manufacturing,51-200 employees,"Monrovia, California",,2004,,,2026-06-22T20:00:38Z,2026-06-22T20:01:27Z
3282,https://www.linkedin.com/company/kunbus,KUNBUS,Germany,kunbus.com,https://www.kunbus.com,Automation Machinery Manufacturing,51-200 employees,"Ostfildern, Baden-Württemberg",,2008,,,2026-06-22T20:02:13Z,2026-06-22T20:03:00Z
3283,https://www.linkedin.com/company/quantum-brilliance,Quantum Brilliance,Germany,quantumbrilliance.com,https://quantumbrilliance.com/,Computer Hardware Manufacturing,51-200 employees,"Sydney, NSW",,2019,,,2026-06-22T20:03:47Z,2026-06-22T20:04:37Z
3284,https://www.linkedin.com/company/sharp-display-solutions-europe,Sharp Display Solutions Europe GmbH,Germany,sharpdisplays.eu,www.sharpdisplays.eu,Computer Hardware Manufacturing,51-200 employees,,,,,,2026-06-22T20:05:35Z,2026-06-22T20:06:22Z
3285,https://www.linkedin.com/company/ventura-travel,Ventura TRAVEL,Germany,venturatravel.org,http://www.venturatravel.org/,"Leisure, Travel & Tourism",51-200 employees,"Berlin, Berlin",,2016,,,2026-06-22T20:07:15Z,2026-06-22T20:08:04Z
3286,https://www.linkedin.com/company/moonline-travel-&-tourism-company,Moonline Travel and Trade,Germany,moonlinetravel.com,http://www.moonlinetravel.com,Travel Arrangements,51-200 employees,,,2010,,,2026-06-22T20:08:53Z,2026-06-22T20:09:43Z
3287,https://www.linkedin.com/company/worldia,Worldia,Germany,worldia.com,http://worldia.com,Travel Arrangements,51-200 employees,"Paris, Île-de-France",,2012,,,2026-06-22T20:10:37Z,2026-06-22T20:11:25Z
3288,https://www.linkedin.com/company/stc-switzerland-travel-centre,Switzerland Travel Centre,Germany,switzerlandtravelcentre.com,http://SwitzerlandTravelCentre.com,"Leisure, Travel & Tourism",51-200 employees,"Zürich, Zürich",,1998,,,2026-06-22T20:12:09Z,2026-06-22T20:13:01Z
3289,https://www.linkedin.com/company/visit-monaco,Visit Monaco,Germany,visitmonaco.com,http://www.visitmonaco.com,Travel Arrangements,51-200 employees,,,,,,2026-06-22T20:13:59Z,2026-06-22T20:14:46Z
3290,https://www.linkedin.com/company/unlimited-biking,Unlimited Biking,Germany,unlimitedbiking.com,http://www.unlimitedbiking.com,Travel Arrangements,51-200 employees,"New York, NY",,2010,,,2026-06-23T10:38:15Z,2026-06-23T10:39:07Z
3291,https://www.linkedin.com/company/german-national-tourist-board,German National Tourist Board,Germany,germany.travel,http://www.germany.travel,Travel Arrangements,51-200 employees,"Frankfurt am Main, Deutschland",,1948,,,2026-06-23T10:40:07Z,2026-06-23T10:40:56Z
3292,https://www.linkedin.com/company/riverside-cruises,Riverside Luxury Cruises,Germany,riverside-cruises.com,https://riverside-cruises.com,Travel Arrangements,51-200 employees,"Hamburg, HH",,2022,,,2026-06-23T10:41:54Z,2026-06-23T10:42:42Z
3293,https://www.linkedin.com/company/ocean-independence,Ocean Independence,Germany,oceanindependence.com,https://www.oceanindependence.com/,Travel Arrangements,51-200 employees,"Kusnacht, Zurich",,2005,,,2026-06-23T10:43:43Z,2026-06-23T10:44:31Z
3294,https://www.linkedin.com/company/goco-hospitality,GOCO Hospitality,Germany,gocohospitality.com,http://www.gocohospitality.com,Hospitality,51-200 employees,"Lumpini, Pathumwan, Bangkok",,2009,,,2026-06-23T10:45:29Z,2026-06-23T10:46:21Z
3295,https://www.linkedin.com/company/trustyou,TrustYou,Germany,trustyou.com,https://www.trustyou.com,Hospitality,51-200 employees,"Munich, Bavaria",,2008,,,2026-06-23T10:47:11Z,2026-06-23T10:47:59Z
3296,https://www.linkedin.com/company/secjur,SECJUR,Germany,secjur.com,http://www.secjur.com,Data Security Software Products,51-200 employees,,,2018,,,2026-06-23T10:49:01Z,2026-06-23T10:49:52Z
3297,https://www.linkedin.com/company/archtis,archTIS,Germany,archtis.com,http://www.archtis.com,Data Security Software Products,51-200 employees,"BARTON, ACT",,2006,,,2026-06-23T10:50:43Z,2026-06-23T10:51:29Z
3298,https://www.linkedin.com/company/mmaah-eatkorean,Mmaah - Eat Korean!,Germany,mmaah.de,https://www.mmaah.de,Restaurants,51-200 employees,"Berlin, BE",,2012,,,2026-06-23T10:52:21Z,2026-06-23T10:53:05Z
3299,https://www.linkedin.com/company/cantine---made-by-traube-tonbach,CANtine - Made by Traube Tonbach,Germany,traubegroup.careers,http://traubegroup.careers,Restaurants,51-200 employees,,,2016,,,2026-06-23T10:53:51Z,2026-06-23T10:54:39Z
3300,https://www.linkedin.com/company/mangelberger,Mangelberger Elektrotechnik GmbH,Germany,mangelberger.com,https://mangelberger.com/,Restaurants,51-200 employees,"Roth, Bayern",,1993,,,2026-06-23T10:55:20Z,2026-06-23T10:56:08Z
3301,https://www.linkedin.com/company/lowengrube-srl,Löwengrube Italia,Germany,lowengrube.it,http://www.lowengrube.it,Restaurants,51-200 employees,"Capraia e Limite, Tuscany",,2005,,,2026-06-23T10:57:00Z,2026-06-23T10:57:50Z
3302,https://www.linkedin.com/company/hans-im-gl%C3%BCck-franchise-gmbh,HANS IM GLÜCK Franchise GmbH,Germany,linktr.ee,https://linktr.ee/hansimglueck_franchise,Restaurants,51-200 employees,"Munich, Bavaria",,2010,,,2026-06-23T10:58:42Z,2026-06-23T10:59:35Z
3303,https://www.linkedin.com/company/haferkater-gmbh,Haferkater,Germany,haferkater.com,https://haferkater.com/,Restaurants,51-200 employees,,,2014,,,2026-06-23T11:00:20Z,2026-06-23T11:01:04Z
3304,https://www.linkedin.com/company/kanne-caf%C3%A9,KANNE CAFÉ - Teil der Compass Group DE,Germany,kanne-cafe.de,https://www.kanne-cafe.de/,Restaurants,51-200 employees,"Eschborn, Hessen",,,,,2026-06-23T11:01:54Z,2026-06-23T11:02:42Z
3305,https://www.linkedin.com/company/wenchengnoodles,WEN CHENG,Germany,wenchengnoodles.com,https://www.wenchengnoodles.com/,Restaurants,51-200 employees,"Berlin,",,2021,,,2026-06-23T11:03:35Z,2026-06-23T11:04:19Z
3306,https://www.linkedin.com/company/cotidiano-gmbh-ganztagsrestaurant,Cotidiano Gruppe,Germany,cotidiano.de,http://cotidiano.de,Restaurants,51-200 employees,"Munich, Bavaria",,,,,2026-06-23T11:05:10Z,2026-06-23T11:05:59Z
3307,https://www.linkedin.com/company/50-sport,50 Sport,Germany,50-sport.com,50-sport.com,Spectator Sports,51-200 employees,"London, England",,2015,,,2026-06-23T11:06:48Z,2026-06-23T11:07:33Z
3308,https://www.linkedin.com/company/vfb-stuttgart-1893-ag,VfB Stuttgart 1893,Germany,vfb.de,http://www.vfb.de,Spectator Sports,51-200 employees,"Stuttgart, Baden-Württemberg",,1893,,,2026-06-23T11:08:18Z,2026-06-23T11:09:05Z
3309,https://www.linkedin.com/company/hyrox,HYROX,Germany,hyrox.com,http://HYROX.com,Spectator Sports,51-200 employees,"Hamburg, Hamburg",,2017,,,2026-06-23T11:09:56Z,2026-06-23T11:10:42Z
3310,https://www.linkedin.com/company/fortuna-d%C3%BCsseldorf,Fortuna Düsseldorf,Germany,f95.de,http://www.f95.de,Spectator Sports,51-200 employees,,,1895,,,2026-06-23T11:20:16Z,2026-06-23T11:21:08Z
3311,https://www.linkedin.com/company/international-paralympic-committee,International Paralympic Committee,Germany,paralympic.org,https://www.paralympic.org/careers,Spectator Sports,51-200 employees,"Bonn, North Rhine-Westphalia",,1989,,,2026-06-23T11:21:55Z,2026-06-23T11:22:40Z
3312,https://www.linkedin.com/company/fckoeln,1. FC Köln,Germany,fc.de,http://fc.de,Spectator Sports,51-200 employees,"Köln, Köln",,1948,,,2026-06-23T11:23:37Z,2026-06-23T11:24:24Z
3313,https://www.linkedin.com/company/hmsgofficial,Hyundai Motorsport GmbH,Germany,motorsport.hyundai.com,http://motorsport.hyundai.com,Spectator Sports,51-200 employees,,,,,,2026-06-23T11:25:10Z,2026-06-23T11:25:54Z
3314,https://www.linkedin.com/company/baller-league,Baller League,Germany,ballerleague.uk,www.ballerleague.uk,Spectator Sports,51-200 employees,"London, England",,2023,,,2026-06-23T11:26:48Z,2026-06-23T11:27:38Z
3315,https://www.linkedin.com/company/allied-esports,Allied Esports,Germany,alliedesports.gg,http://www.alliedesports.gg,Spectator Sports,51-200 employees,"Newport Beach, CA",,,,,2026-06-23T11:28:28Z,2026-06-23T11:29:15Z
3316,https://www.linkedin.com/company/fairafric,fairafric,Germany,fairafric.com,http://www.fairafric.com,Food and Beverage Services,51-200 employees,"Munich, Bavaria",,2016,,,2026-06-23T11:30:08Z,2026-06-23T11:30:52Z
3317,https://www.linkedin.com/company/salomon-foodworld,Salomon FoodWorld,Germany,salomon-foodworld.com,www.salomon-foodworld.com,Food and Beverage Services,51-200 employees,,,1978,,,2026-06-23T11:31:41Z,2026-06-23T11:32:25Z
3318,https://www.linkedin.com/company/thomas-henry-gmbh,Thomas Henry GmbH,Germany,thomas-henry.de,http://www.thomas-henry.de,Food and Beverage Services,51-200 employees,"Berlin, Berlin",,2010,,,2026-06-23T11:33:17Z,2026-06-23T11:34:04Z
3319,https://www.linkedin.com/company/kmc-amba,KMC Amba,Germany,kmc.dk,http://www.kmc.dk/,Food and Beverage Services,51-200 employees,"Brande, -",,1933,,,2026-06-23T11:34:59Z,2026-06-23T11:35:43Z
3320,https://www.linkedin.com/company/cpgroupingredients,C&P Group Ingredients,Germany,cpgroupingredients.com,https://www.cpgroupingredients.com/,Food and Beverage Services,51-200 employees,"Boca Raton, Florida",,2009,,,2026-06-23T11:36:30Z,2026-06-23T11:37:18Z
3321,https://www.linkedin.com/company/eatfirst-global,EatFirst,Germany,eatfirst.com,https://www.eatfirst.com/en-au/?utm_source=linkedin&utm_medium=social&utm_campaign=profile_button,Food and Beverage Services,51-200 employees,"Sydney, New South Wales",,2018,,,2026-06-23T11:38:10Z,2026-06-23T11:38:53Z
3322,https://www.linkedin.com/company/edelkrone,edelkrone,Germany,edelkrone.com,http://edelkrone.com,Movies and Sound Recording,51-200 employees,"Winter Park, Florida",,2009,,,2026-06-23T11:39:50Z,2026-06-23T11:40:34Z
3323,https://www.linkedin.com/company/resident-advisor,Resident Advisor,Germany,ra.co,https://ra.co/,Music,51-200 employees,"London, London",,2001,,,2026-06-23T11:41:25Z,2026-06-23T11:42:12Z
3324,https://www.linkedin.com/company/extreme-music,Extreme Music,Germany,extrememusic.com,http://www.extrememusic.com,Music,51-200 employees,"Santa Monica, California",,1997,,,2026-06-23T11:43:01Z,2026-06-23T11:43:52Z
3325,https://www.linkedin.com/company/vidispine,Vidispine,Germany,vidispine.com,https://www.vidispine.com,Broadcast Media Production and Distribution,51-200 employees,"Cologne, North Rhine-Westphalia",,1996,,,2026-06-23T11:44:47Z,2026-06-23T11:45:35Z
3326,https://www.linkedin.com/company/tv-skyline,TV SKYLINE GmbH,Germany,tv-skyline.de,https://www.tv-skyline.de,Broadcast Media Production and Distribution,51-200 employees,"Mainz, Rheinland-Pfalz",,1991,,,2026-06-23T11:46:32Z,2026-06-23T11:47:20Z
3327,https://www.linkedin.com/company/genvid-technologies-inc,Genvid Holdings Inc.,Germany,genvid.com,https://www.genvid.com/,Broadcast Media Production and Distribution,51-200 employees,"New York, New York",,2016,,,2026-06-23T11:48:17Z,2026-06-23T11:49:07Z
3328,https://www.linkedin.com/company/ard-media-gmbh,ARD MEDIA,Germany,ard-media.de,http://www.ard-media.de,Broadcast Media Production and Distribution,51-200 employees,"Frankfurt am Main, Hessen",,1994,,,2026-06-23T11:49:58Z,2026-06-23T11:50:51Z
3329,https://www.linkedin.com/company/keshet-international,Keshet International,Germany,keshetinternational.com,http://www.keshetinternational.com,Broadcast Media Production and Distribution,51-200 employees,"Tel Aviv, Israel",,2012,,,2026-06-23T11:51:38Z,2026-06-23T11:52:22Z
3330,https://www.linkedin.com/company/uniqfeed-ag,uniqFEED,Germany,uniqfeed.com,https://www.uniqfeed.com,Broadcast Media Production and Distribution,51-200 employees,"Glattbrugg, Zurich",,2015,,,2026-06-25T17:09:21Z,2026-06-25T17:10:08Z
3331,https://www.linkedin.com/company/beta-film-gmbh,Beta Film GmbH,Germany,betafilm.com,http://www.betafilm.com,Broadcast Media Production and Distribution,51-200 employees,"Oberhaching, Bayern",,1959,,,2026-06-25T17:11:07Z,2026-06-25T17:11:57Z
3332,https://www.linkedin.com/company/mainconcept,MainConcept,Germany,mainconcept.com,https://www.mainconcept.com/,Broadcast Media Production and Distribution,51-200 employees,"Aachen, NRW",,1993,,,2026-06-25T17:12:48Z,2026-06-25T17:13:39Z
3333,https://www.linkedin.com/company/ltnglobal,LTN,Germany,ltnglobal.com,https://www.ltnglobal.com,Broadcast Media Production and Distribution,51-200 employees,"Columbia, MD",,2006,,,2026-06-25T17:14:22Z,2026-06-25T17:15:07Z
3334,https://www.linkedin.com/company/pv-magazine,pv magazine Global,Germany,pv-magazine.com,http://www.pv-magazine.com/,Broadcast Media Production and Distribution,51-200 employees,"Berlin, Berlin",,2008,,,2026-06-25T17:15:52Z,2026-06-25T17:16:39Z
3335,https://www.linkedin.com/company/fotografiska-international,Fotografiska,Germany,fotografiska.com,http://www.fotografiska.com,"Museums, Historical Sites, and Zoos",51-200 employees,,,2010,,,2026-06-25T17:17:23Z,2026-06-25T17:18:11Z
3336,https://www.linkedin.com/company/petit-palais,Petit Palais,Germany,petitpalais.paris.fr,http://petitpalais.paris.fr,Museums,51-200 employees,,,1902,,,2026-06-25T17:18:57Z,2026-06-25T17:19:45Z
3337,https://www.linkedin.com/company/c-o-berlin-foundation,C/O Berlin Foundation,Germany,co-berlin.org,http://www.co-berlin.org,"Museums, Historical Sites, and Zoos",51-200 employees,"Berlin, Berlin",,2000,,,2026-06-25T17:20:36Z,2026-06-25T17:21:19Z
3338,https://www.linkedin.com/company/vitra-design-museum,Vitra Design Museum,Germany,design-museum.de,http://www.design-museum.de,"Museums, Historical Sites, and Zoos",51-200 employees,"Weil am Rhein, Baden-Württemberg",,1989,,,2026-06-25T17:22:11Z,2026-06-25T17:22:59Z
3339,https://www.linkedin.com/company/zkm-zentrum-f%C3%BCr-kunst-und-medien,ZKM | Zentrum für Kunst und Medien,Germany,zkm.de,zkm.de/social-links,"Museums, Historical Sites, and Zoos",51-200 employees,"Karlsruhe, Baden-Württemberg",,1989,,,2026-06-25T17:23:45Z,2026-06-25T17:24:36Z
3340,https://www.linkedin.com/company/bridgeman-art-library,Bridgeman Images,Germany,bridgemanimages.com,http://www.bridgemanimages.com,Museums,51-200 employees,"London, London",,1972,,,2026-06-25T17:25:37Z,2026-06-25T17:26:24Z
3341,https://www.linkedin.com/company/futurium-ggmbh,Futurium,Germany,futurium.de,http://www.futurium.de,"Museums, Historical Sites, and Zoos",51-200 employees,,,,,,2026-06-25T17:27:17Z,2026-06-25T17:28:05Z
3342,https://www.linkedin.com/company/hkwberlin,Haus der Kulturen der Welt (HKW),Germany,hkw.de,http://www.hkw.de/,"Museums, Historical Sites, and Zoos",51-200 employees,,,1989,,,2026-06-25T17:29:00Z,2026-06-25T17:29:48Z
3343,https://www.linkedin.com/company/st-del-museum-frankfurt,Städel Museum,Germany,staedelmuseum.de,https://staedelmuseum.de/de,"Museums, Historical Sites, and Zoos",51-200 employees,"Frankfurt am Main, Hessen",,1850,,,2026-06-25T17:30:37Z,2026-06-25T17:31:27Z
3344,https://www.linkedin.com/company/kulturprojekte-berlin,Kulturprojekte Berlin,Germany,kulturprojekte.berlin,http://www.kulturprojekte.berlin,"Museums, Historical Sites, and Zoos",51-200 employees,,,2006,,,2026-06-25T17:32:19Z,2026-06-25T17:33:07Z
3345,https://www.linkedin.com/company/tagammeerfestival,Tag Am Meer Festival,Germany,tagammeer-festival.de,http://www.tagammeer-festival.de,Artists and Writers,51-200 employees,"Prora OT Binz, Mecklenburg Vorpommern",,2013,,,2026-06-25T17:34:01Z,2026-06-25T17:34:50Z
3346,https://www.linkedin.com/company/frieze,Frieze,Germany,frieze.com,http://www.frieze.com,Artists and Writers,51-200 employees,"London, London",,,,,2026-06-25T17:35:37Z,2026-06-25T17:36:25Z
3347,https://www.linkedin.com/company/spr%C3%BCth-magers-berlin,Sprueth Magers,Germany,spruethmagers.com,http://spruethmagers.com,Artists and Writers,51-200 employees,,,1983,,,2026-06-25T17:37:19Z,2026-06-25T17:38:15Z
3348,https://www.linkedin.com/company/initiative-echtes-leben,Initiative für Echtes Leben,Germany,initiaticve-echtes-leben.de,http://www.initiaticve-echtes-leben.de,Artists and Writers,51-200 employees,,,2021,,,2026-06-25T17:39:06Z,2026-06-25T17:39:52Z
3349,https://www.linkedin.com/company/art-karlsruhe,art karlsruhe,Germany,art-karlsruhe.de,https://www.art-karlsruhe.de/de/,Artists and Writers,51-200 employees,"Rheinstetten, Baden-Württemberg",,2004,,,2026-06-25T17:40:40Z,2026-06-25T17:41:27Z
3350,https://www.linkedin.com/company/chemnitz2025,Kulturhauptstadt Europas Chemnitz 2025 gGmbH,Germany,chemnitz2025.de,https://chemnitz2025.de,Artists and Writers,51-200 employees,"Chemnitz, Saxony",,2021,,,2026-06-25T17:49:14Z,2026-06-25T17:50:04Z
3351,https://www.linkedin.com/company/nouveauxcommanditaires,Nouveaux commanditaires - New Patrons,Germany,nouveauxcommanditaires.eu,http://nouveauxcommanditaires.eu,Artists and Writers,51-200 employees,,,1991,,,2026-06-25T17:51:08Z,2026-06-25T17:51:53Z
3352,https://www.linkedin.com/company/galerie-max-hetzler-berlin-paris-london-marfa,Galerie Max Hetzler,Germany,maxhetzler.com,www.maxhetzler.com,Artists and Writers,51-200 employees,,,1974,,,2026-06-25T17:52:47Z,2026-06-25T17:53:37Z
3353,https://www.linkedin.com/company/novum-bank-group,Novum Bank Group,Germany,novumbankgroup.com,https://www.novumbankgroup.com,Banking,51-200 employees,,,2009,,,2026-06-25T18:05:07Z,2026-06-25T18:05:58Z
3354,https://www.linkedin.com/company/bundesverband-offentlicher-banken-deutschlands,VÖB - Bundesverband Öffentlicher Banken Deutschlands,Germany,voeb.de,https://www.voeb.de,Banking,51-200 employees,,,1916,,,2026-06-25T18:06:43Z,2026-06-25T18:07:31Z
3355,https://www.linkedin.com/company/dekabank,DekaBank,Germany,dekabank.de,http://www.dekabank.de/,Banking,"1,001-5,000 employees",,,,,,2026-06-25T18:08:25Z,2026-06-25T18:09:34Z
3356,https://www.linkedin.com/company/ktbankde,KT Bank AG,Germany,kt-bank.de,https://www.kt-bank.de,Banking,51-200 employees,,,2015,,,2026-06-25T18:10:27Z,2026-06-25T18:11:17Z
3357,https://www.linkedin.com/company/kontistbyshine,Kontist by Shine,Germany,kontist.com,https://kontist.com/,Banking,51-200 employees,"Berlin, Berlin",,2016,,,2026-06-25T18:12:05Z,2026-06-25T18:12:52Z
3358,https://www.linkedin.com/company/akbank-ag,Akbank AG,Germany,akbank.de,http://www.akbank.de,Banking,51-200 employees,"Eschborn, Hesse",,1998,,,2026-06-25T18:13:46Z,2026-06-25T18:14:33Z
3359,https://www.linkedin.com/company/tradias,tradias,Germany,tradias.de,http://www.tradias.de,Banking,51-200 employees,"Frankfurt am Main, Hesse",,2018,,,2026-06-25T18:15:32Z,2026-06-25T18:16:21Z
3360,https://www.linkedin.com/company/fidorsolutions,Fidor Solutions is now SBS,Germany,fidor.com,https://www.fidor.com,Banking,51-200 employees,,,2007,,,2026-06-25T18:17:11Z,2026-06-25T18:17:57Z
3361,https://www.linkedin.com/company/bundesverband-deutscher-banken,Association of German Banks (BdB),Germany,bankenverband.de,https://bankenverband.de,Banking,51-200 employees,,,1951,,,2026-06-25T18:18:46Z,2026-06-25T18:19:35Z
3362,https://www.linkedin.com/company/s-fif-frauen-in-f%C3%BChrung,S-FiF | Frauen in Führung,Germany,,,Banking,51-200 employees,"Berlin , Berlin",,,,,2026-06-25T18:20:43Z,2026-06-25T18:21:33Z
3363,https://www.linkedin.com/company/insify,Insify,Germany,insify.com,https://insify.com/,Insurance,51-200 employees,"Amsterdam, Noord-Holland",,2020,,,2026-06-25T18:21:52Z,2026-06-25T18:22:40Z
3364,https://www.linkedin.com/company/getolo,getolo,Germany,getolo.com,http://www.getolo.com,Insurance,51-200 employees,"Berlin, BE",,,,,2026-06-25T18:23:35Z,2026-06-25T18:24:22Z
3365,https://www.linkedin.com/company/ambridgegroup,Ambridge Group,Germany,ambridge-group.com,http://www.ambridge-group.com,Insurance,51-200 employees,,,2000,,,2026-06-25T18:25:23Z,2026-06-25T18:26:08Z
3366,https://www.linkedin.com/company/stoikio,Stoïk,Germany,stoik.com,https://www.stoik.com/,Insurance,51-200 employees,,,2021,,,2026-06-25T18:27:01Z,2026-06-25T18:27:46Z
3367,https://www.linkedin.com/company/versicherungsforen,Versicherungsforen Leipzig,Germany,versicherungsforen.net,http://www.versicherungsforen.net,Insurance,51-200 employees,"Leipzig, Saxony",,2000,,,2026-06-25T18:28:43Z,2026-06-25T18:29:28Z
3368,https://www.linkedin.com/company/tmhccfinanciallines,Tokio Marine HCC - Financial Lines,Germany,tmhcc.com,http://www.tmhcc.com,Insurance,51-200 employees,"Barcelona, Barcelona",,1999,,,2026-06-25T18:30:23Z,2026-06-25T18:31:10Z
3369,https://www.linkedin.com/company/getsafe-personal-insurance,Getsafe,Germany,hellogetsafe.com,http://www.hellogetsafe.com,Insurance,51-200 employees,"Heidelberg, Baden-Württemberg",,,,,2026-06-25T18:32:14Z,2026-06-25T18:33:05Z
3370,https://www.linkedin.com/company/generali-employee-benefits,Generali Employee Benefits - GEB,Germany,redion.com,https://www.redion.com/eb/,Insurance,51-200 employees,"Luxembourg, Grand-Duché de Luxembourg",,1966,,,2026-06-25T18:34:02Z,2026-06-25T18:34:48Z
3371,https://www.linkedin.com/company/battlefaceinsurance,battleface,Germany,battleface.com,https://www.battleface.com,Insurance,51-200 employees,"Columbus, Ohio",,2017,,,2026-06-25T18:35:42Z,2026-06-25T18:36:27Z
3372,https://www.linkedin.com/company/lassieco,Lassie,Germany,lassie.co,https://www.lassie.co/,Insurance,51-200 employees,"Döbelnsgatan 21, Stockholm",,2020,,,2026-06-25T18:37:18Z,2026-06-25T18:38:07Z
3373,https://www.linkedin.com/company/drake-star,Drake Star,Germany,drakestar.com,http://www.drakestar.com,Investment Banking,51-200 employees,"New York, NY",,2004,,,2026-06-25T18:47:38Z,2026-06-25T18:48:23Z
3374,https://www.linkedin.com/company/energy-impact-partners,Energy Impact Partners,Germany,energyimpactpartners.com,http://www.energyimpactpartners.com,Venture Capital and Private Equity Principals,51-200 employees,"New York, NY",,2015,,,2026-06-25T18:49:18Z,2026-06-25T18:50:08Z
3375,https://www.linkedin.com/company/finatal-ltd,Finatal,Germany,finatal.com,http://finatal.com/,Venture Capital and Private Equity Principals,51-200 employees,,,2010,,,2026-06-25T18:51:07Z,2026-06-25T18:51:55Z
3376,https://www.linkedin.com/company/hvcapital,HV,Germany,hvcapital.com,http://www.hvcapital.com/,Venture Capital and Private Equity Principals,51-200 employees,"München, Bayern",,2000,,,2026-06-25T18:52:59Z,2026-06-25T18:53:49Z
3377,https://www.linkedin.com/company/pai-partners,PAI Partners,Germany,paipartners.com,http://www.paipartners.com,Venture Capital and Private Equity Principals,201-500 employees,"Paris, Paris",,1872,,,2026-06-25T18:54:36Z,2026-06-25T18:55:24Z
3378,https://www.linkedin.com/company/general-catalyst,General Catalyst,Germany,generalcatalyst.com,http://www.generalcatalyst.com,Venture Capital and Private Equity Principals,51-200 employees,"San Francisco, California",,2000,,,2026-06-25T18:56:26Z,2026-06-25T18:57:13Z
3379,https://www.linkedin.com/company/headlinevc,Headline,Germany,headline.com,https://headline.com/,Venture Capital and Private Equity Principals,51-200 employees,"San Francisco, California",,1998,,,2026-06-25T18:58:10Z,2026-06-25T18:58:56Z
3380,https://www.linkedin.com/company/n47capital,N47,Germany,n47.com,http://www.n47.com,Venture Capital and Private Equity Principals,51-200 employees,"Palo Alto, California",,2016,,,2026-06-25T18:59:48Z,2026-06-25T19:00:42Z
3381,https://www.linkedin.com/company/livingstone,Livingstone,Germany,livingstonepartners.com,http://www.livingstonepartners.com,Investment Banking,51-200 employees,"Chicago, Illinois",,2007,,,2026-06-25T19:01:32Z,2026-06-25T19:02:19Z
3382,https://www.linkedin.com/company/pembroke-real-estate,Pembroke,Germany,pembroke.com,http://www.pembroke.com,Real Estate,51-200 employees,"Boston, Massachusetts",,1997,,,2026-06-25T19:03:07Z,2026-06-25T19:03:51Z
3383,https://www.linkedin.com/company/cabot-properties-inc.,Cabot Properties,Germany,cabotprop.com,http://www.cabotprop.com,Real Estate,51-200 employees,"Boston, MA",,,,,2026-06-25T19:04:47Z,2026-06-25T19:05:34Z
3384,https://www.linkedin.com/company/cbrehotels,CBRE Hotels,Germany,cbre.com,https://www.cbre.com/services/property-types/hotels,Real Estate,51-200 employees,"Atlanta, Georgia",,,,,2026-06-25T19:06:24Z,2026-06-25T19:07:11Z
3385,https://www.linkedin.com/company/maehren,MÄHREN,Germany,maehren.de,https://maehren.de/,Real Estate,51-200 employees,"Berlin, BE",,2002,,,2026-06-25T19:08:09Z,2026-06-25T19:08:54Z
3386,https://www.linkedin.com/company/immobilien-zeitung,Immobilien Zeitung,Germany,iz.de,https://www.iz.de,Real Estate,51-200 employees,,,1993,,,2026-06-25T19:09:48Z,2026-06-25T19:10:34Z
3387,https://www.linkedin.com/company/cobalt-recruitment,Cobalt Recruitment,Germany,cobaltrecruitment.co.uk,http://www.cobaltrecruitment.co.uk,Real Estate,51-200 employees,"London, England",,2001,,,2026-06-25T19:11:33Z,2026-06-25T19:12:25Z
3388,https://www.linkedin.com/company/edgetechnologies,Edge,Germany,edge.tech,https://edge.tech/,Real Estate,51-200 employees,"Amsterdam, Noord-Holland",,2018,,,2026-06-25T19:13:18Z,2026-06-25T19:14:09Z
3389,https://www.linkedin.com/company/ukio,Ukio,Germany,ukio.com,http://www.ukio.com,Real Estate,51-200 employees,"Barcelona, Catalonia",,2020,,,2026-06-25T19:15:02Z,2026-06-25T19:15:49Z
3390,https://www.linkedin.com/company/macdonald-and-company,Macdonald & Company,Germany,macdonaldandcompany.com,https://www.macdonaldandcompany.com,Real Estate,51-200 employees,"London, England",,1994,,,2026-06-25T19:16:38Z,2026-06-25T19:17:26Z
3391,https://www.linkedin.com/company/gp-bullhound,GP Bullhound,Germany,gpbullhound.com,http://www.gpbullhound.com,Investment Banking,51-200 employees,"London, England",,1999,,,2026-06-25T19:18:17Z,2026-06-25T19:19:04Z
3392,https://www.linkedin.com/company/mooreland-partners,Mooreland Partners,Germany,moorelandpartners.com,http://www.moorelandpartners.com/,Investment Banking,51-200 employees,"New York, NY",,2003,,,2026-06-25T19:20:00Z,2026-06-25T19:20:46Z
